T_REC,NOAA_ARS,HARPNUM,MTOT,USFLUX,LON_MAX,LON_MIN,LAT_MAX,LAT_MIN,SIZE,LON,LAT,NormF,NormS
2013.03.27_01:00:00_TAI,11706,2595,7405.700195,2.088482e+18,-17.780254,-18.358675,-6.325516,-6.686951,16.716381,-18.069464500000002,-6.5062335000000004,0.002346478482376542,0.010222723096242203
2013.03.27_02:00:00_TAI,11706,2595,224174.296875,2.670087e+20,-16.478441,-18.555265,-5.863836,-7.153919,194.940887,-17.516852999999998,-6.5088775000000005,0.29999309027194554,0.11921400379285693
2013.03.27_03:00:00_TAI,11706,2595,254454.703125,2.880966e+20,-15.850821,-18.047451,-5.847897,-7.171425,213.967148,-16.949136,-6.5096609999999995,0.32368604218080005,0.1308493091714453
2013.03.27_04:00:00_TAI,11706,2595,376746.5,4.356469e+20,-14.942308,-17.735479,-5.718419,-7.36932,339.554382,-16.3388935,-6.5438695,0.4894636758966776,0.20765083203724824
2013.03.27_05:00:00_TAI,11706,2595,409171.3125,4.471738e+20,-14.320696,-17.231346,-5.699983,-7.411157,368.402313,-15.776021,-6.5555699999999995,0.5024145286301491,0.22529247411949688
2013.03.27_06:00:00_TAI,11706,2595,466534.3125,4.787254e+20,-13.605451,-16.754799,-5.619559,-7.476313,428.420013,-15.180125,-6.547936,0.537863792968818,0.2619956533526895
2013.03.27_07:00:00_TAI,11706,2595,546405.8125,4.377817e+20,-12.612081,-16.504398,-5.338282,-7.614314,645.805908,-14.558239499999999,-6.476298,0.4918621941813348,0.39493566049979767
2013.03.27_08:00:00_TAI,11706,2595,579958.8125,4.173853e+20,-11.931506,-16.092253,-5.225566,-7.686582,743.545349,-14.0118795,-6.456073999999999,0.4689461653537247,0.4547071649255763
2013.03.27_09:00:00_TAI,11706,2595,591385.875,3.883254e+20,-11.309729,-15.617176,-5.174754,-7.69854,800.091187,-13.4634525,-6.436647000000001,0.4362964082334747,0.4892871642758525
2013.03.27_10:00:00_TAI,11706,2595,611624.0,4.263363e+20,-10.633049,-15.084699,-5.072548,-7.71102,859.583313,-12.858874,-6.391784,0.4790029093887475,0.5256689343793667
2013.03.27_11:00:00_TAI,11706,2595,681382.3125,5.62312e+20,-9.955867,-14.585861,-5.019361,-7.782008,940.675964,-12.270864,-6.4006845000000006,0.6317760978462433,0.5752602733368365
2013.03.27_12:00:00_TAI,11706,2595,746208.8125,6.329302e+20,-9.16059,-14.210093,-4.948602,-7.855847,1071.817261,-11.6853415,-6.4022245,0.7111179771462149,0.6554583237230449
2013.03.27_13:00:00_TAI,11706,2595,778037.0,6.451255e+20,-8.549186,-13.744279,-4.928561,-7.892083,1121.33728,-11.1467325,-6.410322000000001,0.7248197993482385,0.6857417589927755
2013.03.27_14:00:00_TAI,11706,2595,801396.875,6.441568e+20,-7.935513,-13.245926,-4.908563,-7.907702,1171.88623,-10.5907195,-6.4081325,0.7237314329146862,0.71665442595435
2013.03.27_15:00:00_TAI,11706,2595,813720.1875,6.454876e+20,-7.294963,-12.715816,-4.866467,-7.919489,1212.640869,-10.0053895,-6.392977999999999,0.7252266306536884,0.7415774873145998
2013.03.27_16:00:00_TAI,11706,2595,825829.5,5.390144e+20,-6.68898,-12.193394,-4.850453,-7.933555,1243.359497,-9.441187,-6.392004,0.6056004750297596,0.7603631340368462
2013.03.27_17:00:00_TAI,11706,2595,831537.5,5.666945e+20,-6.083743,-11.639253,-4.855621,-7.945604,1259.06311,-8.861498000000001,-6.4006125,0.6366999812931753,0.769966509750139
2013.03.27_18:00:00_TAI,11706,2595,846993.5,6.008712e+20,-5.503141,-11.079392,-4.845696,-7.931338,1262.789673,-8.2912665,-6.388517,0.6750986321547284,0.7722454492915207
2013.03.27_19:00:00_TAI,11706,2595,897598.8125,7.164902e+20,-4.775591,-10.523125,-4.876851,-7.940286,1295.792358,-7.649358,-6.4085685,0.8050003960453885,0.7924278865180654
2013.03.27_20:00:00_TAI,11706,2595,923792.5,6.528008e+20,-4.166714,-9.938545,-4.887628,-8.011783,1325.170044,-7.0526295,-6.4497055,0.7334432523134949,0.8103934945755961
2013.03.27_21:00:00_TAI,11706,2595,980107.0,7.853574e+20,-3.500445,-9.446151,-4.839058,-8.050516,1393.803833,-6.473298,-6.444787,0.8823749690326212,0.8523657504121264
2013.03.27_22:00:00_TAI,11706,2595,1001880.375,8.002909e+20,-2.896312,-8.896902,-4.842976,-8.085341,1423.372559,-5.896607,-6.4641585,0.8991532493417501,0.8704481869279402
2013.03.27_23:00:00_TAI,11706,2595,1018968.6875,8.806227e+20,-2.319752,-8.344783,-4.848795,-8.090518,1434.254639,-5.3322674999999995,-6.469656499999999,0.9894086789554962,0.8771030059674892
2013.03.28_00:00:00_TAI,11706,2595,1010590.875,8.70783e+20,-1.716587,-7.766428,-4.853532,-8.095691,1439.717407,-4.7415075,-6.4746115,0.97835345112828,0.8804437030120836
2013.03.28_01:00:00_TAI,11706,2595,1056127.0,8.900495e+20,-1.083372,-7.188545,-4.854389,-8.125587,1449.587524,-4.1359585,-6.489988,1.0,0.8864796669577794
2013.03.28_02:00:00_TAI,11706,2595,1058881.375,8.591221e+20,-0.477006,-6.607687,-4.854373,-8.157182,1469.540405,-3.5423465000000003,-6.505777500000001,0.9652520449705326,0.8986816368360246
2013.03.28_03:00:00_TAI,11706,2595,1079161.25,8.023228e+20,0.127353,-6.029167,-4.853729,-8.157145,1468.176514,-2.950907,-6.505437000000001,0.9014361560789597,0.8978475639570649
2013.11.10_13:00:00_TAI,11901,3371,176591.90625,2.53366e+20,-15.300504,-17.533829,-23.404705,-24.488394,148.259415,-16.4171665,-23.9465495,0.028856340602447263,0.06565272422477526
2013.11.10_14:00:00_TAI,11901,3371,317825.90625,4.644959e+20,-14.201854,-17.57432,-23.226036,-24.783134,320.785522,-15.888087,-24.004585,0.05290233061594801,0.14205130521502854
2013.11.10_15:00:00_TAI,11901,3371,345175.3125,4.970357e+20,-13.432761,-17.096495,-23.185524,-24.901237,376.248596,-15.264628,-24.043380499999998,0.05660835096570099,0.1666116469780141
2013.11.10_16:00:00_TAI,11901,3371,368670.6875,4.953435e+20,-12.594882,-16.696821,-23.138788,-24.994774,464.970093,-14.6458515,-24.066781,0.056415623056007266,0.2058995935502451
2013.11.10_17:00:00_TAI,11901,3371,380795.1875,5.067999e+20,-11.992522,-16.22394,-23.130217,-25.084179,503.196014,-14.108231,-24.107197999999997,0.057720414466369656,0.22282692224401504
2013.11.10_18:00:00_TAI,11901,3371,375466.90625,4.530847e+20,-11.393662,-15.711683,-23.123278,-25.077253,513.949158,-13.5526725,-24.1002655,0.051602687120440936,0.2275886650148286
2013.11.10_19:00:00_TAI,11901,3371,384924.3125,4.783601e+20,-10.855823,-15.169176,-23.090355,-25.07548,517.132751,-13.0124995,-24.0829175,0.05448135099508511,0.2289984341905192
2013.11.10_20:00:00_TAI,11901,3371,400422.8125,5.022864e+20,-10.168914,-14.623124,-23.113958,-25.067072,527.480286,-12.396018999999999,-24.090515,0.05720636327832885,0.23358056384320408
2013.11.10_21:00:00_TAI,11901,3371,413403.5,5.359886e+20,-9.477358,-14.050551,-23.112316,-25.096889,554.990723,-11.7639545,-24.1046025,0.061044771597723715,0.24576282649184636
2013.11.10_22:00:00_TAI,11901,3371,441933.40625,5.695468e+20,-8.685952,-13.658951,-23.111179,-25.260866,644.8172,-11.172451500000001,-24.1860225,0.06486677948041139,0.28554008396021097
2013.11.10_23:00:00_TAI,11901,3371,458796.90625,5.741883e+20,-8.057754,-13.32648,-23.140766,-25.268091,704.247986,-10.692117,-24.2044285,0.06539540883441414,0.3118574210663882
2013.11.11_00:00:00_TAI,11901,3371,448649.0,5.284169e+20,-7.496787,-12.862089,-23.142859,-25.270384,716.978516,-10.179438,-24.2066215,0.06018241613511409,0.31749479644201095
2013.11.11_01:00:00_TAI,11901,3371,431737.59375,5.161577e+20,-6.938514,-12.359441,-23.146307,-25.304417,728.768738,-9.6489775,-24.225362,0.058786192290109146,0.32271578152086666
2013.11.11_02:00:00_TAI,11901,3371,410623.09375,4.784812e+20,-6.4076,-11.823351,-23.149103,-25.30648,728.83197,-9.1154755,-24.227791500000002,0.05449514330678817,0.3227437821241213
2013.11.11_03:00:00_TAI,11901,3371,405070.6875,4.761893e+20,-5.879962,-11.38627,-23.15464,-25.282402,736.898743,-8.633116,-24.218521000000003,0.05423411441172431,0.32631593720886154
2013.11.11_04:00:00_TAI,11901,3371,388023.6875,4.353997e+20,-5.357701,-10.886439,-23.156744,-25.286308,738.919128,-8.122069999999999,-24.221525999999997,0.04958850848733989,0.32721061077298474
2013.11.11_05:00:00_TAI,11901,3371,374443.0,3.806694e+20,-4.834619,-10.354853,-23.163578,-25.286152,728.589539,-7.594736,-24.224865,0.043355169451817686,0.32263642802734077
2013.11.11_06:00:00_TAI,11901,3371,359142.3125,3.751486e+20,-4.34342,-9.824161,-23.171564,-25.263767,715.825195,-7.0837905,-24.217665500000003,0.0427263949311717,0.31698407902446524
2013.11.11_07:00:00_TAI,11901,3371,352572.1875,3.722299e+20,-3.945807,-9.258859,-23.205746,-25.265549,691.404907,-6.602333,-24.2356475,0.04239397857966296,0.30617020637055253
2013.11.11_08:00:00_TAI,11901,3371,333417.6875,3.647245e+20,-3.588119,-8.87473,-23.211542,-25.271673,679.033508,-6.231424499999999,-24.2416075,0.04153917415145393,0.3006918625714646
2013.11.11_09:00:00_TAI,11901,3371,313366.8125,3.509577e+20,-3.355805,-8.375787,-23.244459,-25.304232,637.514954,-5.8657960000000005,-24.2743455,0.0399712468454785,0.28230647924877006
2013.11.11_10:00:00_TAI,11901,3371,312222.5,3.329958e+20,-2.997376,-7.84585,-23.280987,-25.305607,602.453064,-5.421613000000001,-24.293297,0.0379255315392926,0.2667802572211882
2013.11.11_11:00:00_TAI,11901,3371,308373.0,3.121113e+20,-2.834026,-7.285603,-23.348047,-25.304695,541.020447,-5.0598145,-24.326371,0.0355469557031038,0.2395764626944983
2013.11.11_12:00:00_TAI,11901,3371,290762.90625,2.824443e+20,-2.768021,-6.753496,-23.414782,-25.301796,457.973724,-4.7607585,-24.358289,0.03216812406565915,0.2028014383030268
2013.11.11_13:00:00_TAI,11901,3371,267831.3125,2.756221e+20,-2.668122,-6.22654,-23.415991,-25.302481,413.370178,-4.447331,-24.359236000000003,0.031391130598271984,0.18304994862538926
2013.11.11_14:00:00_TAI,11901,3371,266636.8125,2.641519e+20,-2.210059,-5.736435,-23.414045,-25.402113,438.041077,-3.973247,-24.408079,0.03008476747939183,0.19397479767072162
2013.11.11_15:00:00_TAI,11901,3371,260632.90625,2.286433e+20,-1.719596,-5.242852,-23.410521,-25.432264,443.163666,-3.481224,-24.4213925,0.026040624792859065,0.19624319946452248
2013.11.11_16:00:00_TAI,11901,3371,265108.6875,2.247836e+20,-1.228784,-4.75213,-23.440777,-25.565004,469.133636,-2.990457,-24.5028905,0.025601036143145746,0.20774330742418015
2013.11.11_17:00:00_TAI,11901,3371,266779.40625,2.160126e+20,-0.739665,-4.260141,-23.43825,-25.663864,490.546997,-2.4999029999999998,-24.551057,0.024602090098988026,0.21722564272449518
2013.11.11_18:00:00_TAI,11901,3371,265145.40625,2.20082e+20,-0.249244,-3.765345,-23.474468,-25.700197,491.047211,-2.0072945,-24.587332500000002,0.025065561884656185,0.2174471491414426
2013.11.11_19:00:00_TAI,11901,3371,255124.703125,2.420784e+20,0.244168,-3.268893,-23.509033,-25.700737,481.48584,-1.5123624999999998,-24.604885,0.027570774148447188,0.21321315122991866
2013.11.11_20:00:00_TAI,11901,3371,240419.296875,2.190521e+20,0.767176,-2.712695,-23.545229,-25.703085,470.299652,-0.9727595,-24.624157,0.024948264594623345,0.20825964648358944
2013.11.11_21:00:00_TAI,11901,3371,229540.09375,2.01388e+20,1.264371,-2.153758,-23.579781,-25.737864,458.950439,-0.44469349999999996,-24.6588225,0.02293646630268327,0.20323395046787784
2013.11.11_22:00:00_TAI,11901,3371,218316.0,1.579965e+20,1.791042,-1.594532,-23.651403,-25.776937,451.058136,0.09825499999999998,-24.71417,0.017994524987545918,0.1997390547652517
2013.11.12_00:00:00_TAI,11901,3371,95730.898438,2.334853e+20,5.738256,4.05562,-26.485273,-27.24474,80.630508,4.8969380000000005,-26.8650065,0.02659208947713813,0.03570506807832431
2013.11.12_01:00:00_TAI,11901,3371,135776.59375,2.513871e+20,6.413104,4.552484,-26.357162,-27.289545,114.668503,5.482794,-26.8233535,0.02863095987883722,0.05077788553750071
2013.11.12_02:00:00_TAI,11901,3371,154750.59375,2.617991e+20,7.085904,5.045662,-26.201332,-27.306356,153.018814,6.065783,-26.753844,0.029816802566303893,0.06776029702224429
2013.11.12_03:00:00_TAI,11901,3371,155118.203125,2.411726e+20,7.761556,5.542969,-26.109562,-27.318373,182.583771,6.6522625,-26.713967500000003,0.027467610845882135,0.08085234900854371
2013.11.12_04:00:00_TAI,11901,3371,158112.5,2.342337e+20,8.338417,6.046723,-26.122402,-27.332443,190.262909,7.19257,-26.727422500000003,0.026677326191246856,0.08425285028124867
2013.11.12_05:00:00_TAI,11901,3371,162297.0,2.134088e+20,9.002609,6.543046,-26.101849,-27.344059,204.917053,7.7728275,-26.722954,0.024305538313584094,0.09074204676689611
2013.11.12_06:00:00_TAI,11901,3371,165810.59375,2.011625e+20,9.667941,7.044878,-26.080067,-27.356583,218.187927,8.3564095,-26.718325,0.022910783674367507,0.09661869905871677
2013.11.12_07:00:00_TAI,11901,3371,167959.0,2.190538e+20,10.242276,7.553346,-26.092066,-27.369497,223.435715,8.897811,-26.7307815,0.024948458210890027,0.09894254188754543
2013.11.12_08:00:00_TAI,11901,3371,164625.59375,1.920901e+20,10.786017,8.093751,-26.072243,-27.379385,223.67926,9.439884,-26.725814,0.021877510605046276,0.09905038928948834
2013.11.12_09:00:00_TAI,11901,3371,155806.0,1.643271e+20,11.324997,8.630392,-26.110142,-27.387939,220.128113,9.9776945,-26.7490405,0.018715529186285502,0.09747785863656058
2013.11.12_14:00:00_TAI,11901,3371,138168.5,2.041289e+20,13.947942,11.445477,-26.152031,-27.356934,186.240479,12.6967095,-26.7544825,0.023248632670535497,0.08247162453242547
2013.11.12_15:00:00_TAI,11901,3371,726.599976,1.29113e+20,10.756177,10.408023,-23.697031,-23.900948,5.079545,10.5821,-23.798989499999998,0.014704927670657364,0.0022493409074380616
2013.11.12_16:00:00_TAI,11901,3371,128284.703125,1.211309e+20,15.011048,10.893054,-23.565748,-27.297625,190.337311,12.952051,-25.431686499999998,0.013795830963432265,0.08428579722082598
2013.11.12_17:00:00_TAI,11901,3371,204272.296875,3.414221e+20,14.716738,11.377971,-22.898691,-24.195288,256.43399,13.0473545,-23.546989500000002,0.038885219038082494,0.11355494709950649
2013.11.12_18:00:00_TAI,11901,3371,505193.09375,5.382244e+20,16.121563,11.499724,-22.670311,-27.315111,699.639282,13.8106435,-24.992711,0.06129941115598706,0.3098165795269446
2013.11.12_19:00:00_TAI,11901,3371,430842.09375,6.286692e+20,16.801519,11.667307,-22.475782,-24.712219,706.605469,14.234413,-23.5940005,0.07160034322469486,0.31290136948115566
2013.11.12_20:00:00_TAI,11901,3371,440148.1875,6.432524e+20,17.3897,12.171292,-22.423109,-24.754602,740.964294,14.780496,-23.5888555,0.07326125189544631,0.32811625794144206
2013.11.12_21:00:00_TAI,11901,3371,516264.59375,6.982432e+20,17.945162,12.373555,-22.435532,-24.791929,786.276245,15.1593585,-23.6137305,0.0795242597765395,0.34818144586282657
2013.11.12_22:00:00_TAI,11901,3371,666468.125,7.557187e+20,18.489519,12.879249,-22.419537,-27.329308,998.020813,15.684384000000001,-24.8744225,0.08607025491517671,0.4419468753905107
2013.11.12_23:00:00_TAI,11901,3371,706383.125,8.07341e+20,19.039927,13.209933,-22.430849,-27.307724,1097.112671,16.12493,-24.8692865,0.09194961785843553,0.4858270595001984
2013.11.13_00:00:00_TAI,11901,3371,732867.875,8.399261e+20,19.668068,13.715003,-22.418602,-27.323277,1125.19458,16.6915355,-24.8709395,0.09566079751223598,0.4982623832688929
2013.11.13_01:00:00_TAI,11901,3371,625939.5,8.875296e+20,20.373125,14.066556,-22.331884,-25.086546,991.999817,17.2198405,-23.709215,0.10108245160105847,0.4392806380392674
2013.11.13_02:00:00_TAI,11901,3371,675142.8125,9.645268e+20,20.933523,14.233581,-22.318192,-25.240749,1111.096313,17.583552,-23.779470500000002,0.10985181066515842,0.49201934207384795
2013.11.13_03:00:00_TAI,11901,3371,848560.1875,1.050236e+21,21.489101,14.676883,-22.301912,-27.247028,1436.89209,18.082992,-24.77447,0.11961339615004304,0.6362893049694751
2013.11.13_04:00:00_TAI,11901,3371,724862.8125,1.043233e+21,22.025169,15.119546,-22.283962,-25.347986,1240.248169,18.572357500000003,-23.815973999999997,0.11881581102323463,0.549210793861823
2013.11.13_05:00:00_TAI,11901,3371,745845.3125,1.017151e+21,22.669458,15.624882,-22.263721,-25.365149,1270.081665,19.14717,-23.814435,0.11584528192464592,0.5624217611757635
2013.11.13_06:00:00_TAI,11901,3371,758984.8125,1.006257e+21,23.21995,16.165657,-22.253214,-25.386744,1282.821777,19.6928035,-23.819979,0.1146045433309788,0.5680633796842998
2013.11.13_07:00:00_TAI,11901,3371,799935.0,9.632274e+20,23.768543,16.717283,-22.231916,-25.399792,1286.141724,20.242913,-23.815854,0.10970381950226041,0.5695335295889913
2013.11.13_08:00:00_TAI,11901,3371,840548.1875,1.129422e+21,24.610298,17.275023,-22.163418,-25.447079,1366.586304,20.942660500000002,-23.805248499999998,0.1286320418520922,0.6051562644157668
2013.11.13_09:00:00_TAI,11901,3371,863632.375,1.219966e+21,25.355576,17.767492,-22.108513,-25.466066,1448.368652,21.561534,-23.7872895,0.13894427199942053,0.6413713940903214
2013.11.13_10:00:00_TAI,11901,3371,1025165.5,1.330963e+21,25.899223,18.278816,-22.093069,-27.229818,1740.198853,22.0890195,-24.6614435,0.15158593361877687,0.7706006083477346
2013.11.13_11:00:00_TAI,11901,3371,1035465.125,1.383593e+21,26.525908,18.796877,-22.081348,-27.206928,1798.35376,22.661392499999998,-24.644137999999998,0.1575800654514095,0.7963529564976881
2013.11.13_12:00:00_TAI,11901,3371,1043323.125,1.411814e+21,27.247534,19.243372,-22.058588,-27.152641,1847.722168,23.245453,-24.6056145,0.16079420937025285,0.8182144381165127
2013.11.13_13:00:00_TAI,11901,3371,1068268.25,1.468118e+21,27.837788,19.660418,-21.974712,-27.129854,1900.585205,23.749102999999998,-24.552283000000003,0.16720678012276183,0.8416234229006838
2013.11.13_14:00:00_TAI,11901,3371,1045617.8125,1.453835e+21,28.486486,20.181759,-21.894682,-26.931494,1881.33606,24.3341225,-24.413088000000002,0.16558006180686802,0.8330994528833482
2013.11.13_15:00:00_TAI,11901,3371,1018216.3125,1.38747e+21,29.016035,20.70619,-21.871986,-26.837009,1869.949219,24.861112499999997,-24.3544975,0.1580216244313661,0.8280570943122965
2013.11.13_16:00:00_TAI,11901,3371,1003308.1875,1.356011e+21,29.604221,21.233706,-21.883751,-26.6826,1849.990479,25.4189635,-24.2831755,0.15443869847045427,0.8192188990914804
2013.11.13_17:00:00_TAI,11901,3371,1006939.0,1.409161e+21,30.246662,21.768316,-21.826754,-26.13023,1882.651611,26.007489,-23.978492000000003,0.1604920541023073,0.8336820095257484
2013.11.13_18:00:00_TAI,11901,3371,1012380.0,1.487611e+21,30.815634,22.333052,-21.808968,-26.107986,1897.129028,26.574343,-23.958477000000002,0.1694268753500753,0.8400929471770813
2013.11.13_19:00:00_TAI,11901,3371,1019312.0,1.952176e+21,31.39086,22.89609,-21.81979,-26.055326,1896.932617,27.143475000000002,-23.937558000000003,0.22233707589780433,0.8400059718088206
2013.11.13_20:00:00_TAI,11901,3371,1034369.5,1.616366e+21,31.986217,23.450583,-21.809391,-25.841181,1891.89209,27.718400000000003,-23.825286,0.18409102971280786,0.8377739089811175
2013.11.13_21:00:00_TAI,11901,3371,1062904.75,1.653451e+21,32.587551,23.994064,-21.794432,-25.83799,1891.716187,28.2908075,-23.816211000000003,0.18831471162451566,0.8376960150332066
2013.11.13_22:00:00_TAI,11901,3371,1054582.375,1.63785e+21,33.17313,24.55628,-21.793514,-25.85388,1880.313721,28.864705,-23.823697,0.18653788375598246,0.8326467373480061
2013.11.13_23:00:00_TAI,11901,3371,1056336.375,1.686927e+21,33.824566,25.114601,-21.799967,-25.867229,1872.894653,29.4695835,-23.833598,0.19212735759124963,0.8293614011323678
2013.11.14_00:00:00_TAI,11901,3371,1067130.5,1.73362e+21,34.419025,25.696083,-21.763899,-25.8571,1887.168335,30.057554,-23.8104995,0.19744531308547564,0.8356821201775504
2013.11.14_01:00:00_TAI,11901,3371,1083916.375,1.90161e+21,35.130737,26.283567,-21.72467,-25.81757,1899.651855,30.707152,-23.77112,0.216578016991308,0.8412101137684767
2013.11.14_02:00:00_TAI,11901,3371,1101110.0,1.939305e+21,35.736782,26.902473,-21.688137,-25.803572,1900.84729,31.3196275,-23.7458545,0.2208711729751782,0.841739480246711
2013.11.14_03:00:00_TAI,11901,3371,1095445.75,2.050192e+21,36.338444,27.354921,-21.675814,-25.787872,1932.317139,31.8466825,-23.731842999999998,0.23350030648316097,0.8556750628051092
2013.11.14_04:00:00_TAI,11901,3371,1127978.125,2.224267e+21,36.95863,27.865841,-21.578417,-25.810873,1977.862427,32.4122355,-23.694645,0.25332604273179343,0.8758435777881338
2013.11.14_05:00:00_TAI,11901,3371,1149570.625,2.225098e+21,37.640312,28.353048,-21.555353,-25.861313,2023.111694,32.99668,-23.708333,0.25342068691862446,0.895881007773435
2013.11.14_06:00:00_TAI,11901,3371,1142612.875,2.306424e+21,38.265919,28.883173,-21.54446,-25.884745,2033.784668,33.574546,-23.714602499999998,0.26268306133284985,0.900607249399845
2013.11.14_07:00:00_TAI,11901,3371,1144792.0,2.132798e+21,38.830547,29.444412,-21.536188,-25.90844,2023.480225,34.1374795,-23.722313999999997,0.24290846255700577,0.8960442018890417
2013.11.14_08:00:00_TAI,11901,3371,1149136.125,2.125461e+21,39.380562,29.946302,-21.554701,-25.926065,2010.44458,34.663432,-23.740383,0.2420728375283904,0.8902717144805553
2013.11.14_09:00:00_TAI,11901,3371,1130261.0,2.264253e+21,39.932034,30.421886,-21.547285,-25.9174,2000.812378,35.17696,-23.7323425,0.257880125107998,0.8860063509514781
2013.11.14_10:00:00_TAI,11901,3371,1136179.75,2.365028e+21,40.468876,30.930725,-21.569386,-25.924269,1986.220337,35.6998005,-23.746827500000002,0.26935758350498745,0.8795446551215732
2013.11.14_11:00:00_TAI,11901,3371,1133017.5,2.362404e+21,40.98222,31.473949,-21.584717,-25.942884,1966.017822,36.2280845,-23.763800500000002,0.2690587311027676,0.870598510649454
2013.11.14_12:00:00_TAI,11901,3371,1119217.125,2.486337e+21,41.502476,32.022705,-21.569136,-25.962652,1962.334106,36.7625905,-23.765894,0.2831736986196527,0.8689672753537367
2013.11.14_13:00:00_TAI,11901,3371,1123119.25,2.532855e+21,42.160091,32.567402,-21.5548,-25.97855,1961.060303,37.363746500000005,-23.766675,0.28847172302760266,0.8684032056986953
2013.11.14_14:00:00_TAI,11901,3371,1172358.625,2.701903e+21,42.824837,33.115311,-21.547623,-25.996244,1960.035889,37.970074,-23.771933500000003,0.3077249245864641,0.8679495713049943
2013.11.14_15:00:00_TAI,11901,3371,1229240.25,2.933746e+21,43.447807,33.642654,-21.550406,-25.985067,1955.708374,38.5452305,-23.767736499999998,0.3341299693607953,0.8660332468080065
2013.11.14_16:00:00_TAI,11901,3371,1258670.625,3.109388e+21,44.02557,34.079342,-21.525497,-26.104723,2029.843506,39.052456,-23.81511,0.35413417425053995,0.8988620110154149
2013.11.14_17:00:00_TAI,11901,3371,1259033.75,3.348866e+21,44.57452,34.596447,-21.510143,-26.124262,2053.79248,39.585483499999995,-23.8172025,0.38140878384611654,0.9094671748459097
2013.11.14_18:00:00_TAI,11901,3371,1281890.25,3.720643e+21,45.111488,35.114143,-21.520172,-26.13633,2053.732178,40.112815499999996,-23.828251,0.4237511807744969,0.9094404717149402
2013.11.14_19:00:00_TAI,11901,3371,1343806.625,4.039699e+21,45.648148,35.591152,-21.486225,-26.160719,2084.500977,40.61965,-23.823472000000002,0.46008908170538115,0.9230656129950036
2013.11.14_20:00:00_TAI,11901,3371,1382927.875,4.114445e+21,46.192013,36.074554,-21.475286,-26.178722,2115.163574,41.133283500000005,-23.827004000000002,0.46860204727562554,0.9366437255543741
2013.11.14_21:00:00_TAI,11901,3371,1401447.0,4.223654e+21,46.723129,36.589478,-21.464388,-26.200979,2117.146729,41.6563035,-23.8326835,0.481040070139201,0.9375219128068327
2013.11.14_22:00:00_TAI,11901,3371,1391726.75,4.382635e+21,47.242901,37.106174,-21.454021,-26.220825,2113.160156,42.1745375,-23.837423,0.49914672172354013,0.9357565653732756
2013.11.14_23:00:00_TAI,11901,3371,1411781.625,4.47454e+21,47.782539,37.61821,-21.427565,-26.342411,2130.706787,42.700374499999995,-23.884988,0.5096139587761357,0.9435266225134369
2013.11.15_00:00:00_TAI,11901,3371,1401823.125,4.579753e+21,48.295139,38.141716,-21.413315,-26.368935,2132.95166,43.218427500000004,-23.891125000000002,0.5215968695210867,0.9445207045957698
2013.11.15_01:00:00_TAI,11901,3371,1392345.5,4.6298e+21,48.81348,38.68631,-21.383072,-26.395218,2121.784424,43.749894999999995,-23.889145,0.5272968185202842,0.9395755922367267
2013.11.15_02:00:00_TAI,11901,3371,1386942.0,4.806806e+21,49.337494,39.240925,-21.367802,-26.419519,2106.547852,44.2892095,-23.893660500000003,0.5474563719910609,0.9328284830588919
2013.11.15_03:00:00_TAI,11901,3371,1408277.375,5.113952e+21,49.871216,39.796593,-21.361122,-26.515081,2098.093262,44.8339045,-23.938101500000002,0.5824378201359551,0.9290845935682747
2013.11.15_04:00:00_TAI,11901,3371,1448294.625,5.462551e+21,50.406826,40.356102,-21.35647,-26.612679,2112.398682,45.381464,-23.9845745,0.6221404301060083,0.935419366939528
2013.11.15_05:00:00_TAI,11901,3371,1501106.875,5.931732e+21,50.931984,40.900105,-21.315535,-26.641254,2131.38623,45.9160445,-23.9783945,0.6755763557637399,0.9438274957086095
2013.11.15_06:00:00_TAI,11901,3371,1522412.375,6.164086e+21,51.45734,41.43903,-21.292807,-26.665426,2132.848145,46.448185,-23.9791165,0.7020395993099972,0.9444748657412988
2013.11.15_07:00:00_TAI,11901,3371,1565792.75,6.277493e+21,52.011692,41.990341,-21.25128,-26.687859,2128.054443,47.0010165,-23.9695695,0.7149557404603558,0.9423521027759805
2013.11.15_08:00:00_TAI,11901,3371,1576446.25,6.335729e+21,52.610603,42.542198,-21.228315,-26.744942,2147.983643,47.5764005,-23.986628500000002,0.7215883504053527,0.9511772169963516
2013.11.15_09:00:00_TAI,11901,3371,1595351.75,6.358489e+21,53.16835,43.062511,-21.202726,-26.804926,2157.705078,48.1154305,-24.003825999999997,0.7241805305404605,0.9554820949774503
2013.11.15_10:00:00_TAI,11901,3371,1645580.75,6.560508e+21,53.708302,43.57682,-21.170431,-26.858482,2163.682861,48.642561,-24.0144565,0.7471888626456592,0.958129196605192
2013.11.15_11:00:00_TAI,11901,3371,1698566.0,6.836486e+21,54.285576,44.047779,-21.14163,-26.976831,2197.472168,49.1666775,-24.059230499999998,0.7786205273788207,0.9730918892221653
2013.11.15_12:00:00_TAI,11901,3371,1709683.375,7.055372e+21,54.8433,44.539845,-21.121046,-27.004244,2213.717773,49.6915725,-24.062645,0.80354987452527,0.980285821728439
2013.11.15_13:00:00_TAI,11901,3371,1744933.375,7.372172e+21,55.388882,45.050385,-21.111668,-27.149076,2237.681152,50.2196335,-24.130372,0.8396308352810751,0.99089736442865
2013.11.15_14:00:00_TAI,11901,3371,1761350.875,7.679466e+21,56.01165,45.534863,-21.099926,-27.175915,2249.530762,50.7732565,-24.1379205,0.8746291394303627,0.9961446478979737
2013.11.15_15:00:00_TAI,11901,3371,1768187.125,7.86547e+21,56.650066,46.069855,-21.089207,-27.22451,2258.237061,51.3599605,-24.1568585,0.8958134924114951,1.0
2013.11.15_16:00:00_TAI,11901,3371,1761611.875,8.198364e+21,57.271801,46.595318,-21.106785,-27.24159,2252.44873,51.9335595,-24.1741875,0.9337274297531711,0.9974367921331357
2013.11.15_17:00:00_TAI,11901,3371,1741461.5,8.528787e+21,57.895805,47.147663,-21.099133,-27.264666,2244.988037,52.521734,-24.1818995,0.9713599401566287,0.9941330233974051
2013.11.15_18:00:00_TAI,11901,3371,1759262.0,8.780254e+21,58.606647,47.685619,-21.120541,-27.283741,2242.162598,53.146133000000006,-24.202140999999997,1.0,0.9928818531598796
2013.11.15_19:00:00_TAI,11901,3371,1751009.625,8.669318e+21,59.261837,48.247417,-21.120642,-27.272837,2225.724121,53.754627,-24.1967395,0.9873652857878599,0.9856025124370237
2013.11.15_20:00:00_TAI,11901,3371,1726565.125,8.431071e+21,59.927933,48.80452,-21.127459,-27.268185,2204.4375,54.366226499999996,-24.197822000000002,0.9602308771477455,0.9761763005624502
2013.12.10_01:00:00_TAI,11922,3490,218189.40625,1.248788e+20,5.4983,2.749761,11.191921,9.803349,278.497711,4.1240305,10.497635,0.013547607746988835,0.05694794799750787
2013.12.10_02:00:00_TAI,11922,3490,558054.625,4.702224e+20,6.741143,2.720166,11.485102,9.372369,614.691956,4.7306545,10.4287355,0.05101257082104955,0.12569383575570714
2013.12.10_03:00:00_TAI,11922,3490,595800.6875,5.290304e+20,7.348289,3.201824,11.537589,9.364154,655.330872,5.2750565,10.4508715,0.057392418452392256,0.134003788705529
2013.12.10_04:00:00_TAI,11922,3490,664136.875,5.71192e+20,8.219193,3.773094,11.530877,9.117041,748.339905,5.9961435000000005,10.323959,0.06196636390018199,0.15302252159049157
2013.12.10_05:00:00_TAI,11922,3490,801835.8125,6.529314e+20,9.252199,4.134874,11.52119,8.806839,978.068848,6.6935365,10.1640145,0.07083394853964216,0.19999810301452145
2013.12.10_06:00:00_TAI,11922,3490,912581.5,7.871923e+20,10.044182,4.497183,11.515117,8.620629,1125.821167,7.2706824999999995,10.067872999999999,0.08539938325680546,0.2302108877038836
2013.12.10_07:00:00_TAI,11922,3490,1021757.8125,8.359112e+20,10.8093,4.856652,11.538545,8.434103,1304.089722,7.832976,9.986324,0.09068470428058832,0.2666637129830503
2013.12.10_08:00:00_TAI,11922,3490,1205651.0,1.019236e+21,11.566801,5.00526,11.533816,8.219155,1534.936157,8.286030499999999,9.876485500000001,0.11057288770880175,0.3138678021247025
2013.12.10_09:00:00_TAI,11922,3490,1386333.25,1.22553e+21,12.422365,5.338735,11.531209,8.007446,1751.503906,8.88055,9.7693275,0.13295290891782452,0.3581521478153905
2013.12.10_10:00:00_TAI,11922,3490,1583657.75,1.501737e+21,13.221579,5.670314,11.586125,7.882335,1946.071167,9.4459465,9.73423,0.1629175153439957,0.3979377755739093
2013.12.10_11:00:00_TAI,11922,3490,1844320.875,1.82405e+21,14.027759,6.002672,11.705184,7.670461,2258.100586,10.0152155,9.6878225,0.197883979593774,0.46174237584548783
2013.12.10_12:00:00_TAI,11922,3490,2024085.75,2.041069e+21,14.737203,6.397042,11.764209,7.519455,2453.317383,10.5671225,9.641831999999999,0.22142751368958344,0.5016608224419701
2013.12.10_13:00:00_TAI,11922,3490,2228359.0,2.240309e+21,15.416426,6.910954,11.821693,7.486355,2552.897949,11.163689999999999,9.654024,0.24304227430155326,0.5220233197629279
2013.12.10_14:00:00_TAI,11922,3490,2466104.75,2.484188e+21,16.23498,7.251489,11.9738,7.427532,2822.438232,11.7432345,9.700666,0.26949974370170676,0.5771396292090675
2013.12.10_15:00:00_TAI,11922,3490,2697808.0,2.874647e+21,16.988663,7.674746,12.060294,7.244218,3066.56665,12.331704499999999,9.652256000000001,0.311859098318195,0.6270596533380194
2013.12.10_16:00:00_TAI,11922,3490,2973808.0,3.327438e+21,17.772934,8.043243,12.090169,7.154802,3279.984375,12.9080885,9.6224855,0.3609806054064023,0.6706998737958688
2013.12.10_17:00:00_TAI,11922,3490,3185850.0,3.695588e+21,18.50334,8.406422,12.177672,7.180843,3458.158203,13.454881,9.6792575,0.4009197447323242,0.707133329047718
2013.12.10_18:00:00_TAI,11922,3490,3391108.25,3.953292e+21,19.233301,8.89545,12.205682,7.089624,3587.370605,14.0643755,9.647653,0.42887703377441955,0.7335550225090659
2013.12.10_19:00:00_TAI,11922,3490,3638737.0,4.526997e+21,19.901749,9.383554,12.233067,7.056217,3700.382812,14.6426515,9.644642000000001,0.49111602311837727,0.7566640572807003
2013.12.10_20:00:00_TAI,11922,3490,3806236.25,4.831322e+21,20.575422,9.870803,12.259323,6.992927,3809.563965,15.2231125,9.626125,0.5241310402998555,0.778989708005176
2013.12.10_21:00:00_TAI,11922,3490,3909026.5,4.935112e+21,21.278385,10.363143,12.255346,6.899145,3926.964844,15.820764,9.5772455,0.535390807434549,0.8029961500263592
2013.12.10_22:00:00_TAI,11922,3490,3947628.0,5.057155e+21,21.952765,10.827706,12.280529,6.864185,4032.407959,16.3902355,9.572357,0.5486307704408059,0.8245574368611914
2013.12.10_23:00:00_TAI,11922,3490,3992629.5,5.230662e+21,22.606775,11.31955,12.334577,6.858006,4093.383545,16.9631625,9.5962915,0.567453859526838,0.8370258858411745
2013.12.11_00:00:00_TAI,11922,3490,3995543.75,5.303666e+21,23.259026,11.777171,12.388002,6.850717,4177.46582,17.5180985,9.6193595,0.5753737751246911,0.8542192516574277
2013.12.11_01:00:00_TAI,11922,3490,4035225.25,5.371411e+21,23.880976,12.272212,12.443418,6.845479,4239.876953,18.076594,9.6444485,0.5827231625853311,0.8669812450820327
2013.12.11_02:00:00_TAI,11922,3490,4232306.5,5.664548e+21,24.571665,12.803569,12.467354,6.83935,4287.220215,18.687617,9.653352,0.6145244378388495,0.8766621204211065
2013.12.11_03:00:00_TAI,11922,3490,4341591.5,5.915512e+21,25.265299,13.354321,12.457037,6.771501,4354.285156,19.30981,9.614269,0.6417505309036075,0.8903757368052782
2013.12.11_04:00:00_TAI,11922,3490,4454745.0,6.005049e+21,25.924599,13.890861,12.452001,6.73702,4387.808105,19.90773,9.5945105,0.6514640463669378,0.8972305980158793
2013.12.11_05:00:00_TAI,11922,3490,4506012.0,6.088863e+21,26.565214,14.440244,12.447029,6.73224,4408.993164,20.502729000000002,9.5896345,0.6605566961658318,0.9015625748710003
2013.12.11_06:00:00_TAI,11922,3490,4539384.0,6.208997e+21,27.204309,14.941655,12.443419,6.698574,4474.152344,21.072982,9.5709965,0.6735895593025432,0.9148864962090835
2013.12.11_07:00:00_TAI,11922,3490,4592435.5,6.275595e+21,27.849566,15.500186,12.43886,6.694513,4510.400391,21.674875999999998,9.5666865,0.6808145132637756,0.9222985926609901
2013.12.11_08:00:00_TAI,11922,3490,4664628.0,6.224496e+21,28.492363,16.036404,12.404229,6.689543,4571.930176,22.2643835,9.546886,0.6752709845922688,0.9348803657172069
2013.12.11_09:00:00_TAI,11922,3490,4759752.0,6.362171e+21,29.111433,16.510433,12.461107,6.687183,4648.288086,22.810933,9.574145,0.6902068015329079,0.950494232963241
2013.12.11_10:00:00_TAI,11922,3490,4844105.5,6.576386e+21,29.708136,16.986004,12.549102,6.685619,4716.953125,23.347070000000002,9.6173605,0.7134461407443771,0.9645350416154129
2013.12.11_11:00:00_TAI,11922,3490,4822638.0,6.540059e+21,30.330082,17.460136,12.550697,6.656938,4775.365234,23.895108999999998,9.6038175,0.7095051680042093,0.9764793040433247
2013.12.11_12:00:00_TAI,11922,3490,4872720.5,6.689884e+21,30.919767,17.998045,12.547,6.682915,4771.672363,24.458906,9.614957500000001,0.7257590904529564,0.975724176021215
2013.12.11_13:00:00_TAI,11922,3490,4886899.5,6.809596e+21,31.547316,18.532923,12.548706,6.685382,4787.72998,25.0401195,9.617044,0.7387461724765466,0.9790076799846639
2013.12.11_14:00:00_TAI,11922,3490,4891004.5,6.698637e+21,32.151798,19.078993,12.547509,6.685298,4791.052246,25.615395499999998,9.6164035,0.7267086688490444,0.9796870257168875
2013.12.11_15:00:00_TAI,11922,3490,4890870.0,6.882158e+21,32.781853,19.643608,12.574313,6.712253,4803.376465,26.2127305,9.643283,0.7466181372402777,0.9822071145901561
2013.12.11_16:00:00_TAI,11922,3490,4931733.5,7.018222e+21,33.370808,20.136497,12.575272,6.652248,4845.311523,26.753652499999998,9.61376,0.7613791831542862,0.9907821060817612
2013.12.11_17:00:00_TAI,11922,3490,4965887.5,7.034347e+21,34.010406,20.670834,12.574191,6.651373,4858.95459,27.34062,9.612782000000001,0.763128520711343,0.9935718764797036
2013.12.11_18:00:00_TAI,11922,3490,5032633.0,7.486307e+21,34.62669,21.220789,12.571983,6.620857,4862.326172,27.923739500000003,9.59642,0.8121598758919587,0.9942613064779462
2013.12.11_19:00:00_TAI,11922,3490,5068042.0,8.455301e+21,35.24387,21.713257,12.571038,6.621163,4857.786133,28.4785635,9.5961005,0.9172822074741465,0.9933329473041839
2013.12.11_20:00:00_TAI,11922,3490,5037847.5,7.778321e+21,35.837685,22.226454,12.567948,6.618304,4858.904297,29.0320695,9.593126,0.8438393213112709,0.9935615924341422
2013.12.11_21:00:00_TAI,11922,3490,5009918.0,7.861955e+21,36.413654,22.781092,12.566231,6.616883,4844.032715,29.597373,9.591557,0.8529124436211558,0.9905206120421107
2013.12.11_22:00:00_TAI,11922,3490,5008602.5,7.935323e+21,37.022785,23.33931,12.563539,6.612734,4844.617676,30.1810475,9.588136500000001,0.8608718481412272,0.9906402264134063
2013.12.11_23:00:00_TAI,11922,3490,4966042.0,8.045735e+21,37.630001,23.863935,12.560399,6.609657,4859.580566,30.746968000000003,9.585028000000001,0.8728500098993521,0.9936998777065993
2013.12.12_00:00:00_TAI,11922,3490,4967387.5,8.111487e+21,38.236019,24.391903,12.584497,6.604504,4884.932129,31.313961,9.5945005,0.8799831846622423,0.9988838323114526
2013.12.12_01:00:00_TAI,11922,3490,4971614.0,8.314942e+21,38.817116,24.950792,12.551468,6.601332,4886.726074,31.883954,9.5764,0.902055213975173,0.9992506629263384
2013.12.12_02:00:00_TAI,11922,3490,4972162.0,8.29408e+21,39.418617,25.492235,12.547604,6.625642,4890.390625,32.455426,9.586623,0.8997919779990291,1.0
2013.12.12_03:00:00_TAI,11922,3490,4962556.0,8.441102e+21,40.024879,26.052637,12.57043,6.621771,4882.748535,33.038758,9.5961005,0.915741814049486,0.9984373252392287
2013.12.12_04:00:00_TAI,11922,3490,4927762.5,8.487842e+21,40.657566,26.619654,12.569011,6.648533,4856.477051,33.63861,9.608772,0.9208124520288248,0.9930652627570011
2013.12.12_05:00:00_TAI,11922,3490,4825514.0,8.584615e+21,41.26759,27.168058,12.563843,6.645457,4831.44043,34.217824,9.60465,0.9313109725503173,0.98794570832468
2013.12.12_06:00:00_TAI,11922,3490,4756646.0,8.549233e+21,41.86924,27.681662,12.562047,6.699954,4795.935059,34.775451,9.631000499999999,0.9274725191274468,0.9806854762241003
2013.12.12_07:00:00_TAI,11922,3490,4699360.0,8.655335e+21,42.47221,28.255022,12.558076,6.697502,4781.711914,35.363616,9.627789,0.938983106009856,0.9777770899436076
2013.12.12_08:00:00_TAI,11922,3490,4593927.0,8.311036e+21,43.057869,28.783117,12.556146,6.727971,4746.958984,35.920493,9.642058500000001,0.9016314674636775,0.9706707189673627
2013.12.12_09:00:00_TAI,11922,3490,4553615.0,8.114003e+21,43.676273,29.304861,12.586225,6.788601,4724.85498,36.490567,9.687413,0.8802561355641682,0.9661508338099271
2013.12.12_10:00:00_TAI,11922,3490,4489449.0,7.971395e+21,44.262169,29.85746,12.587267,6.791701,4687.378418,37.0598145,9.689484,0.8647851569386321,0.9584875273639313
2013.12.12_11:00:00_TAI,11922,3490,4459159.0,8.116442e+21,44.853645,30.419449,12.586015,6.820847,4659.270996,37.636547,9.703431,0.8805207330402403,0.952740047427193
2013.12.12_12:00:00_TAI,11922,3490,4406543.5,8.217449e+21,45.415871,30.959471,12.587244,6.853727,4602.75293,38.187671,9.7204855,0.8914785834976445,0.9411830839177595
2013.12.12_13:00:00_TAI,11922,3490,4362657.0,8.234791e+21,46.035526,31.487896,12.587515,6.883869,4578.840332,38.761711,9.735692,0.8933599485776123,0.9362933726792019
2013.12.12_14:00:00_TAI,11922,3490,4272666.0,8.317488e+21,46.637573,32.019081,12.56029,6.918144,4516.8125,39.328327,9.739217,0.9023314194586004,0.9236097576561177
2013.12.12_15:00:00_TAI,11922,3490,4206741.0,8.291838e+21,47.258915,32.556675,12.56254,6.951526,4465.874023,39.907795,9.757033,0.8995487522748169,0.9131937232519131
2013.12.12_16:00:00_TAI,11922,3490,4176417.0,8.379917e+21,47.836815,33.097359,12.562073,6.980616,4425.513184,40.467087,9.7713445,0.9091040950771743,0.9049406322219915
2013.12.12_17:00:00_TAI,11922,3490,4122125.25,8.780315e+21,48.422554,33.674915,12.562865,6.983218,4379.548828,41.048734499999995,9.7730415,0.9525416925451099,0.895541719226161
2013.12.12_18:00:00_TAI,11922,3490,4051713.0,9.217775e+21,49.015579,34.241737,12.563547,7.013605,4322.712891,41.628658,9.788575999999999,1.0,0.8839197566145343
2013.12.12_19:00:00_TAI,11922,3490,3892349.0,9.199793e+21,49.598816,34.813744,12.56419,7.016346,4287.518555,42.20628,9.790268000000001,0.9980492038480002,0.8767231257728005
2013.12.12_20:00:00_TAI,11922,3490,3780963.0,8.855565e+21,50.181072,35.389576,12.535161,7.016289,4237.966309,42.785324,9.775725000000001,0.9607052678113753,0.8665905515471988
2013.10.01_07:00:00_TAI,11866,3246,83656.398438,5.781821e+20,-54.39212,-56.088966,-12.150088,-13.166383,68.510582,-55.240543,-12.6582355,0.1500067066645046,0.014706262595373035
2013.10.01_08:00:00_TAI,11866,3246,133683.703125,7.340877e+20,-53.499165,-55.641457,-12.022908,-13.350144,115.23542,-54.570311000000004,-12.686526,0.1904557029349765,0.024736067003606855
2013.10.01_09:00:00_TAI,11866,3246,255764.90625,9.909355e+20,-52.504471,-56.032326,-11.453506,-13.703962,319.667786,-54.2683985,-12.578734,0.2570936922328523,0.06861886539217418
2013.10.01_10:00:00_TAI,11866,3246,323394.59375,1.248975e+21,-51.626534,-55.725945,-11.3796,-13.866349,422.584625,-53.6762395,-12.6229745,0.3240408626560726,0.09071066516435725
2013.10.01_11:00:00_TAI,11866,3246,422491.59375,1.798941e+21,-50.861309,-55.674671,-11.124093,-14.016217,590.329102,-53.26799,-12.570155,0.4667270309712988,0.12671815854232202
2013.10.01_12:00:00_TAI,11866,3246,489606.90625,2.057152e+21,-50.229496,-55.892422,-11.008434,-14.100259,732.292419,-53.060959,-12.5543465,0.5337186962866872,0.1571915505025915
2013.10.01_13:00:00_TAI,11866,3246,548114.125,2.205935e+21,-49.640545,-56.090313,-10.925976,-14.36776,849.525818,-52.865429000000006,-12.646868000000001,0.5723197664991081,0.18235649729347037
2013.10.01_14:00:00_TAI,11866,3246,584762.375,2.3197e+21,-48.977776,-55.52906,-10.86495,-14.407253,924.701233,-52.253417999999996,-12.6361015,0.6018355764553267,0.19849341164206175
2013.10.01_15:00:00_TAI,11866,3246,625951.625,2.258503e+21,-48.377686,-55.605316,-10.839604,-14.726554,977.946777,-51.991501,-12.783079,0.5859582941462623,0.20992292996227524
2013.10.01_16:00:00_TAI,11866,3246,683217.875,2.436713e+21,-47.821182,-55.306816,-10.830523,-14.914829,1043.082642,-51.563998999999995,-12.872675999999998,0.6321940651856656,0.22390478659088728
2013.10.01_17:00:00_TAI,11866,3246,696145.0,2.831386e+21,-47.267376,-54.765919,-10.837543,-14.924017,1066.143066,-51.0166475,-12.88078,0.7345901735041349,0.2288548635133785
2013.10.01_18:00:00_TAI,11866,3246,718599.5,3.033167e+21,-46.691711,-54.214535,-10.85836,-14.928315,1109.313721,-50.453123,-12.8933375,0.7869413329009242,0.23812173835680417
2013.10.01_19:00:00_TAI,11866,3246,742759.1875,2.859105e+21,-46.042725,-53.664204,-10.862539,-14.908966,1156.748535,-49.8534645,-12.885752499999999,0.741781741527485,0.24830394394435382
2013.10.01_20:00:00_TAI,11866,3246,766377.625,2.652141e+21,-45.326729,-53.102913,-10.863955,-14.884923,1204.754028,-49.214821,-12.874439,0.6880858764391115,0.2586086496623456
2013.10.01_21:00:00_TAI,11866,3246,802684.8125,2.862778e+21,-44.581509,-52.522583,-10.855671,-14.856809,1308.368164,-48.552046,-12.85624,0.7427346846116426,0.2808501289802222
2013.10.01_22:00:00_TAI,11866,3246,823877.0,3.021302e+21,-43.980011,-51.904106,-10.841405,-14.80652,1344.228394,-47.9420585,-12.8239625,0.7838630128101184,0.2885477713548042
2013.10.01_23:00:00_TAI,11866,3246,829557.8125,2.995011e+21,-43.395458,-51.258778,-10.844496,-14.74753,1367.001343,-47.327118,-12.796012999999999,0.7770419328684935,0.2934361398124687
2013.10.02_00:00:00_TAI,11866,3246,836900.875,2.917304e+21,-42.838818,-50.5009,-10.829933,-14.716088,1397.190796,-46.669859,-12.7730105,0.7568812064212745,0.2999165113181242
2013.10.02_01:00:00_TAI,11866,3246,837326.5,2.810897e+21,-42.26223,-49.638947,-10.731306,-14.717611,1452.692505,-45.9505885,-12.7244585,0.7292743959785958,0.31183033080729416
2013.10.02_02:00:00_TAI,11866,3246,856665.375,2.733798e+21,-41.635132,-48.990749,-10.687049,-14.716729,1502.636475,-45.312940499999996,-12.701889000000001,0.7092714123560888,0.3225511438033863
2013.10.02_03:00:00_TAI,11866,3246,869487.3125,2.701889e+21,-41.027344,-48.525581,-10.646913,-14.709661,1550.36499,-44.7764625,-12.678287000000001,0.7009927679584887,0.3327963943090264
2013.10.02_04:00:00_TAI,11866,3246,887862.625,2.409845e+21,-40.462154,-47.982143,-10.631977,-14.715503,1573.749756,-44.2221485,-12.673739999999999,0.6252232852278254,0.33781609344874985
2013.10.02_05:00:00_TAI,11866,3246,894105.1875,2.253737e+21,-39.902622,-47.427055,-10.634634,-14.708692,1584.752319,-43.6648385,-12.671662999999999,0.5847217772012324,0.34017786846184395
2013.10.02_06:00:00_TAI,11866,3246,900684.375,2.380753e+21,-39.349548,-46.84478,-10.634941,-14.696038,1589.090576,-43.097164,-12.6654895,0.6176754986216961,0.34110910484585566
2013.10.02_07:00:00_TAI,11866,3246,903139.3125,2.44335e+21,-38.799561,-46.271484,-10.638676,-14.682328,1592.576782,-42.5355225,-12.660502000000001,0.6339160045402951,0.3418574426850754
2013.10.02_08:00:00_TAI,11866,3246,923123.375,2.321708e+21,-38.245468,-45.732204,-10.643787,-14.665593,1601.995972,-41.988836000000006,-12.654689999999999,0.6023565428895735,0.3438793359099163
2013.10.02_09:00:00_TAI,11866,3246,929378.875,1.910569e+21,-37.698593,-45.211472,-10.609445,-14.64836,1617.615234,-41.4550325,-12.628902499999999,0.4956884060321064,0.3472321167769353
2013.10.02_10:00:00_TAI,11866,3246,1080827.75,2.230633e+21,-37.166145,-47.629459,-10.576331,-16.091908,1832.457764,-42.397802,-13.3341195,0.5787275498621696,0.3933495277023644
2013.10.02_11:00:00_TAI,11866,3246,1143632.625,2.379528e+21,-36.600693,-47.818317,-10.580791,-16.215303,1948.016479,-42.209505,-13.398046999999998,0.6173576779633533,0.41815499217752927
2013.10.02_12:00:00_TAI,11866,3246,1227785.625,2.600181e+21,-36.033821,-47.468357,-10.58175,-16.396198,2104.739258,-41.751089,-13.488973999999999,0.6746050916166694,0.451796603084449
2013.10.02_13:00:00_TAI,11866,3246,1345554.5,2.710524e+21,-35.394978,-47.624859,-10.586847,-16.623964,2316.342773,-41.5099185,-13.6054055,0.7032330792930112,0.4972187374007792
2013.10.02_14:00:00_TAI,11866,3246,1398016.375,2.611854e+21,-34.758301,-47.123409,-10.543071,-16.774315,2446.432373,-40.940855,-13.658693,0.6776335981838819,0.5251433552142294
2013.10.02_15:00:00_TAI,11866,3246,1433373.25,2.50241e+21,-34.193722,-46.63298,-10.499342,-16.860111,2531.897461,-40.413351000000006,-13.679726500000001,0.6492388519539484,0.5434890178866713
2013.10.02_16:00:00_TAI,11866,3246,1446017.25,2.586968e+21,-33.636555,-46.089001,-10.460898,-16.908531,2586.416992,-39.862778000000006,-13.6847145,0.6711770390789688,0.5551920061850714
2013.10.02_17:00:00_TAI,11866,3246,1441550.5,3.854375e+21,-33.079784,-45.537243,-10.476254,-16.925915,2609.769775,-39.3085135,-13.7010845,1.0,0.5602048399562217
2013.10.03_01:00:00_TAI,11866,3246,1491109.125,2.58779e+21,-28.557941,-40.902599,-10.444109,-16.958508,2698.481201,-34.730270000000004,-13.7013085,0.6713903032268526,0.5792473511695405
2013.10.03_02:00:00_TAI,11866,3246,1521212.75,2.569101e+21,-27.871948,-40.023579,-10.403974,-17.049215,2729.526367,-33.9477635,-13.726594500000001,0.6665415274850008,0.5859114072932055
2013.07.15_17:00:00_TAI,11796,2976,130271.601562,8.734882e+19,7.960163,5.966748,-13.361753,-14.457186,152.995224,6.9634555,-13.9094695,0.020944322357496957,0.07858584965708179
2013.07.15_18:00:00_TAI,11796,2976,251903.90625,1.677545e+20,9.200414,6.216384,-13.016761,-14.686321,344.556244,7.708399,-13.851541000000001,0.04022383273089119,0.17698098333705364
2013.07.15_19:00:00_TAI,11796,2976,312327.90625,2.346723e+20,10.030334,6.695925,-12.890407,-14.754007,427.337067,8.3631295,-13.822206999999999,0.056269246677576566,0.219501273452564
2013.07.15_20:00:00_TAI,11796,2976,342385.3125,2.600596e+20,10.670807,7.053319,-12.861458,-14.97985,512.21582,8.862063,-13.920654,0.062356561823751204,0.2630991632947893
2013.07.15_21:00:00_TAI,11796,2976,321364.09375,2.220913e+20,11.254945,7.533586,-12.860868,-14.979525,526.748657,9.3942655,-13.9201965,0.05325260009231451,0.270563941042184
2013.07.15_22:00:00_TAI,11796,2976,316492.1875,2.383705e+20,11.834381,8.108077,-12.860195,-14.977563,526.227112,9.971229000000001,-13.918879,0.057155993549972715,0.2702960499545551
2013.07.15_23:00:00_TAI,11796,2976,311043.5,2.455705e+20,12.409744,8.650361,-12.86003,-14.97556,522.901001,10.5300525,-13.917795,0.058882394902320445,0.2685875962384523
2013.07.16_00:00:00_TAI,11796,2976,322019.8125,2.489739e+20,12.95995,9.224928,-12.889864,-14.975316,515.953979,11.092438999999999,-13.93259,0.059698455230456596,0.265019265069785
2013.07.16_01:00:00_TAI,11796,2976,358369.09375,2.977966e+20,13.789041,9.829863,-12.807543,-14.97755,548.243713,11.809452,-13.892546500000002,0.07140506291174373,0.28160485588267964
2013.07.16_02:00:00_TAI,11796,2976,354359.8125,2.895748e+20,14.408433,10.409377,-12.807297,-14.947503,544.578918,12.408905,-13.8774,0.06943365643414198,0.2797224374557226
2013.07.16_03:00:00_TAI,11796,2976,364176.3125,3.163163e+20,14.965976,11.04656,-12.745007,-14.949314,546.360046,13.006267999999999,-13.8471605,0.07584567890133737,0.28063731213983706
2013.07.16_04:00:00_TAI,11796,2976,375314.5,3.293222e+20,15.668751,11.664459,-12.627645,-14.951324,564.762634,13.666605,-13.7894845,0.07896420714418449,0.2900897837664626
2013.07.16_05:00:00_TAI,11796,2976,385665.6875,3.407091e+20,16.323933,12.28146,-12.540092,-14.8941,575.619019,14.3026965,-13.717096,0.08169453486071897,0.2956661554800619
2013.07.16_06:00:00_TAI,11796,2976,394737.8125,3.279279e+20,16.979279,12.837575,-12.484288,-14.897681,593.641968,14.908427,-13.690984499999999,0.07862988472674304,0.3049236258994736
2013.07.16_07:00:00_TAI,11796,2976,406599.40625,3.415585e+20,17.566946,13.41279,-12.494386,-14.87806,592.937134,15.489868000000001,-13.686223,0.08189820226470287,0.3045615885932816
2013.07.16_08:00:00_TAI,11796,2976,442982.1875,3.64978e+20,18.196753,13.992737,-12.443264,-14.855284,625.37915,16.094745,-13.649273999999998,0.08751368233016227,0.3212253989090117
2013.07.16_09:00:00_TAI,11796,2976,466632.8125,3.995187e+20,18.923458,14.548883,-12.358057,-14.831865,687.601318,16.7361705,-13.594961000000001,0.0957957811066952,0.35318575565704774
2013.07.16_10:00:00_TAI,11796,2976,493125.3125,4.53546e+20,19.555239,15.040816,-12.30325,-14.809731,715.458496,17.2980275,-13.556490499999999,0.10875033718776413,0.36749456834376637
2013.07.16_11:00:00_TAI,11796,2976,518993.1875,5.026851e+20,20.282885,15.59353,-12.184087,-14.787372,777.544006,17.9382075,-13.4857295,0.12053281061736831,0.39938473084153986
2013.07.16_12:00:00_TAI,11796,2976,548334.3125,5.96902e+20,21.03161,16.108486,-12.076781,-14.774545,877.941345,18.570048,-13.425663,0.1431239472248698,0.4509537274569183
2013.07.16_13:00:00_TAI,11796,2976,596448.875,6.737016e+20,21.726791,16.538019,-12.023753,-14.792152,943.150879,19.132405,-13.4079525,0.16153879907205926,0.4844485418776114
2013.07.16_14:00:00_TAI,11796,2976,638495.0,7.605028e+20,22.44092,16.925663,-11.971681,-14.804015,1017.872498,19.6832915,-13.387848,0.18235181422003222,0.522829229609849
2013.07.16_15:00:00_TAI,11796,2976,666063.1875,8.180545e+20,23.046371,17.392809,-11.951851,-14.813561,1045.904297,20.21959,-13.382705999999999,0.1961514437630754,0.5372277362052675
2013.07.16_16:00:00_TAI,11796,2976,663212.3125,8.095308e+20,23.697758,17.814829,-11.871442,-14.825404,1119.79187,20.756293499999998,-13.348423,0.19410764831765787,0.575180017011789
2013.07.16_17:00:00_TAI,11796,2976,662407.6875,7.654357e+20,24.316908,18.316626,-11.863345,-14.833923,1138.292847,21.316767,-13.348634,0.18353461494655948,0.5846830260536342
2013.07.16_18:00:00_TAI,11796,2976,643834.8125,7.424342e+20,24.897083,18.877825,-11.845678,-14.842921,1142.203979,21.887453999999998,-13.3442995,0.1780193620707225,0.5866919752437147
2013.07.16_19:00:00_TAI,11796,2976,636609.5,7.367828e+20,25.453848,19.445923,-11.855417,-14.824756,1131.34729,22.4498855,-13.3400865,0.17666428087590888,0.5811154473808078
2013.07.16_21:00:00_TAI,11796,2976,604437.5,7.312855e+20,26.542051,20.588417,-11.819807,-14.816114,1117.728027,23.565234,-13.317960500000002,0.17534614946559485,0.5741199260398394
2013.07.16_22:00:00_TAI,11796,2976,599385.0,7.302387e+20,27.090298,21.183975,-11.775913,-14.803622,1112.020142,24.1371365,-13.2897675,0.17509514989120073,0.5711880763994224
2013.07.16_23:00:00_TAI,11796,2976,601776.0,7.773684e+20,27.622717,21.797285,-11.787253,-14.780463,1080.050415,24.710001,-13.283857999999999,0.18639581347672052,0.5547668568742955
2013.07.17_00:00:00_TAI,11796,2976,615063.1875,8.228891e+20,28.21443,22.458492,-11.770292,-14.752578,1052.449951,25.336461,-13.261434999999999,0.19731067431558375,0.5405899050867699
2013.07.17_01:00:00_TAI,11796,2976,632698.5,8.94426e+20,28.892714,23.140594,-11.749289,-14.616123,1017.778625,26.016654000000003,-13.182706,0.21446364666318987,0.5227810118336859
2013.07.17_02:00:00_TAI,11796,2976,652188.6875,9.720655e+20,29.50304,23.795622,-11.699767,-14.538331,1004.897583,26.649331,-13.119049,0.23307988802369006,0.5161646769993479
2013.07.17_03:00:00_TAI,11796,2976,670313.125,1.036846e+21,30.243391,24.105705,-11.596536,-14.49427,1100.36853,27.174548,-13.045403,0.24861282452449032,0.5652032371021208
2013.07.17_04:00:00_TAI,11796,2976,690899.8125,1.123803e+21,30.873709,24.553343,-11.582088,-14.513533,1137.531372,27.713526,-13.0478105,0.2694631970795044,0.5842918951522694
2013.07.17_05:00:00_TAI,11796,2976,716270.6875,1.167858e+21,31.521595,25.073744,-11.523826,-14.527975,1190.675293,28.2976695,-13.025900499999999,0.280026615354182,0.6115892190601964
2013.07.17_06:00:00_TAI,11796,2976,726362.3125,1.251618e+21,32.110435,25.596405,-11.508913,-14.544482,1212.362549,28.85342,-13.026697500000001,0.30011041775316055,0.6227288572458344
2013.07.17_07:00:00_TAI,11796,2976,719955.375,1.238261e+21,32.667213,26.154453,-11.525846,-14.563774,1212.493774,29.410832999999997,-13.04481,0.2969077034665899,0.6227962608408724
2013.07.17_08:00:00_TAI,11796,2976,714792.6875,1.225846e+21,33.2299,26.721365,-11.517765,-14.581358,1212.681641,29.9756325,-13.0495615,0.2939308600236181,0.6228927585447323
2013.07.17_09:00:00_TAI,11796,2976,705718.3125,1.160387e+21,33.849583,27.259361,-11.537025,-14.570344,1206.657104,30.554472,-13.0536845,0.27823523417315565,0.6197982609090705
2013.07.17_10:00:00_TAI,11796,2976,693412.875,1.105241e+21,34.460327,27.79748,-11.533893,-14.568903,1207.322754,31.1289035,-13.051398,0.26501243848196565,0.6201401713913497
2013.07.17_11:00:00_TAI,11796,2976,685919.5,1.091449e+21,35.021229,28.366142,-11.554781,-14.57533,1193.062256,31.6936855,-13.0650555,0.26170542078035736,0.6128152803093697
2013.07.17_12:00:00_TAI,11796,2976,686857.1875,1.131261e+21,35.639931,28.937061,-11.576718,-14.565417,1185.412231,32.288495999999995,-13.0710675,0.2712514611469779,0.6088858523258994
2013.07.17_13:00:00_TAI,11796,2976,672107.625,1.146893e+21,36.222359,29.518175,-11.598736,-14.553953,1167.027466,32.870267,-13.076344500000001,0.27499967030529726,0.5994425354660817
2013.07.17_14:00:00_TAI,11796,2976,668066.125,1.187459e+21,36.834942,30.101025,-11.61048,-14.535773,1155.446533,33.4679835,-13.0731265,0.2847265032579831,0.5934940003691513
2013.07.17_20:00:00_TAI,11796,2976,742056.1875,1.631756e+21,40.499626,33.410645,-11.620217,-14.58397,1140.497681,36.9551355,-13.1020935,0.39125913404187723,0.5858155369171291
2013.07.17_21:00:00_TAI,11796,2976,766044.0,1.734561e+21,41.18362,33.841698,-11.56768,-14.628777,1214.851929,37.512659,-13.0982285,0.4159095077957811,0.6240075248885534
2013.07.17_22:00:00_TAI,11796,2976,865305.875,1.917104e+21,41.878895,34.241074,-11.473776,-14.773312,1353.333984,38.0599845,-13.123544,0.45967929697100485,0.6951386992475238
2013.07.17_23:00:00_TAI,11796,2976,958794.6875,2.195204e+21,42.579628,34.648884,-11.308076,-14.837844,1508.930298,38.614256,-13.07296,0.5263615492054357,0.775060596281382
2013.07.18_00:00:00_TAI,11796,2976,1039181.625,2.429565e+21,43.261215,35.180412,-11.201054,-14.869316,1598.758545,39.2208135,-13.035184999999998,0.5825561530023199,0.8212007889562933
2013.07.18_01:00:00_TAI,11796,2976,1087232.125,2.698663e+21,43.898109,35.725552,-11.145934,-14.891747,1635.423584,39.8118305,-13.0188405,0.6470799239903849,0.8400337509742778
2013.07.18_02:00:00_TAI,11796,2976,1153978.625,2.922504e+21,44.522205,36.175762,-11.080558,-14.947181,1697.887695,40.3489835,-13.0138695,0.7007520635891163,0.8721183815115635
2013.07.18_03:00:00_TAI,11796,2976,1249676.875,3.209277e+21,45.257671,36.616364,-10.992332,-15.011175,1821.752197,40.937017499999996,-13.0017535,0.7695139101192296,0.9357412638312189
2013.07.18_04:00:00_TAI,11796,2976,1282496.375,3.374968e+21,45.950356,37.134487,-10.952511,-15.036149,1868.423828,41.5424215,-12.99433,0.8092429610180972,0.9597141022056822
2013.07.18_05:00:00_TAI,11796,2976,1332963.75,4.170525e+21,46.578621,37.514938,-10.92259,-15.061857,1929.696899,42.0467795,-12.9922235,1.0,0.991186956192508
2013.07.18_06:00:00_TAI,11796,2976,1330228.75,3.787282e+21,47.186234,38.060791,-10.911659,-15.072525,1940.166504,42.623512500000004,-12.992092,0.9081067731280834,0.9965646587311116
2013.07.18_07:00:00_TAI,11796,2976,1315404.875,3.847315e+21,47.80563,38.576935,-10.907383,-15.098675,1946.854614,43.1912825,-13.003029,0.9225013637371793,1.0
2013.11.14_08:00:00_TAI,11902,3386,22930.5,1.426666e+19,-15.233173,-15.940926,19.8608,19.515579,19.282364,-15.5870495,19.6881895,0.007207294863537049,0.0066285598201528085
2013.11.14_09:00:00_TAI,11902,3386,38017.898438,2.144292e+19,-14.573263,-15.457177,19.95447,19.451672,36.065407,-15.01522,19.703071,0.010832629863979084,0.012397946005876553
2013.11.14_10:00:00_TAI,11902,3386,54967.398438,3.382854e+19,-13.911407,-14.96955,20.04764,19.387415,57.147514,-14.440478500000001,19.717527500000003,0.017089652559390746,0.01964519055454093
2013.11.14_11:00:00_TAI,11902,3386,77656.5,4.784907e+19,-13.256957,-15.249512,20.115231,19.29862,116.776947,-14.2532345,19.7069255,0.024172606372901907,0.040143572582921574
2013.11.14_12:00:00_TAI,11902,3386,171249.703125,7.417267e+19,-12.331951,-15.448196,20.353601,19.169744,245.485367,-13.8900735,19.761672500000003,0.037470879905025324,0.08438874196813555
2013.11.14_13:00:00_TAI,11902,3386,184182.5,8.62852e+19,-11.747815,-15.058064,20.387997,19.110182,282.879974,-13.402939499999999,19.749089499999997,0.04358994177749151,0.09724361751402842
2013.11.14_14:00:00_TAI,11902,3386,218951.203125,1.052641e+20,-11.19327,-14.651134,20.388439,19.107349,304.693756,-12.922202,19.747894000000002,0.053177787039492795,0.10474238472383592
2013.11.14_15:00:00_TAI,11902,3386,332287.59375,2.827979e+20,-10.647357,-14.432011,20.518087,19.081659,368.313477,-12.539684,19.799872999999998,0.142865103120777,0.126612479406725
2013.11.14_16:00:00_TAI,11902,3386,433346.8125,3.511433e+20,-9.841516,-14.194215,20.675739,18.897659,520.684387,-12.0178655,19.786699,0.17739213680395052,0.17899193307672728
2013.11.14_17:00:00_TAI,11902,3386,529406.8125,3.920366e+20,-8.625516,-13.828676,20.807688,18.7775,708.907166,-11.227096,19.792594,0.19805079629699796,0.24369592632760156
2013.11.14_18:00:00_TAI,11902,3386,592555.875,3.79623e+20,-7.982759,-13.599,20.878582,18.631224,845.194092,-10.790879499999999,19.754903,0.19177963854052213,0.29054630430489414
2013.11.14_19:00:00_TAI,11902,3386,618635.875,3.860421e+20,-7.185809,-13.144811,20.969126,18.570486,957.843628,-10.16531,19.769806,0.1950224680786572,0.3292710264441742
2013.11.14_20:00:00_TAI,11902,3386,635943.375,4.722163e+20,-6.583862,-12.626331,20.975515,18.574507,969.475037,-9.6050965,19.775011,0.23855633438159107,0.33326947239972016
2013.11.14_21:00:00_TAI,11902,3386,672613.375,5.365342e+20,-6.01146,-12.18851,20.975773,18.510782,1012.088379,-9.099985,19.743277499999998,0.2710487376703419,0.34791835500475915
2013.11.14_22:00:00_TAI,11902,3386,743830.5,6.084134e+20,-5.470807,-11.927212,21.043081,18.386286,1148.050781,-8.6990095,19.7146835,0.3073609921822706,0.394657173696734
2013.11.14_23:00:00_TAI,11902,3386,828290.0,6.70012e+20,-4.680718,-11.610519,21.099897,18.289829,1292.307129,-8.1456185,19.694862999999998,0.3384796473812501,0.44424714265255194
2013.11.15_00:00:00_TAI,11902,3386,892221.8125,7.299722e+20,-3.885674,-11.223862,21.132914,18.226969,1435.301392,-7.554768,19.679941499999998,0.3687706083683805,0.4934032537100013
2013.11.15_01:00:00_TAI,11902,3386,971914.1875,8.661247e+20,-3.159307,-10.7335,21.220491,18.19273,1521.803711,-6.9464035,19.7066105,0.4375527349423458,0.5231395348046555
2013.11.15_02:00:00_TAI,11902,3386,1042605.6875,9.214573e+20,-2.466785,-10.219319,21.342707,18.157495,1632.221802,-6.343052,19.750101,0.4655059043433234,0.5610971691186107
2013.11.15_03:00:00_TAI,11902,3386,1116069.375,1.044201e+21,-1.831442,-9.799747,21.370237,18.08983,1747.29248,-5.8155945,19.730033499999998,0.5275141135907248,0.6006541898588345
2013.11.15_04:00:00_TAI,11902,3386,1169244.25,1.143199e+21,-1.103796,-9.3198,21.365625,18.054043,1815.618164,-5.211798,19.709834,0.57752636431377,0.624142019652259
2013.11.15_05:00:00_TAI,11902,3386,1213130.875,1.118021e+21,-0.502811,-8.779403,21.422354,18.017551,1871.427612,-4.641107,19.719952499999998,0.564806830093838,0.6433272328656237
2013.11.15_06:00:00_TAI,11902,3386,1262880.125,1.153634e+21,0.032219,-8.270875,21.416721,18.012981,1884.162231,-4.119328,19.714851,0.5827979641066444,0.6477049214015498
2013.11.15_07:00:00_TAI,11902,3386,1317405.125,1.261309e+21,0.761576,-7.79165,21.504429,17.977131,1983.751831,-3.515037,19.74078,0.6371937003498402,0.68194012311567
2013.11.15_08:00:00_TAI,11902,3386,1357939.375,1.248615e+21,1.396245,-7.282807,21.528013,17.969961,2046.194336,-2.943281,19.748987,0.6307808888720493,0.7034055347069402
2013.11.15_09:00:00_TAI,11902,3386,1401347.75,1.312186e+21,2.15689,-6.743305,21.587334,17.967966,2120.365479,-2.2932075000000003,19.77765,0.6628959698910064,0.7289028159689581
2013.11.15_10:00:00_TAI,11902,3386,1397824.25,1.308143e+21,2.760127,-6.201108,21.613501,17.963882,2156.7146,-1.7204904999999997,19.7886915,0.6608535091375238,0.7413982922994781
2013.11.15_11:00:00_TAI,11902,3386,1403911.125,1.281457e+21,3.393129,-5.631722,21.641258,17.991808,2172.18335,-1.1192965,19.816533,0.6473721567587366,0.7467158734175396
2013.11.15_12:00:00_TAI,11902,3386,1396969.625,1.227298e+21,3.967337,-5.061827,21.697689,17.987085,2189.206055,-0.547245,19.842387000000002,0.6200118718347036,0.7525676464881712
2013.11.15_13:00:00_TAI,11902,3386,1388596.25,1.163579e+21,4.540088,-4.490675,21.663977,17.986124,2182.730225,0.024706499999999743,19.8250505,0.5878220235163364,0.750341496907127
2013.11.15_14:00:00_TAI,11902,3386,1386073.25,1.128972e+21,5.208802,-3.951773,21.722067,17.982506,2215.480957,0.6285145000000001,19.852286499999998,0.5703391050657372,0.7615999808884374
2013.11.15_15:00:00_TAI,11902,3386,1395237.25,1.059633e+21,5.845862,-3.443513,21.751978,17.982098,2251.874756,1.2011745000000003,19.867038,0.5353101201076043,0.7741108158542184
2013.11.15_16:00:00_TAI,11902,3386,1397940.25,1.004599e+21,6.419945,-2.937752,21.751631,17.982512,2260.185791,1.7410965,19.8670715,0.5075077987850314,0.7769678406808881
2013.11.15_17:00:00_TAI,11902,3386,1400379.75,1.045555e+21,6.966971,-2.398059,21.777866,18.008511,2258.656006,2.284456,19.8931885,0.528198133343437,0.7764419574756716
2013.11.15_18:00:00_TAI,11902,3386,1398756.75,1.028357e+21,7.53101,-1.830895,21.743994,18.006197,2244.655273,2.8500575,19.8750955,0.5195099710781899,0.771629026020976
2013.11.15_19:00:00_TAI,11902,3386,1443137.75,1.124119e+21,8.053637,-1.263418,21.74136,17.972933,2254.864014,3.3951095000000002,19.8571465,0.5678874449033203,0.775138411613269
2013.11.15_20:00:00_TAI,11902,3386,1521948.125,1.237106e+21,8.656283,-0.693288,21.76848,17.93803,2280.511963,3.9814975,19.853255,0.6249667209739956,0.783955222882402
2013.11.15_21:00:00_TAI,11902,3386,1583309.25,1.340245e+21,9.26605,-0.093816,21.762285,17.93174,2285.431885,4.586117,19.847012499999998,0.67707094052716,0.7856465091420892
2013.11.15_22:00:00_TAI,11902,3386,1617204.875,1.422204e+21,9.908513,0.473655,21.755661,17.925821,2300.035645,5.191084,19.840741,0.7184753533133786,0.7906667388586922
2013.11.15_23:00:00_TAI,11902,3386,1628262.25,1.413545e+21,10.487279,1.071348,21.750824,17.950636,2315.257812,5.7793135,19.85073,0.7141009611134266,0.7958995539093704
2013.11.16_00:00:00_TAI,11902,3386,1690165.875,1.555049e+21,11.039927,1.639868,21.740599,17.939713,2332.830322,6.3398975,19.840156,0.7855865823008626,0.8019403294971165
2013.11.16_01:00:00_TAI,11902,3386,1718446.125,1.626313e+21,11.589185,2.236268,21.792345,17.928469,2366.056641,6.9127265,19.860407000000002,0.8215880473357835,0.8133623026065848
2013.11.16_02:00:00_TAI,11902,3386,1746031.0,1.678825e+21,12.140809,2.839086,21.847603,17.949823,2389.30542,7.4899475,19.898713,0.8481162934616502,0.8213543684314502
2013.11.16_03:00:00_TAI,11902,3386,1800526.75,1.709804e+21,12.813065,3.378291,21.866703,17.9391,2443.98291,8.095678,19.9029015,0.8637664027077887,0.8401504565708923
2013.11.16_04:00:00_TAI,11902,3386,1824566.625,1.734774e+21,13.464781,3.916174,21.979183,17.926832,2518.0,8.6904775,19.9530075,0.8763808585609821,0.8655947801392386
2013.11.16_05:00:00_TAI,11902,3386,1873393.875,1.824513e+21,14.045598,4.454835,22.031221,17.943768,2545.334229,9.2502165,19.987494499999997,0.9217156064107908,0.8749912717760657
2013.11.16_06:00:00_TAI,11902,3386,1899957.25,1.775134e+21,14.605051,5.025624,22.020725,17.932673,2549.453125,9.8153375,19.976699,0.896770103183925,0.876407195079297
2013.11.16_07:00:00_TAI,11902,3386,1934203.75,1.756315e+21,15.143685,5.59801,22.039341,17.889057,2569.078369,10.3708475,19.964199,0.8872630369163541,0.8831536242950868
2013.11.16_08:00:00_TAI,11902,3386,1990920.0,1.804739e+21,15.752307,6.167487,22.091438,17.877745,2631.796143,10.959897,19.9845915,0.9117260889882418,0.9047136631339878
2013.11.16_09:00:00_TAI,11902,3386,2001724.25,1.778324e+21,16.349777,6.748253,22.207203,17.866915,2690.506348,11.549015,20.037059,0.8983816415968879,0.9248960487530921
2013.11.16_10:00:00_TAI,11902,3386,2013187.875,1.82461e+21,16.985235,7.258435,22.258389,17.855579,2753.333984,12.121835,20.056984,0.9217646093029717,0.9464938540628968
2013.11.16_11:00:00_TAI,11902,3386,2031665.125,1.888642e+21,17.632086,7.800974,22.248096,17.845383,2779.933838,12.71653,20.0467395,0.9541125803559024,0.9556378948789673
2013.11.16_12:00:00_TAI,11902,3386,2052815.125,1.979475e+21,18.427902,8.345367,22.265369,17.835743,2825.397461,13.3866345,20.050556,1.0,0.9712665981176561
2013.11.16_13:00:00_TAI,11902,3386,2030574.375,1.874217e+21,19.000853,8.915041,22.258245,17.830505,2837.165283,13.957947,20.044375,0.9468252945856857,0.975311937790733
2013.11.16_14:00:00_TAI,11902,3386,2047565.5,1.847582e+21,19.571775,9.371856,22.280661,17.790062,2886.078857,14.471815499999998,20.0353615,0.9333697066141275,0.9921266059131931
2013.02.06_21:00:00_TAI,11670,2460,63604.5,2.561378e+20,-42.078239,-43.254261,19.091755,18.398825,36.152363,-42.666250000000005,18.745289999999997,0.02109409576014422,0.005801069297131854
2013.02.06_22:00:00_TAI,11670,2460,206738.5,5.520792e+20,-40.303307,-43.462284,19.601604,17.77949,252.40065,-41.8827955,18.690547,0.045466196367673226,0.04050063508410565
2013.02.06_23:00:00_TAI,11670,2460,334770.0,9.536366e+20,-39.038708,-43.074726,19.714001,17.405279,415.267273,-41.056717,18.55964,0.07853624791334332,0.06663448880240475
2013.02.07_00:00:00_TAI,11670,2460,393859.3125,1.098901e+21,-38.130901,-42.575413,19.74107,17.233253,485.671783,-40.353156999999996,18.4871615,0.09049942228331094,0.07793171552422684
2013.02.07_01:00:00_TAI,11670,2460,453604.6875,1.177145e+21,-36.880238,-42.028706,19.756075,16.900757,647.936218,-39.454471999999996,18.328415999999997,0.0969431663486411,0.10396894113780424
2013.02.07_02:00:00_TAI,11670,2460,478187.59375,1.150166e+21,-36.262146,-41.484257,19.749182,16.850481,681.807556,-38.8732015,18.2998315,0.09472132478713426,0.10940399330644325
2013.02.07_03:00:00_TAI,11670,2460,539294.0,1.249353e+21,-35.516018,-40.92231,19.738537,16.775883,722.009949,-38.219164000000006,18.25721,0.10288981876249215,0.11585493726558442
2013.02.07_04:00:00_TAI,11670,2460,590782.6875,1.373107e+21,-34.767361,-40.350887,19.727812,16.693586,767.098877,-37.559124,18.210698999999998,0.11308151528952129,0.12308998289348401
2013.02.07_05:00:00_TAI,11670,2460,713741.125,1.645857e+21,-33.563641,-39.85907,19.713972,16.399488,1042.30957,-36.711355499999996,18.05673,0.1355437001703914,0.16725075604694786
2013.02.07_06:00:00_TAI,11670,2460,833378.875,2.031024e+21,-32.770695,-39.687202,19.710464,16.22028,1262.019897,-36.2289485,17.965372000000002,0.16726392881937438,0.2025058466262967
2013.02.07_07:00:00_TAI,11670,2460,943238.875,2.129226e+21,-32.030487,-39.465179,19.741917,16.056004,1442.199097,-35.747833,17.8989605,0.17535130363026788,0.23141770572391032
2013.02.07_08:00:00_TAI,11670,2460,1047550.0,2.313683e+21,-31.327999,-39.039776,19.7882,15.930296,1562.970459,-35.1838875,17.859248,0.1905421642593079,0.2507968826831314
2013.02.07_09:00:00_TAI,11670,2460,1089475.125,2.416287e+21,-30.699062,-38.596745,19.804111,15.891706,1638.678223,-34.6479035,17.8479085,0.19899206349859955,0.26294507850908344
2013.02.07_10:00:00_TAI,11670,2460,1125188.75,2.522151e+21,-30.120926,-38.07629,19.808804,15.85382,1680.453857,-34.098608,17.831312,0.2077104383481997,0.2696484673792831
2013.02.07_11:00:00_TAI,11670,2460,1179748.25,2.520223e+21,-29.525019,-37.533623,19.821053,15.839596,1708.645874,-33.529320999999996,17.8303245,0.2075516589075019,0.2741722060970792
2013.02.07_12:00:00_TAI,11670,2460,1204956.25,2.507538e+21,-28.943529,-37.013866,19.812313,15.837173,1727.319458,-32.9786975,17.824742999999998,0.20650699230726788,0.27716860096094503
2013.02.07_13:00:00_TAI,11670,2460,1279839.5,2.565847e+21,-28.253012,-36.620998,19.807934,15.844851,1800.863525,-32.437005,17.8263925,0.21130899978011353,0.2889696063076746
2013.02.07_14:00:00_TAI,11670,2460,1391598.5,2.65201e+21,-27.59339,-36.12701,19.862551,15.758276,1906.957275,-31.8602,17.8104135,0.21840490898594456,0.3059935888269523
2013.02.07_16:00:00_TAI,11670,2460,1575133.25,3.093583e+21,-26.267427,-35.174465,19.904057,15.699677,2083.628174,-30.720945999999998,17.801867,0.25477042452911763,0.334342500013908
2013.02.07_17:00:00_TAI,11670,2460,1665749.25,3.286325e+21,-25.608326,-34.707684,19.965199,15.664299,2176.919678,-30.158005000000003,17.814749,0.27064359203895694,0.34931221249266503
2013.02.07_18:00:00_TAI,11670,2460,1760172.625,3.359121e+21,-25.017946,-34.175076,19.987715,15.631935,2233.219727,-29.596511,17.809825,0.27663866888804156,0.3583462135531467
2013.02.07_19:00:00_TAI,11670,2460,1856072.875,3.489211e+21,-24.364607,-33.643753,20.04954,15.568908,2324.637451,-29.004179999999998,17.809224,0.28735216341105674,0.37301525612472286
2013.02.07_20:00:00_TAI,11670,2460,1994080.0,3.776934e+21,-23.732637,-33.121143,20.100151,15.531571,2401.248291,-28.42689,17.815860999999998,0.311047441946267,0.38530836105264915
2013.02.07_21:00:00_TAI,11670,2460,2164062.25,4.297438e+21,-23.038837,-32.647526,20.169775,15.462782,2556.763672,-27.8431815,17.816278500000003,0.3539132790836911,0.4102626220493885
2013.02.07_22:00:00_TAI,11670,2460,2277681.25,4.640532e+21,-22.316946,-32.188251,20.218714,15.347066,2704.09668,-27.2525985,17.78289,0.3821686076245426,0.4339039256389459
2013.02.07_23:00:00_TAI,11670,2460,2385091.0,4.729455e+21,-21.659174,-31.65266,20.246664,15.313159,2795.255615,-26.655917000000002,17.7799115,0.3894918151998372,0.4485314424899948
2013.02.08_00:00:00_TAI,11670,2460,2518195.0,4.799873e+21,-20.985624,-31.132818,20.246027,15.206082,2899.325928,-26.059221,17.7260545,0.3952910530914637,0.46523074088681615
2013.02.08_01:00:00_TAI,11670,2460,2583210.5,4.854278e+21,-20.336996,-30.656847,20.249352,15.157743,2993.459229,-25.4969215,17.7035475,0.3997715486677927,0.4803355295355905
2013.02.08_02:00:00_TAI,11670,2460,2675024.25,4.975201e+21,-19.729412,-30.15554,20.256914,15.129286,3065.224365,-24.942476,17.6931,0.40973009965715823,0.4918510846060597
2013.02.08_03:00:00_TAI,11670,2460,2787637.25,5.194193e+21,-19.093359,-29.654058,20.2617,15.032093,3147.023682,-24.3737085,17.6468965,0.42776507231135263,0.5049767413266192
2013.02.08_04:00:00_TAI,11670,2460,2896971.25,5.233389e+21,-18.480677,-29.155684,20.278576,15.007162,3247.4021,-23.8181805,17.642869,0.43099303857566273,0.5210836320091028
2013.02.08_05:00:00_TAI,11670,2460,2959239.5,5.189927e+21,-17.873356,-28.637398,20.301205,14.957287,3328.986816,-23.255377000000003,17.629246000000002,0.4274137480924643,0.5341748534903328
2013.02.08_06:00:00_TAI,11670,2460,3068148.25,5.474577e+21,-17.243128,-28.101578,20.306234,14.903427,3411.512451,-22.672353,17.6048305,0.45085595130544204,0.5474170564253058
2013.02.08_07:00:00_TAI,11670,2460,3145209.75,5.287391e+21,-16.610182,-27.621906,20.31406,14.878925,3485.752197,-22.116044,17.5964925,0.43544034529587083,0.5593296916007012
2013.02.08_08:00:00_TAI,11670,2460,3265851.0,5.266338e+21,-15.993896,-27.170551,20.314775,14.760306,3559.707031,-21.582223499999998,17.5375405,0.4337065363928572,0.5711966093148181
2013.02.08_09:00:00_TAI,11670,2460,3401619.75,5.457401e+21,-15.407217,-26.689074,20.316257,14.54083,3723.339111,-21.0481455,17.4285435,0.44944143072793946,0.597453289557651
2013.02.08_10:00:00_TAI,11670,2460,3480727.5,5.60372e+21,-14.77317,-26.178358,20.323788,14.519736,3829.154053,-20.475763999999998,17.421762,0.46149145613429704,0.6144325340738114
2013.02.08_11:00:00_TAI,11670,2460,3572882.0,5.806584e+21,-14.163235,-25.659718,20.331474,14.501199,3905.577881,-19.9114765,17.4163365,0.4781982157077997,0.6266956307399985
2013.02.08_12:00:00_TAI,11670,2460,3641177.25,5.844846e+21,-13.583917,-25.134924,20.335693,14.481768,3970.005859,-19.3594205,17.4087305,0.48134926288621166,0.6370338530313625
2013.02.08_13:00:00_TAI,11670,2460,3745158.0,5.985208e+21,-12.976728,-24.605438,20.341232,14.494885,4033.55957,-18.791083,17.4180585,0.4929087026451436,0.6472317889616056
2013.02.08_14:00:00_TAI,11670,2460,3861900.75,6.091473e+21,-12.342063,-24.061733,20.350471,14.504413,4105.216797,-18.201898,17.427442,0.5016601016419013,0.6587300287714711
2013.02.08_15:00:00_TAI,11670,2460,3962256.5,6.322096e+21,-11.735657,-23.528187,20.364559,14.515747,4177.467773,-17.631922,17.440153,0.5206529392726288,0.6703235425498488
2013.02.08_16:00:00_TAI,11670,2460,4102642.0,6.55181e+21,-11.154369,-22.974905,20.373968,14.524094,4248.79541,-17.064637,17.449031,0.5395709166795002,0.6817688957910094
2013.02.08_17:00:00_TAI,11670,2460,4258109.0,6.752457e+21,-10.527348,-22.442415,20.379871,14.53654,4310.289551,-16.4848815,17.458205500000002,0.5560950963670968,0.6916363496365187
2013.02.08_18:00:00_TAI,11670,2460,4423630.5,6.984679e+21,-9.890695,-21.880997,20.431444,14.548639,4391.71582,-15.885846,17.4900415,0.575219618814046,0.7047021464442101
2013.02.08_19:00:00_TAI,11670,2460,4591493.0,7.151429e+21,-9.236986,-21.348057,20.471411,14.561217,4481.912598,-15.2925215,17.516314,0.5889522286358062,0.7191752739561245
2013.02.08_20:00:00_TAI,11670,2460,4703883.0,7.506201e+21,-8.599542,-20.84193,20.481817,14.537033,4564.54834,-14.720736,17.509425,0.6181692928138303,0.7324351448464979
2013.02.08_21:00:00_TAI,11670,2460,4778870.0,7.920355e+21,-7.97136,-20.298674,20.498404,14.515169,4644.25,-14.135017,17.5067865,0.652276730823553,0.745224207977902
2013.02.08_22:00:00_TAI,11670,2460,4878107.0,7.826928e+21,-7.316847,-19.73905,20.533485,14.501037,4705.401367,-13.527948499999999,17.517260999999998,0.6445825986627279,0.7550366597277737
2013.02.08_23:00:00_TAI,11670,2460,4972173.5,8.034708e+21,-6.685009,-19.199648,20.563734,14.484731,4763.192383,-12.9423285,17.5242325,0.6616942128682172,0.7643099038741563
2013.02.09_00:00:00_TAI,11670,2460,5004648.5,8.120819e+21,-6.087499,-18.675697,20.584169,14.474316,4812.768555,-12.381598,17.5292425,0.6687858396410004,0.7722649802617918
2013.02.09_01:00:00_TAI,11670,2460,5050739.0,8.248481e+21,-5.490671,-18.120121,20.604738,14.492899,4847.132324,-11.805396,17.5488185,0.6792993774824728,0.7777790487413442
2013.02.09_02:00:00_TAI,11670,2460,5092385.5,8.312061e+21,-4.838073,-17.571411,20.628946,14.512462,4893.041992,-11.204742,17.570704,0.6845354754283051,0.7851457916974358
2013.02.09_03:00:00_TAI,11670,2460,5128177.5,8.311356e+21,-4.211628,-17.049284,20.651247,14.465463,4975.115234,-10.630456,17.558355,0.6844774155187138,0.7983154028866759
2013.02.09_04:00:00_TAI,11670,2460,5244071.5,8.456277e+21,-3.618642,-16.523252,20.642963,14.425763,5019.593262,-10.070947,17.534363,0.6964123093596692,0.8054524224676027
2013.02.09_05:00:00_TAI,11670,2460,5415774.0,8.52731e+21,-3.025731,-15.987026,20.639713,14.383379,5079.923828,-9.5063785,17.511546,0.7022621952575349,0.815133167101119
2013.02.09_06:00:00_TAI,11670,2460,5564467.5,8.743752e+21,-2.401266,-15.448505,20.654606,14.342076,5136.061523,-8.9248855,17.498341,0.7200871639834203,0.8241411165642358
2013.02.09_07:00:00_TAI,11670,2460,5692137.0,8.981787e+21,-1.777881,-14.903249,20.650166,14.3076,5185.601562,-8.340565,17.478883,0.739690413032432,0.8320903949895939
2013.02.09_08:00:00_TAI,11670,2460,5825211.5,8.680686e+21,-1.123516,-14.368444,20.673149,14.270116,5274.160645,-7.74598,17.4716325,0.7148933962411768,0.8463007351926244
2013.02.09_09:00:00_TAI,11670,2460,5938295.0,8.763959e+21,-0.498256,-13.835189,20.669102,14.173736,5372.916992,-7.1667225,17.421419,0.7217513009949245,0.8621473456196829
2013.02.09_10:00:00_TAI,11670,2460,6031722.0,8.682059e+21,0.158971,-13.290279,20.719477,14.100255,5475.877441,-6.565654,17.409866,0.7150064689445367,0.8786685533623912
2013.02.09_11:00:00_TAI,11670,2460,6117740.5,8.851451e+21,0.782871,-12.7997,20.716501,14.036213,5558.356445,-6.0084145,17.376357,0.7289566593069211,0.8919032738082558
2013.02.09_12:00:00_TAI,11670,2460,6159426.0,9.019081e+21,1.407285,-12.254056,20.714439,13.967355,5650.583984,-5.4233855,17.340897,0.7427617410725683,0.9067022606640508
2013.02.09_13:00:00_TAI,11670,2460,6198658.0,9.046043e+21,1.967239,-11.69682,20.707272,13.963965,5681.291016,-4.864790500000001,17.3356185,0.7449821826078864,0.9116295629413943
2013.02.09_14:00:00_TAI,11670,2460,6257788.0,9.043701e+21,2.533247,-11.139869,20.699072,13.958191,5718.289062,-4.303311,17.3286315,0.7447893084117692,0.9175663319626743
2013.02.09_15:00:00_TAI,11670,2460,6303560.5,9.065568e+21,3.127683,-10.655479,20.691839,13.954033,5784.049316,-3.7638979999999997,17.322936000000002,0.7465901538628781,0.9281183335137483
2013.02.09_16:00:00_TAI,11670,2460,6371826.0,9.017523e+21,3.694437,-10.214563,20.714539,13.916546,5876.709961,-3.2600629999999997,17.3155425,0.7426334327900957,0.9429868172906437
2013.02.09_17:00:00_TAI,11670,2460,6409564.0,8.999335e+21,4.258075,-9.735312,20.711029,13.883306,5919.333008,-2.7386185000000003,17.2971675,0.7411355694771231,0.9498261834837168
2013.02.09_18:00:00_TAI,11670,2460,6394851.5,8.923824e+21,4.821168,-9.173873,20.702383,13.876519,5928.852539,-2.1763525,17.289451,0.734916900210251,0.9513537035245839
2013.02.09_19:00:00_TAI,11670,2460,6436514.5,8.963747e+21,5.3796,-8.631391,20.696146,13.872138,5912.763184,-1.6258955000000004,17.284142,0.7382047381827495,0.9487719784157396
2013.02.09_20:00:00_TAI,11670,2460,6492349.5,9.690548e+21,5.987687,-8.066704,20.691648,13.899076,5912.816406,-1.0395084999999997,17.295362,0.7980600578293171,0.9487805185078527
2013.02.09_21:00:00_TAI,11670,2460,6571935.5,9.72232e+21,6.620411,-7.497927,20.688465,13.895217,5919.791016,-0.438758,17.291841,0.8006766244215626,0.9498996762218442
2013.02.09_22:00:00_TAI,11670,2460,6559157.5,9.832845e+21,7.189497,-6.960404,20.689999,13.898234,5910.36377,0.11454650000000033,17.2941165,0.8097788535103186,0.9483869643881223
2013.02.09_23:00:00_TAI,11670,2460,6531740.0,9.852567e+21,7.759447,-6.423755,20.691364,13.929113,5896.447754,0.6678459999999999,17.3102385,0.8114030485982032,0.9461539769301242
2013.02.10_00:00:00_TAI,11670,2460,6485386.5,9.893358e+21,8.325113,-5.886395,20.723215,14.024311,5874.65625,1.2193589999999999,17.373763,0.8147623702608083,0.942657275350957
2013.02.10_01:00:00_TAI,11670,2460,6455885.5,9.881566e+21,8.868081,-5.350672,20.723656,14.057379,5858.231445,1.7587045,17.390517499999998,0.8137912462127233,0.9400217233678991
2013.02.10_02:00:00_TAI,11670,2460,6470643.0,9.987036e+21,9.436664,-4.784866,20.727968,14.089197,5860.717773,2.325899,17.4085825,0.8224771733965377,0.9404206837629195
2013.02.10_03:00:00_TAI,11670,2460,6548126.0,1.009499e+22,10.071537,-4.220228,20.70689,14.095061,5896.23584,2.9256545,17.4009755,0.8313676691128693,0.9461199728513582
2013.02.10_04:00:00_TAI,11670,2460,6644565.0,9.938234e+21,10.671097,-3.631188,20.741055,14.10087,5901.292969,3.5199545,17.4209625,0.8184581099811161,0.9469314483218145
2013.02.10_05:00:00_TAI,11670,2460,6718022.0,1.014326e+22,11.247206,-3.066837,20.720736,14.110553,5899.808594,4.0901845,17.4156445,0.8353429199440319,0.9466932629993798
2013.02.10_06:00:00_TAI,11670,2460,6905074.0,1.030128e+22,11.84013,-2.501297,20.730686,13.834942,5975.12207,4.6694165000000005,17.282814,0.8483565751406409,0.958778190706149
2013.02.10_07:00:00_TAI,11670,2460,7022296.5,1.061585e+22,12.423472,-1.940371,20.754515,13.812577,6031.94873,5.2415505,17.283546,0.874262824445775,0.967896692658139
2013.02.10_08:00:00_TAI,11670,2460,7140183.0,1.051138e+22,12.997938,-1.409567,20.780355,13.821033,6074.15625,5.794185499999999,17.300694,0.8656592517436502,0.9746693826861761
2013.02.10_09:00:00_TAI,11670,2460,7196177.5,1.028654e+22,13.573825,-0.844816,20.792366,13.829347,6135.335938,6.3645045,17.3108565,0.8471426700805343,0.9844863788715958
2013.02.10_10:00:00_TAI,11670,2460,7157099.0,1.030187e+22,14.262734,-0.345665,20.800461,13.742809,6183.312988,6.9585345,17.271635,0.8484051642848377,0.9921848574391505
2013.02.10_11:00:00_TAI,11670,2460,7170985.5,1.027991e+22,14.91058,0.187771,20.835857,13.721062,6215.689453,7.5491755,17.2784595,0.8465966598669317,0.9973800397585237
2013.02.10_12:00:00_TAI,11670,2460,7141793.0,1.034386e+22,15.494244,0.750582,20.845446,13.708493,6224.882324,8.122413,17.2769695,0.851863228970989,0.9988551433834402
2013.02.10_13:00:00_TAI,11670,2460,7131431.0,1.050262e+22,16.050224,1.311214,20.879103,13.73952,6215.569824,8.680719,17.3093115,0.8649378264840484,0.9973608438869027
2013.02.10_14:00:00_TAI,11670,2460,7115586.5,1.043207e+22,16.625723,1.873091,20.880051,13.674521,6224.812012,9.249407,17.277286,0.8591277178008387,0.9988438610010294
2013.02.10_15:00:00_TAI,11670,2460,7087894.0,1.027859e+22,17.202053,2.435429,20.918257,13.617961,6230.806641,9.818741,17.268109,0.8464879519511013,0.9998057693067077
2013.02.10_16:00:00_TAI,11670,2460,7113942.5,1.029254e+22,17.772478,2.968065,20.908466,13.575097,6215.537109,10.3702715,17.241781500000002,0.8476367969706726,0.9973555943826848
2013.02.10_17:00:00_TAI,11670,2460,7138298.5,1.027103e+22,18.354496,3.529736,20.928017,13.517181,6232.01709,10.942116,17.222599000000002,0.845865352069527,1.0
2013.02.10_18:00:00_TAI,11670,2460,7120090.5,1.031252e+22,18.943634,4.095574,20.926867,13.526867,6188.913086,11.519604,17.226867,0.8492822395148333,0.9930834586334549
2013.02.10_19:00:00_TAI,11670,2460,7083882.5,1.066386e+22,19.503124,4.65914,20.904987,13.512219,6130.790527,12.081132,17.208603,0.8782166631116982,0.9837570145366851
2013.02.10_20:00:00_TAI,11670,2460,7002178.0,1.088695e+22,20.0438,5.217315,20.90996,13.522821,5994.145508,12.6305575,17.216390500000003,0.896589124431857,0.961830723734424
2013.02.10_21:00:00_TAI,11670,2460,6866500.0,1.054447e+22,20.601427,5.751333,20.90918,13.558699,5931.975098,13.17638,17.233939499999998,0.8683843615427629,0.9518547546216694
2013.02.10_22:00:00_TAI,11670,2460,6745125.5,1.046617e+22,21.135477,6.283,20.886816,13.573381,5900.63916,13.709238500000001,17.2300985,0.8619360056264582,0.9468265370241467
2013.02.10_23:00:00_TAI,11670,2460,6641354.0,1.048819e+22,21.671734,6.82901,20.88751,13.59251,5865.531738,14.250372,17.240009999999998,0.8637494513132657,0.941193140726769
2013.02.11_00:00:00_TAI,11670,2460,6509176.0,1.067718e+22,22.185543,7.386238,20.871775,13.640909,5815.180176,14.785890499999999,17.256342,0.8793136248078052,0.933113643948624
2013.02.11_01:00:00_TAI,11670,2460,6407009.5,1.08233e+22,22.698774,7.927164,20.857731,15.152526,5732.176758,15.312969,18.0051285,0.8913472616723066,0.919794775145586
2013.02.11_02:00:00_TAI,11670,2460,6373047.5,1.087392e+22,23.226154,8.466175,20.858774,15.149638,5709.04541,15.8461645,18.004206,0.89551604553544,0.9160830799326322
2013.02.11_03:00:00_TAI,11670,2460,6451663.0,1.09368e+22,23.783001,9.00384,20.844969,15.16457,5687.344727,16.393420499999998,18.0047695,0.9006944953440894,0.9126009516446945
2013.02.11_04:00:00_TAI,11670,2460,6507463.0,1.076251e+22,24.346653,9.514817,20.858337,15.174102,5680.409668,16.930735,18.0162195,0.8863409327303887,0.91148814035104
2013.02.11_05:00:00_TAI,11670,2460,6520774.5,1.06616e+22,24.911442,10.01419,20.860182,15.18891,5670.95752,17.462816,18.024546,0.8780305419830795,0.9099714327002912
2013.02.11_06:00:00_TAI,11670,2460,6577238.5,1.088351e+22,25.449848,10.559315,20.875786,15.180285,5662.569336,18.0045815,18.0280355,0.8963058250148443,0.9086254505120427
2013.02.11_07:00:00_TAI,11670,2460,6582525.5,1.091912e+22,25.991831,11.062279,20.897278,15.170671,5675.503906,18.527055,18.0339745,0.8992384681078152,0.9107009534853505
2013.02.11_08:00:00_TAI,11670,2460,6585908.0,1.118408e+22,26.533623,11.547523,20.918865,15.186511,5672.473633,19.040573,18.052688,0.9210591115763224,0.9102147107558717
2013.02.11_09:00:00_TAI,11670,2460,6556835.5,1.051283e+22,27.080481,12.085308,20.935257,15.189589,5680.060547,19.5828945,18.062423,0.8657786657421004,0.9114321198050501
2013.02.11_10:00:00_TAI,11670,2460,6483670.5,1.029041e+22,27.63142,12.593228,20.935734,15.170276,5687.777344,20.112324,18.053005,0.8474613819246737,0.912670370100028
2013.02.11_11:00:00_TAI,11670,2460,6427185.5,1.039211e+22,28.182484,13.07764,20.940439,15.157823,5702.204102,20.630062,18.049131000000003,0.8558368327125176,0.9149853120829615
2013.02.11_12:00:00_TAI,11670,2460,6304225.0,1.024372e+22,28.742443,13.596127,20.929092,15.151125,5696.622559,21.169285000000002,18.040108500000002,0.8436162511745808,0.9140896882553318
2013.02.11_13:00:00_TAI,11670,2460,6252034.0,1.03206e+22,29.301113,14.131637,20.926575,15.147138,5677.229492,21.716375,18.0368565,0.8499476637268861,0.9109778439327098
2013.02.11_14:00:00_TAI,11670,2460,6127946.5,1.034059e+22,29.842001,14.65822,20.91284,15.140827,5643.416992,22.250110499999998,18.0268335,0.8515939298158635,0.9055522330090401
2013.02.11_15:00:00_TAI,11670,2460,6106563.0,1.029895e+22,30.386377,15.211252,20.907343,15.130933,5615.368652,22.7988145,18.019138,0.8481646891983038,0.9010515489456079
2013.02.11_16:00:00_TAI,11670,2460,6120684.0,1.043153e+22,30.928301,15.75437,20.896494,15.118789,5599.618652,23.3413355,18.0076415,0.8590832463807264,0.8985242773138801
2013.02.11_17:00:00_TAI,11670,2460,6131083.0,1.037087e+22,31.47196,16.264174,20.886242,15.095083,5577.416504,23.868067,17.9906625,0.8540876235214282,0.8949616831041135
2013.02.11_18:00:00_TAI,11670,2460,6122793.5,1.045922e+22,32.016136,16.774384,20.845545,15.084764,5529.663574,24.39526,17.9651545,0.8613636419787146,0.887299167210724
2013.02.11_19:00:00_TAI,11670,2460,6112422.5,1.126525e+22,32.555092,17.314489,20.830334,15.078681,5485.176758,24.9347905,17.9545075,0.9277438248550767,0.8801607374924576
2013.02.11_20:00:00_TAI,11670,2460,6079547.5,1.129758e+22,33.095741,17.855196,20.849598,15.075909,5452.998535,25.475468499999998,17.962753499999998,0.9304063452481052,0.8749973654196124
2013.02.11_21:00:00_TAI,11670,2460,6000829.5,1.131882e+22,33.618172,18.38282,20.871695,15.070455,5438.736816,26.000496,17.971075,0.9321555544391947,0.8727089058736839
2013.02.11_22:00:00_TAI,11670,2460,5882198.5,1.114653e+22,34.145298,18.924095,20.882431,15.004872,5451.371582,26.5346965,17.9436515,0.9179667007888735,0.8747363017902121
2013.02.11_23:00:00_TAI,11670,2460,5764352.5,1.119397e+22,34.680248,19.485741,20.907314,14.991232,5457.488281,27.082994499999998,17.949272999999998,0.9218735974002337,0.875717797654499
2013.02.12_00:00:00_TAI,11670,2460,5683880.5,1.154527e+22,35.225731,20.013399,20.935631,14.989208,5464.67334,27.619565,17.9624195,0.950804726817831,0.8768707243708794
2013.02.12_01:00:00_TAI,11670,2460,5622230.0,1.172101e+22,35.773926,20.51368,20.935875,14.98838,5458.85791,28.143803000000002,17.9621275,0.9652777034299818,0.8759375706397492
2013.02.12_02:00:00_TAI,11670,2460,5602069.5,1.18306e+22,36.333679,21.015455,20.933918,14.973451,5458.041992,28.674566999999996,17.9536845,0.9743029310783579,0.8758066470578308
2013.02.12_03:00:00_TAI,11670,2460,5590046.5,1.187976e+22,36.875717,21.502722,20.93568,14.946781,5478.520508,29.1892195,17.9412305,0.9783514773982241,0.8790926643623821
2013.02.12_04:00:00_TAI,11670,2460,5618421.0,1.17762e+22,37.434719,22.015589,20.970276,14.935921,5475.670898,29.725154,17.9530985,0.9698228472744372,0.8786354111233672
2013.02.12_05:00:00_TAI,11670,2460,5589847.5,1.148127e+22,37.981781,22.555424,21.007042,14.922912,5462.250977,30.2686025,17.964976999999998,0.9455340399896892,0.8764820279079176
2013.02.12_06:00:00_TAI,11670,2460,5630546.0,1.157813e+22,38.558304,23.037138,21.035255,14.916981,5444.648926,30.797721,17.976118,0.9535108950861552,0.8736575730410906
2013.02.12_07:00:00_TAI,11670,2460,5590174.0,1.18671e+22,39.138557,23.551918,21.07163,14.898969,5429.224121,31.3452375,17.9852995,0.9773088696600325,0.8711824827489361
2013.02.12_08:00:00_TAI,11670,2460,5511978.5,1.214263e+22,39.727886,24.066767,21.107582,14.899165,5413.498535,31.8973265,18.003373500000002,1.0,0.8686591286289299
2013.02.12_09:00:00_TAI,11670,2460,5449167.0,1.176095e+22,40.298836,24.588181,21.115507,14.885846,5405.122559,32.4435085,18.0006765,0.9685669414286691,0.8673151053570041
2013.02.12_10:00:00_TAI,11670,2460,5355638.5,1.11259e+22,40.889854,25.132484,21.107347,14.887999,5384.32959,33.011169,17.997673,0.9162677278316146,0.8639786303923631
2013.04.18_13:00:00_TAI,11725,2669,163877.703125,2.834816e+20,39.167343,37.076332,9.213614,7.72036,182.178467,38.1218375,8.466987,0.058714051878422754,0.14015665497616875
2013.04.18_14:00:00_TAI,11725,2669,179770.59375,2.81873e+20,39.958546,37.463116,9.321022,7.537454,258.217133,38.710831,8.429238,0.05838088237517587,0.19865602238719285
2013.04.18_15:00:00_TAI,11725,2669,197060.703125,2.968145e+20,40.562889,37.999748,9.355053,7.479954,276.720642,39.2813185,8.4175035,0.061475531220608705,0.21289145849261046
2013.04.18_16:00:00_TAI,11725,2669,206374.90625,3.834835e+20,41.269112,38.549232,9.392824,7.464581,297.176453,39.909172,8.4287025,0.07942621360087967,0.22862887297302056
2013.04.18_17:00:00_TAI,11725,2669,217235.40625,4.48097e+20,41.883858,39.095375,9.492571,7.455141,316.396576,40.4896165,8.473856,0.09280881194605081,0.24341562682088627
2013.04.18_18:00:00_TAI,11725,2669,277186.3125,6.437571e+20,42.6978,39.54829,9.840648,7.456697,415.123413,41.123045000000005,8.6486725,0.1333334783157107,0.31936984609915836
2013.04.18_19:00:00_TAI,11725,2669,297377.59375,6.463794e+20,43.33625,40.026073,9.882035,7.408778,445.886688,41.6811615,8.6454065,0.13387660301318946,0.3430371751260954
2013.04.18_20:00:00_TAI,11725,2669,296251.6875,6.548085e+20,43.937088,40.586632,9.920554,7.409971,455.838562,42.26186,8.665262499999999,0.13562241866643968,0.3506935210903213
2013.04.18_21:00:00_TAI,11725,2669,285851.1875,6.32452e+20,44.530823,41.12859,9.956977,7.414193,459.953735,42.8297065,8.685585,0.13099199220906127,0.3538594763858406
2013.04.18_22:00:00_TAI,11725,2669,277573.8125,6.739151e+20,45.093929,41.697437,9.967451,7.423827,456.282135,43.395683000000005,8.695639,0.13957973336912327,0.3510347782594122
2013.04.18_23:00:00_TAI,11725,2669,299576.09375,7.45041e+20,45.659771,42.277203,9.970114,7.436916,445.79306,43.968486999999996,8.703515,0.15431116490647706,0.34296514363132985
2013.04.19_00:00:00_TAI,11725,2669,310677.40625,7.546991e+20,46.199726,42.612484,9.954163,7.454631,449.935547,44.406105,8.704397,0.15631152819089128,0.3461521126006223
2013.04.19_01:00:00_TAI,11725,2669,319393.40625,8.016665e+20,46.756836,43.119869,9.930019,7.489805,441.223999,44.9383525,8.709912,0.16603930720792318,0.3394499954544486
2013.04.19_02:00:00_TAI,11725,2669,361612.0,9.973154e+20,47.409019,43.386925,10.067719,7.535872,496.105652,45.397971999999996,8.8017955,0.2065616538595448,0.38167248766612594
2013.04.19_03:00:00_TAI,11725,2669,425374.40625,1.203464e+21,48.118698,43.66198,10.245682,7.586913,566.428772,45.890339,8.9162975,0.2492586740367423,0.43577467344578624
2013.04.19_04:00:00_TAI,11725,2669,472186.90625,1.340615e+21,48.812222,44.040668,10.328567,7.637643,618.747437,46.426445,8.983105,0.2776650712391623,0.47602536388121924
2013.04.19_05:00:00_TAI,11725,2669,527027.375,1.477405e+21,49.654816,44.423054,10.550426,7.616168,748.169922,47.038934999999995,9.083297,0.3059966989583845,0.575594884225813
2013.04.19_06:00:00_TAI,11725,2669,592929.125,1.793541e+21,50.432495,44.705788,10.712523,7.575787,855.222412,47.5691415,9.144155,0.37147405447153614,0.6579543373068938
2013.04.19_07:00:00_TAI,11725,2669,684377.1875,2.243321e+21,51.205475,44.994633,10.963148,7.521918,1015.672424,48.100054,9.242533,0.4646314454763738,0.7813944855479378
2013.04.19_08:00:00_TAI,11725,2669,789711.625,2.774434e+21,52.141876,45.161461,11.093876,7.347638,1232.52417,48.6516685,9.220756999999999,0.5746343389103913,0.9482265807214127
2013.04.19_09:00:00_TAI,11725,2669,823582.875,2.790847e+21,52.793446,45.631874,11.136037,7.29189,1277.907837,49.21266,9.2139635,0.5780337614248703,0.9831419198502261
2013.04.19_10:00:00_TAI,11725,2669,821004.0,2.785025e+21,53.389542,46.112888,11.176367,7.272191,1299.820312,49.751215,9.224279000000001,0.5768279222803326,1.0
2013.04.19_11:00:00_TAI,11725,2669,829957.375,2.838483e+21,53.962219,46.649921,11.20802,7.275335,1298.7323,50.30607,9.2416775,0.5879000193240798,0.9991629519942444
2013.04.19_12:00:00_TAI,11725,2669,829776.625,2.977017e+21,54.505577,47.186104,11.222504,7.275724,1289.208008,50.8458405,9.249114,0.61659286028069,0.9918355607294126
2013.04.19_13:00:00_TAI,11725,2669,840522.6875,3.10038e+21,55.047852,47.725613,11.228297,7.285204,1277.00647,51.3867325,9.256750499999999,0.6421435188838511,0.9824484647690288
2013.04.19_14:00:00_TAI,11725,2669,819692.625,3.188428e+21,55.599445,48.210812,11.246947,7.292669,1281.667236,51.905128500000004,9.269808000000001,0.6603798165475844,0.9860341650054165
2013.04.19_15:00:00_TAI,11725,2669,830931.375,3.405254e+21,56.212376,48.750122,11.28334,7.308269,1280.232178,52.481249,9.295804500000001,0.705288315062447,0.9849301216336124
2013.04.19_16:00:00_TAI,11725,2669,833113.375,3.781399e+21,56.784363,49.251476,11.327111,7.319968,1292.028931,53.0179195,9.3235395,0.7831945955540534,0.9940058014726577
2013.04.19_17:00:00_TAI,11725,2669,828739.5,4.030083e+21,57.345356,49.759296,11.358299,7.331006,1294.106689,53.552326,9.3446525,0.8347014491817091,0.9956042978038951
2013.04.19_18:00:00_TAI,11725,2669,840935.375,4.091577e+21,57.955017,50.248768,11.357599,7.326511,1299.506836,54.1018925,9.342055,0.8474379439179168,0.9997588312806732
2013.04.19_19:00:00_TAI,11725,2669,847122.6875,4.186307e+21,58.55254,50.818752,11.360885,7.316441,1293.506714,54.685646000000006,9.338663,0.8670582019326979,0.9951427147724092
2013.04.19_20:00:00_TAI,11725,2669,833052.8125,4.363043e+21,59.153912,51.397118,11.368092,7.299582,1290.751831,55.275515,9.333837,0.9036633525766372,0.9930232810517889
2013.04.19_21:00:00_TAI,11725,2669,821689.6875,4.444559e+21,59.75996,51.915569,11.387666,7.290716,1284.832764,55.8377645,9.339191,0.9205467575416209,0.9884695231628292
2013.04.19_22:00:00_TAI,11725,2669,804109.3125,4.516083e+21,60.353653,52.475094,11.393457,7.29566,1268.30127,56.414373499999996,9.3445585,0.9353606426281743,0.9757512313748178
2013.04.19_23:00:00_TAI,11725,2669,767771.5,4.380075e+21,60.940372,53.055111,11.38026,7.299425,1244.697632,56.997741500000004,9.3398425,0.9071909809362673,0.9575920767731472
2013.04.20_00:00:00_TAI,11725,2669,770890.125,4.423694e+21,61.5354,53.639095,11.366784,7.299108,1218.96167,57.587247500000004,9.332946,0.9162252471069284,0.9377924461915932
2013.04.20_01:00:00_TAI,11725,2669,751940.3125,4.521311e+21,62.110699,54.224323,11.348651,7.308008,1188.443604,58.167511,9.3283295,0.9364434538696108,0.9143137655476182
2013.04.20_02:00:00_TAI,11725,2669,743207.1875,4.668841e+21,62.666706,54.817192,11.328899,7.310147,1154.886353,58.741949,9.319523,0.9669995254933906,0.8884969271044905
2013.04.20_03:00:00_TAI,11725,2669,718240.1875,4.733346e+21,63.234863,55.411743,11.291724,7.324125,1118.733276,59.323302999999996,9.3079245,0.980359651570066,0.8606830233931595
2013.04.20_04:00:00_TAI,11725,2669,688866.375,4.828173e+21,63.836494,56.01144,11.246423,7.339216,1079.972168,59.923967000000005,9.2928195,1.0,0.8308626646542203
2013.12.28_08:00:00_TAI,11939,3551,206468.0,6.630263e+20,51.316132,47.769657,-6.83364,-8.231169,244.973557,49.5428945,-7.5324045,0.13060010435775365,0.18752134017477573
2013.12.28_09:00:00_TAI,11939,3551,261970.703125,8.560422e+20,51.942261,47.91877,-6.551791,-8.40167,365.06958,49.9305155,-7.4767304999999995,0.16861955650121424,0.27945194467924755
2013.12.28_10:00:00_TAI,11939,3551,367788.1875,1.177062e+21,53.040199,47.845905,-6.163564,-8.627357,615.960999,50.443052,-7.3954605,0.2318526731677857,0.47150326526006925
2013.12.28_11:00:00_TAI,11939,3551,443636.1875,1.382059e+21,53.681026,48.313717,-6.030264,-8.643453,666.34906,50.9973715,-7.3368585,0.27223211149930654,0.5100741087553464
2013.12.28_12:00:00_TAI,11939,3551,496858.1875,1.519108e+21,54.363029,48.576069,-5.909775,-8.792629,783.562988,51.469549,-7.351202,0.2992274414011909,0.5997985391587048
2013.12.28_13:00:00_TAI,11939,3551,518220.0,1.776077e+21,55.024357,49.026909,-5.885628,-8.864054,830.678101,52.025633,-7.374841,0.3498441035406982,0.635864020023017
2013.12.28_14:00:00_TAI,11939,3551,545232.6875,1.870173e+21,55.640892,49.57473,-5.86827,-8.93899,856.695068,52.607811,-7.40363,0.36837873394622994,0.6557793797821233
2013.12.28_15:00:00_TAI,11939,3551,564804.625,2.029598e+21,56.232937,50.129784,-5.851149,-8.97559,857.800476,53.1813605,-7.4133695,0.3997815932856481,0.6566255429033124
2013.12.28_16:00:00_TAI,11939,3551,609408.1875,2.28865e+21,56.911724,50.664246,-5.729036,-8.982788,896.314026,53.787985,-7.355912,0.45080855591757507,0.6861067350749566
2013.12.28_17:00:00_TAI,11939,3551,673264.1875,2.661355e+21,57.507027,51.134495,-5.682827,-8.996996,920.130249,54.320761000000005,-7.3399114999999995,0.5242224037463212,0.7043374784643802
2013.12.28_18:00:00_TAI,11939,3551,728618.0,3.065788e+21,58.069454,51.48737,-5.524514,-9.000129,971.419983,54.778412,-7.2623215,0.6038858982498113,0.743598530859875
2013.12.28_19:00:00_TAI,11939,3551,781548.625,3.327482e+21,58.628414,51.813839,-5.400291,-8.993577,1027.654785,55.2211265,-7.196934000000001,0.6554332708197953,0.786644913353734
2013.12.28_20:00:00_TAI,11939,3551,848755.375,3.518272e+21,59.169559,52.122749,-5.198886,-9.049578,1148.173218,55.646153999999996,-7.124232,0.6930142746358066,0.87889886250925
2013.12.28_21:00:00_TAI,11939,3551,899432.375,3.641998e+21,59.752918,52.534794,-5.082647,-9.080194,1196.38855,56.143856,-7.0814205,0.7173852965873753,0.9158065344405995
2013.12.28_22:00:00_TAI,11939,3551,964705.625,4.166898e+21,60.321716,52.750549,-4.940283,-9.122076,1292.155518,56.5361325,-7.0311795,0.820777869065096,0.9891138350478846
2013.12.28_23:00:00_TAI,11939,3551,977244.875,4.525232e+21,60.942581,53.245514,-4.91914,-9.142278,1304.315674,57.0940475,-7.030709,0.8913609783549254,0.9984221407188282
2013.12.29_00:00:00_TAI,11939,3551,978469.1875,4.697965e+21,61.587208,53.758549,-4.902979,-9.143892,1306.376953,57.672878499999996,-7.0234355,0.925385191008372,1.0
2013.12.29_01:00:00_TAI,11939,3551,955179.125,4.818587e+21,62.218723,54.320686,-4.886911,-9.138132,1298.93457,58.2697045,-7.0125215,0.9491448002242371,0.9943030355955766
2013.12.29_02:00:00_TAI,11939,3551,943586.625,4.97776e+21,62.860302,54.908855,-4.871036,-9.141833,1290.304932,58.8845785,-7.0064345,0.9804980216740299,0.987697256168603
2013.12.29_03:00:00_TAI,11939,3551,914410.0,5.076767e+21,63.424419,55.491791,-4.855169,-9.132119,1266.44751,59.458105,-6.993644,1.0,0.9694349759399039
2013.04.30_19:00:00_TAI,11736,2710,118330.101562,3.168675e+20,-51.65007,-53.397129,-6.786531,-7.672286,73.050072,-52.5235995,-7.2294085,0.15077907339159236,0.059287345577130154
2013.04.30_20:00:00_TAI,11736,2710,334694.40625,1.20638e+21,-50.182941,-53.912292,-6.354028,-8.23662,326.203979,-52.047616500000004,-7.295324,0.5740470655972897,0.2647467347001096
2013.04.30_21:00:00_TAI,11736,2710,432916.8125,1.556185e+21,-48.86729,-53.806984,-6.051912,-8.609113,594.120544,-51.337137,-7.3305125,0.7404992065323681,0.4821874782902412
2013.04.30_22:00:00_TAI,11736,2710,511831.3125,1.734712e+21,-47.898956,-53.390079,-6.015647,-8.83763,731.67218,-50.6445175,-7.426638500000001,0.8254499687133453,0.5938242112181926
2013.04.30_23:00:00_TAI,11736,2710,568953.5,1.839926e+21,-47.222992,-52.920139,-5.957766,-8.906789,806.984436,-50.0715655,-7.4322775,0.8755152781181376,0.6549475424541329
2013.05.01_00:00:00_TAI,11736,2710,597919.5,1.954379e+21,-46.638298,-52.418785,-5.950874,-8.93888,842.690735,-49.5285415,-7.444877,0.9299768978389606,0.6839267293342409
2013.05.01_01:00:00_TAI,11736,2710,621901.1875,1.998066e+21,-46.030605,-51.875919,-5.911396,-8.96584,874.140015,-48.953262,-7.438618,0.9507650360331853,0.7094509250052858
2013.05.01_02:00:00_TAI,11736,2710,635688.0,2.100001e+21,-45.421581,-51.330612,-5.900538,-8.988558,903.717407,-48.3760965,-7.444547999999999,0.9992700573628325,0.7334558987549934
2013.05.01_03:00:00_TAI,11736,2710,650649.875,2.101535e+21,-44.855812,-50.803646,-5.848075,-9.01021,931.76416,-47.829729,-7.4291425,1.0,0.7562186078379826
2013.05.01_04:00:00_TAI,11736,2710,660553.5,2.036728e+21,-44.298378,-50.271809,-5.840385,-9.022048,953.108215,-47.2850935,-7.4312165,0.9691620648716296,0.7735414157443494
2013.05.01_05:00:00_TAI,11736,2710,669004.625,1.895229e+21,-43.703629,-49.745358,-5.836702,-9.051743,988.449524,-46.7244935,-7.4442225,0.9018308046261424,0.8022243772044167
2013.08.21_06:00:00_TAI,11832,3114,137707.703125,2.329234e+20,25.780499,24.14341,26.002367,25.092709,89.02282,24.961954499999997,25.547538,0.03438653222671691,0.03621728122701245
2013.08.21_07:00:00_TAI,11832,3114,180423.703125,3.39429e+20,26.566105,24.345522,26.20962,24.962725,161.12616,25.455813499999998,25.5861725,0.05010997713060299,0.06555118619864664
2013.08.21_08:00:00_TAI,11832,3114,182754.203125,3.169296e+20,27.140446,24.888046,26.244356,24.932255,172.735001,26.014246,25.5883055,0.04678838581267704,0.07027402759163635
2013.08.21_09:00:00_TAI,11832,3114,193322.90625,3.208333e+20,27.71022,25.322958,26.345392,24.90205,192.708359,26.516589,25.623721,0.04736468989313196,0.07839981740298808
2013.08.21_10:00:00_TAI,11832,3114,192800.796875,3.157461e+20,28.298811,25.759541,26.449894,24.873423,226.801117,27.029176,25.6616585,0.04661366545014446,0.09226982291719757
2013.08.21_11:00:00_TAI,11832,3114,193368.796875,3.220649e+20,28.891108,26.130409,26.586374,24.838589,275.189911,27.5107585,25.7124815,0.04754651126913121,0.11195590521086084
2013.08.21_12:00:00_TAI,11832,3114,203278.0,3.240961e+20,29.459246,26.523411,26.651655,24.808508,300.886353,27.9913285,25.7300815,0.047846377767125435,0.12241002547404295
2013.08.21_13:00:00_TAI,11832,3114,215117.40625,3.397921e+20,30.030567,26.926741,26.698599,24.807796,318.833466,28.478654,25.7531975,0.05016358166261446,0.12971147513306264
2013.08.21_14:00:00_TAI,11832,3114,219791.0,3.143554e+20,30.583952,27.412769,26.755697,24.809525,332.99472,28.9983605,25.782611000000003,0.04640835610652465,0.1354727183586216
2013.08.21_15:00:00_TAI,11832,3114,217597.09375,3.31172e+20,31.160675,27.916845,26.783848,24.798874,346.796539,29.53876,25.791361000000002,0.04889099442385905,0.14108773212888098
2013.08.21_16:00:00_TAI,11832,3114,238373.5,3.671865e+20,31.760555,28.424776,26.796513,24.765881,361.223511,30.092665500000003,25.781197,0.05420782289570471,0.14695707778854705
2013.08.21_17:00:00_TAI,11832,3114,250362.5,3.784454e+20,32.33419,28.972164,26.79615,24.734331,368.376404,30.653177,25.7652405,0.05586997675266964,0.1498670994814987
2013.08.21_18:00:00_TAI,11832,3114,254800.90625,3.676675e+20,32.896202,29.518885,26.784081,24.709669,367.716919,31.2075435,25.746875000000003,0.05427883303037152,0.1495988002554127
2013.08.21_19:00:00_TAI,11832,3114,251478.796875,4.513958e+20,33.440014,30.077917,26.774929,24.710127,362.305237,31.7589655,25.742528,0.06663966017885992,0.14739715792477023
2013.08.21_20:00:00_TAI,11832,3114,258103.59375,4.621867e+20,33.977982,30.589804,26.773815,24.712038,358.432434,32.283893,25.7429265,0.06823272309398686,0.14582157993939732
2013.08.21_21:00:00_TAI,11832,3114,317237.8125,5.257827e+20,34.575676,30.783504,26.858376,24.474539,448.343567,32.679590000000005,25.6664575,0.0776214144126362,0.18240025481512379
2013.08.21_22:00:00_TAI,11832,3114,322604.0,5.239737e+20,35.238071,31.3328,26.891373,24.441227,479.02771,33.2854355,25.6663,0.07735435134899325,0.19488352861212174
2013.08.21_23:00:00_TAI,11832,3114,348937.59375,5.914921e+20,35.897533,31.694651,26.973566,24.403149,535.535278,33.796092,25.688357500000002,0.08732210743316669,0.21787258334786844
2013.08.22_00:00:00_TAI,11832,3114,355617.0,6.01278e+20,36.535912,32.169388,27.005915,24.36688,569.493774,34.35265,25.686397499999998,0.08876680197960313,0.23168796686052712
2013.08.22_01:00:00_TAI,11832,3114,388575.3125,6.42223e+20,37.124889,32.6245,27.063976,24.338026,601.57843,34.874694500000004,25.701000999999998,0.09481152123933796,0.24474101336505205
2013.08.22_02:00:00_TAI,11832,3114,490909.09375,9.252158e+20,38.007591,32.993729,27.173376,24.02376,762.476074,35.500659999999996,25.598568,0.13658980988328207,0.31019923207247707
2013.08.22_03:00:00_TAI,11832,3114,577599.375,1.161035e+21,39.087242,33.375889,27.194824,23.554417,941.934753,36.2315655,25.3746205,0.17140384969413233,0.3832086632045301
2013.08.22_04:00:00_TAI,11832,3114,615891.375,1.213399e+21,39.732788,33.86726,27.219255,23.383368,1015.347473,36.800024,25.3013115,0.17913435840867026,0.4130752651149158
2013.08.22_05:00:00_TAI,11832,3114,710010.375,1.388687e+21,40.417145,34.402924,27.246292,23.187283,1093.616333,37.410034499999995,25.216787500000002,0.20501216399177935,0.4449174974092608
2013.08.22_06:00:00_TAI,11832,3114,779364.375,1.717118e+21,41.515182,34.939575,27.267956,22.936161,1272.54248,38.2273785,25.1020585,0.25349850398918994,0.5177102777858515
2013.08.22_07:00:00_TAI,11832,3114,885356.0,2.053167e+21,42.376911,35.425709,27.296309,22.701424,1421.574829,38.901309999999995,24.9988665,0.3031094909842964,0.5783413215525539
2013.08.22_08:00:00_TAI,11832,3114,967973.5,2.204329e+21,43.020111,35.954109,27.355345,22.565527,1506.660767,39.48711,24.960436,0.3254255699375273,0.6129569554429446
2013.08.22_09:00:00_TAI,11832,3114,1031015.1875,2.277071e+21,43.77755,36.48674,27.406668,22.469332,1575.947021,40.132144999999994,24.938000000000002,0.3361644872263692,0.6411447812867475
2013.08.22_10:00:00_TAI,11832,3114,1085258.25,2.432256e+21,44.51923,37.016403,27.424797,22.390591,1665.689819,40.767816499999995,24.907694,0.359074482545015,0.6776549721935843
2013.08.22_11:00:00_TAI,11832,3114,1135841.125,2.576989e+21,45.273846,37.496113,27.445942,22.301313,1755.797485,41.3849795,24.873627499999998,0.3804414468292794,0.7143136028708837
2013.08.22_12:00:00_TAI,11832,3114,1200674.625,2.858912e+21,45.952827,37.937115,27.483105,22.242458,1825.636597,41.944970999999995,24.862781499999997,0.42206180066643234,0.7427263487258097
2013.08.22_13:00:00_TAI,11832,3114,1247473.875,3.085938e+21,46.596844,38.349224,27.515694,22.154718,1902.598022,42.473034,24.835206,0.4555776984478602,0.7740366753685359
2013.08.22_14:00:00_TAI,11832,3114,1286452.5,3.194533e+21,47.187237,38.854412,27.535065,22.104393,1936.010742,43.0208245,24.819729000000002,0.47160960192840495,0.787630020050264
2013.08.22_15:00:00_TAI,11832,3114,1365610.25,3.465719e+21,47.780476,39.262363,27.542334,22.067019,1987.869995,43.5214195,24.8046765,0.5116448501191597,0.80872799414414
2013.08.22_16:00:00_TAI,11832,3114,1473802.25,3.85741e+21,48.440083,39.591885,27.614594,22.0326,2083.414551,44.015984,24.823597,0.5694702776821052,0.8475985225587873
2013.08.22_17:00:00_TAI,11832,3114,1575352.125,4.081378e+21,49.157021,40.01902,27.634869,21.986631,2162.895508,44.5880205,24.81075,0.6025347222581046,0.8799338740098095
2013.08.22_18:00:00_TAI,11832,3114,1634693.875,4.440808e+21,49.867332,40.316349,27.642426,21.942551,2252.310547,45.0918405,24.7924885,0.6555974513709754,0.9163107222537461
2013.08.22_19:00:00_TAI,11832,3114,1669215.125,4.973781e+21,50.445328,40.718842,27.648096,21.925608,2300.003174,45.582085000000006,24.786852,0.734280371337239,0.9357135819307818
2013.08.22_20:00:00_TAI,11832,3114,1684482.0,5.142972e+21,51.083931,41.139118,27.724009,21.915087,2361.525146,46.1115245,24.819547999999998,0.7592580754836254,0.9607426538200388
2013.08.22_21:00:00_TAI,11832,3114,1715538.625,5.227033e+21,51.676041,41.578869,27.776318,21.895102,2412.627686,46.627455,24.83571,0.7716680192055102,0.981532773281483
2013.08.22_22:00:00_TAI,11832,3114,1743557.5,5.34262e+21,52.223171,42.091812,27.801014,21.883501,2428.844971,47.1574915,24.8422575,0.7887321531675318,0.9881304745403694
2013.08.22_23:00:00_TAI,11832,3114,1724729.0,5.631233e+21,52.759773,42.608818,27.828516,21.887815,2455.218018,47.684295500000005,24.8581655,0.8313401531604455,0.9988598589837314
2013.08.23_00:00:00_TAI,11832,3114,1736199.125,5.969437e+21,53.302559,43.129528,27.831244,21.888065,2456.719238,48.2160435,24.8596545,0.8812692832744855,0.9994706024641516
2013.08.23_01:00:00_TAI,11832,3114,1730291.0,6.071227e+21,53.87392,43.672298,27.83412,21.891642,2458.020508,48.773109,24.862881,0.8962965631242451,1.0
2013.08.23_02:00:00_TAI,11832,3114,1717731.75,6.166591e+21,54.453808,44.218353,27.835325,21.8971,2451.568604,49.3360805,24.8662125,0.9103751711956911,0.9973751626648348
2013.08.23_03:00:00_TAI,11832,3114,1686802.0,6.283395e+21,55.058208,44.772221,27.8484,21.882559,2438.275146,49.915214500000005,24.8654795,0.9276189711325349,0.9919669661275259
2013.08.23_04:00:00_TAI,11832,3114,1673855.0,6.076457e+21,55.664925,45.340069,27.862158,21.878527,2421.803223,50.502497,24.8703425,0.8970686691623063,0.9852656701267847
2013.08.23_05:00:00_TAI,11832,3114,1652666.25,6.041918e+21,56.244869,45.914581,27.853119,21.872198,2400.764893,51.079724999999996,24.862658500000002,0.8919696690765331,0.9767066162330001
2013.08.23_06:00:00_TAI,11832,3114,1631198.625,6.14693e+21,56.812874,46.491013,27.847507,21.867716,2379.022705,51.6519435,24.8576115,0.907472613487408,0.9678612107820541
2013.08.23_07:00:00_TAI,11832,3114,1576508.125,6.352403e+21,57.384174,47.056934,27.841389,21.86902,2349.381836,52.220554,24.8552045,0.937806637188849,0.9558023736391055
2013.08.23_08:00:00_TAI,11832,3114,1532516.625,6.18783e+21,57.925091,47.625359,27.805563,21.867273,2315.968018,52.775225000000006,24.836418000000002,0.9135106893873508,0.9422085822564666
2013.08.23_09:00:00_TAI,11832,3114,1466053.5,5.699137e+21,58.47324,48.134083,27.778414,21.871162,2273.929443,53.3036615,24.824788,0.8413648354565264,0.9251059686439361
2013.08.23_10:00:00_TAI,11832,3114,1460139.125,5.654276e+21,59.026627,48.648849,27.747456,21.876682,2232.532471,53.837738,24.812069,0.8347419962646603,0.9082643792978475
2013.08.23_11:00:00_TAI,11832,3114,1411664.375,5.801761e+21,59.616238,49.185715,27.72695,21.888172,2195.406494,54.4009765,24.807561,0.8565152389077666,0.8931603649581917
2013.08.23_12:00:00_TAI,11832,3114,1384188.0,6.014414e+21,60.199635,49.740601,27.695539,21.899593,2163.557129,54.970118,24.797566,0.8879092475715937,0.8802030422278314
2013.08.23_13:00:00_TAI,11832,3114,1353988.125,6.009171e+21,60.774574,50.315102,27.676489,21.887911,2127.897217,55.544838,24.7822,0.8871352223407037,0.8656954692096491
2013.08.23_14:00:00_TAI,11832,3114,1340679.75,6.177087e+21,61.322159,50.877487,27.645021,21.898907,2083.605469,56.099823,24.771964,0.9119246979596471,0.8476761940018769
2013.08.23_15:00:00_TAI,11832,3114,1332834.25,6.176544e+21,61.886528,51.381687,27.612257,21.901903,2043.302856,56.6341075,24.757080000000002,0.9118445347514889,0.8312798242934757
2013.08.23_16:00:00_TAI,11832,3114,1322966.75,6.162917e+21,62.510311,51.929207,27.576561,21.841366,2017.4198,57.219758999999996,24.708963500000003,0.9098327777762194,0.8207497835896819
2013.08.23_17:00:00_TAI,11832,3114,1281021.75,6.070838e+21,63.130314,52.483749,27.544067,21.783199,2010.531006,57.8070315,24.663632999999997,0.8962391349695977,0.817947205670751
2013.08.23_18:00:00_TAI,11832,3114,1250871.25,6.378002e+21,63.709801,52.918877,27.502281,21.76218,1996.802856,58.314339000000004,24.6322305,0.9415858231292557,0.812362162765161
2013.08.23_19:00:00_TAI,11832,3114,1203370.125,6.773681e+21,64.285599,53.446709,27.470198,21.760643,1965.620728,58.866154,24.6154205,1.0,0.7996762930181378
2013.08.23_20:00:00_TAI,11832,3114,1167288.375,6.690184e+21,64.850632,53.976784,27.415771,21.763243,1923.733154,59.413708,24.589506999999998,0.987673319720843,0.7826351113584769
2013.08.23_21:00:00_TAI,11832,3114,1130266.25,6.390136e+21,65.391617,54.532948,27.364937,21.774874,1877.872314,59.9622825,24.5699055,0.9433771681896446,0.763977480207419
2013.07.06_14:00:00_TAI,11789,2942,118763.203125,1.8564e+20,-40.617008,-42.799744,-25.437529,-26.443478,99.878662,-41.708376,-25.9405035,0.07978185053151371,0.06144565649409615
2013.07.06_15:00:00_TAI,11789,2942,323262.3125,1.032588e+21,-39.405811,-43.44463,-25.155664,-26.853569,303.78656,-41.425220499999995,-26.0046165,0.4437717166377649,0.18689041522485683
2013.07.06_16:00:00_TAI,11789,2942,381017.8125,1.213199e+21,-38.482002,-43.251053,-25.039145,-27.077801,438.963806,-40.866527500000004,-26.058473,0.5213922715092754,0.2700518679036475
2013.07.06_17:00:00_TAI,11789,2942,429129.59375,1.306615e+21,-37.761753,-43.071781,-24.912672,-27.220022,552.771118,-40.416767,-26.066347,0.5615393376009145,0.3400664722209183
2013.07.06_18:00:00_TAI,11789,2942,527150.6875,1.498319e+21,-36.43045,-42.84647,-24.596926,-27.438074,823.018616,-39.638459999999995,-26.0175,0.6439272921058342,0.5063235545444373
2013.07.06_19:00:00_TAI,11789,2942,608322.375,1.595914e+21,-35.722279,-42.545601,-24.446947,-27.537571,952.714294,-39.133939999999996,-25.992259,0.6858703523440538,0.5861127299256303
2013.07.06_20:00:00_TAI,11789,2942,675404.8125,1.694378e+21,-35.081253,-42.192043,-24.418226,-27.658564,1049.086914,-38.636647999999994,-26.038395,0.7281868796589372,0.6454014587229391
2013.07.06_21:00:00_TAI,11789,2942,700376.625,1.854517e+21,-34.480228,-41.829006,-24.383184,-27.722219,1119.690674,-38.154617,-26.052701499999998,0.7970092550212842,0.6888371065107679
2013.07.06_22:00:00_TAI,11789,2942,738415.3125,2.060771e+21,-33.895988,-41.407463,-24.351435,-27.743835,1179.060303,-37.6517255,-26.047635,0.8856503119030276,0.7253614827555751
2013.07.06_23:00:00_TAI,11789,2942,756744.6875,2.136254e+21,-33.286987,-40.901726,-24.325907,-27.754269,1209.750488,-37.0943565,-26.040088,0.9180903755944209,0.7442421778659107
2013.07.07_00:00:00_TAI,11789,2942,784772.875,2.088884e+21,-32.712505,-40.380447,-24.303059,-27.76087,1232.019775,-36.546476,-26.0319645,0.8977323371346179,0.7579423109270689
2013.07.07_01:00:00_TAI,11789,2942,814213.0,2.110695e+21,-32.085255,-39.838966,-24.311102,-27.743961,1248.136841,-35.962110499999994,-26.027531500000002,0.9071059739690439,0.7678575789262405
2013.07.07_02:00:00_TAI,11789,2942,844037.3125,2.158411e+21,-31.422178,-39.298309,-24.268137,-27.747814,1278.258301,-35.3602435,-26.0079755,0.9276127116331342,0.7863883926876489
2013.07.07_03:00:00_TAI,11789,2942,902649.5,2.275713e+21,-30.752848,-38.734615,-24.191978,-27.754236,1329.196777,-34.743731499999996,-25.973107,0.9780251800184371,0.8177258979761035
2013.07.07_04:00:00_TAI,11789,2942,933119.1875,2.326845e+21,-30.113316,-38.250839,-24.041025,-27.810532,1417.043701,-34.1820775,-25.9257785,1.0,0.8717695926760481
2013.07.07_05:00:00_TAI,11789,2942,959059.3125,2.282505e+21,-29.476622,-37.711094,-23.948221,-27.839779,1485.884521,-33.593858,-25.894,0.9809441539939274,0.9141206744165294
2013.07.07_06:00:00_TAI,11789,2942,953695.375,2.101963e+21,-28.891933,-37.172592,-23.926041,-27.860432,1521.606323,-33.0322625,-25.8932365,0.903353253009977,0.9360968356014091
2013.03.21_00:00:00_TAI,11702,2581,6812.899902,0.0,8.950287,8.278764,8.198227,7.793306,20.582491,8.6145255,7.9957665,0.0,0.007052313735648954
2013.03.21_01:00:00_TAI,11702,2581,69695.898438,2.303471e+19,10.055426,8.371829,8.582491,7.469678,132.76001,9.213627500000001,8.0260845,0.002421858719799983,0.04548843199143837
2013.03.21_02:00:00_TAI,11702,2581,240035.09375,2.065594e+20,10.858274,8.622518,8.820825,7.244199,245.846008,9.740396,8.032512,0.02171755945903606,0.08423582835881539
2013.03.21_03:00:00_TAI,11702,2581,346013.8125,3.55596e+20,11.597434,8.838667,9.056572,7.198287,357.917084,10.2180505,8.1274295,0.03738719842038361,0.12263547535216317
2013.03.21_04:00:00_TAI,11702,2581,438256.3125,4.344551e+20,12.434911,9.023666,9.226505,7.001198,526.562073,10.7292885,8.113851499999999,0.04567840759864455,0.18041941279554974
2013.03.21_05:00:00_TAI,11702,2581,525031.0,5.266571e+20,13.055537,9.482801,9.313897,6.928282,593.646423,11.269169,8.1210895,0.05537248309093414,0.20340496313307116
2013.03.21_06:00:00_TAI,11702,2581,625952.875,5.952911e+20,13.957989,9.849578,9.430505,6.709655,784.662903,11.9037835,8.07008,0.06258863000030492,0.2688541911025776
2013.03.21_08:00:00_TAI,11702,2581,727089.5,7.496661e+20,15.450486,10.770903,9.528928,6.527102,969.287292,13.110694500000001,8.028015,0.0788195458602885,0.3321132550555507
2013.03.21_09:00:00_TAI,11702,2581,811456.625,1.018293e+21,16.334597,11.113509,9.648854,6.339092,1192.451172,13.724053,7.993973,0.10706285346597738,0.40857735729782624
2013.03.21_10:00:00_TAI,11702,2581,851673.1875,8.507847e+20,16.957935,11.630466,9.686246,6.28782,1239.271729,14.294200499999999,7.987033,0.08945110853869714,0.4246197914833597
2013.03.21_11:00:00_TAI,11702,2581,889625.0,9.097508e+20,17.557051,12.188617,9.704461,6.223314,1269.970215,14.872834000000001,7.9638875,0.0956507769286008,0.4351382148598804
2013.03.21_12:00:00_TAI,11702,2581,935231.875,9.841073e+20,18.247252,12.719929,9.788389,6.1148,1367.39978,15.4835905,7.951594500000001,0.10346858483236028,0.46852114501676967
2013.03.21_13:00:00_TAI,11702,2581,975260.6875,1.029601e+21,18.980865,13.189107,9.905985,6.013474,1507.191284,16.084986,7.9597295,0.10825177133833168,0.5164188238636219
2013.03.21_14:00:00_TAI,11702,2581,1027049.1875,1.100644e+21,19.622286,13.623672,10.011653,5.978739,1599.133423,16.622979,7.995196,0.11572119938977014,0.5479215612997586
2013.03.21_15:00:00_TAI,11702,2581,1081752.375,1.14588e+21,20.230776,14.097456,10.070699,5.968462,1658.270874,17.164116,8.0195805,0.12047729143733106,0.5681842135695235
2013.03.21_16:00:00_TAI,11702,2581,1111323.75,1.225963e+21,20.848076,14.653836,10.146632,5.961354,1699.541504,17.750956,8.053993,0.12889718089362298,0.5823250399072046
2013.03.21_17:00:00_TAI,11702,2581,1123670.75,1.256536e+21,21.49048,15.219962,10.169353,5.949104,1732.211426,18.355221,8.0592285,0.13211161192576729,0.5935189493160892
2013.03.21_18:00:00_TAI,11702,2581,1134909.75,1.328699e+21,22.119732,15.76001,10.189445,5.941695,1756.657959,18.939871,8.06557,0.1396987962574531,0.601895225077118
2013.03.21_19:00:00_TAI,11702,2581,1150509.375,1.37035e+21,22.774658,16.32645,10.206772,5.946939,1775.761963,19.550553999999998,8.0768555,0.14407796306868662,0.6084409551257838
2013.03.21_20:00:00_TAI,11702,2581,1166960.125,1.381248e+21,23.432775,16.871304,10.238398,5.937543,1816.217041,20.1520395,8.0879705,0.14522377373130751,0.6223023435386902
2013.03.21_21:00:00_TAI,11702,2581,1191616.75,1.428495e+21,24.096844,17.44478,10.308258,5.928357,1858.037109,20.770812,8.1183075,0.15019130138563394,0.6366314274179045
2013.03.21_22:00:00_TAI,11702,2581,1158781.5,1.463192e+21,24.736025,17.993774,10.345119,5.891239,1906.292969,21.3648995,8.118179,0.1538393278639747,0.6531656488735851
2013.03.21_23:00:00_TAI,11702,2581,1141563.5,1.439508e+21,25.370043,18.510117,10.373875,5.829637,1941.537598,21.940080000000002,8.101756,0.1513492030948874,0.6652417470098384
2013.03.22_00:00:00_TAI,11702,2581,1146925.75,1.460563e+21,26.005581,19.055365,10.401241,5.826555,1955.265503,22.530473,8.113898,0.15356291602400127,0.6699454290371103
2013.03.22_01:00:00_TAI,11702,2581,1186591.625,1.574892e+21,26.684238,19.634779,10.419194,5.752532,1988.055542,23.1595085,8.085863,0.1655834140279272,0.6811804949206404
2013.03.22_02:00:00_TAI,11702,2581,1264228.875,1.734424e+21,27.297117,20.095425,10.484878,5.719581,2045.635376,23.696271,8.1022295,0.18235653447472816,0.7009094506731091
2013.03.22_03:00:00_TAI,11702,2581,1328099.75,1.919427e+21,27.87891,20.615524,10.517055,5.691138,2082.082031,24.247217,8.104096499999999,0.20180766404133246,0.7133974068527065
2013.03.22_04:00:00_TAI,11702,2581,1419329.75,2.141917e+21,28.489157,21.164192,10.549119,5.682118,2108.043213,24.8266745,8.1156185,0.22520015939153648,0.7222926567236906
2013.03.22_05:00:00_TAI,11702,2581,1519744.125,2.312753e+21,29.091097,21.698057,10.570471,5.680584,2138.125977,25.394576999999998,8.1255275,0.24316177715254803,0.7326001112375047
2013.03.22_06:00:00_TAI,11702,2581,1609586.625,2.471084e+21,29.845695,22.155693,10.639759,5.650114,2253.139893,26.000694,8.1449365,0.25980862501669094,0.7720080827798013
2013.03.22_08:00:00_TAI,11702,2581,1705023.25,2.882225e+21,31.15518,23.24474,10.680125,5.65421,2309.227783,27.19996,8.1671675,0.3030357989605906,0.7912258439852144
2013.03.22_09:00:00_TAI,11702,2581,1823620.875,3.349961e+21,31.923592,23.796831,10.709133,5.566721,2405.884277,27.8602115,8.137927,0.35221334494073814,0.8243438917606695
2013.03.22_10:00:00_TAI,11702,2581,1916253.5,3.137172e+21,32.667202,24.302525,10.73846,5.453289,2534.401611,28.484863500000003,8.0958745,0.32984080822864065,0.8683786278787214
2013.03.22_11:00:00_TAI,11702,2581,1991427.0,3.405706e+21,33.389179,24.822321,10.744944,5.394173,2636.782471,29.10575,8.0695585,0.3580743483714412,0.90345805267942
2013.03.22_12:00:00_TAI,11702,2581,2062629.25,3.639451e+21,34.004971,25.358385,10.777807,5.366691,2676.043945,29.681677999999998,8.072249,0.38265018919859495,0.9169104687340183
2013.03.22_13:00:00_TAI,11702,2581,2129245.5,3.84023e+21,34.662563,25.867828,10.796876,5.320787,2737.177002,30.265195499999997,8.0588315,0.40376000008411167,0.9378568885615945
2013.03.22_14:00:00_TAI,11702,2581,2164652.0,3.968753e+21,35.361546,26.378765,10.819283,5.275898,2806.14502,30.8701555,8.0475905,0.41727284866110065,0.9614878524066357
2013.03.22_15:00:00_TAI,11702,2581,2193365.0,4.008709e+21,35.990673,26.915749,10.841017,5.253688,2840.739502,31.453211000000003,8.0473525,0.42147380395892414,0.9733411864169
2013.03.22_16:00:00_TAI,11702,2581,2193376.5,4.07466e+21,36.605526,27.423744,10.84282,5.234556,2873.017578,32.014635,8.038688,0.42840786149338095,0.984400835063661
2013.03.22_17:00:00_TAI,11702,2581,2198508.5,4.254674e+21,37.243908,27.94556,10.851312,5.216861,2893.84082,32.594734,8.0340865,0.44733444991520505,0.9915356388916983
2013.03.22_18:00:00_TAI,11702,2581,2185221.75,4.410825e+21,37.842197,28.514959,10.875802,5.197905,2909.896484,33.178578,8.0368535,0.46375209359100933,0.9970368962352416
2013.03.22_19:00:00_TAI,11702,2581,2144287.5,4.361132e+21,38.425289,29.070723,10.883011,5.171904,2918.544434,33.748006000000004,8.0274575,0.45852739463178566,1.0
2013.03.22_20:00:00_TAI,11702,2581,2105358.25,4.391474e+21,39.03619,29.629528,10.888193,5.16932,2912.259277,34.332859,8.0287565,0.46171753843112895,0.9978464754804552
2013.03.22_21:00:00_TAI,11702,2581,2073155.25,4.352717e+21,39.638767,30.196661,10.875026,5.157186,2900.168457,34.917714000000004,8.016106,0.45764264543689165,0.9937037186119471
2013.03.22_22:00:00_TAI,11702,2581,2016452.875,4.383012e+21,40.24025,30.767099,10.87359,5.160295,2882.931885,35.5036745,8.016942499999999,0.46082784767804597,0.9877978390237522
2013.03.22_23:00:00_TAI,11702,2581,1976593.25,4.455343e+21,40.848885,31.342327,10.866279,5.173443,2858.443848,36.095606000000004,8.019861,0.46843269545176885,0.9794073424752936
2013.03.23_00:00:00_TAI,11702,2581,1951578.0,4.554706e+21,41.459476,31.938705,10.86042,5.177291,2835.198486,36.6990905,8.0188555,0.47887967516088986,0.9714426318033573
2013.03.23_01:00:00_TAI,11702,2581,1920071.0,4.508701e+21,42.065987,32.521698,10.842155,5.180249,2801.436523,37.2938425,8.011202,0.4740427308101948,0.9598745492322355
2013.03.23_02:00:00_TAI,11702,2581,1894610.0,4.547533e+21,42.665215,33.107254,10.828089,5.190492,2761.293213,37.8862345,8.0092905,0.47812550926962727,0.9461199839316888
2013.03.23_03:00:00_TAI,11702,2581,1889792.375,4.640152e+21,43.266422,33.717751,10.814863,5.198962,2721.344971,38.4920865,8.0069125,0.4878634279484018,0.9324322560579525
2013.03.23_04:00:00_TAI,11702,2581,1898114.5,4.674824e+21,43.890415,34.265961,10.822732,5.202677,2703.10376,39.078188,8.0127045,0.4915088259383441,0.9261821504273866
2013.03.23_05:00:00_TAI,11702,2581,1913855.0,4.645214e+21,44.49416,34.78075,10.823014,5.210631,2688.975098,39.637455,8.0168225,0.4883956442793053,0.9213411544036818
2013.03.23_06:00:00_TAI,11702,2581,1974543.625,4.834986e+21,45.09433,35.334507,10.830298,5.2274,2674.588379,40.2144185,8.028849000000001,0.5083481842927842,0.9164117386194298
2013.03.23_09:00:00_TAI,11702,2581,1964876.5,5.559687e+21,46.992577,37.001991,10.841373,5.277953,2616.549561,41.99728399999999,8.059663,0.584542911124499,0.8965255181720492
2013.03.23_10:00:00_TAI,11702,2581,1958086.25,5.055681e+21,47.624184,37.582745,10.846233,5.319716,2600.413086,42.6034645,8.082974499999999,0.5315519541759847,0.89099657202615
2013.03.23_11:00:00_TAI,11702,2581,1938842.25,5.109487e+21,48.254475,38.141468,10.853716,5.340588,2591.006348,43.1979715,8.097152000000001,0.5372090920465096,0.887773479757821
2013.03.23_12:00:00_TAI,11702,2581,1961184.75,5.484921e+21,48.886135,38.714367,10.857,5.360397,2580.585205,43.800251,8.1086985,0.576682048580774,0.8842028152585598
2013.03.23_13:00:00_TAI,11702,2581,1998675.875,5.754552e+21,49.531971,39.265091,10.853074,5.370425,2579.929199,44.398531,8.1117495,0.6050309267944954,0.8839780436250162
2013.03.23_14:00:00_TAI,11702,2581,2025097.75,6.042652e+21,50.188995,39.814255,10.883665,5.363632,2590.709961,45.001625000000004,8.1236485,0.6353216270974024,0.8876719267382585
2013.03.23_15:00:00_TAI,11702,2581,2038732.5,6.18613e+21,50.847969,40.365852,10.907024,5.320083,2634.005859,45.6069105,8.1135535,0.6504068374343009,0.9025066839191388
2013.03.23_16:00:00_TAI,11702,2581,2063004.75,6.402984e+21,51.498127,40.90823,10.923824,5.290754,2660.299316,46.2031785,8.107289,0.6732067663599747,0.9115157833502425
2013.03.23_17:00:00_TAI,11702,2581,2094436.625,6.922963e+21,52.15543,41.450199,10.955663,5.284926,2677.14624,46.8028145,8.1202945,0.7278771171159806,0.9172881552914538
2013.03.23_18:00:00_TAI,11702,2581,2056029.5,7.243213e+21,52.760174,41.997417,10.976159,5.287517,2673.924072,47.378795499999995,8.131838,0.7615480534992015,0.9161841227598729
2013.03.23_19:00:00_TAI,11702,2581,2122902.5,7.230063e+21,53.364864,42.561695,10.986442,5.292404,2659.255371,47.9632795,8.139423,0.7601654686016548,0.9111580896355818
2013.03.23_20:00:00_TAI,11702,2581,2160534.5,7.452692e+21,54.003639,43.131573,10.991374,5.286856,2650.702148,48.567606,8.139115,0.7835725783473537,0.9082274428034286
2013.03.23_21:00:00_TAI,11702,2581,2129676.0,7.750319e+21,54.640816,43.683907,10.988456,5.265574,2653.509277,49.1623615,8.127015,0.8148649430091146,0.9091892678033492
2013.03.23_22:00:00_TAI,11702,2581,2060026.375,7.840259e+21,55.261284,44.228813,10.982579,5.244543,2645.49585,49.7450485,8.113561,0.8243211928711189,0.9064435748111005
2013.03.23_23:00:00_TAI,11702,2581,2003506.375,7.792272e+21,55.815712,44.786945,10.984839,5.238024,2621.574219,50.3013285,8.1114315,0.8192758619602005,0.8982471496611795
2013.03.24_00:00:00_TAI,11702,2581,1980381.875,7.856704e+21,56.434433,45.349293,10.993189,5.2357,2603.631348,50.891863,8.1144445,0.826050212539572,0.8920992662193609
2013.03.24_01:00:00_TAI,11702,2581,1950983.75,7.810043e+21,57.019497,45.914593,10.994571,5.219835,2575.830078,51.467045,8.107203,0.8211442966533035,0.8825735349417675
2013.03.24_02:00:00_TAI,11702,2581,1926052.5,7.920529e+21,57.619572,46.484142,10.98867,5.208407,2546.014404,52.051857,8.0985385,0.8327607434206308,0.8723575952244694
2013.03.24_03:00:00_TAI,11702,2581,1911003.5,8.183249e+21,58.199867,47.052681,10.985758,5.202637,2508.555176,52.626273999999995,8.0941975,0.8603830023015046,0.8595226945241019
2013.03.24_04:00:00_TAI,11702,2581,1921449.125,8.430811e+21,58.835011,47.630268,10.978853,5.197796,2475.588135,53.232639500000005,8.0883245,0.8864115560966738,0.8482269812856994
2013.03.24_05:00:00_TAI,11702,2581,1919853.75,8.482837e+21,59.554993,48.212955,10.969824,5.202422,2448.671631,53.883974,8.086123,0.8918815455932342,0.83900440317915
2013.03.24_06:00:00_TAI,11702,2581,1921196.75,8.400789e+21,60.18203,48.797115,10.952788,5.190456,2418.859131,54.489572499999994,8.071622,0.8832550569488298,0.8287895509902661
2013.03.24_08:00:00_TAI,11702,2581,1862409.5,8.995561e+21,61.525436,49.953487,10.925395,5.189825,2369.300293,55.739461500000004,8.05761,0.9457891090160307,0.8118088816461034
2013.03.24_09:00:00_TAI,11702,2581,1837166.25,9.51117e+21,62.167439,50.540539,10.893521,5.176084,2335.881592,56.353989,8.0348025,1.0,0.8003584131828915
2013.03.24_10:00:00_TAI,11702,2581,1799197.25,8.703875e+21,62.820293,51.093872,10.8779,5.160254,2315.545898,56.9570825,8.019077,0.9151213783372604,0.7933906611202206
2013.03.24_11:00:00_TAI,11702,2581,1803097.125,8.643096e+21,63.464985,51.655994,10.864278,5.154142,2284.383545,57.5604895,8.00921,0.90873110248266,0.7827132999545074
2013.03.13_13:00:00_TAI,11697,2569,276720.59375,3.807765e+20,3.816547,1.829235,15.391676,14.261399,156.297546,2.822891,14.8265375,0.09908654161423187,0.050141225894342674
2013.03.13_14:00:00_TAI,11697,2569,430260.09375,5.520244e+20,5.029581,1.76886,15.720991,13.939251,408.373108,3.3992205,14.830121,0.14364906627029606,0.13100863565319698
2013.03.13_15:00:00_TAI,11697,2569,536753.3125,6.222652e+20,5.963416,2.047684,15.852125,13.652725,595.940125,4.0055499999999995,14.752424999999999,0.16192728972215545,0.1911813025338722
2013.03.13_16:00:00_TAI,11697,2569,699784.875,7.976702e+20,6.89432,2.264184,16.084412,13.492827,836.536438,4.579252,14.7886195,0.207571584556118,0.26836609774159076
2013.03.13_17:00:00_TAI,11697,2569,815481.625,8.74419e+20,7.651437,2.515202,16.281885,13.401408,1029.871704,5.0833195,14.8416465,0.22754333482180497,0.3303892548156553
2013.03.13_18:00:00_TAI,11697,2569,1047102.1875,1.138069e+21,8.523233,2.764125,16.416721,13.244347,1258.122559,5.643679,14.830534,0.29615094767761996,0.4036135502318601
2013.03.13_20:00:00_TAI,11697,2569,1148040.875,1.336325e+21,9.811972,3.662354,16.459175,13.159474,1394.833252,6.737163000000001,14.809324499999999,0.3477415825888373,0.44747119173241906
2013.03.13_21:00:00_TAI,11697,2569,1259592.125,1.425073e+21,10.472648,3.914379,16.687735,13.132116,1594.051636,7.1935135,14.9099255,0.3708357924341924,0.5113816896902686
2013.03.13_22:00:00_TAI,11697,2569,1391075.75,1.630108e+21,11.106899,4.133458,16.824648,13.08422,1774.860962,7.6201785,14.954434,0.42419047440609464,0.569386447223505
2013.03.13_23:00:00_TAI,11697,2569,1481382.0,1.739058e+21,11.708583,4.411365,16.8993,13.056645,1910.430542,8.059974,14.9779725,0.4525416954212323,0.6128780125688825
2013.03.14_00:00:00_TAI,11697,2569,1545961.125,1.967081e+21,12.393684,4.787991,16.920286,12.980152,2035.721191,8.5908375,14.950219,0.5118783679272877,0.6530720328509272
2013.03.14_01:00:00_TAI,11697,2569,1623524.875,2.067975e+21,13.027612,5.156851,16.937656,12.872581,2167.08252,9.0922315,14.9051185,0.5381332379878778,0.6952135650741527
2013.03.14_02:00:00_TAI,11697,2569,1740995.375,2.259597e+21,13.609485,5.532161,16.953564,12.813235,2272.163086,9.570823,14.8833995,0.5879975580738136,0.7289240648980679
2013.03.14_03:00:00_TAI,11697,2569,1873848.25,2.416392e+21,14.243094,5.905483,17.048313,12.710326,2424.182373,10.0742885,14.879319500000001,0.6287991156604911,0.7776927986679757
2013.03.14_04:00:00_TAI,11697,2569,1939864.625,2.414213e+21,14.884942,6.28602,17.101532,12.631187,2558.213623,10.585481,14.8663595,0.6282320912401883,0.8206908581714251
2013.03.14_05:00:00_TAI,11697,2569,1983689.25,2.459245e+21,15.48948,6.747783,17.123226,12.614853,2632.40332,11.1186315,14.8690395,0.6399504224449032,0.844491374887854
2013.03.14_06:00:00_TAI,11697,2569,2061222.125,2.51234e+21,16.157804,7.212551,17.14274,12.546369,2734.614502,11.6851775,14.844554500000001,0.6537669261603573,0.8772813584592517
2013.03.14_09:00:00_TAI,11697,2569,2187973.5,3.241543e+21,17.98218,8.749966,17.158102,12.479023,2821.098633,13.366073,14.818562499999999,0.8435218175591772,0.9050260061503097
2013.03.14_10:00:00_TAI,11697,2569,2235485.0,2.701315e+21,18.559803,9.200739,17.17308,12.44448,2900.305664,13.880271,14.808779999999999,0.7029424377834471,0.9304361148527918
2013.03.14_11:00:00_TAI,11697,2569,2259789.0,2.730022e+21,19.133528,9.683995,17.248753,12.434715,2964.452393,14.408761499999999,14.841734,0.710412639726371,0.9510147849054373
2013.03.14_12:00:00_TAI,11697,2569,2244526.75,2.772941e+21,19.718525,10.186557,17.235474,12.431882,2998.675781,14.952541,14.833677999999999,0.7215811211834495,0.9619938608570056
2013.03.14_13:00:00_TAI,11697,2569,2253927.75,2.847033e+21,20.276178,10.692319,17.253658,12.426536,3031.844971,15.4842485,14.840097,0.7408615128076218,0.9726347435265413
2013.03.14_14:00:00_TAI,11697,2569,2284100.5,2.84952e+21,20.854548,11.168915,17.289047,12.442574,3064.13623,16.0117315,14.8658105,0.7415086857003675,0.9829939804651158
2013.03.14_15:00:00_TAI,11697,2569,2296527.75,2.842464e+21,21.417608,11.649493,17.322058,12.451757,3096.536377,16.5335505,14.8869075,0.7396725570589466,0.993388149352047
2013.03.14_16:00:00_TAI,11697,2569,2318168.5,2.862854e+21,21.968676,12.188685,17.369619,12.467938,3117.146484,17.078680499999997,14.9187785,0.744978490023597,1.0
2013.03.14_17:00:00_TAI,11697,2569,2302371.25,2.869503e+21,22.54001,12.706313,17.388256,12.487106,3112.999512,17.6231615,14.937681,0.7467087081835754,0.9986696255625823
2013.03.14_18:00:00_TAI,11697,2569,2261219.75,2.920243e+21,23.100769,13.242093,17.406759,12.511287,3104.513916,18.171431,14.959023,0.7599123883516166,0.995947393532886
2013.03.14_19:00:00_TAI,11697,2569,2198940.0,2.979974e+21,23.662809,13.783549,17.428015,12.550387,3084.427734,18.723179000000002,14.989201,0.7754557273369785,0.9895036212869873
2013.03.14_20:00:00_TAI,11697,2569,2120429.75,2.811564e+21,24.20953,14.32754,17.450102,12.602517,3063.405273,19.268535,15.0263095,0.7316316875833363,0.9827594849084417
2013.03.14_21:00:00_TAI,11697,2569,2079248.875,2.773999e+21,24.759321,14.87302,17.472343,12.637567,3048.21875,19.8161705,15.054955,0.7218564363907374,0.9778875537759297
2013.03.14_22:00:00_TAI,11697,2569,2070410.625,2.865002e+21,25.315109,15.429956,17.495457,12.658405,3031.753418,20.3725325,15.076930999999998,0.7455374475521928,0.9726053727541153
2013.03.14_23:00:00_TAI,11697,2569,2067323.75,2.927834e+21,25.870909,15.986121,17.491953,12.676345,3008.848877,20.928515,15.084149,0.7618877359305603,0.9652574533933902
2013.03.15_00:00:00_TAI,11697,2569,2001888.75,2.915212e+21,26.451542,16.566154,17.503691,12.693403,2984.680664,21.508848,15.098547,0.758603209894277,0.9575041401872085
2013.03.15_01:00:00_TAI,11697,2569,2007505.625,2.962426e+21,27.024765,17.143616,17.529972,12.71442,2968.406494,22.0841905,15.122196,0.7708893461862338,0.9522832851252042
2013.03.15_02:00:00_TAI,11697,2569,1984533.5,2.903323e+21,27.582689,17.70701,17.54425,12.73277,2948.799316,22.6448495,15.13851,0.7555094268135154,0.9459931803448735
2013.03.15_03:00:00_TAI,11697,2569,2014019.125,3.049054e+21,28.159014,18.267296,17.563166,12.723601,2943.08252,23.213155,15.143383499999999,0.7934318847277606,0.94415919659424
2013.03.15_04:00:00_TAI,11697,2569,2040726.25,3.095379e+21,28.737415,18.829548,17.574343,12.71388,2943.743652,23.7834815,15.1441115,0.8054866833833481,0.9443712918561706
2013.03.15_05:00:00_TAI,11697,2569,2074233.0,3.053008e+21,29.305222,19.383638,17.574984,12.703272,2942.781738,24.344430000000003,15.139128,0.7944608037538631,0.9440627038559155
2013.03.15_06:00:00_TAI,11697,2569,2113878.75,3.195135e+21,29.877037,19.946678,17.567429,12.649177,2949.875488,24.9118575,15.108303,0.8314454204516002,0.9463384230229201
2013.03.15_09:00:00_TAI,11697,2569,2060258.375,3.842868e+21,31.666508,21.675121,17.541975,12.601832,2934.607422,26.6708145,15.071903500000001,1.0,0.9414403323883063
2013.03.15_10:00:00_TAI,11697,2569,2042900.75,3.17114e+21,32.229736,22.241554,17.523384,12.524263,2951.813965,27.235645,15.023823499999999,0.8252013860481286,0.9469602985138378
2013.03.15_11:00:00_TAI,11697,2569,1967927.375,3.132561e+21,32.828289,22.795734,17.514303,12.505175,2946.929199,27.812011499999997,15.009739,0.8151622694300195,0.9453932351675778
2013.03.11_11:00:00_TAI,11696,2560,616909.875,1.217221e+21,-39.525734,-44.199787,5.860014,2.762167,781.953674,-41.8627605,4.3110905,0.081113025839504,0.10028184677273327
2013.03.11_14:00:00_TAI,11696,2560,1150944.75,2.34296e+21,-36.742405,-43.607147,6.327008,2.135379,1585.153076,-40.174775999999994,4.2311935,0.15612988522291704,0.20328835730843925
2013.03.11_15:00:00_TAI,11696,2560,1403835.25,3.023134e+21,-35.712975,-43.356583,6.514266,2.031074,1907.055786,-39.534779,4.27267,0.20145523800384899,0.2445708518004948
2013.03.11_16:00:00_TAI,11696,2560,1641059.625,3.588873e+21,-34.86404,-42.930977,6.575905,1.972463,2060.59082,-38.8975085,4.274184,0.23915488508964128,0.2642609910833935
2013.03.11_17:00:00_TAI,11696,2560,1835398.625,3.976983e+21,-34.033836,-42.407478,6.645213,1.918952,2210.335938,-38.220657,4.2820825,0.26501771234826554,0.28346509162994443
2013.03.11_18:00:00_TAI,11696,2560,1993344.375,4.266699e+21,-33.346714,-41.918118,6.690375,1.851637,2336.097656,-37.632416,4.271006,0.2843237721304397,0.2995934349751944
2013.03.11_19:00:00_TAI,11696,2560,2127273.25,4.535427e+21,-32.634449,-41.396797,6.784551,1.806385,2440.772461,-37.015623,4.2954680000000005,0.3022312361060022,0.31301748182733025
2013.03.11_20:00:00_TAI,11696,2560,2308285.0,4.755524e+21,-31.866459,-40.867279,6.868116,1.785904,2544.762695,-36.366869,4.32701,0.31689803338291195,0.3263537356983603
2013.03.11_21:00:00_TAI,11696,2560,2454323.5,5.213988e+21,-31.12462,-40.47752,6.987334,1.76306,2706.61499,-35.801069999999996,4.375197,0.34744910198794127,0.3471105242226447
2013.03.11_22:00:00_TAI,11696,2560,2568428.5,5.274883e+21,-30.463932,-40.003681,7.053536,1.746428,2815.05127,-35.2338065,4.3999820000000005,0.35150701563591197,0.36101696238788716
2013.03.11_23:00:00_TAI,11696,2560,2651337.0,5.342483e+21,-29.771715,-39.545738,7.101362,1.709443,2914.587646,-34.6587265,4.4054025,0.35601173626326765,0.3737820301127882
2013.03.12_00:00:00_TAI,11696,2560,2766572.0,5.45695e+21,-29.047224,-39.042091,7.154877,1.700086,3025.13208,-34.0446575,4.4274815,0.3636395743705386,0.3879588290211677
2013.03.12_01:00:00_TAI,11696,2560,2844607.75,5.554513e+21,-28.295376,-38.5313,7.199882,1.664014,3130.38501,-33.413338,4.431948,0.37014096576945427,0.4014570176602062
2013.03.12_02:00:00_TAI,11696,2560,2905742.0,5.651725e+21,-27.65093,-38.086586,7.216092,1.632023,3219.192383,-32.868758,4.4240575,0.3766189672728048,0.4128461416807105
2013.03.12_03:00:00_TAI,11696,2560,2956387.75,5.642336e+21,-27.013947,-37.588799,7.231987,1.624852,3291.127441,-32.301373,4.4284195,0.37599330422590777,0.42207147139499185
2013.03.12_04:00:00_TAI,11696,2560,3061056.75,5.707394e+21,-26.374313,-37.024101,7.240775,1.621655,3349.601074,-31.699207,4.431215,0.38032863136458384,0.4295704372541267
2013.03.12_05:00:00_TAI,11696,2560,3161423.0,5.922751e+21,-25.71043,-36.441521,7.260613,1.613009,3424.934814,-31.0759755,4.4368110000000005,0.3946795650945459,0.43923163180143554
2013.03.12_06:00:00_TAI,11696,2560,3277277.0,5.946139e+21,-25.039789,-35.945782,7.275162,1.589416,3506.857422,-30.4927855,4.432289,0.39623809181100433,0.44973781739252555
2013.03.12_09:00:00_TAI,11696,2560,3596718.25,6.599523e+21,-23.042418,-34.519348,7.288962,1.494596,3773.772705,-28.780883000000003,4.391779,0.43977821581076976,0.4839684353959991
2013.03.12_10:00:00_TAI,11696,2560,3688973.5,6.128059e+21,-22.371992,-34.036148,7.370555,1.462474,3899.104492,-28.204069999999998,4.4165145,0.40836085477740286,0.5000416421313726
2013.03.12_11:00:00_TAI,11696,2560,3765907.75,5.9857e+21,-21.745457,-33.518475,7.427736,1.427061,4010.62793,-27.631966,4.4273985,0.39887435294619394,0.5143439936554406
2013.03.12_12:00:00_TAI,11696,2560,3877184.0,5.915564e+21,-21.067997,-33.080109,7.463588,1.398112,4108.181152,-27.074053,4.4308499999999995,0.3942006386574333,0.5268547312938322
2013.03.12_13:00:00_TAI,11696,2560,3986866.25,6.065429e+21,-20.419142,-32.545296,7.493173,1.379891,4215.882812,-26.482219,4.436532,0.4041873244091886,0.5406669579313005
2013.03.12_14:00:00_TAI,11696,2560,4191758.0,6.212755e+21,-19.717848,-32.009247,7.525998,1.357579,4331.335449,-25.863547500000003,4.4417885,0.4140048165859016,0.5554732105752929
2013.03.12_15:00:00_TAI,11696,2560,4405251.5,6.524284e+21,-19.079092,-31.47621,7.570585,1.319178,4443.587891,-25.277651,4.4448815,0.4347644484249471,0.5698690534017941
2013.03.12_16:00:00_TAI,11696,2560,4674944.5,7.042614e+21,-18.378618,-31.01614,7.576976,1.287951,4568.381348,-24.697378999999998,4.4324635,0.4693048603003503,0.5858732218701087
2013.03.12_17:00:00_TAI,11696,2560,4823899.0,7.050082e+21,-17.709967,-30.489311,7.575853,1.259267,4691.434082,-24.099639,4.41756,0.4698025119814907,0.6016541508768493
2013.03.12_18:00:00_TAI,11696,2560,4969591.5,7.104501e+21,-17.018175,-30.04281,7.5769,1.237401,4816.381348,-23.5304925,4.4071505,0.4734288787243911,0.6176780446192859
2013.03.12_19:00:00_TAI,11696,2560,5106427.0,7.155177e+21,-16.361019,-29.596102,7.561088,1.210935,4942.958008,-22.9785605,4.3860115,0.4768058198858094,0.6339109004075232
2013.03.12_20:00:00_TAI,11696,2560,5247445.5,7.803198e+21,-15.639702,-29.073591,7.560652,1.209265,5028.394531,-22.3566465,4.3849585,0.5199885649399459,0.644867728916882
2013.03.12_21:00:00_TAI,11696,2560,5316642.5,7.819063e+21,-14.953781,-28.527748,7.561348,1.209884,5097.01416,-21.740764499999997,4.385616,0.5210457748919134,0.6536678706001857
2013.03.12_22:00:00_TAI,11696,2560,5326181.0,7.686636e+21,-14.300468,-27.983067,7.541238,1.213272,5160.956055,-21.1417675,4.377255,0.5122211204759544,0.661868115103095
2013.03.12_23:00:00_TAI,11696,2560,5393916.0,7.701906e+21,-13.527808,-27.439493,7.557128,1.211688,5253.03125,-20.4836505,4.384408,0.5132386808898556,0.6736763217828164
2013.03.13_00:00:00_TAI,11696,2560,5437800.0,7.682537e+21,-12.786673,-26.870792,7.565838,1.214884,5336.899414,-19.8287325,4.390361,0.5119479718095117,0.6844320156953928
2013.03.13_01:00:00_TAI,11696,2560,5431856.5,7.542068e+21,-12.172296,-26.303616,7.558319,1.200415,5385.524414,-19.237956,4.379367,0.5025874155698072,0.6906679411235329
2013.03.13_02:00:00_TAI,11696,2560,5456907.0,7.456243e+21,-11.466977,-25.736116,7.568258,1.200629,5442.071777,-18.601546499999998,4.3844435,0.4968682195958013,0.6979198719991311
2013.03.13_03:00:00_TAI,11696,2560,5579644.5,7.56256e+21,-10.767661,-25.17659,7.581134,1.194112,5528.490234,-17.9721255,4.387623,0.5039529589883837,0.7090026288827698
2013.03.13_04:00:00_TAI,11696,2560,5703390.0,7.649663e+21,-10.154071,-24.641062,7.627123,1.199541,5610.224609,-17.3975665,4.4133320000000005,0.5097573181718831,0.7194846744851479
2013.03.13_05:00:00_TAI,11696,2560,5864578.5,7.831129e+21,-9.545422,-24.086845,7.64489,1.211783,5669.060547,-16.8161335,4.4283365,0.5218498275411689,0.7270301042406785
2013.03.13_06:00:00_TAI,11696,2560,6141623.0,8.436778e+21,-8.908605,-23.567863,7.725084,1.201061,5798.739746,-16.238234,4.4630725,0.5622089923819577,0.743660845927978
2013.03.13_09:00:00_TAI,11696,2560,6723242.0,9.205011e+21,-6.938357,-22.003044,7.771727,1.190838,6116.909668,-14.4707005,4.4812825,0.6134024101588115,0.7844646280785001
2013.03.13_10:00:00_TAI,11696,2560,6828355.5,8.524726e+21,-6.291239,-21.506403,7.843779,1.174405,6267.027832,-13.898821,4.509092,0.568069660573299,0.8037165700037094
2013.03.13_11:00:00_TAI,11696,2560,6850135.0,8.448062e+21,-5.615363,-20.950554,7.859976,1.158273,6377.43457,-13.2829585,4.5091244999999995,0.5629609342097547,0.817875710053729
2013.03.13_12:00:00_TAI,11696,2560,6915463.5,8.353771e+21,-4.953032,-20.40447,7.905372,1.13917,6455.65625,-12.678751,4.522271,0.5566775819512637,0.8279072691970469
2013.03.13_13:00:00_TAI,11696,2560,6971379.5,8.339481e+21,-4.3216,-19.858616,7.897095,1.12424,6515.409668,-12.090108,4.5106675,0.5557253266588834,0.8355703614073191
2013.03.13_14:00:00_TAI,11696,2560,7075122.5,8.519375e+21,-3.657753,-19.283144,7.907691,1.116743,6616.755859,-11.4704485,4.512217,0.5677130812822194,0.848567529314816
2013.03.13_15:00:00_TAI,11696,2560,7231316.5,8.744999e+21,-2.99546,-18.710484,7.953731,1.100328,6711.427246,-10.852972000000001,4.5270295,0.5827481861169308,0.8607086852944683
2013.03.13_16:00:00_TAI,11696,2560,7381317.5,8.829408e+21,-2.363582,-18.166149,8.000429,1.102837,6772.366699,-10.2648655,4.551633000000001,0.5883730228541271,0.8685238808634071
2013.03.13_17:00:00_TAI,11696,2560,7495761.0,8.811017e+21,-1.670257,-17.595919,7.988133,1.107524,6865.029785,-9.633087999999999,4.5478285000000005,0.5871474856195458,0.8804074817731722
2013.03.13_18:00:00_TAI,11696,2560,7614170.5,9.03296e+21,-0.980513,-17.06011,8.062133,1.105608,6961.356934,-9.0203115,4.5838705,0.6019372964212794,0.8927609813694568
2013.03.13_20:00:00_TAI,11696,2560,7671752.5,9.340941e+21,0.281757,-15.932671,8.070084,1.0909,7045.722656,-7.825456999999999,4.580492,0.6224604970652678,0.9035804847336356
2013.03.13_21:00:00_TAI,11696,2560,7640612.5,9.184554e+21,0.944361,-15.370173,8.060854,1.078459,7111.007324,-7.212905999999999,4.569656500000001,0.6120391990660035,0.9119529334996795
2013.03.13_22:00:00_TAI,11696,2560,7589797.5,9.166552e+21,1.574406,-14.783907,8.052038,1.067575,7146.952637,-6.6047505,4.5598065,0.6108395839663933,0.9165627492602791
2013.03.13_23:00:00_TAI,11696,2560,7505720.0,9.102965e+21,2.236542,-14.225838,8.02041,1.083587,7200.446289,-5.994648,4.5519985,0.6066022811478775,0.9234230561960298
2013.03.14_00:00:00_TAI,11696,2560,7471136.0,9.108214e+21,2.900277,-13.639112,8.108609,1.099252,7254.211426,-5.369417500000001,4.6039305,0.6069520633752886,0.9303181797942968
2013.03.14_01:00:00_TAI,11696,2560,7401002.5,9.168662e+21,3.531809,-13.116275,8.107409,1.096518,7314.294434,-4.7922329999999995,4.6019635,0.6109801898913003,0.9380235403575121
2013.03.14_02:00:00_TAI,11696,2560,7408031.0,9.087164e+21,4.13541,-12.562453,8.105822,1.117295,7354.438965,-4.2135215,4.6115585,0.6055493360201726,0.9431718858930115
2013.03.14_03:00:00_TAI,11696,2560,7477119.5,8.967007e+21,4.797472,-12.010784,8.165581,1.11806,7406.663574,-3.6066559999999996,4.6418205,0.5975423283808062,0.9498694440881328
2013.03.14_04:00:00_TAI,11696,2560,7526561.0,8.982645e+21,5.432563,-11.428085,8.136925,1.119116,7433.753906,-2.9977609999999997,4.6280205,0.5985844115342173,0.9533436505698923
2013.03.14_05:00:00_TAI,11696,2560,7599753.5,8.82163e+21,6.03605,-10.848372,8.140579,1.116469,7439.986328,-2.4061609999999996,4.6285240000000005,0.5878547134304647,0.9541429291062151
2013.03.14_06:00:00_TAI,11696,2560,7608766.0,8.678092e+21,6.669419,-10.271457,8.175598,1.086246,7471.998535,-1.8010189999999997,4.630922,0.5782896455397935,0.9582483426926868
2013.03.14_09:00:00_TAI,11696,2560,7518255.5,9.089108e+21,8.578232,-8.599943,8.277714,1.072686,7518.118164,-0.010855499999999907,4.6752,0.6056788800571486,0.9641629661830208
2013.03.14_10:00:00_TAI,11696,2560,7411074.5,7.796975e+21,9.225628,-8.075446,8.284116,1.069874,7560.359375,0.5750910000000005,4.676995,0.5195738774182886,0.9695802009756239
2013.03.14_11:00:00_TAI,11696,2560,7360519.5,7.779271e+21,9.846632,-7.516477,8.315732,1.063155,7590.632812,1.1650774999999998,4.6894435,0.518394120406651,0.9734626255635005
2013.03.14_12:00:00_TAI,11696,2560,7335227.5,8.004962e+21,10.455605,-6.942843,8.318272,1.029325,7603.884277,1.7563810000000002,4.6737985,0.5334336899792623,0.9751620630453227
2013.03.14_13:00:00_TAI,11696,2560,7278436.5,7.911995e+21,11.03861,-6.368795,8.322757,1.027272,7607.168457,2.3349075,4.6750145,0.5272385662727035,0.9755832435403888
2013.03.14_14:00:00_TAI,11696,2560,7351274.5,7.921741e+21,11.647467,-5.824242,8.356135,1.023078,7618.272949,2.9116125000000004,4.6896065,0.5278880190424403,0.9770073419265971
2013.03.14_15:00:00_TAI,11696,2560,7492770.5,7.999381e+21,12.263599,-5.282281,8.392628,1.02028,7708.794922,3.4906589999999995,4.706454,0.5330617839759891,0.988616355257931
2013.03.14_16:00:00_TAI,11696,2560,7573014.0,7.819749e+21,12.879041,-4.88905,8.396904,1.018032,7785.219238,3.9949955000000004,4.7074679999999995,0.521091488476978,0.9984174110002983
2013.03.14_17:00:00_TAI,11696,2560,7548387.5,8.013772e+21,13.466321,-4.345973,8.37155,1.014786,7795.141602,4.560174,4.693168,0.5340207696941588,0.9996899070820435
2013.03.14_18:00:00_TAI,11696,2560,7566867.5,7.959982e+21,14.053341,-3.775404,8.377443,1.012994,7797.55957,5.1389685,4.695218499999999,0.5304363181772142,1.0
2013.03.14_19:00:00_TAI,11696,2560,7471935.5,8.185496e+21,14.644377,-3.233279,8.382751,1.040859,7791.69873,5.705549,4.711805,0.5454640928452242,0.9992483750912851
2013.03.14_20:00:00_TAI,11696,2560,7361419.0,7.850116e+21,15.209445,-2.691121,8.387918,1.068556,7774.117676,6.259162,4.728237,0.5231150809516956,0.9969936883726814
2013.03.14_21:00:00_TAI,11696,2560,7194661.5,7.775756e+21,15.830289,-2.1498,8.366685,1.067809,7775.912109,6.840244500000001,4.717247,0.5181598882616043,0.9972238158867954
2013.03.14_22:00:00_TAI,11696,2560,7009417.0,7.666756e+21,16.43236,-1.606134,8.440929,1.040412,7780.170898,7.413112999999999,4.7406705,0.5108963594393889,0.997769985359663
2013.03.14_23:00:00_TAI,11696,2560,6840765.5,7.635492e+21,17.001654,-1.035684,8.486749,1.042285,7765.436035,7.982984999999999,4.764517,0.508812992787116,0.995880309126
2013.03.15_00:00:00_TAI,11696,2560,6735538.5,7.537228e+21,17.597723,-0.495522,8.499723,1.044856,7731.779785,8.551100499999999,4.772289499999999,0.5022648882349492,0.9915640548290161
2013.03.15_01:00:00_TAI,11696,2560,6747687.0,7.453638e+21,18.169096,0.072638,8.517367,1.023162,7693.009277,9.120867,4.7702645,0.4966946279207382,0.9865919212208083
2013.03.15_02:00:00_TAI,11696,2560,6755579.0,7.501636e+21,18.743778,0.64353,8.535781,1.005194,7656.513184,9.693653999999999,4.7704875,0.499893112841919,0.9819114705397499
2013.03.15_03:00:00_TAI,11696,2560,6763878.5,7.548107e+21,19.344442,1.212152,8.524432,0.984817,7632.481445,10.278297,4.754624499999999,0.5029898417217096,0.9788295140911633
2013.03.15_04:00:00_TAI,11696,2560,6841873.5,7.549512e+21,19.92252,1.753719,8.513167,0.961703,7624.212402,10.8381195,4.737435,0.5030834679418491,0.9777690485793877
2013.03.15_05:00:00_TAI,11696,2560,6839270.5,7.565189e+21,20.498049,2.322076,8.498311,0.917442,7610.834473,11.4100625,4.707876499999999,0.5041281499725452,0.9760533926898874
2013.03.15_06:00:00_TAI,11696,2560,6880350.0,7.434202e+21,21.076353,2.891137,8.458584,0.864536,7600.53125,11.983745,4.66156,0.4953994541024944,0.9747320532493219
2013.03.15_09:00:00_TAI,11696,2560,6917311.0,8.796646e+21,22.766212,4.577266,8.234365,0.740287,7518.800293,13.671738999999999,4.487326,0.586189832658958,0.9642504459892186
2013.03.15_10:00:00_TAI,11696,2560,6929743.5,7.480649e+21,23.335289,5.066982,8.159446,0.725433,7531.47998,14.2011355,4.442439500000001,0.49849458367318655,0.9658765556567591
2013.03.15_11:00:00_TAI,11696,2560,6885692.0,7.430741e+21,23.906462,5.622085,8.055451,0.704182,7505.600586,14.764273500000002,4.3798165,0.4951688204029193,0.9625576462252021
2013.03.15_12:00:00_TAI,11696,2560,6820993.5,7.591979e+21,24.499058,6.163764,7.904823,0.689275,7471.834473,15.331411000000001,4.297049,0.5059133787537117,0.9582273025199857
2013.03.15_13:00:00_TAI,11696,2560,6793995.0,7.657988e+21,25.093178,6.736257,7.831953,0.697699,7442.146973,15.914717500000002,4.264826,0.5103120785154147,0.9544200215709284
2013.03.15_14:00:00_TAI,11696,2560,6811421.5,7.685306e+21,25.683788,7.281269,7.788539,0.708627,7426.844238,16.4825285,4.248583,0.5121324920967476,0.952457518448942
2013.03.15_15:00:00_TAI,11696,2560,6863959.5,7.693526e+21,26.255886,7.8539,7.746004,0.698637,7407.910156,17.054893,4.2223205,0.5126802554629734,0.950029312312134
2013.03.15_16:00:00_TAI,11696,2560,6865110.5,7.999965e+21,26.858278,8.370081,7.703109,0.674842,7405.903809,17.6141795,4.188975500000001,0.5331007004973851,0.9497720078334714
2013.03.15_17:00:00_TAI,11696,2560,6809342.0,8.068945e+21,27.435675,8.916944,7.663146,0.655433,7406.824707,18.176309500000002,4.1592895,0.5376973813979028,0.9498901086304877
2013.03.15_18:00:00_TAI,11696,2560,6768414.5,8.320133e+21,28.011623,9.433401,7.620932,0.640341,7385.449219,18.722512000000002,4.1306365,0.5544360169740006,0.9471488037634831
2013.03.15_19:00:00_TAI,11696,2560,6650392.5,8.326667e+21,28.589388,9.982278,7.639511,0.65363,7358.875,19.285833,4.1465705,0.5548714288760589,0.9437407863239959
2013.03.15_20:00:00_TAI,11696,2560,6546781.5,8.283801e+21,29.147728,10.533377,7.634235,0.649202,7329.251953,19.8405525,4.1417185000000005,0.5520149295504342,0.9399417711662317
2013.03.15_21:00:00_TAI,11696,2560,6424827.0,8.391289e+21,29.73361,11.112841,7.626105,0.657152,7281.729492,20.4232255,4.1416284999999995,0.5591777018994462,0.9338472411311121
2013.03.15_22:00:00_TAI,11696,2560,6288176.5,8.506985e+21,30.296328,11.665187,7.594461,0.675354,7222.70459,20.9807575,4.1349075,0.5668874379601346,0.9262775776395896
2013.03.15_23:00:00_TAI,11696,2560,6170276.0,8.579938e+21,30.860857,12.219803,7.562258,0.693253,7151.658203,21.54033,4.1277555,0.571748871154328,0.9171662157625555
2013.03.16_00:00:00_TAI,11696,2560,6091679.5,8.674339e+21,31.452745,12.803371,7.521811,0.714916,7078.091309,22.128058,4.1183635,0.5780395535795203,0.9077316108275656
2013.03.16_01:00:00_TAI,11696,2560,6083910.0,8.688676e+21,31.998411,13.330283,7.439961,0.740433,7003.235352,22.664347,4.090197,0.5789949408522186,0.8981316896819808
2013.03.16_02:00:00_TAI,11696,2560,6145738.5,8.944382e+21,32.567646,13.855283,7.377849,0.766065,6934.066895,23.2114645,4.071957,0.5960346463661031,0.8892611634129522
2013.03.16_03:00:00_TAI,11696,2560,6220654.0,9.004132e+21,33.137913,14.320456,7.379695,0.785445,6928.005859,23.7291845,4.08257,0.6000162596425012,0.8884838643175637
2013.03.16_04:00:00_TAI,11696,2560,6355686.0,9.225019e+21,33.684612,14.820374,7.490073,0.787712,6963.640137,24.252493,4.1388925,0.6147357008439022,0.8930537913158899
2013.03.16_05:00:00_TAI,11696,2560,6496146.0,9.454002e+21,34.254452,15.347482,7.531171,0.789081,7009.531738,24.800967,4.160126,0.6299946423145202,0.8989391712976679
2013.03.16_06:00:00_TAI,11696,2560,6659332.0,9.83098e+21,34.812248,15.906013,7.568904,0.786632,7047.596191,25.3591305,4.177768,0.655115656702971,0.9038207567037541
2013.03.16_09:00:00_TAI,11696,2560,6940616.5,1.154874e+22,36.481194,17.631489,7.747019,0.812521,7067.20752,27.056341500000002,4.27977,0.7695835399107586,0.9063358165534348
2013.03.16_10:00:00_TAI,11696,2560,6926055.0,1.020799e+22,37.09087,18.177145,7.784431,0.835376,7128.157227,27.634007500000003,4.3099035,0.6802388035035531,0.9141523271491979
2013.03.16_11:00:00_TAI,11696,2560,6854061.0,1.031732e+22,37.713078,18.757021,7.81241,0.838379,7154.598633,28.235049500000002,4.3253945,0.6875243228258726,0.9175433119518956
2013.03.16_12:00:00_TAI,11696,2560,6814506.0,1.041598e+22,38.277912,19.297523,7.822194,0.86024,7162.219238,28.7877175,4.341216999999999,0.6940988159781641,0.9185206183682928
2013.03.16_13:00:00_TAI,11696,2560,6740184.0,1.05472e+22,38.845795,19.868258,7.822037,0.866244,7131.741699,29.357026500000003,4.3441405,0.702843038474046,0.9146120186677843
2013.03.16_14:00:00_TAI,11696,2560,6699998.5,1.054352e+22,39.434914,20.442478,7.802157,0.883309,7088.281738,29.938696,4.342733,0.7025978110789471,0.9090384849730618
2013.03.16_15:00:00_TAI,11696,2560,6704163.0,1.067703e+22,40.021919,21.017012,7.783,0.892073,7045.28125,30.5194655,4.337536500000001,0.7114946343179747,0.9035238765094807
2013.03.16_16:00:00_TAI,11696,2560,6678044.0,1.084482e+22,40.610409,21.59437,7.771998,0.907355,6990.339844,31.1023895,4.3396765,0.7226758040526493,0.8964779019956881
2013.03.16_17:00:00_TAI,11696,2560,6659137.5,1.10832e+22,41.201809,22.145824,7.745431,0.907134,6935.802734,31.6738165,4.3262825,0.7385609416731972,0.8894837765247108
2013.03.16_18:00:00_TAI,11696,2560,6616701.5,1.194028e+22,41.766914,22.727812,7.700342,0.906981,6885.827148,32.247363,4.3036615000000005,0.7956749350947058,0.8830746448532742
2013.03.16_19:00:00_TAI,11696,2560,6571588.0,1.198636e+22,42.372986,23.314518,7.719298,0.907238,6850.316895,32.843751999999995,4.313268,0.7987456085637671,0.878520623472454
2013.03.16_20:00:00_TAI,11696,2560,6459926.5,1.196754e+22,42.94598,23.872438,7.7602,0.887093,6832.935059,33.409209,4.3236465,0.7974914836790508,0.8762914855166666
2013.03.16_21:00:00_TAI,11696,2560,6350790.5,1.213004e+22,43.522106,24.434715,7.823512,0.87974,6806.558594,33.9784105,4.3516259999999996,0.8083201390332709,0.8729088290889453
2013.03.16_22:00:00_TAI,11696,2560,6201181.0,1.246405e+22,44.075417,25.029474,7.86543,0.882748,6744.762695,34.552445500000005,4.374089,0.8305778570324287,0.8649837983860379
2013.03.16_23:00:00_TAI,11696,2560,6017984.0,1.253433e+22,44.627087,25.594877,7.910365,0.890739,6684.867676,35.110982,4.400551999999999,0.8352611671757801,0.8573025465196926
2013.03.17_00:00:00_TAI,11696,2560,5916399.0,1.256874e+22,45.180096,26.163927,7.924975,0.898136,6615.256836,35.672011499999996,4.4115555,0.8375541765957106,0.8483752867308969
2013.03.17_01:00:00_TAI,11696,2560,5848471.5,1.270498e+22,45.705772,26.672445,7.930577,0.896921,6546.400879,36.1891085,4.413749,0.846632921244689,0.8395448371034374
2013.03.17_02:00:00_TAI,11696,2560,5872186.5,1.296625e+22,46.251656,27.244251,7.984412,0.889432,6494.35498,36.747953499999994,4.436922,0.8640433999179022,0.8328701976174835
2013.03.17_03:00:00_TAI,11696,2560,5897315.5,1.319186e+22,46.749786,27.790342,8.034499,0.875247,6439.8125,37.270064,4.454873,0.8790775718223062,0.8258753834694974
2013.03.17_04:00:00_TAI,11696,2560,5930134.0,1.348776e+22,47.273468,28.367163,8.08942,0.872252,6396.359375,37.8203155,4.480836,0.8987957202488525,0.8203027264593247
2013.03.17_05:00:00_TAI,11696,2560,5996499.5,1.357229e+22,47.84425,28.918041,8.143601,0.85111,6373.644043,38.3811455,4.4973555,0.9044286201694202,0.8173895929595315
2013.03.17_06:00:00_TAI,11696,2560,6018680.5,1.343474e+22,48.457504,29.500158,8.169106,0.840539,6342.759766,38.978831,4.5048224999999995,0.8952625798988172,0.8134288310412997
2013.03.17_08:00:00_TAI,11696,2560,5565890.0,1.467872e+22,49.629726,30.634007,8.154313,0.843244,6229.817383,40.1318665,4.4987785,0.9781587687452354,0.798944506556684
2013.03.17_09:00:00_TAI,11696,2560,5902781.5,1.500648e+22,50.253353,31.241306,8.199188,0.848417,6199.085449,40.7473295,4.5238024999999995,1.0,0.7950032819050332
2013.03.17_11:00:00_TAI,11696,2560,5668162.0,1.31786e+22,51.439873,32.398766,8.267676,0.842039,6115.03125,41.9193195,4.5548575,0.8781939535454018,0.7842237298868112
2013.03.17_12:00:00_TAI,11696,2560,5620706.0,1.338605e+22,52.055573,32.997227,8.281464,0.850433,6073.475586,42.5264,4.5659485,0.8920179815652971,0.7788944132426806
2013.05.06_15:00:00_TAI,11736,2732,290173.8125,2.00687e+20,26.681768,23.488588,-6.794033,-8.297454,337.141571,25.085178,-7.5457435,0.012322170414314536,0.10387186429979149
2013.05.06_16:00:00_TAI,11736,2732,458788.0,4.456321e+20,27.438498,23.552509,-6.635143,-8.414228,482.246735,25.495503499999998,-7.5246855,0.02736178565771005,0.14857813964726857
2013.05.06_17:00:00_TAI,11736,2732,558109.875,6.920564e+20,28.274057,23.827694,-6.556857,-8.574149,616.075806,26.0508755,-7.565503,0.0424922236971853,0.18981029936298383
2013.05.06_18:00:00_TAI,11736,2732,616347.3125,8.046767e+20,28.865372,24.167406,-6.510237,-8.587518,671.452209,26.516389,-7.5488775,0.04940710372783615,0.20687153034902137
2013.05.06_19:00:00_TAI,11736,2732,727251.6875,1.026759e+21,29.711142,24.342201,-6.316857,-8.769009,889.862854,27.0266715,-7.542933,0.06304294434831942,0.27416290830570156
2013.05.06_20:00:00_TAI,11736,2732,775641.8125,1.100663e+21,30.355698,24.85075,-6.294402,-8.876661,967.927063,27.603224,-7.5855315,0.06758064575548332,0.29821415449248095
2013.05.06_21:00:00_TAI,11736,2732,826558.1875,1.253071e+21,31.02412,25.266094,-6.276189,-8.928891,1024.286499,28.145107,-7.602539999999999,0.07693848830883679,0.31557825370706516
2013.05.06_22:00:00_TAI,11736,2732,941396.875,1.41542e+21,31.871645,25.602894,-6.243536,-9.05801,1181.528442,28.7372695,-7.650772999999999,0.0869067076982021,0.3640238183317004
2013.05.06_23:00:00_TAI,11736,2732,1058964.25,1.721494e+21,32.826286,26.079039,-6.158893,-9.166478,1355.658203,29.452662500000002,-7.6626855,0.10569963393353825,0.41767244686332433
2013.05.07_00:00:00_TAI,11736,2732,1200133.375,1.914438e+21,33.82349,26.52289,-6.035301,-9.255544,1565.909668,30.173189999999998,-7.6454225000000005,0.11754638458714065,0.48245001664368337
2013.05.07_01:00:00_TAI,11736,2732,1295060.125,2.237094e+21,34.749218,27.039829,-5.955034,-9.356827,1732.98938,30.8945235,-7.6559305,0.13735744468172112,0.5339265554776091
2013.05.07_02:00:00_TAI,11736,2732,1361430.0,2.389214e+21,35.493515,27.56233,-5.924811,-9.399228,1800.44873,31.527922500000003,-7.6620195,0.14669760405141385,0.5547104903337238
2013.05.07_03:00:00_TAI,11736,2732,1410259.75,2.348979e+21,36.116306,28.028625,-5.893726,-9.423022,1864.667847,32.0724655,-7.658374,0.14422717733408813,0.5744961233741429
2013.05.07_04:00:00_TAI,11736,2732,1476630.375,2.525468e+21,36.914253,28.477039,-5.86436,-9.510927,1986.556885,32.695646,-7.6876435,0.15506359192124106,0.6120496104069483
2013.05.07_05:00:00_TAI,11736,2732,1555386.25,2.802789e+21,37.78709,29.002028,-5.833508,-9.574452,2097.294922,33.394559,-7.7039800000000005,0.17209108558783692,0.646167522113806
2013.05.07_06:00:00_TAI,11736,2732,1582679.75,2.900217e+21,38.376106,29.527752,-5.806922,-9.628214,2148.532715,33.951929,-7.717568,0.17807315926040082,0.661953665204172
2013.05.07_07:00:00_TAI,11736,2732,1648466.75,3.151868e+21,38.966515,30.071814,-5.783968,-9.670236,2176.692139,34.5191645,-7.7271019999999995,0.19352451638334686,0.6706294623175701
2013.05.07_08:00:00_TAI,11736,2732,1703125.125,3.229056e+21,39.641808,30.631905,-5.758886,-9.728547,2219.208496,35.1368565,-7.743716500000001,0.1982638552041978,0.6837285685824143
2013.05.07_09:00:00_TAI,11736,2732,1736035.125,3.199581e+21,40.280682,31.195702,-5.755408,-9.824059,2285.469971,35.738192,-7.7897335000000005,0.19645409187641913,0.7041434433161623
2013.05.07_10:00:00_TAI,11736,2732,1727744.625,3.220954e+21,40.891151,31.739309,-5.731567,-9.863077,2320.457031,36.31523,-7.797322,0.19776639286385297,0.7149228056409842
2013.05.07_11:00:00_TAI,11736,2732,1769122.625,3.312765e+21,41.493153,32.27837,-5.708405,-9.923653,2349.545898,36.8857615,-7.816029,0.20340358305508927,0.7238849601350044
2013.05.07_12:00:00_TAI,11736,2732,1789045.25,3.354951e+21,42.107449,32.825382,-5.691344,-9.930202,2359.377441,37.4664155,-7.810772999999999,0.20599380106172782,0.726914016140541
2013.05.07_13:00:00_TAI,11736,2732,1800058.625,3.425574e+21,42.725224,33.374313,-5.696693,-9.967373,2375.274414,38.0497685,-7.832033,0.21033004925503448,0.7318118049754676
2013.05.07_14:00:00_TAI,11736,2732,1803643.125,3.598994e+21,43.344685,33.926361,-5.704532,-10.03429,2401.220703,38.635523,-7.869411,0.22097802741630268,0.7398057447382125
2013.05.07_15:00:00_TAI,11736,2732,1849166.75,3.789503e+21,43.97546,34.398735,-5.712696,-10.142278,2459.86084,39.1870975,-7.927486999999999,0.23267526920805123,0.7578725180967111
2013.05.07_16:00:00_TAI,11736,2732,1892985.125,4.18176e+21,44.612411,34.92104,-5.711345,-10.209437,2501.366699,39.7667255,-7.9603909999999996,0.25675982675392006,0.7706602942849353
2013.05.07_17:00:00_TAI,11736,2732,1901148.25,4.337435e+21,45.267815,35.374195,-5.695489,-10.31034,2568.949707,40.321005,-8.0029145,0.26631826292192506,0.7914823276376474
2013.05.07_18:00:00_TAI,11736,2732,1920358.875,4.613812e+21,45.874687,35.949684,-5.698719,-10.366708,2585.403076,40.9121855,-8.0327135,0.28328779504207735,0.7965515396810425
2013.05.07_19:00:00_TAI,11736,2732,1983996.75,4.757746e+21,46.451675,36.504768,-5.695079,-10.470611,2620.651123,41.478221500000004,-8.082844999999999,0.29212533447619093,0.8074113109752111
2013.05.07_20:00:00_TAI,11736,2732,2039945.875,5.010801e+21,47.025867,36.928833,-5.699523,-10.550514,2667.514404,41.97735,-8.1250185,0.3076628971194831,0.8218496857808947
2013.05.07_21:00:00_TAI,11736,2732,2076438.625,5.275907e+21,47.591656,37.452137,-5.704787,-10.623444,2694.847168,42.5218965,-8.1641155,0.3239403904790792,0.8302707925127791
2013.05.07_22:00:00_TAI,11736,2732,2082953.25,5.504587e+21,48.172771,38.000462,-5.711996,-10.659494,2693.234131,43.0866165,-8.185745,0.3379813295052515,0.8297738227683553
2013.05.07_23:00:00_TAI,11736,2732,2151024.0,5.78521e+21,48.744938,38.558132,-5.740385,-10.703585,2694.448975,43.651534999999996,-8.221985,0.35521156578451324,0.8301481109664529
2013.05.08_00:00:00_TAI,11736,2732,2234088.25,6.22486e+21,49.368324,39.129932,-5.748659,-10.853465,2775.65918,44.249128,-8.301062,0.38220605084160897,0.8551686249555697
2013.05.08_01:00:00_TAI,11736,2732,2341562.75,6.765522e+21,49.988838,39.626701,-5.763435,-10.924326,2814.885986,44.8077695,-8.343880500000001,0.4154026669679357,0.8672542347415731
2013.05.08_02:00:00_TAI,11736,2732,2495560.5,7.350372e+21,50.634659,40.096886,-5.763087,-11.026379,2878.390381,45.3657725,-8.394733,0.45131242378732045,0.8868196650156119
2013.05.08_03:00:00_TAI,11736,2732,2611465.25,7.789411e+21,51.265343,40.600002,-5.773188,-11.152462,2939.271729,45.9326725,-8.462825,0.4782693934790804,0.9055769458193025
2013.05.08_04:00:00_TAI,11736,2732,2751270.25,8.221058e+21,51.870529,41.098354,-5.793097,-11.224669,2977.348633,46.4844415,-8.508883,0.5047724947902148,0.9173082757573842
2013.05.08_05:00:00_TAI,11736,2732,2920727.75,8.682413e+21,52.47451,41.602154,-5.803974,-11.312773,3022.72876,47.038332,-8.5583735,0.5330996656159089,0.9312896972108996
2013.05.08_06:00:00_TAI,11736,2732,3084321.5,9.372876e+21,53.065914,42.01453,-5.819976,-11.406267,3099.2771,47.540222,-8.6131215,0.5754940546434935,0.9548739106950751
2013.05.08_07:00:00_TAI,11736,2732,3279079.25,1.040003e+22,53.640549,42.471207,-5.8003,-11.47517,3142.95459,48.055878,-8.637735,0.6385612519694032,0.9683307570305141
2013.05.08_08:00:00_TAI,11736,2732,3415743.0,1.151071e+22,54.20747,42.932991,-5.798781,-11.510064,3175.264404,48.5702305,-8.654422499999999,0.7067569409565866,0.9782852714067893
2013.05.08_09:00:00_TAI,11736,2732,3417928.75,1.12753e+22,54.775124,43.410149,-5.772661,-11.536365,3190.376465,49.0926365,-8.654513,0.6923027803122309,0.9829412322389887
2013.05.08_10:00:00_TAI,11736,2732,3463498.0,1.126826e+22,55.326584,43.855335,-5.74454,-11.572637,3220.919189,49.5909595,-8.6585885,0.6918705247116351,0.9923513138058033
2013.05.08_11:00:00_TAI,11736,2732,3519286.25,1.174568e+22,55.904755,44.350132,-5.741281,-11.604019,3230.443848,50.1274435,-8.672649999999999,0.7211840856259049,0.995285820174197
2013.05.08_12:00:00_TAI,11736,2732,3594755.0,1.232984e+22,56.480659,44.848831,-5.722501,-11.631335,3233.758057,50.664744999999996,-8.676918,0.7570514764844357,0.9963069136765144
2013.05.08_13:00:00_TAI,11736,2732,3597893.75,1.255864e+22,57.152657,45.30666,-5.723748,-11.645596,3245.744873,51.2296585,-8.684671999999999,0.7710997835038,1.0
2013.05.08_14:00:00_TAI,11736,2732,3612299.5,1.261925e+22,57.764107,45.775108,-5.728416,-11.667763,3242.793213,51.769607500000006,-8.6980895,0.7748212340651797,0.9990906062813028
2013.05.08_15:00:00_TAI,11736,2732,3566785.5,1.284536e+22,58.391644,46.277897,-5.735648,-11.674459,3229.484863,52.334770500000005,-8.7050535,0.7887043752371573,0.9949903610307574
2013.05.08_16:00:00_TAI,11736,2732,3530802.5,1.372878e+22,59.04665,46.827755,-5.749087,-11.658779,3203.34668,52.9372025,-8.703933,0.8429463131176066,0.986937299554043
2013.05.08_17:00:00_TAI,11736,2732,3540882.75,1.395204e+22,59.701542,47.365791,-5.773089,-11.655633,3179.260254,53.5336665,-8.714361,0.8566544644512748,0.9795163755620295
2013.05.08_18:00:00_TAI,11736,2732,3515661.75,1.411808e+22,60.356815,47.917801,-5.781137,-11.651359,3175.656738,54.137308,-8.716248,0.8668493110312366,0.9784061478204791
2013.05.08_19:00:00_TAI,11736,2732,3464345.5,1.388158e+22,60.993324,48.456539,-5.821334,-11.627713,3166.683105,54.7249315,-8.7245235,0.8523282244487206,0.9756414101867088
2013.05.08_20:00:00_TAI,11736,2732,3412067.0,1.419023e+22,61.625534,48.984093,-5.849023,-11.619307,3149.636475,55.3048135,-8.734164999999999,0.871279316937911,0.9703894169873036
2013.05.08_21:00:00_TAI,11736,2732,3378958.75,1.499781e+22,62.268089,49.532295,-5.863162,-11.622617,3129.098633,55.900192000000004,-8.7428895,0.9208646831210328,0.9640617964245028
2013.05.08_22:00:00_TAI,11736,2732,3314181.0,1.537362e+22,62.922989,50.079857,-5.870733,-11.624706,3111.848633,56.501423,-8.7477195,0.9439393957999983,0.9587471458050116
2013.05.08_23:00:00_TAI,11736,2732,3202357.0,1.506509e+22,63.558521,50.626431,-5.852728,-11.632222,3095.538574,57.092476,-8.742475,0.9249956713039996,0.9537220869546761
2013.05.09_00:00:00_TAI,11736,2732,3120819.0,1.518383e+22,64.148949,51.173763,-5.825009,-11.632588,3068.421631,57.661356,-8.7287985,0.9322863005674582,0.94536747374229
2013.05.09_01:00:00_TAI,11736,2732,3119882.0,1.558357e+22,64.814415,51.743755,-5.826124,-11.628746,3040.135742,58.279084999999995,-8.727435,0.95683031388879,0.9366527133076981
2013.05.09_02:00:00_TAI,11736,2732,3121137.75,1.608025e+22,65.411278,52.290665,-5.714141,-11.624094,3032.190186,58.8509715,-8.669117499999999,0.9873264377103715,0.9342047217646486
2013.05.09_03:00:00_TAI,11736,2732,3160959.0,1.628666e+22,66.058861,52.832394,-5.618333,-11.613683,3025.891602,59.4456275,-8.616008,1.0,0.9322641551931984
2013.01.02_16:00:00_TAI,11647,2351,350241.5,4.320118e+20,24.633646,20.023088,16.289305,14.374399,441.909119,22.328367,15.331852,0.062246686679198276,0.23554749141592093
2013.01.02_17:00:00_TAI,11647,2351,386521.5,4.518021e+20,25.444225,20.249777,16.512884,14.23249,600.668335,22.847001,15.372686999999999,0.06509818426187387,0.32016972132731214
2013.01.02_18:00:00_TAI,11647,2351,395580.3125,4.428548e+20,26.019873,20.773121,16.546371,14.238195,609.561096,23.396497,15.392282999999999,0.0638090070224448,0.32490976278663164
2013.01.02_19:00:00_TAI,11647,2351,404711.1875,5.399049e+20,26.566761,21.307236,16.526403,14.246868,609.290588,23.9369985,15.386635499999999,0.07779253054398948,0.32476557594352656
2013.01.02_20:00:00_TAI,11647,2351,435055.09375,6.255996e+20,27.118332,21.871635,16.533251,14.25433,606.317444,24.4949835,15.3937905,0.09013990425222591,0.323180823376295
2013.01.02_21:00:00_TAI,11647,2351,459223.40625,6.332693e+20,27.663561,22.304386,16.690796,14.262067,654.841064,24.9839735,15.4764315,0.09124499770759785,0.3490450033037959
2013.01.02_22:00:00_TAI,11647,2351,509147.09375,7.452328e+20,28.389791,22.808563,16.668272,14.19747,701.854675,25.599176999999997,15.432871,0.10737732766711842,0.37410431449998316
2013.01.02_23:00:00_TAI,11647,2351,521521.1875,7.153696e+20,29.129705,23.344025,16.701195,14.086327,764.01532,26.236865,15.393761,0.10307447007471415,0.40723733521627575
2013.01.03_00:00:00_TAI,11647,2351,604549.1875,8.256577e+20,29.733686,23.52508,17.021135,14.064189,891.203003,26.629382999999997,15.542662,0.11896539899180412,0.47503122853408564
2013.01.03_01:00:00_TAI,11647,2351,602171.375,7.818168e+20,30.330433,24.033934,17.032511,14.073388,911.342468,27.1821835,15.5529495,0.11264855587308824,0.48576601597170077
2013.01.03_02:00:00_TAI,11647,2351,596480.375,7.96958e+20,30.935314,24.578644,17.040813,14.080184,912.702576,27.756979,15.5604985,0.11483018501457716,0.486490984101301
2013.01.03_03:00:00_TAI,11647,2351,615704.0,8.129246e+20,31.601612,25.126738,17.049,14.065596,922.39325,28.364175,15.557298,0.1171307424241944,0.4916563311210566
2013.01.03_04:00:00_TAI,11647,2351,615764.5,8.336242e+20,32.36351,25.703979,17.05658,14.100599,932.416382,29.033744499999997,15.5785895,0.12011325705825007,0.4969988857261148
2013.01.03_05:00:00_TAI,11647,2351,662771.3125,9.220998e+20,33.20256,26.26516,17.06641,14.063264,979.660706,29.73386,15.564837,0.1328613184583185,0.5221811721360972
2013.01.03_06:00:00_TAI,11647,2351,722264.6875,1.116354e+21,34.224434,26.775906,17.047018,13.90641,1103.828247,30.50017,15.476714000000001,0.16085055468639908,0.5883652618964931
2013.01.03_07:00:00_TAI,11647,2351,731090.875,1.116007e+21,34.954403,27.295895,17.027912,13.911084,1145.176025,31.125149,15.469498000000002,0.16080055697736043,0.6104045567758604
2013.01.03_08:00:00_TAI,11647,2351,766276.375,1.219405e+21,35.755444,27.674204,17.127031,13.896378,1239.63562,31.714824,15.5117045,0.17569872158595615,0.6607536436939194
2013.01.03_09:00:00_TAI,11647,2351,776340.6875,1.179823e+21,36.326588,28.189957,17.145597,13.881793,1270.809692,32.258272500000004,15.513694999999998,0.1699955247007414,0.6773701246423909
2013.01.03_10:00:00_TAI,11647,2351,781832.875,1.117766e+21,36.899662,28.721022,17.157944,13.886132,1275.682129,32.810342,15.522038,0.16105400357735772,0.6799672430612849
2013.01.03_11:00:00_TAI,11647,2351,784706.625,1.20004e+21,37.491062,29.256186,17.200846,13.884462,1282.562256,33.373624,15.542653999999999,0.17290850361611673,0.6836345053688385
2013.01.03_12:00:00_TAI,11647,2351,763822.5,1.210107e+21,38.179512,29.814369,17.219389,13.832814,1305.155518,33.9969405,15.5261015,0.17435901352070612,0.6956772217514409
2013.01.03_13:00:00_TAI,11647,2351,796036.8125,1.233292e+21,39.074078,30.373226,17.233013,13.815567,1335.370239,34.723652,15.52429,0.17769963854682166,0.7117823470574927
2013.01.03_14:00:00_TAI,11647,2351,811929.1875,1.25009e+21,39.730198,30.94294,17.24839,13.786498,1340.515259,35.336569,15.517444000000001,0.18011998873826818,0.714524758341123
2013.01.03_15:00:00_TAI,11647,2351,807472.5,1.285525e+21,40.330925,31.509178,17.261087,13.772508,1336.651001,35.9200515,15.5167975,0.18522566257050468,0.7124650219859564
2013.01.03_16:00:00_TAI,11647,2351,819256.625,1.256101e+21,40.911915,32.072212,17.243839,13.770708,1329.566772,36.4920635,15.5072735,0.1809860873810105,0.7086889687256345
2013.01.03_17:00:00_TAI,11647,2351,869145.0,1.396582e+21,41.471016,32.659775,17.257544,13.658351,1400.839111,37.0653955,15.4579475,0.20122737891837233,0.7466787271103107
2013.01.03_18:00:00_TAI,11647,2351,902628.8125,1.668858e+21,42.013897,33.249802,17.239897,13.564166,1434.756836,37.6318495,15.4020315,0.24045843432534358,0.7647576367656805
2013.01.03_19:00:00_TAI,11647,2351,997096.625,2.103354e+21,42.6847,33.844135,17.223211,13.41665,1537.090088,38.2644175,15.3199305,0.3030630584938615,0.8193035598088148
2013.01.03_20:00:00_TAI,11647,2351,1043824.6875,2.280457e+21,43.404179,34.431606,17.207062,13.401326,1569.621948,38.9178925,15.304193999999999,0.3285810534906326,0.8366437722747493
2013.01.03_21:00:00_TAI,11647,2351,1103972.375,2.361274e+21,44.289482,35.080746,17.1604,13.363626,1669.919312,39.685114,15.262013,0.3402256207856758,0.8901045212615325
2013.01.03_22:00:00_TAI,11647,2351,1072644.25,2.33909e+21,45.008934,35.768188,17.133537,13.351042,1694.983398,40.388561,15.2422895,0.3370292254620033,0.9034642423627686
2013.01.03_23:00:00_TAI,11647,2351,1113380.0,2.490024e+21,45.798405,36.307892,17.149101,13.362765,1719.57666,41.053148500000006,15.255933,0.35877664395204945,0.9165730036912136
2013.01.04_00:00:00_TAI,11647,2351,1115844.25,2.643833e+21,46.470753,36.856384,17.163437,13.353447,1730.00415,41.6635685,15.258441999999999,0.3809383085904709,0.9221310901973774
2013.01.04_01:00:00_TAI,11647,2351,1132635.0,2.828531e+21,47.064919,37.388535,17.179104,13.368073,1734.325928,42.226727,15.273588499999999,0.40755063384703694,0.9244346949943549
2013.01.04_02:00:00_TAI,11647,2351,1156382.625,2.905956e+21,47.64143,37.904579,17.170198,13.38354,1731.182495,42.7730045,15.276869,0.4187064627298058,0.9227591745632321
2013.01.04_03:00:00_TAI,11647,2351,1155521.625,2.906083e+21,48.31654,38.455936,17.176832,13.386915,1737.715942,43.386238000000006,15.2818735,0.41872476160314265,0.9262416486398733
2013.01.04_04:00:00_TAI,11647,2351,1168479.875,2.902501e+21,48.96838,39.015621,17.190592,13.403595,1733.692627,43.9920005,15.297093499999999,0.4182086469236712,0.9240971313292313
2013.01.04_05:00:00_TAI,11647,2351,1235927.25,3.172745e+21,49.604923,39.58144,17.200212,13.413532,1725.489014,44.5931815,15.306872,0.45714692035725163,0.9197244212410808
2013.01.04_06:00:00_TAI,11647,2351,1253119.875,3.474378e+21,50.213345,40.166164,17.1901,13.308022,1738.920776,45.1897545,15.249061000000001,0.5006078972173897,0.9268838522380132
2013.01.04_07:00:00_TAI,11647,2351,1278668.25,3.712462e+21,50.765358,40.748344,17.170176,13.286937,1756.483765,45.756851,15.2285565,0.5349123772138394,0.9362453200666854
2013.01.04_08:00:00_TAI,11647,2351,1297529.0,3.964617e+21,51.322266,41.339989,17.165363,13.258203,1757.174316,46.3311275,15.211783,0.5712442859246507,0.9366133992683838
2013.01.04_09:00:00_TAI,11647,2351,1307773.125,4.037627e+21,51.86269,41.889553,17.218317,13.219113,1758.165649,46.876121499999996,15.218715,0.5817639768091318,0.9371418020355325
2013.01.04_10:00:00_TAI,11647,2351,1344947.5,4.033344e+21,52.397293,42.398964,17.256683,13.209031,1759.609619,47.3981285,15.232857,0.5811468581122652,0.9379114704957568
2013.01.04_11:00:00_TAI,11647,2351,1375939.125,4.058594e+21,52.987789,42.893581,17.327961,13.178718,1777.606445,47.940685,15.2533395,0.5847850199371268,0.947504183195014
2013.01.04_12:00:00_TAI,11647,2351,1395406.125,4.179288e+21,53.658615,43.33477,17.356489,13.156721,1802.619629,48.496692499999995,15.256605,0.6021752893743486,0.9608367723863334
2013.01.04_13:00:00_TAI,11647,2351,1414492.5,4.367819e+21,54.228603,43.763206,17.406481,13.136651,1828.289307,48.995904499999995,15.271566,0.6293398948002095,0.9745192876329908
2013.01.04_14:00:00_TAI,11647,2351,1443495.75,4.495809e+21,54.79213,44.305847,17.428108,13.103111,1846.801147,49.5489885,15.2656095,0.6477814128977952,0.984386514368117
2013.01.04_15:00:00_TAI,11647,2351,1420193.375,4.704974e+21,55.363579,44.835606,17.447315,13.033756,1865.152588,50.0995925,15.2405355,0.677919080941248,0.9941682448316091
2013.01.04_16:00:00_TAI,11647,2351,1406510.375,5.002262e+21,55.916763,45.386372,17.460369,13.006907,1859.805298,50.6515675,15.233638,0.7207540057962762,0.991318019092381
2013.01.04_17:00:00_TAI,11647,2351,1446236.0,5.361791e+21,56.47588,45.857182,17.482534,12.995418,1858.736816,51.166531,15.238976000000001,0.7725569635281843,0.990748494174469
2013.01.04_18:00:00_TAI,11647,2351,1439134.875,5.730717e+21,57.027775,46.334728,17.585489,12.988759,1876.05835,51.6812515,15.287123999999999,0.825713893801408,0.9999812610619421
2013.01.04_19:00:00_TAI,11647,2351,1445977.75,5.915416e+21,57.580784,46.82962,17.609699,12.950298,1876.093506,52.205202,15.2799985,0.8523263631435909,1.0
2013.01.04_20:00:00_TAI,11647,2351,1434068.25,5.832266e+21,58.119659,47.360905,17.635504,12.936731,1864.709229,52.740282,15.2861175,0.8403456441044921,0.9939319245210372
2013.01.04_21:00:00_TAI,11647,2351,1451033.625,5.906939e+21,58.691334,47.905262,17.659458,12.913406,1852.014771,53.298298,15.286432000000001,0.8511049493697551,0.9871654931254797
2013.01.04_22:00:00_TAI,11647,2351,1420629.25,6.055708e+21,59.297554,48.46582,17.678074,12.876965,1840.130127,53.881687,15.2775195,0.8725404224993725,0.9808307107908085
2013.01.04_23:00:00_TAI,11647,2351,1400392.0,6.280938e+21,59.919781,49.025749,17.703079,12.867413,1826.761108,54.472764999999995,15.285246,0.9049928259771383,0.9737047232228946
2013.01.05_00:00:00_TAI,11647,2351,1366298.625,6.463179e+21,60.527992,49.567207,17.722582,12.854662,1809.149902,55.047599500000004,15.288622,0.9312511328731623,0.9643175546496455
2013.01.05_01:00:00_TAI,11647,2351,1325832.125,6.581076e+21,61.22559,50.127663,17.743546,12.840841,1803.126953,55.6766265,15.2921935,0.9482383948401212,0.9611071874793857
2013.01.05_02:00:00_TAI,11647,2351,1326132.625,6.742942e+21,61.892872,50.699783,17.758812,12.795145,1796.075684,56.2963275,15.276978499999998,0.9715609572933114,0.9573487026397713
2013.01.05_03:00:00_TAI,11647,2351,1301040.125,6.837094e+21,62.486256,51.275295,17.760704,12.767366,1774.737305,56.8807755,15.264035,0.985126906288732,0.9459748670970561
2013.01.05_04:00:00_TAI,11647,2351,1287225.0,6.733541e+21,63.062851,51.868008,17.754517,12.761696,1740.803467,57.4654295,15.2581065,0.9702064084095282,0.9278873688505801
2013.01.05_05:00:00_TAI,11647,2351,1266307.75,6.657322e+21,63.614594,52.46233,17.747019,12.757601,1703.612671,58.038461999999996,15.252310000000001,0.9592243467806518,0.9080638387967429
2013.01.05_06:00:00_TAI,11647,2351,1221321.125,6.530492e+21,64.134766,53.061405,17.716946,12.754392,1657.781372,58.598085499999996,15.235669,0.9409499679985844,0.8836347264665603
2013.01.05_07:00:00_TAI,11647,2351,1190405.625,6.816827e+21,64.687126,53.704624,17.680054,12.684399,1628.668091,59.195875,15.182226499999999,0.9822067230925154,0.8681166934330831
2013.01.05_08:00:00_TAI,11647,2351,1158520.375,6.940318e+21,65.263573,54.318897,17.639425,12.651418,1597.391602,59.791235,15.1454215,1.0,0.8514456219220025
2013.05.15_17:00:00_TAI,11752,2754,126494.703125,1.765901e+20,11.296926,9.852883,18.931665,18.210598,71.237717,10.574904499999999,18.5711315,0.049536349123485666,0.024770031994285832
2013.05.15_19:00:00_TAI,11752,2754,393606.0,4.4242e+20,13.627966,9.862664,19.276405,17.277449,508.909515,11.745315000000002,18.276927,0.12410589030309474,0.17695268040027848
2013.05.15_20:00:00_TAI,11752,2754,559076.3125,6.256364e+20,14.45494,9.766511,19.482317,16.930441,795.425964,12.110725500000001,18.206379,0.17550102262109107,0.276577175786889
2013.05.15_21:00:00_TAI,11752,2754,843155.6875,1.084848e+21,15.302489,9.430254,19.755959,16.552177,1224.757202,12.3663715,18.154068000000002,0.3043172254498705,0.42585973212437445
2013.05.15_22:00:00_TAI,11752,2754,924646.6875,1.185072e+21,15.998014,9.775629,19.802063,16.302876,1416.337036,12.8868215,18.0524695,0.33243166139249825,0.49247386319822634
2013.05.15_23:00:00_TAI,11752,2754,1029668.6875,1.338964e+21,16.598743,10.260576,19.817646,16.155731,1523.336426,13.4296595,17.9866885,0.37560083021516416,0.5296785691501179
2013.05.16_00:00:00_TAI,11752,2754,1078392.75,1.377092e+21,17.461695,10.703277,19.833813,16.072201,1642.505371,14.082486,17.953007,0.38629634439959615,0.571114745163104
2013.05.16_01:00:00_TAI,11752,2754,1141305.125,1.43211e+21,18.142271,11.193694,19.913706,15.995571,1732.851807,14.6679825,17.9546385,0.401729773884465,0.6025290605641674
2013.05.16_02:00:00_TAI,11752,2754,1202579.5,1.492023e+21,18.972845,11.71105,20.024647,16.005154,1852.791016,15.3419475,18.014900500000003,0.4185363292068494,0.6442330646986533
2013.05.16_03:00:00_TAI,11752,2754,1361583.375,1.687995e+21,19.581038,12.199941,20.108212,15.990088,1982.442383,15.890489500000001,18.04915,0.47350961146008863,0.6893140785763565
2013.05.16_04:00:00_TAI,11752,2754,1489320.75,1.913406e+21,20.193956,12.217946,20.215557,16.004875,2168.104004,16.205951,18.110216,0.5367410043426682,0.753870390681094
2013.05.16_05:00:00_TAI,11752,2754,1581049.5,2.100435e+21,20.780485,12.472644,20.230671,15.955237,2263.468018,16.6265645,18.092954,0.589205631975907,0.7870293656926532
2013.05.16_06:00:00_TAI,11752,2754,1646908.625,2.089712e+21,21.359961,12.860118,20.247681,15.937639,2346.383301,17.1100395,18.092660000000002,0.5861976588695373,0.8158597984916894
2013.05.16_07:00:00_TAI,11752,2754,1694165.25,2.182124e+21,21.91312,13.156851,20.262356,15.889465,2420.615967,17.534985499999998,18.0759105,0.6121207037922117,0.841671202748807
2013.05.16_08:00:00_TAI,11752,2754,1749250.75,2.179595e+21,22.450392,13.527922,20.273081,15.838097,2490.628662,17.989157,18.055589,0.6114112788191622,0.8660152829381844
2013.05.16_09:00:00_TAI,11752,2754,1764825.0,2.169262e+21,22.998009,13.975377,20.261917,15.848405,2522.202393,18.486693,18.055161,0.6085127069541881,0.876993769616091
2013.05.16_10:00:00_TAI,11752,2754,1791520.5,2.234779e+21,23.539392,14.472704,20.271921,15.824834,2534.830322,19.006048,18.0483775,0.626891273960625,0.8813846206781984
2013.05.16_11:00:00_TAI,11752,2754,1802533.875,2.285336e+21,24.086906,14.980096,20.250505,15.809167,2525.741699,19.533501,18.029836,0.6410733215535313,0.8782244199871236
2013.05.16_12:00:00_TAI,11752,2754,1804693.25,2.267139e+21,24.64469,15.509625,20.253691,15.813876,2521.9375,20.0771575,18.0337835,0.6359687718364176,0.8769016637996586
2013.05.16_13:00:00_TAI,11752,2754,1804993.5,2.28135e+21,25.2132,16.046711,20.231129,15.821542,2538.16626,20.6299555,18.026335500000002,0.6399551847632684,0.8825445580606802
2013.05.16_14:00:00_TAI,11752,2754,1826813.75,2.366635e+21,25.832447,16.546995,20.26195,15.831739,2578.685791,21.189721,18.0468445,0.6638789921284405,0.896633584513668
2013.05.16_15:00:00_TAI,11752,2754,1912818.25,2.492221e+21,26.408638,16.918373,20.345442,15.8416,2644.197266,21.6635055,18.093521,0.6991078749538201,0.9194125476820534
2013.05.16_16:00:00_TAI,11752,2754,1952187.0,2.626902e+21,27.019192,17.349121,20.388266,15.852316,2701.131836,22.1841565,18.120291,0.736888050831744,0.93920923937672
2013.05.16_17:00:00_TAI,11752,2754,1982207.25,2.956552e+21,27.591787,17.837452,20.45911,15.86535,2738.611328,22.714619499999998,18.16223,0.829360151411318,0.9522412153448658
2013.05.16_18:00:00_TAI,11752,2754,2016855.25,3.064262e+21,28.139475,18.282257,20.502125,15.902203,2771.577393,23.210866000000003,18.202164,0.8595745301567327,0.9637038298019758
2013.05.16_19:00:00_TAI,11752,2754,2063735.125,3.174999e+21,28.689875,18.735662,20.578909,15.943005,2808.293213,23.712768500000003,18.260956999999998,0.8906380308449787,0.9764702697497416
2013.05.16_20:00:00_TAI,11752,2754,2074472.75,3.250438e+21,29.269361,19.229322,20.626017,15.991873,2822.168213,24.2493415,18.308945,0.9117998776389192,0.9812947392638435
2013.05.16_21:00:00_TAI,11752,2754,2053546.75,3.231951e+21,29.889441,19.743404,20.641235,16.00811,2833.85498,24.8164225,18.3246725,0.9066139782807678,0.9853583393438371
2013.05.16_22:00:00_TAI,11752,2754,2011390.0,3.091317e+21,30.445261,20.259048,20.658438,16.024405,2847.780762,25.352154499999997,18.341421500000003,0.8671638906335426,0.9902004662425058
2013.05.16_23:00:00_TAI,11752,2754,1997502.0,3.217634e+21,31.010695,20.810808,20.676069,16.041098,2843.951172,25.9107515,18.3585835,0.902597830657538,0.9888688813627574
2013.05.17_00:00:00_TAI,11752,2754,1997150.875,3.295654e+21,31.557329,21.372932,20.695858,16.044544,2847.854004,26.4651305,18.370201,0.924483689256714,0.990225933182769
2013.05.17_01:00:00_TAI,11752,2754,2023871.0,3.364002e+21,32.117886,21.949856,20.68285,16.033199,2825.898193,27.033870999999998,18.3580245,0.9436563970692811,0.9825916887988496
2013.05.17_02:00:00_TAI,11752,2754,2006431.75,3.272109e+21,32.681923,22.531034,20.669285,16.018087,2807.866699,27.606478499999998,18.343685999999998,0.9178789399524638,0.9763219667738615
2013.05.17_03:00:00_TAI,11752,2754,2079614.125,3.43724e+21,33.232616,22.790354,20.657803,16.011183,2861.938232,28.011485,18.334493000000002,0.9642008281393458,0.9951231532631769
2013.05.17_04:00:00_TAI,11752,2754,2064056.125,3.382138e+21,33.792606,23.271564,20.646894,16.021488,2875.963867,28.532085000000002,18.334191,0.9487438353101764,1.0
2013.05.17_05:00:00_TAI,11752,2754,2075263.375,3.474605e+21,34.338856,23.794523,20.651766,16.013693,2860.938477,29.066689500000003,18.3327295,0.9746823086130476,0.9947755289374782
2013.05.17_06:00:00_TAI,11752,2754,2043186.875,3.537168e+21,34.873123,24.329189,20.637669,16.029629,2842.632812,29.601156,18.333649,0.9922322313449143,0.9884104750471818
2013.05.17_07:00:00_TAI,11752,2754,1984153.375,3.564859e+21,35.395157,24.867485,20.627777,16.035112,2817.220459,30.131321,18.3314445,1.0,0.9795743581224904
2013.05.17_08:00:00_TAI,11752,2754,1897364.625,3.275357e+21,35.905739,25.434219,20.638554,16.032288,2776.620361,30.669978999999998,18.335421,0.918790055932086,0.9654573177570454
2013.05.17_09:00:00_TAI,11752,2754,1840652.25,3.06031e+21,36.415413,26.005541,20.625414,16.040277,2732.806396,31.210477,18.332845499999998,0.8584659309105914,0.9502227852572669
2013.06.18_12:00:00_TAI,11776,2875,189666.296875,2.260349e+20,-11.025137,-13.018903,12.336015,11.308572,152.139633,-12.022020000000001,11.8222935,0.013513224773927567,0.029003608661562506
2013.06.18_13:00:00_TAI,11776,2875,510654.5,4.517963e+20,-9.333091,-13.232867,12.683178,10.660962,576.195984,-11.282979000000001,11.67207,0.02701009867913677,0.10984490039028771
2013.06.18_14:00:00_TAI,11776,2875,652807.6875,5.7859e+20,-8.384022,-13.047915,12.873446,10.478564,810.580688,-10.715968499999999,11.676005,0.03459030761155358,0.15452755209007304
2013.06.18_15:00:00_TAI,11776,2875,871947.0,8.25523e+20,-7.37238,-12.828514,13.032824,10.235865,1094.119263,-10.100446999999999,11.634344500000001,0.049352900171818634,0.20858080374841698
2013.06.18_16:00:00_TAI,11776,2875,1060677.5,1.093298e+21,-6.459906,-12.377768,13.098778,10.053569,1295.774292,-9.418837,11.5761735,0.06536150664736048,0.2470239328031061
2013.06.18_17:00:00_TAI,11776,2875,1251597.625,1.39922e+21,-5.608409,-11.869886,13.164017,9.810719,1497.414062,-8.7391475,11.487368,0.0836506856603778,0.2854641529112187
2013.06.18_18:00:00_TAI,11776,2875,1402182.5,1.595896e+21,-4.855839,-11.387039,13.170535,9.661971,1654.239746,-8.121438999999999,11.416253,0.09540872389092087,0.31536110137314816
2013.06.18_19:00:00_TAI,11776,2875,1501609.75,1.689308e+21,-4.16663,-10.878664,13.239641,9.576619,1782.32373,-7.522647,11.40813,0.10099324801786819,0.33977878711680864
2013.06.18_20:00:00_TAI,11776,2875,1560656.875,1.706736e+21,-3.508906,-10.426558,13.311216,9.523198,1891.665771,-6.967732,11.417207000000001,0.10203516004720528,0.3606235446917169
2013.06.18_21:00:00_TAI,11776,2875,1632431.5,1.750069e+21,-2.852384,-9.9585,13.349563,9.469938,1987.171997,-6.405442000000001,11.409750500000001,0.10462577136045205,0.3788306689566134
2013.06.18_22:00:00_TAI,11776,2875,1730951.25,1.866125e+21,-2.104217,-9.418939,13.361528,9.417659,2110.775146,-5.761578,11.3895935,0.11156403980644397,0.4023941368856625
2013.06.18_23:00:00_TAI,11776,2875,1822112.125,1.89846e+21,-1.417385,-8.973168,13.435219,9.39741,2216.189209,-5.195276499999999,11.4163145,0.11349714891067943,0.42249007224707685
2013.06.19_00:00:00_TAI,11776,2875,1895480.75,1.98526e+21,-0.76167,-8.499224,13.477949,9.378491,2296.879883,-4.630447,11.42822,0.118686382566088,0.4378727880140704
2013.06.19_01:00:00_TAI,11776,2875,1911163.625,2.002929e+21,-0.138803,-8.027418,13.518596,9.387404,2361.817139,-4.0831105,11.453,0.11974270249071259,0.45025230230262997
2013.06.19_02:00:00_TAI,11776,2875,1944075.25,2.015478e+21,0.486324,-7.521791,13.530687,9.36847,2407.725342,-3.5177335000000003,11.449578500000001,0.12049292937022552,0.4590041543211475
2013.06.19_03:00:00_TAI,11776,2875,1964268.75,2.016637e+21,1.109387,-7.144236,13.54112,9.378331,2463.415039,-3.0174245,11.4597255,0.12056221879196075,0.46962073164829926
2013.06.19_04:00:00_TAI,11776,2875,2052953.25,2.12241e+21,1.701697,-6.671078,13.582145,9.35782,2502.572754,-2.4846904999999997,11.4699825,0.12688573044442078,0.4770856835450939
2013.06.19_05:00:00_TAI,11776,2875,2121275.0,2.228351e+21,2.325213,-6.202621,13.619447,9.362767,2591.37207,-1.9387039999999998,11.491107,0.13321928577492356,0.49401421531484274
2013.06.19_06:00:00_TAI,11776,2875,2210901.25,2.417505e+21,3.009422,-5.700131,13.626491,9.338626,2652.969238,-1.3453545,11.4825585,0.14452763027786314,0.5057569816151435
2013.06.19_07:00:00_TAI,11776,2875,2344146.5,2.558994e+21,3.664897,-5.166658,13.632675,9.282837,2730.695068,-0.7508805000000001,11.457756,0.15298638005516849,0.520574485192368
2013.06.19_08:00:00_TAI,11776,2875,2415265.0,2.67025e+21,4.290908,-4.634469,13.638577,9.257669,2786.64502,-0.1717805000000001,11.448122999999999,0.1596376862713682,0.531240677034971
2013.06.19_09:00:00_TAI,11776,2875,2471498.75,2.716988e+21,4.981521,-4.096921,13.640521,9.25916,2855.786377,0.4422999999999999,11.4498405,0.16243186141637384,0.5444216530976475
2013.06.19_10:00:00_TAI,11776,2875,2572345.5,2.881221e+21,5.639057,-3.565288,13.674253,9.230366,2933.682617,1.0368845000000002,11.4523095,0.17225033389251113,0.5592716433113556
2013.06.19_11:00:00_TAI,11776,2875,2628542.5,2.938803e+21,6.267655,-3.093751,13.676821,9.201598,3010.497559,1.5869520000000001,11.4392095,0.17569280454165553,0.5739154969423725
2013.06.19_12:00:00_TAI,11776,2875,2700189.5,3.035795e+21,6.893358,-2.528793,13.675974,9.20027,3029.612793,2.1822825000000003,11.438122,0.1814913546649895,0.5775595885934296
2013.06.19_13:00:00_TAI,11776,2875,2742420.0,3.09757e+21,7.520477,-1.997281,13.676193,9.199939,3045.967773,2.7615979999999998,11.438066,0.185184498778617,0.5806774707010306
2013.06.19_14:00:00_TAI,11776,2875,2809694.0,3.174882e+21,8.155396,-1.431598,13.675738,9.198904,3080.302246,3.3618989999999997,11.437321,0.18980650375980304,0.587222928967602
2013.06.19_15:00:00_TAI,11776,2875,2849028.0,3.269207e+21,8.847193,-0.836144,13.678494,9.200956,3121.817871,4.0055245,11.439725,0.19544561049420875,0.595137388317193
2013.06.19_16:00:00_TAI,11776,2875,2933138.75,3.391687e+21,9.478747,-0.335083,13.739947,9.199893,3180.94458,4.571832000000001,11.46992,0.2027679300577392,0.6064091910385921
2013.06.19_17:00:00_TAI,11776,2875,3001104.75,3.480091e+21,10.078052,0.102281,13.772678,9.200202,3247.362549,5.0901665,11.486440000000002,0.20805305692493664,0.6190709856215447
2013.06.19_18:00:00_TAI,11776,2875,3070316.25,3.560275e+21,10.742071,0.57262,13.773993,9.201839,3322.733154,5.6573455,11.487916,0.212846760973615,0.6334394936092379
2013.06.19_20:00:00_TAI,11776,2875,3147192.25,3.779559e+21,12.019917,1.576304,13.812169,9.236608,3440.533447,6.7981105,11.5243885,0.22595639130647924,0.6558967161686573
2013.06.19_21:00:00_TAI,11776,2875,3174227.5,3.773005e+21,12.66678,2.049072,13.82001,9.243415,3489.625,7.357925999999999,11.531712500000001,0.22556456829521718,0.6652554359428818
2013.06.19_22:00:00_TAI,11776,2875,3163603.75,3.850535e+21,13.307704,2.579032,13.827329,9.2499,3528.839355,7.9433679999999995,11.538614500000001,0.23019960614433962,0.6727311855809501
2013.06.19_23:00:00_TAI,11776,2875,3151663.0,3.796349e+21,13.919051,3.144112,13.862624,9.254594,3547.881104,8.5315815,11.558609,0.22696016127277316,0.6763612681921505
2013.06.20_00:00:00_TAI,11776,2875,3158309.5,3.844093e+21,14.559162,3.705969,13.841311,9.291439,3569.771484,9.1325655,11.566375,0.22981447891843937,0.6805344083690621
2013.06.20_01:00:00_TAI,11776,2875,3147810.75,3.737352e+21,15.146084,4.240444,13.848768,9.298176,3585.728271,9.693264,11.573471999999999,0.22343309654963786,0.6835763797247042
2013.06.20_02:00:00_TAI,11776,2875,3189035.0,3.770027e+21,15.72784,4.770832,13.855311,9.304214,3601.797119,10.249336,11.579762500000001,0.22538653214515028,0.6866397141750649
2013.06.20_03:00:00_TAI,11776,2875,3179048.5,3.800647e+21,16.341372,5.275084,13.864338,9.340178,3612.479004,10.808228,11.602257999999999,0.2272171120360329,0.6886760883019027
2013.06.20_04:00:00_TAI,11776,2875,3202957.5,3.744797e+21,16.983662,5.835824,13.869263,9.344563,3626.147949,11.409742999999999,11.606913,0.22387818692480513,0.6912819098342607
2013.06.20_05:00:00_TAI,11776,2875,3222509.5,3.681177e+21,17.615067,6.399825,13.873275,9.349348,3641.136963,12.007446,11.6113115,0.22007474170410127,0.6941393867960901
2013.06.20_06:00:00_TAI,11776,2875,3309467.25,3.782942e+21,18.238037,6.937965,13.876723,9.378737,3680.015137,12.588000999999998,11.62773,0.22615863989468485,0.7015510475312788
2013.06.20_07:00:00_TAI,11776,2875,3433382.0,3.987612e+21,18.832096,7.433928,13.941003,9.380348,3755.774902,13.133012,11.6606755,0.23839458980542766,0.715993744237087
2013.06.20_08:00:00_TAI,11776,2875,3630785.75,4.24425e+21,19.485331,7.936387,13.942823,9.200148,3911.26123,13.710859,11.571485500000001,0.2537373841240538,0.745635360432752
2013.06.20_09:00:00_TAI,11776,2875,3865393.75,4.643137e+21,20.117195,8.436297,13.943716,9.106466,4045.32666,14.276746,11.525091,0.277584363906369,0.7711933376020811
2013.06.20_10:00:00_TAI,11776,2875,4062875.0,5.002744e+21,20.716734,8.939849,13.945289,9.010891,4164.842285,14.828291499999999,11.478090000000002,0.29908303610821824,0.7939775677733347
2013.06.20_11:00:00_TAI,11776,2875,4199961.5,5.189597e+21,21.34581,9.407566,13.971607,8.949798,4291.898926,15.376688,11.4607025,0.31025381809225117,0.8181994028123126
2013.06.20_12:00:00_TAI,11776,2875,4397648.0,5.431156e+21,21.953764,9.848907,13.99905,8.940633,4386.103516,15.9013355,11.469841500000001,0.32469513252274473,0.8361583856796037
2013.06.20_13:00:00_TAI,11776,2875,4538272.5,5.813704e+21,22.557674,10.324408,13.997127,8.87797,4470.563965,16.441041,11.4375485,0.34756530483160697,0.8522597641427413
2013.06.20_14:00:00_TAI,11776,2875,4738519.5,6.291491e+21,23.166546,10.802758,13.995217,8.843996,4538.429199,16.984652,11.4196065,0.37612922626613116,0.8651974625573375
2013.06.20_15:00:00_TAI,11776,2875,4877897.0,6.692497e+21,23.805609,11.278625,13.990083,8.838248,4573.297852,17.542117,11.4141655,0.40010288791614007,0.8718447558774668
2013.06.20_16:00:00_TAI,11776,2875,4961622.5,6.928554e+21,24.441889,11.78324,13.984468,8.827328,4617.416016,18.112564499999998,11.405898,0.4142152718907343,0.8802553582845506
2013.06.20_17:00:00_TAI,11776,2875,5163595.0,7.241647e+21,25.018076,12.19802,13.981588,8.796176,4676.415527,18.608048,11.388882,0.4329331605183016,0.8915029122225014
2013.06.20_18:00:00_TAI,11776,2875,5283666.0,7.700062e+21,25.62207,12.649867,14.043691,8.762368,4811.179688,19.1359685,11.4030295,0.4603389502204228,0.9171940941333175
2013.06.20_19:00:00_TAI,11776,2875,5472245.5,8.27188e+21,26.241026,13.130862,14.07318,8.73486,4861.256836,19.685944,11.40402,0.4945244019527779,0.9267407058533493
2013.06.20_20:00:00_TAI,11776,2875,5679873.0,8.695426e+21,26.838541,13.673518,14.101118,8.706759,4926.425293,20.2560295,11.403938499999999,0.5198455904068526,0.9391642958583672
2013.06.20_21:00:00_TAI,11776,2875,5857336.0,9.077928e+21,27.402252,14.156808,14.10325,8.676273,4967.65918,20.77953,11.389761499999999,0.5427130126610127,0.947025045214474
2013.06.20_22:00:00_TAI,11776,2875,5888473.5,9.246327e+21,27.999338,14.666818,14.106966,8.670868,5006.299805,21.333078,11.388917,0.5527805444390904,0.9543914200626255
2013.06.20_23:00:00_TAI,11776,2875,5964475.5,9.608576e+21,28.580927,15.185573,14.108388,8.642586,5032.436523,21.88325,11.375487,0.5744371654349212,0.9593740739945541
2013.06.21_00:00:00_TAI,11776,2875,6020278.5,9.748443e+21,29.17322,15.70453,14.110631,8.642264,5039.035156,22.438875,11.376447500000001,0.5827989458920758,0.960632024769506
2013.06.21_01:00:00_TAI,11776,2875,6093141.5,1.000925e+22,29.789267,16.226391,14.087407,8.619871,5045.692383,23.007829,11.353639000000001,0.5983909788640361,0.9619011457925546
2013.06.21_02:00:00_TAI,11776,2875,6165394.0,1.016413e+22,30.352812,16.743668,14.087608,8.64349,5039.574707,23.54824,11.365549,0.6076502934786637,0.9607348837402316
2013.06.21_03:00:00_TAI,11776,2875,6263398.0,1.032508e+22,30.967039,17.204876,14.091341,8.621117,5084.51416,24.0859575,11.356228999999999,0.6172724957463828,0.969302055111525
2013.06.21_04:00:00_TAI,11776,2875,6329771.0,1.054504e+22,31.583878,17.697348,14.119477,8.640235,5112.05127,24.640613000000002,11.379856,0.6304225399266093,0.974551677096024
2013.06.21_05:00:00_TAI,11776,2875,6417544.0,1.082935e+22,32.170242,18.251759,14.12185,8.639169,5127.026855,25.2110005,11.3805095,0.6474196714999875,0.977406593978977
2013.06.21_06:00:00_TAI,11776,2875,6490315.5,1.099009e+22,32.743866,18.778049,14.177333,8.637404,5171.258301,25.760957499999996,11.4073685,0.6570293191701531,0.985838792249884
2013.06.21_07:00:00_TAI,11776,2875,6470083.0,1.123489e+22,33.332966,19.306496,14.177819,8.634984,5195.210449,26.319730999999997,11.4064015,0.6716643928895542,0.9904049839350962
2013.06.21_08:00:00_TAI,11776,2875,6439881.5,1.119298e+22,33.882767,19.810303,14.203412,8.655189,5197.421875,26.846535000000003,11.4293005,0.6691588539206812,0.9908265659582893
2013.06.21_09:00:00_TAI,11776,2875,6383748.0,1.101796e+22,34.449905,20.340536,14.200433,8.644799,5192.879883,27.3952205,11.422616000000001,0.6586954936168838,0.9899606892901632
2013.06.21_10:00:00_TAI,11776,2875,6388384.5,1.106416e+22,35.058487,20.84593,14.196464,8.636421,5191.132324,27.952208499999998,11.4164425,0.6614575050786337,0.9896275379846847
2013.06.21_11:00:00_TAI,11776,2875,6402133.0,1.12232e+22,35.67717,21.380827,14.193531,8.59707,5220.603516,28.5289985,11.395300500000001,0.6709655202924144,0.995245869662649
2013.06.21_12:00:00_TAI,11776,2875,6396002.5,1.141412e+22,36.255703,21.94445,14.207541,8.564274,5212.69873,29.1000765,11.3859075,0.6823794429823984,0.9937389163778505
2013.06.21_13:00:00_TAI,11776,2875,6368361.5,1.155509e+22,36.867573,22.518578,14.206593,8.554585,5200.355469,29.6930755,11.380589,0.6908071649686075,0.9913858207078253
2013.06.21_14:00:00_TAI,11776,2875,6303419.0,1.159207e+22,37.454441,23.088665,14.2271,8.546071,5190.821289,30.271553,11.386585499999999,0.6930179698139647,0.9895682428671525
2013.06.21_15:00:00_TAI,11776,2875,6273339.5,1.170008e+22,38.06662,23.640463,14.247406,8.535852,5190.029785,30.8535415,11.391629,0.6994752178222675,0.9894173520583777
2013.06.21_16:00:00_TAI,11776,2875,6289556.0,1.178394e+22,38.666328,24.215445,14.325095,8.519018,5197.262695,31.440886499999998,11.4220565,0.7044886871119285,0.990796220187528
2013.06.21_17:00:00_TAI,11776,2875,6275612.0,1.199774e+22,39.279972,24.779213,14.328137,8.455156,5222.077148,32.0295925,11.3916465,0.7172704630972551,0.9955268000487448
2013.06.21_18:00:00_TAI,11776,2875,6237842.5,1.245838e+22,39.88657,25.340164,14.353423,8.417868,5245.541504,32.613367,11.385645499999999,0.7448092717496445,1.0
2013.06.21_19:00:00_TAI,11776,2875,6153267.5,1.258902e+22,40.497868,25.897177,14.345877,8.409749,5220.562988,33.1975225,11.377813,0.7526194271038218,0.9952381434822406
2013.06.21_20:00:00_TAI,11776,2875,6080393.0,1.241236e+22,41.068848,26.457085,14.340017,8.430335,5176.083008,33.762966500000005,11.385176,0.7420580213715121,0.9867585651649053
2013.06.21_21:00:00_TAI,11776,2875,5958129.5,1.241524e+22,41.66856,27.025126,14.33693,8.426893,5145.522461,34.346843,11.381911500000001,0.7422301987093873,0.980932560933179
2013.06.21_22:00:00_TAI,11776,2875,5848683.0,1.227433e+22,42.219891,27.585098,14.335374,8.422932,5116.200684,34.902494499999996,11.379152999999999,0.7338060637510506,0.9753427134450523
2013.06.21_23:00:00_TAI,11776,2875,5786345.0,1.215654e+22,42.804123,28.15148,14.35725,8.419288,5088.32959,35.4778015,11.388269000000001,0.7267641301995463,0.9700294213895521
2013.06.22_00:00:00_TAI,11776,2875,5730300.5,1.221111e+22,43.365704,28.717157,14.383568,8.414964,5070.327148,36.041430500000004,11.399266,0.7300265320494962,0.9665974702771126
2013.06.22_01:00:00_TAI,11776,2875,5594942.5,1.212465e+22,43.946239,29.288137,14.383191,8.415277,5028.86377,36.617188,11.399234,0.7248576248853646,0.958692971195677
2013.06.22_02:00:00_TAI,11776,2875,5537158.0,1.222198e+22,44.51944,29.857025,14.379422,8.414606,4990.597656,37.1882325,11.397013999999999,0.7306763819323797,0.9513979924082973
2013.06.22_03:00:00_TAI,11776,2875,5476127.0,1.219413e+22,45.110924,30.401918,14.37847,8.437222,4953.642578,37.756420999999996,11.407846,0.7290114031616064,0.944352947016545
2013.06.22_04:00:00_TAI,11776,2875,5441133.0,1.223874e+22,45.691483,30.977348,14.41127,8.437715,4944.206543,38.3344155,11.4244925,0.7316783583847374,0.9425540793509658
2013.06.22_05:00:00_TAI,11776,2875,5399211.0,1.241258e+22,46.268585,31.518099,14.457705,8.457432,4939.737305,38.893342000000004,11.4575685,0.7420711738070441,0.9417020723662546
2013.06.22_06:00:00_TAI,11776,2875,5430607.0,1.272269e+22,46.872738,32.048782,14.454778,8.47128,4908.734375,39.46076,11.463028999999999,0.7606107273655551,0.9357917330854847
2013.06.22_07:00:00_TAI,11776,2875,5498777.5,1.308095e+22,47.449181,32.603413,14.475032,8.46306,4897.601074,40.026297,11.469046,0.7820288707916689,0.9336693018757592
2013.06.22_08:00:00_TAI,11776,2875,5549489.5,1.350929e+22,48.097557,33.120129,14.489946,8.456146,4912.349121,40.608843,11.473046,0.8076366627727487,0.9364808413495684
2013.06.22_09:00:00_TAI,11776,2875,5478941.0,1.35448e+22,48.796513,33.640549,14.483603,8.468251,4933.611328,41.218531,11.475927,0.8097595854352321,0.9405342278271678
2013.06.22_10:00:00_TAI,11776,2875,5407512.0,1.314028e+22,49.367962,34.16328,14.475699,8.455287,4930.058105,41.765620999999996,11.465493,0.785575843519496,0.9398568481901388
2013.06.22_11:00:00_TAI,11776,2875,5351368.0,1.304217e+22,49.94405,34.69318,14.473315,8.444286,4911.156738,42.318614999999994,11.458800499999999,0.7797104551101397,0.9362535277349318
2013.06.22_12:00:00_TAI,11776,2875,5266081.0,1.310017e+22,50.528374,35.260242,14.487164,8.430193,4897.984375,42.894307999999995,11.4586785,0.7831779153867952,0.9337423736453196
2013.06.22_13:00:00_TAI,11776,2875,5223834.0,1.314574e+22,51.128231,35.833187,14.476833,8.412376,4880.961426,43.480709000000004,11.4446045,0.7859022630558846,0.9304971512050779
2013.06.22_14:00:00_TAI,11776,2875,5156719.5,1.31815e+22,51.721355,36.388847,14.465438,8.39747,4849.657227,44.055101,11.431454,0.7880401316678364,0.9245293785783378
2013.06.22_15:00:00_TAI,11776,2875,5108914.0,1.325269e+22,52.294449,36.955837,14.457576,8.382297,4810.027832,44.625143,11.419936499999999,0.7922961402384417,0.9169745065084514
2013.06.22_16:00:00_TAI,11776,2875,5021507.5,1.333076e+22,52.858837,37.514614,14.444717,8.370947,4754.203613,45.1867255,11.407831999999999,0.7969634613384158,0.9063322841644987
2013.06.22_17:00:00_TAI,11776,2875,4977483.0,1.393413e+22,53.430557,38.093346,14.432412,8.361504,4698.769531,45.761951499999995,11.396958,0.8330352114612714,0.8957644367920723
2013.06.22_18:00:00_TAI,11776,2875,4905006.5,1.426645e+22,53.99884,38.639561,14.418534,8.374933,4647.630859,46.3192005,11.3967335,0.85290256317055,0.8860154581668905
2013.06.22_19:00:00_TAI,11776,2875,4875821.5,1.443087e+22,54.552723,39.192123,14.406489,8.364104,4598.853027,46.872423,11.385296499999999,0.8627322152168896,0.8767165455641013
2013.06.22_20:00:00_TAI,11776,2875,4770936.5,1.449564e+22,55.131062,39.76664,14.39182,8.355228,4544.015137,47.448851000000005,11.373524,0.8666044118051478,0.8662623550943122
2013.06.22_21:00:00_TAI,11776,2875,4710412.5,1.439162e+22,55.674397,40.330296,14.37131,8.34339,4490.845215,48.0023465,11.35735,0.8603857011503598,0.8561261428539829
2013.06.22_22:00:00_TAI,11776,2875,4602498.5,1.429938e+22,56.226349,40.898075,14.426678,8.33226,4433.030762,48.562212,11.379469,0.8548712436345202,0.8451045061066779
2013.06.22_23:00:00_TAI,11776,2875,4528356.0,1.433513e+22,56.788052,41.464012,14.449073,8.322901,4370.44043,49.126031999999995,11.385987,0.857008514408493,0.8331724049208857
2013.06.23_00:00:00_TAI,11776,2875,4424344.5,1.451399e+22,57.356953,42.030758,14.443724,8.289254,4315.690918,49.6938555,11.366489,0.8677014444961242,0.82273506266399
2013.06.23_01:00:00_TAI,11776,2875,4356145.5,1.44913e+22,57.923557,42.584267,14.435701,8.304729,4259.728027,50.253912,11.370215,0.8663449501223773,0.8120664041551734
2013.06.23_02:00:00_TAI,11776,2875,4277014.0,1.482582e+22,58.49509,43.135857,14.429262,8.297844,4200.384277,50.815473499999996,11.363553,0.8863438261869774,0.8007532251526344
2013.06.23_03:00:00_TAI,11776,2875,4208404.0,1.470096e+22,59.084763,43.682491,14.423186,8.261579,4149.382324,51.383627000000004,11.3423825,0.8788792211845082,0.7910303103761316
2013.06.23_04:00:00_TAI,11776,2875,4126004.5,1.436324e+22,59.661404,44.224468,14.413728,8.225497,4102.943359,51.942936,11.319612500000002,0.8586890369667135,0.7821772749050391
2013.06.23_05:00:00_TAI,11776,2875,4096425.0,1.432248e+22,60.230537,44.757339,14.403034,8.240767,4053.739014,52.493938,11.3219005,0.856252249365395,0.7727970526796542
2013.06.23_06:00:00_TAI,11776,2875,4026837.25,1.450032e+22,60.819828,45.292915,14.391469,8.227845,4003.795166,53.0563715,11.309657000000001,0.8668841999791953,0.7632758530166803
2013.06.23_07:00:00_TAI,11776,2875,3931399.0,1.484108e+22,61.413799,45.837543,14.375982,8.216904,3956.406006,53.625671,11.296443,0.887256126942525,0.7542416741880764
2013.06.23_08:00:00_TAI,11776,2875,3852478.0,1.499735e+22,62.028675,46.400177,14.344478,8.199864,3913.824951,54.214426,11.272171,0.8965985410361967,0.7461241033009659
2013.06.23_09:00:00_TAI,11776,2875,3748630.75,1.514343e+22,62.626938,46.944668,14.31956,8.188365,3855.706543,54.785803,11.2539625,0.9053317582295386,0.7350445211537878
2013.06.23_10:00:00_TAI,11776,2875,3642948.75,1.482267e+22,63.20929,47.477474,14.27875,8.193419,3797.128662,55.343382000000005,11.2360845,0.8861555072236763,0.7238773459526515
2013.06.23_11:00:00_TAI,11776,2875,3580874.0,1.448493e+22,63.839451,48.037655,14.236644,8.175456,3736.685059,55.938553,11.206050000000001,0.865964127329924,0.7123544930777084
2013.06.23_12:00:00_TAI,11776,2875,3499147.75,1.417057e+22,64.419525,48.593166,14.173946,8.163881,3655.851318,56.506345499999995,11.1689135,0.8471704926304512,0.6969445032914566
2013.06.23_13:00:00_TAI,11776,2875,3478494.75,1.409834e+22,65.006058,49.133904,14.124521,8.142405,3592.4104,57.069981,11.133462999999999,0.8428523089100576,0.6848502480174067
2013.06.23_14:00:00_TAI,11776,2875,3454706.0,1.454593e+22,65.601433,49.688782,14.043017,8.080061,3533.242432,57.6451075,11.061539,0.8696109390001996,0.6735705797591569
2013.06.23_15:00:00_TAI,11776,2875,3436822.5,1.50893e+22,66.184067,50.248436,13.923285,8.059341,3449.854248,58.2162515,10.991313,0.9020956612506531,0.6576736158448667
2013.06.23_16:00:00_TAI,11776,2875,3371117.5,1.574683e+22,66.783928,50.806614,13.866092,8.039966,3396.739258,58.795271,10.953029,0.9414053018663305,0.6475478757359576
2013.06.23_17:00:00_TAI,11776,2875,3288515.75,1.632758e+22,67.370117,51.361759,13.851713,8.026731,3344.398682,59.365938,10.939222000000001,0.9761247424812907,0.6375697684309086
2013.06.23_18:00:00_TAI,11776,2875,3247682.25,1.672694e+22,67.962357,51.921093,13.822632,8.016027,3302.844727,59.941725,10.9193295,1.0,0.6296480019234255
2013.03.04_22:00:00_TAI,11693,2525,56961.5,4.550007e+20,-52.76667,-54.106937,20.064037,19.388327,34.399681,-53.436803499999996,19.726182,0.18418814040701065,0.014221922383466269
2013.03.04_23:00:00_TAI,11693,2525,84829.0,6.131455e+20,-51.95409,-53.736603,20.180002,19.194284,66.560738,-52.845346500000005,19.687143,0.24820649604259234,0.027518326394428885
2013.03.05_00:00:00_TAI,11693,2525,99665.703125,6.737848e+20,-51.21188,-53.264729,20.296381,19.116472,91.641762,-52.2383045,19.7064265,0.2727537987227483,0.03788761954647453
2013.03.05_01:00:00_TAI,11693,2525,114750.101562,6.942604e+20,-50.461151,-52.798985,20.411377,19.044083,120.277283,-51.630068,19.72773,0.281042495174683,0.04972645482730514
2013.03.05_02:00:00_TAI,11693,2525,123333.796875,7.441084e+20,-49.764229,-52.343002,20.42551,18.976099,140.879929,-51.0536155,19.7008045,0.30122138813684474,0.05824424405639804
2013.03.05_03:00:00_TAI,11693,2525,132001.5,7.853469e+20,-49.14402,-51.870888,20.450296,18.916786,161.31514,-50.507453999999996,19.683540999999998,0.31791508251615996,0.06669281033036309
2013.03.05_04:00:00_TAI,11693,2525,138407.09375,8.214944e+20,-48.567444,-51.345783,20.466843,18.882063,172.670975,-49.9566135,19.674453,0.3325478969390002,0.07138767374986542
2013.03.05_05:00:00_TAI,11693,2525,139904.59375,8.52033e+20,-48.016472,-50.812252,20.471813,18.884338,179.441284,-49.414362,19.6780755,0.3449101810951203,0.07418673485482402
2013.03.05_06:00:00_TAI,11693,2525,146452.90625,8.531439e+20,-47.471458,-50.271763,20.452839,18.838261,186.898056,-48.8716105,19.64555,0.3453598828322344,0.07726960160045472
2013.03.05_09:00:00_TAI,11693,2525,152763.5,8.935712e+20,-45.859722,-48.672791,20.405256,18.795095,193.672974,-47.2662565,19.6001755,0.3617251965749964,0.08007056821262618
2013.03.05_10:00:00_TAI,11693,2525,158968.796875,7.711371e+20,-45.320324,-48.21312,20.458279,18.762751,213.134506,-46.766722,19.610515,0.31216283501949554,0.08811658461514296
2013.03.05_11:00:00_TAI,11693,2525,166385.0,7.286225e+20,-44.74905,-47.949455,20.460606,18.744846,234.143234,-46.3492525,19.602725999999997,0.29495256454266355,0.09680226106055403
2013.03.05_12:00:00_TAI,11693,2525,170825.90625,6.836383e+20,-44.216812,-47.621937,20.473795,18.65943,269.072601,-45.9193745,19.566612499999998,0.2767425790509994,0.11124317248579685
2013.03.05_13:00:00_TAI,11693,2525,173576.296875,6.68927e+20,-43.563683,-47.167072,20.528627,18.595312,305.978363,-45.365377499999994,19.5619695,0.27078732010311285,0.1265011884734067
2013.03.05_14:00:00_TAI,11693,2525,180376.90625,6.270725e+20,-42.987389,-46.64539,20.545265,18.460594,336.989807,-44.8163895,19.5029295,0.25384426370195734,0.13932230590083894
2013.03.05_15:00:00_TAI,11693,2525,182863.296875,6.223142e+20,-42.425732,-46.113968,20.547894,18.404877,353.643494,-44.269850000000005,19.4763855,0.2519180635257847,0.14620746986246236
2013.03.05_16:00:00_TAI,11693,2525,182559.59375,6.576096e+20,-41.88324,-45.569729,20.535124,18.388971,358.360107,-43.7264845,19.4620475,0.26620594064536185,0.14815746771269964
2013.03.05_17:00:00_TAI,11693,2525,184685.40625,6.715184e+20,-41.336323,-44.997604,20.515427,18.392202,355.475708,-43.1669635,19.4538145,0.2718363407904452,0.14696496541301413
2013.03.05_18:00:00_TAI,11693,2525,183147.203125,6.223396e+20,-40.815247,-44.418739,20.491814,18.407503,348.454224,-42.616993,19.449658499999998,0.2519283456611008,0.14406206057314802
2013.03.05_19:00:00_TAI,11693,2525,186379.703125,5.809563e+20,-40.297829,-43.947987,20.459352,18.425283,342.222778,-42.122907999999995,19.4423175,0.23517603501431403,0.14148578257368746
2013.03.05_20:00:00_TAI,11693,2525,182648.5,5.555579e+20,-39.785286,-43.526783,20.415596,18.382627,345.948029,-41.656034500000004,19.3991115,0.22489454739173803,0.1430259198377781
2013.03.05_21:00:00_TAI,11693,2525,189669.09375,6.319562e+20,-39.320518,-43.08728,20.363277,18.365164,347.696442,-41.203899,19.364220500000002,0.25582122686114744,0.14374876938920977
2013.03.05_22:00:00_TAI,11693,2525,192073.90625,6.149979e+20,-38.884441,-42.565533,20.369064,18.352907,347.037079,-40.724987,19.360985499999998,0.24895636326541185,0.143476167750592
2013.03.05_23:00:00_TAI,11693,2525,201502.5,5.861914e+20,-38.363892,-42.013817,20.441574,18.34152,359.189331,-40.188854500000005,19.391547,0.23729524787232664,0.14850029529201664
2013.03.06_00:00:00_TAI,11693,2525,201888.90625,5.627097e+20,-37.776417,-41.451817,20.442337,18.358631,362.614319,-39.614117,19.400484,0.22778965665764214,0.14991629428050446
2013.03.06_01:00:00_TAI,11693,2525,211567.40625,5.409968e+20,-37.217529,-41.043877,20.457878,18.36454,381.101288,-39.130703,19.411209,0.21900009067709886,0.15755939533785285
2013.03.06_02:00:00_TAI,11693,2525,211061.90625,4.941395e+20,-36.674789,-40.502464,20.472858,18.389263,382.375671,-38.588626500000004,19.4310605,0.20003185842714097,0.15808626580833215
2013.03.06_03:00:00_TAI,11693,2525,209236.09375,4.904988e+20,-36.123425,-39.939671,20.46735,18.441599,376.031586,-38.031548,19.4544745,0.19855807220487842,0.15546341926321122
2013.03.06_04:00:00_TAI,11693,2525,204121.59375,5.407169e+20,-35.586628,-39.363342,20.458941,18.486782,365.957123,-37.474985000000004,19.4728615,0.2188867847843828,0.15129831578910916
2013.03.06_05:00:00_TAI,11693,2525,206181.5,5.705406e+20,-35.044006,-38.957977,20.443724,18.560257,357.949646,-37.0009915,19.501990499999998,0.23095967136028603,0.14798777007848493
2013.03.06_06:00:00_TAI,11693,2525,207790.09375,5.299086e+20,-34.533195,-38.468876,20.409067,18.602997,352.006744,-36.5010355,19.506031999999998,0.21451149332227937,0.14553078534724437
2013.03.06_10:00:00_TAI,11693,2525,214377.0,4.828889e+20,-32.513493,-36.365551,20.337509,18.555792,354.11615,-34.439522,19.4466505,0.19547752017565448,0.1464028808881076
2013.03.06_11:00:00_TAI,11693,2525,214743.796875,4.33485e+20,-31.990173,-35.816319,20.343779,18.545958,358.675415,-33.903245999999996,19.4448685,0.17547840265813436,0.14828782606988572
2013.03.06_12:00:00_TAI,11693,2525,220742.296875,4.066454e+20,-31.436787,-35.244759,20.342518,18.539455,360.975586,-33.340773,19.4409865,0.16461350505848674,0.149238789930007
2013.03.06_13:00:00_TAI,11693,2525,218393.09375,4.105051e+20,-30.89044,-34.663151,20.344398,18.558958,360.757996,-32.7767955,19.451678,0.1661759443372152,0.14914883130244244
2013.03.06_14:00:00_TAI,11693,2525,238788.0,4.346006e+20,-30.332991,-34.117863,20.335978,18.469406,380.875946,-32.225426999999996,19.402692000000002,0.1759300069950905,0.1574662317868962
2013.03.06_15:00:00_TAI,11693,2525,243195.0,4.901682e+20,-29.781496,-33.587021,20.377666,18.420473,400.559235,-31.6842585,19.399069500000003,0.1984242425223778,0.16560392958733033
2013.03.06_16:00:00_TAI,11693,2525,250154.90625,5.545526e+20,-29.238602,-33.034622,20.394789,18.355654,414.707642,-31.136612,19.375221500000002,0.22448759342979652,0.17145333110369007
2013.03.06_17:00:00_TAI,11693,2525,253037.5,5.361224e+20,-28.691057,-32.470169,20.41925,18.315769,426.870911,-30.580613,19.3675095,0.21702689223674496,0.17648201342336683
2013.03.06_18:00:00_TAI,11693,2525,255784.703125,4.82204e+20,-28.162794,-31.898052,20.444862,18.307831,434.374725,-30.030423,19.3763465,0.19520026684974806,0.17958432882820932
2013.03.06_19:00:00_TAI,11693,2525,251949.296875,5.468423e+20,-27.629372,-31.321453,20.44125,18.304502,436.35733,-29.4754125,19.372875999999998,0.22136639862948043,0.18040400080211721
2013.03.06_20:00:00_TAI,11693,2525,247623.203125,4.208855e+20,-27.091419,-30.746471,20.436169,18.306608,434.982819,-28.918945,19.371388500000002,0.17037801825200463,0.17983573423135396
2013.03.06_21:00:00_TAI,11693,2525,238237.5,4.621165e+20,-26.553843,-30.180479,20.430847,18.3127,431.113922,-28.367161,19.3717735,0.18706867656774226,0.17823620914146648
2013.03.06_22:00:00_TAI,11693,2525,230165.5,3.720952e+20,-26.01647,-29.609026,20.430386,18.316364,423.282471,-27.812748,19.373375,0.1506272912159799,0.17499843817865088
2013.03.06_23:00:00_TAI,11693,2525,218541.5,3.496544e+20,-25.490839,-29.048328,20.400623,18.344603,411.306,-27.269583500000003,19.372613,0.14154306514501858,0.17004698409424135
2013.03.07_00:00:00_TAI,11693,2525,223290.90625,3.182183e+20,-24.979212,-28.494761,20.463972,18.346195,417.68158,-26.7369865,19.4050835,0.12881746538077904,0.17268285167422212
2013.03.07_01:00:00_TAI,11693,2525,229091.59375,2.87735e+20,-24.424429,-27.974464,20.570375,18.310642,451.422668,-26.1994465,19.4405085,0.11647756713343783,0.18663249076156438
2013.03.07_02:00:00_TAI,11693,2525,240248.703125,2.978893e+20,-23.847515,-27.466198,20.647017,18.279518,484.569611,-25.6568565,19.4632675,0.12058811385157453,0.20033649140608142
2013.03.07_03:00:00_TAI,11693,2525,248430.0,3.255803e+20,-23.291126,-26.934019,20.652416,18.251444,500.14151,-25.1125725,19.451929999999997,0.13179766538855137,0.20677440979669603
2013.03.07_04:00:00_TAI,11693,2525,251984.59375,3.497661e+20,-22.742119,-26.398129,20.656553,18.227884,506.104218,-24.570124,19.4422185,0.14158828225190098,0.2092395829583679
2013.03.07_05:00:00_TAI,11693,2525,248701.90625,3.372614e+20,-22.194212,-25.857944,20.636955,18.229303,505.037689,-24.026078,19.433129,0.13652627368939207,0.20879864594334976
2013.03.07_06:00:00_TAI,11693,2525,265100.5,3.91656e+20,-21.671885,-25.334629,20.639256,18.19751,515.819458,-23.503256999999998,19.418383,0.15854566887314273,0.21325617221734233
2013.03.07_09:00:00_TAI,11693,2525,412515.6875,8.24624e+20,-19.990297,-23.695925,20.633907,16.470604,685.243652,-21.843111,18.5522555,0.33381478554866123,0.28330152342130643
2013.03.07_10:00:00_TAI,11693,2525,488960.0,6.568466e+20,-19.309217,-23.151762,20.792009,16.127523,861.939148,-21.2304895,18.459766000000002,0.2658970717774007,0.3563530621730779
2013.03.07_11:00:00_TAI,11693,2525,517739.1875,6.563837e+20,-18.665636,-22.59915,20.866869,16.098698,919.044067,-20.632393,18.4827835,0.2657096859333912,0.37996205220214607
2013.03.07_12:00:00_TAI,11693,2525,553358.0,6.362082e+20,-18.096706,-22.019897,20.873922,15.973923,1057.354004,-20.0583015,18.4239225,0.25754247250540824,0.43714377981398383
2013.03.07_13:00:00_TAI,11693,2525,553075.0,5.696862e+20,-17.557163,-21.508293,20.853804,15.946519,1075.582886,-19.532728,18.4001615,0.23061380299752582,0.44468017949575306
2013.03.07_14:00:00_TAI,11693,2525,552036.6875,5.330032e+20,-16.996586,-20.993591,20.858585,15.921954,1075.444092,-18.9950885,18.390269500000002,0.2157642136352449,0.4446227976410989
2013.03.07_15:00:00_TAI,11693,2525,551677.375,5.935173e+20,-16.462149,-20.427961,20.860849,15.902719,1040.946289,-18.445055,18.381784,0.2402608342940788,0.4303603085015598
2013.03.07_16:00:00_TAI,11693,2525,547703.5,6.450056e+20,-15.942826,-19.859938,20.864752,15.933945,1021.092773,-17.901381999999998,18.3993485,0.26110373460108555,0.422152233444384
2013.03.07_17:00:00_TAI,11693,2525,549528.1875,6.248125e+20,-15.435689,-19.289206,20.841576,15.933357,1000.581299,-17.362447500000002,18.387466500000002,0.25292939654390717,0.41367213762028354
2013.03.07_18:00:00_TAI,11693,2525,568585.875,5.786154e+20,-14.916023,-18.696821,20.819464,15.841571,1007.367126,-16.806421999999998,18.3305175,0.23422841885047346,0.41647761436007164
2013.03.07_19:00:00_TAI,11693,2525,618255.125,5.908956e+20,-14.308955,-18.226635,20.794855,15.638385,1149.478271,-16.267795,18.21662,0.2391995479098929,0.47523088227600147
2013.03.07_20:00:00_TAI,11693,2525,611980.0,7.601539e+20,-13.670349,-17.72991,20.777702,15.615349,1186.032837,-15.7001295,18.1965255,0.30771674255476245,0.49034370266562355
2013.03.07_21:00:00_TAI,11693,2525,610286.1875,6.891695e+20,-13.097594,-17.201397,20.822123,15.596306,1200.643188,-15.1494955,18.2092145,0.27898165569905564,0.4963840865260785
2013.03.07_22:00:00_TAI,11693,2525,610214.8125,6.686894e+20,-12.547372,-16.641661,20.839138,15.583158,1212.439941,-14.5945165,18.211147999999998,0.27069113760897445,0.5012612394724365
2013.03.07_23:00:00_TAI,11693,2525,623872.6875,6.57724e+20,-12.004871,-16.063206,20.963013,15.598292,1258.916748,-14.034038500000001,18.280652500000002,0.2662522507351322,0.5204762299191601
2013.03.08_00:00:00_TAI,11693,2525,614441.6875,6.719093e+20,-11.466333,-15.503131,20.978119,15.587753,1257.010376,-13.484732000000001,18.282936,0.2719945804241098,0.5196880750924332
2013.03.08_01:00:00_TAI,11693,2525,625136.5,6.577692e+20,-10.929726,-14.924691,20.966492,15.46911,1254.969604,-12.927208499999999,18.217801,0.2662705480782932,0.5188443550304259
2013.03.08_02:00:00_TAI,11693,2525,615395.875,6.395023e+20,-10.394805,-14.343166,20.955889,15.457887,1239.926758,-12.3689855,18.206888,0.25887595210953795,0.5126251639792522
2013.03.08_03:00:00_TAI,11693,2525,638535.0,5.690942e+20,-9.755879,-13.766961,20.943401,15.183418,1239.336914,-11.761420000000001,18.0634095,0.23037415637913392,0.5123813037066421
2013.03.08_04:00:00_TAI,11693,2525,665984.6875,6.223859e+20,-9.069585,-13.184187,20.972408,15.176898,1234.835327,-11.126885999999999,18.074653,0.25194708829358653,0.5105202044448083
2013.03.08_05:00:00_TAI,11693,2525,679121.625,6.487145e+20,-8.475539,-12.589241,21.027245,15.136109,1234.893188,-10.53239,18.081677,0.26260512876148034,0.5105441260227739
2013.03.08_06:00:00_TAI,11693,2525,686749.5,7.163621e+20,-7.914413,-11.984268,21.02207,15.161354,1210.384033,-9.9493405,18.091712,0.28998945069108906,0.5004112617065511
2013.03.08_09:00:00_TAI,11693,2525,769795.875,1.060317e+21,-5.572282,-10.249208,21.27739,14.788489,1409.560059,-7.910745,18.0329395,0.42922530992137,0.5827569666687354
2013.03.08_10:00:00_TAI,11693,2525,735095.6875,6.104663e+20,-4.962694,-9.743579,21.330761,14.778763,1319.953979,-7.3531365,18.054762,0.24712193317097816,0.5457109628163547
2013.03.08_11:00:00_TAI,11693,2525,726073.875,6.493458e+20,-4.401971,-9.246473,21.321558,14.771846,1337.881104,-6.824222,18.046702,0.2628606843530189,0.5531226065553969
2013.03.08_12:00:00_TAI,11693,2525,731702.875,5.950903e+20,-3.843007,-8.697542,21.31065,14.763865,1367.638794,-6.2702745,18.0372575,0.2408975980284208,0.5654253821971609
2013.03.08_13:00:00_TAI,11693,2525,728742.6875,5.51304e+20,-3.281958,-8.121414,21.301287,14.759312,1370.935669,-5.701686,18.030299499999998,0.2231725326113709,0.5667884151961584
2013.03.08_14:00:00_TAI,11693,2525,725560.1875,5.589259e+20,-2.751259,-7.565664,21.290552,14.752653,1375.177246,-5.1584615,18.0216025,0.226257942342319,0.5685420180530424
2013.03.08_15:00:00_TAI,11693,2525,717217.5,5.525334e+20,-2.225665,-6.988491,21.279768,14.77768,1384.892212,-4.607078,18.028724,0.22367020415301114,0.5725584940317008
2013.03.08_16:00:00_TAI,11693,2525,704807.0,4.598769e+20,-1.727571,-6.381505,21.267742,14.802087,1356.421021,-4.054538,18.0349145,0.18616206750262315,0.5607875980002277
2013.03.08_17:00:00_TAI,11693,2525,683200.375,4.081561e+20,-1.260969,-5.797267,21.227489,14.83049,1307.550781,-3.529118,18.028989499999998,0.1652250492247108,0.540583086215907
2013.03.08_18:00:00_TAI,11693,2525,657296.125,3.545359e+20,-0.795625,-5.258338,21.184374,14.922976,1239.757935,-3.0269815,18.053675,0.1435191377255593,0.5125553671807718
2013.03.08_19:00:00_TAI,11693,2525,621059.3125,4.300109e+20,-0.360635,-4.693334,21.108944,15.078049,1150.104492,-2.5269845,18.0934965,0.17407205752814228,0.4754897819575682
2013.03.08_20:00:00_TAI,11693,2525,586573.5,4.495615e+20,-0.079583,-4.12781,21.068037,15.171764,1052.007324,-2.1036965000000003,18.1199005,0.1819863061388396,0.4349332922234381
2013.03.08_21:00:00_TAI,11693,2525,502739.59375,3.574562e+20,0.04525,-3.687968,21.030905,16.014341,954.803711,-1.8213590000000002,18.522623000000003,0.14470129992098138,0.394746226550402
2013.03.08_22:00:00_TAI,11693,2525,490371.5,3.138573e+20,0.488413,-3.150097,20.996122,16.047541,904.998962,-1.330842,18.521831499999998,0.12705209561252379,0.3741553590186356
2013.03.08_23:00:00_TAI,11693,2525,471240.5,3.351827e+20,1.113515,-2.587721,20.927414,16.177687,816.055847,-0.7371030000000001,18.5525505,0.1356847983082244,0.3373834459862527
2013.03.09_00:00:00_TAI,11693,2525,405860.0,3.081417e+20,1.67797,-2.052876,20.759474,16.309589,684.563904,-0.18745299999999998,18.5345315,0.12473837228130626,0.28302049397523926
2013.03.09_01:00:00_TAI,11693,2525,392463.90625,3.548543e+20,2.338527,-1.488662,20.697292,16.314665,652.697388,0.42493250000000005,18.5059785,0.14364802874464033,0.269845862583062
2013.03.09_02:00:00_TAI,11693,2525,290767.5,2.536986e+20,2.967833,-0.892487,18.525139,16.320509,559.723206,1.037673,17.422824,0.10269934388642046,0.23140737822414403
2013.03.09_03:00:00_TAI,11693,2525,296835.90625,2.187049e+20,3.564833,-0.326819,18.530758,16.357166,559.719971,1.619007,17.443962,0.0885335974843582,0.23140604077223828
2013.03.09_04:00:00_TAI,11693,2525,387451.6875,2.685449e+20,4.385696,0.236393,20.448372,16.268566,690.018188,2.3110445,18.358469,0.10870925197870383,0.2852754684822814
2013.03.09_05:00:00_TAI,11693,2525,498380.09375,3.425289e+20,5.627225,0.801216,20.594503,16.277832,1022.701416,3.2142205,18.4361675,0.13865860234205993,0.4228172976317149
2013.03.09_06:00:00_TAI,11693,2525,583188.1875,4.451462e+20,6.479658,1.359775,20.704931,16.285698,1217.198853,3.9197165,18.4953145,0.18019895527028254,0.5032287250748101
2013.03.09_09:00:00_TAI,11693,2525,722378.1875,8.420806e+20,9.628606,2.934924,20.768753,16.282949,1453.165161,6.281765,18.525851,0.34088136520849255,0.6007847029191713
2013.03.09_10:00:00_TAI,11693,2525,802554.1875,5.826473e+20,10.490286,3.489166,21.047195,16.227564,1567.889282,6.989725999999999,18.6373795,0.2358605661489436,0.6482153039289131
2013.03.09_11:00:00_TAI,11693,2525,877667.0,6.487833e+20,11.486524,4.019264,21.053007,16.233377,1674.440063,7.7528939999999995,18.643192,0.2626329795846989,0.6922667861877082
2013.03.09_12:00:00_TAI,11693,2525,915871.375,7.381424e+20,12.100101,4.554966,21.063255,16.242435,1740.34082,8.327533500000001,18.652845,0.29880630076298303,0.7195122554426606
2013.03.09_13:00:00_TAI,11693,2525,946976.875,7.635624e+20,12.839222,4.995454,21.069727,16.249968,1829.066528,8.917337999999999,18.659847499999998,0.3090965322486625,0.7561942855055003
2013.03.09_14:00:00_TAI,11693,2525,975392.125,7.744167e+20,13.640369,5.405139,21.076313,16.258322,1951.053101,9.522753999999999,18.6673175,0.3134904449007086,0.8066274151915296
2013.03.09_15:00:00_TAI,11693,2525,1032683.3125,7.883556e+20,14.595487,5.940095,21.082386,16.266342,2048.931396,10.267791,18.674364,0.31913302978095,0.8470934158650828
2013.03.09_16:00:00_TAI,11693,2525,1054067.75,7.95449e+20,15.329481,6.475893,21.057787,16.273609,2150.023193,10.902687,18.665698,0.32200449823179655,0.8888879804873282
2013.03.09_17:00:00_TAI,11693,2525,1102276.625,8.294166e+20,15.997217,7.044301,21.03241,16.148453,2225.407471,11.520759,18.5904315,0.33575487065559545,0.9200542389956453
2013.03.09_18:00:00_TAI,11693,2525,1109151.375,9.089139e+20,16.653755,7.614571,20.937954,16.02795,2255.371826,12.134163000000001,18.482952,0.3679360515952692,0.9324424565224483
2013.03.09_19:00:00_TAI,11693,2525,1078815.875,1.087415e+21,17.246016,8.186608,20.317238,16.04001,2203.4375,12.716312,18.178624,0.4401948100314779,0.9109711541167766
2013.03.09_20:00:00_TAI,11693,2525,1136348.75,1.061715e+21,17.809057,8.785218,21.305117,16.02486,2212.14917,13.2971375,18.6649885,0.4297912321722347,0.9145728356140665
2013.03.09_21:00:00_TAI,11693,2525,1156329.75,1.026917e+21,18.356554,9.361622,21.320929,16.038721,2198.942871,13.859088,18.679825,0.4157047067891239,0.9091129315134777
2013.03.09_22:00:00_TAI,11693,2525,1173560.25,1.070292e+21,18.910875,9.973062,21.339485,16.005352,2187.178711,14.441968500000002,18.6724185,0.43326327447957824,0.9042492535501071
2013.03.09_23:00:00_TAI,11693,2525,1185794.0,1.23961e+21,19.478659,10.602484,21.361698,15.995734,2147.511719,15.0405715,18.678716,0.5018046361905255,0.8878496572454327
2013.03.10_00:00:00_TAI,11693,2525,1197661.5,1.262327e+21,20.037804,11.243781,21.386141,16.00305,2091.03418,15.6407925,18.6945955,0.5110006703628379,0.8645000460653991
2013.03.10_01:00:00_TAI,11693,2525,1075299.5,1.206722e+21,20.586132,11.887642,19.623125,16.022446,1922.558716,16.236887,17.822785500000002,0.4884912949985103,0.7948469300226525
2013.03.10_02:00:00_TAI,11693,2525,1065223.75,1.24797e+21,21.125103,12.557478,19.649536,16.022547,1885.754761,16.8412905,17.8360415,0.5051888350583572,0.7796310042873358
2013.03.10_03:00:00_TAI,11693,2525,1092593.125,1.361656e+21,21.828621,13.20205,19.674788,16.049412,1896.364014,17.5153355,17.862099999999998,0.5512098915760976,0.7840172069591732
2013.03.10_04:00:00_TAI,11693,2525,1243780.75,1.369963e+21,22.53644,13.876989,21.448967,16.075098,2044.44397,18.2067145,18.7620325,0.5545726355946474,0.8452381712111121
2013.03.10_05:00:00_TAI,11693,2525,1290809.125,1.452513e+21,23.189779,14.553749,21.477402,16.04508,2081.472412,18.871764,18.761241,0.5879895753721,0.8605469070131878
2013.03.10_06:00:00_TAI,11693,2525,1375347.5,1.74358e+21,23.955387,15.207301,21.507103,15.978599,2214.032959,19.581344,18.742851,0.7058159643509463,0.9153516539102254
2013.03.10_09:00:00_TAI,11693,2525,1507835.625,2.470304e+21,25.67301,16.994572,21.560036,15.851015,2338.874268,21.333791,18.7055255,1.0,0.9669650222681566
2013.03.10_11:00:00_TAI,11693,2525,1496753.0,1.963227e+21,26.865295,18.102621,21.607681,15.752972,2418.778564,22.483958,18.6803265,0.7947309319014988,1.0
2013.03.10_12:00:00_TAI,11693,2525,1453857.875,1.972001e+21,27.423998,18.6919,21.62743,15.771094,2410.379883,23.057949,18.699262,0.798282721478814,0.9965277181115286
2013.04.13_07:00:00_TAI,11723,2663,240990.203125,1.178303e+21,-57.862068,-61.382694,-16.842091,-18.702194,244.997192,-59.622381000000004,-17.7721425,0.09160626587440109,0.022807376246019938
2013.04.13_08:00:00_TAI,11723,2663,255119.09375,1.326499e+21,-57.204144,-61.002522,-16.795118,-18.764935,281.964264,-59.103333,-17.780026499999998,0.1031276505925277,0.026248729646583438
2013.04.13_09:00:00_TAI,11723,2663,274221.0,1.4567e+21,-56.614834,-60.488808,-16.756899,-18.806469,303.178802,-58.551821000000004,-17.781684,0.11325002779356419,0.028223641873542704
2013.04.13_10:00:00_TAI,11723,2663,310973.09375,1.420723e+21,-56.032887,-60.058388,-16.759935,-18.969498,348.612823,-58.0456375,-17.8647165,0.1104530234344449,0.03245320386508002
2013.04.13_11:00:00_TAI,11723,2663,325097.3125,1.436669e+21,-55.341427,-59.738392,-16.720783,-19.045708,403.936188,-57.5399095,-17.8832455,0.11169273301307892,0.03760338860985412
2013.04.13_12:00:00_TAI,11723,2663,376615.40625,1.529003e+21,-54.683914,-59.245975,-16.677031,-19.164343,453.765442,-56.9649445,-17.920687,0.11887116924997804,0.04224211338363232
2013.04.13_13:00:00_TAI,11723,2663,436882.1875,1.687319e+21,-53.696232,-58.811176,-16.597927,-19.288019,554.237976,-56.253704,-17.942973,0.13117932563095278,0.05159534256402648
2013.04.13_14:00:00_TAI,11723,2663,500431.59375,1.90396e+21,-52.829575,-58.627571,-16.389923,-19.472698,728.330322,-55.728573,-17.931310500000002,0.14802191454509125,0.06780201662572057
2013.04.13_15:00:00_TAI,11723,2663,591122.875,2.175622e+21,-52.020771,-58.223068,-16.302975,-19.628382,841.763245,-55.121919500000004,-17.9656785,0.16914206903843598,0.07836175950451571
2013.04.13_16:00:00_TAI,11723,2663,680403.375,2.659543e+21,-51.17466,-57.85714,-16.185093,-19.73192,984.799805,-54.5159,-17.9585065,0.2067641372061365,0.09167737595801533
2013.04.13_17:00:00_TAI,11723,2663,779939.3125,2.963097e+21,-50.457119,-57.552505,-16.107056,-19.848938,1118.57251,-54.004812,-17.977997000000002,0.23036371085674923,0.10413059792956687
2013.04.13_18:00:00_TAI,11723,2663,911968.0,3.173839e+21,-49.616405,-57.239315,-15.993658,-20.000675,1306.283936,-53.427859999999995,-17.9971665,0.2467476865259133,0.12160510481476795
2013.04.13_19:00:00_TAI,11723,2663,979755.0,3.107711e+21,-48.927006,-56.765846,-15.917762,-20.082821,1412.106323,-52.846426,-18.0002915,0.24160661572346062,0.1314563646429252
2013.04.13_20:00:00_TAI,11723,2663,1031465.0,3.456774e+21,-48.337933,-56.207127,-15.899917,-20.18432,1472.648193,-52.27253,-18.0421185,0.26874425178559075,0.1370923525350951
2013.04.13_21:00:00_TAI,11723,2663,1100666.75,3.811067e+21,-47.72245,-55.676586,-15.850649,-20.230095,1543.399536,-51.699518,-18.040371999999998,0.29628849019917297,0.14367876475696337
2013.04.13_22:00:00_TAI,11723,2663,1172661.0,3.888608e+21,-47.065762,-55.194481,-15.761581,-20.262409,1639.585205,-51.1301215,-18.011995,0.3023168559609226,0.15263291939216483
2013.04.13_23:00:00_TAI,11723,2663,1353487.25,4.1634e+21,-46.120247,-54.770401,-15.711707,-20.349281,1809.391846,-50.445324,-18.030494,0.32368034991125494,0.16844062689584852
2013.04.14_00:00:00_TAI,11723,2663,1590304.625,4.924552e+21,-45.25946,-54.380024,-15.566717,-20.501522,2054.884766,-49.819742,-18.034119500000003,0.382855530219573,0.19129415165042643
2013.04.14_01:00:00_TAI,11723,2663,1824701.75,5.396256e+21,-44.444534,-53.938354,-15.474659,-20.640913,2259.94165,-49.191444,-18.057786,0.4195277970626673,0.2103833888251303
2013.04.14_02:00:00_TAI,11723,2663,1995296.625,5.76457e+21,-43.747459,-53.480728,-15.44516,-20.710287,2380.675049,-48.614093499999996,-18.0777235,0.44816208740162444,0.22162275052546296
2013.04.14_03:00:00_TAI,11723,2663,2056003.0,6.572295e+21,-43.086205,-52.967789,-15.445971,-20.755894,2464.338867,-48.026997,-18.1009325,0.5109580499879885,0.22941121601654718
2013.04.14_04:00:00_TAI,11723,2663,2124776.5,6.523792e+21,-42.493835,-52.460953,-15.44692,-20.795319,2525.847656,-47.477394000000004,-18.1211195,0.507187221335506,0.23513721671764928
2013.04.14_05:00:00_TAI,11723,2663,2233997.25,6.195673e+21,-41.849846,-51.951691,-15.457289,-20.824438,2586.067627,-46.9007685,-18.140863500000002,0.4816778605408355,0.24074323825981214
2013.04.14_06:00:00_TAI,11723,2663,2369977.0,6.362194e+21,-41.201958,-51.456951,-15.467731,-20.912384,2670.104004,-46.3294545,-18.1900575,0.4946239083737538,0.24856638616181492
2013.04.14_07:00:00_TAI,11723,2663,2577709.5,6.972787e+21,-40.47493,-50.964474,-15.474145,-25.11652,2866.630615,-45.719702,-20.2953325,0.542093994335555,0.266861519762498
2013.04.14_08:00:00_TAI,11723,2663,2720227.75,7.485652e+21,-39.835918,-50.474663,-15.408051,-25.288616,3036.855225,-45.1552905,-20.348333500000003,0.5819662916543895,0.2827081370029193
2013.04.14_09:00:00_TAI,11723,2663,2847773.0,7.759262e+21,-39.20105,-49.963966,-15.360792,-25.323795,3176.279541,-44.582508000000004,-20.3422935,0.6032378919184089,0.29568748099824144
2013.04.14_10:00:00_TAI,11723,2663,2924764.25,7.86276e+21,-38.565163,-49.471626,-15.32759,-25.372536,3298.08374,-44.0183945,-20.350063,0.6112842647999757,0.3070265260389621
2013.04.14_11:00:00_TAI,11723,2663,3018945.75,7.43355e+21,-37.89159,-48.955357,-15.311969,-25.519924,3494.286377,-43.4234735,-20.4159465,0.577915661498489,0.325291500122911
2013.04.14_12:00:00_TAI,11723,2663,3090238.5,7.290131e+21,-37.249729,-48.459393,-15.311334,-25.556068,3615.240234,-42.854561000000004,-20.433701,0.5667656609931515,0.3365513847872475
2013.04.14_13:00:00_TAI,11723,2663,3244963.75,7.442211e+21,-36.571262,-47.929646,-15.331948,-25.585638,3717.981201,-42.250454,-20.458793,0.578589004321802,0.3461157878366054
2013.04.14_14:00:00_TAI,11723,2663,3368448.0,7.882936e+21,-35.83728,-47.384899,-15.322332,-25.600779,3841.965576,-41.6110895,-20.4615555,0.6128528324946027,0.3576577906904692
2013.04.14_15:00:00_TAI,11723,2663,3554684.5,8.379461e+21,-35.148762,-46.865459,-15.285719,-25.585575,4004.544434,-41.007110499999996,-20.435647,0.6514547890060322,0.3727926465383446
2013.04.14_16:00:00_TAI,11723,2663,3674241.5,8.351525e+21,-34.476372,-46.335255,-15.235482,-25.583176,4123.027344,-40.405813499999994,-20.409329,0.6492829260442411,0.3838225048197135
2013.04.14_17:00:00_TAI,11723,2663,3816516.25,8.337337e+21,-33.830956,-45.817989,-15.182723,-25.569086,4218.125488,-39.8244725,-20.375904499999997,0.6481798908315446,0.3926754191441608
2013.04.14_18:00:00_TAI,11723,2663,3974068.0,8.161161e+21,-33.150555,-45.302937,-15.18372,-25.625813,4346.663086,-39.226746,-20.4047665,0.6344832224052668,0.4046412924483155
2013.04.14_19:00:00_TAI,11723,2663,4078953.0,8.241859e+21,-32.491688,-44.789101,-15.187449,-25.66106,4444.120117,-38.6403945,-20.4242545,0.6407570267183613,0.41371380122154683
2013.04.14_20:00:00_TAI,11723,2663,4153860.25,8.749444e+21,-31.870256,-44.263451,-15.194198,-25.687937,4517.416992,-38.0668535,-20.441067500000003,0.6802188344739709,0.42053718312293
2013.04.14_21:00:00_TAI,11723,2663,4236980.5,8.777712e+21,-31.211119,-43.713284,-15.21909,-25.729965,4586.850586,-37.4622015,-20.4745275,0.6824165085219344,0.42700092292967595
2013.04.14_22:00:00_TAI,11723,2663,4341405.5,8.750752e+21,-30.601759,-43.167469,-15.156662,-25.762308,4704.399414,-36.884614,-20.459485,0.6803205239339516,0.4379438252772045
2013.04.14_23:00:00_TAI,11723,2663,4412774.5,8.770824e+21,-29.980196,-42.631355,-15.127777,-25.786806,4796.276367,-36.305775499999996,-20.4572915,0.6818810062280907,0.44649687120521203
2013.04.15_00:00:00_TAI,11723,2663,4464089.5,8.766294e+21,-29.345778,-42.097378,-15.125755,-25.806059,4868.094238,-35.721578,-20.465907,0.68152882484146,0.45318256907674154
2013.04.15_01:00:00_TAI,11723,2663,4561411.0,8.669261e+21,-28.727644,-41.544456,-15.145652,-25.80192,4915.668945,-35.13605,-20.473786,0.6739850684421377,0.45761141266260263
2013.04.15_02:00:00_TAI,11723,2663,4676449.0,8.740741e+21,-28.063383,-40.980705,-15.148232,-25.797934,4950.147949,-34.522044,-20.473083000000003,0.6795422263927685,0.46082114584524264
2013.04.15_03:00:00_TAI,11723,2663,4780940.5,8.809179e+21,-27.458275,-40.413387,-15.171942,-25.788881,4977.687988,-33.935831,-20.4804115,0.6848628863791322,0.46338491413244426
2013.04.15_04:00:00_TAI,11723,2663,4906840.5,9.097285e+21,-26.865026,-39.871765,-15.194827,-25.776808,5082.290527,-33.368395500000005,-20.4858175,0.7072614670803696,0.4731226153843916
2013.04.15_05:00:00_TAI,11723,2663,5050433.0,9.093843e+21,-26.222124,-39.314465,-15.165912,-25.758804,5188.362305,-32.768294499999996,-20.462358000000002,0.7069938714219187,0.4829970916189204
2013.04.15_06:00:00_TAI,11723,2663,5303953.5,8.946679e+21,-25.605707,-38.804913,-15.174159,-25.725868,5473.399414,-32.20531,-20.450013499999997,0.6955527187547861,0.5095318797769856
2013.04.15_07:00:00_TAI,11723,2663,5418005.0,9.04125e+21,-24.98592,-38.322708,-15.178107,-25.760305,5571.617676,-31.654314,-20.469206,0.7029050688464077,0.5186752533698721
2013.04.15_08:00:00_TAI,11723,2663,5572926.5,9.499576e+21,-24.415573,-37.78817,-15.170977,-25.782549,5651.60498,-31.1018715,-20.476763,0.7385372733075274,0.5261214633543227
2013.04.15_09:00:00_TAI,11723,2663,5697188.5,9.756874e+21,-23.778875,-37.255604,-15.166956,-25.802345,5746.550781,-30.5172395,-20.4846505,0.7585407096027347,0.5349601957034948
2013.04.15_10:00:00_TAI,11723,2663,5866380.5,1.000902e+22,-23.173183,-36.710217,-15.164921,-25.851379,5897.375,-29.9417,-20.50815,0.7781436075968556,0.5490007840125442
2013.04.15_11:00:00_TAI,11723,2663,6050128.5,1.004958e+22,-22.554016,-36.152626,-15.180457,-25.872375,6151.810547,-29.353321,-20.526416,0.781296913787085,0.5726867993640625
2013.04.15_12:00:00_TAI,11723,2663,6238210.0,1.02609e+22,-21.923014,-35.59058,-15.188608,-25.892401,6306.835449,-28.756797,-20.5405045,0.7977258256243445,0.5871184393292112
2013.04.15_13:00:00_TAI,11723,2663,6434807.0,1.041014e+22,-21.312483,-35.049927,-15.180996,-25.907242,6421.553223,-28.181205,-20.544119000000002,0.8093283753242907,0.5977977920694004
2013.04.15_14:00:00_TAI,11723,2663,6599607.5,1.07528e+22,-20.726593,-34.518375,-15.166526,-25.900679,6594.102051,-27.622484,-20.5336025,0.8359682150467748,0.6138607763382395
2013.04.15_15:00:00_TAI,11723,2663,6801116.5,1.10032e+22,-20.140446,-33.990856,-15.161256,-25.884508,6680.827637,-27.065651000000003,-20.522882,0.8554353716057839,0.6219342691563066
2013.04.15_16:00:00_TAI,11723,2663,7041806.5,1.112933e+22,-19.541014,-33.490047,-15.156498,-25.848717,6820.010742,-26.515530499999997,-20.5026075,0.8652412520242655,0.6348911582410773
2013.04.15_17:00:00_TAI,11723,2663,7188011.0,1.10086e+22,-18.907223,-33.038006,-15.154017,-25.808212,7052.987793,-25.9726145,-20.4811145,0.8558551904772641,0.6565795507302663
2013.04.15_18:00:00_TAI,11723,2663,7340799.0,1.111953e+22,-18.308477,-32.506104,-15.147289,-25.763554,7161.04541,-25.407290500000002,-20.4554215,0.8644793585167645,0.6666388934804774
2013.04.15_19:00:00_TAI,11723,2663,7461842.5,1.155599e+22,-17.70896,-32.028912,-15.142856,-25.70685,7273.571777,-24.868935999999998,-20.424853,0.8984116075253309,0.6771142428867953
2013.04.15_20:00:00_TAI,11723,2663,7514533.5,1.162642e+22,-17.12394,-31.532671,-15.155096,-25.650663,7345.267578,-24.3283055,-20.4028795,0.9038871340287297,0.6837885769692315
2013.04.15_21:00:00_TAI,11723,2663,7598827.0,1.159082e+22,-16.527081,-30.990456,-15.143152,-25.575434,7414.845703,-23.7587685,-20.359293,0.9011194392463784,0.6902657715134352
2013.04.15_22:00:00_TAI,11723,2663,7698741.5,1.179696e+22,-15.94291,-30.432905,-15.101068,-25.509457,7498.882324,-23.1879075,-20.3052625,0.9171456359439589,0.6980889421299832
2013.04.15_23:00:00_TAI,11723,2663,7810651.5,1.180567e+22,-15.363581,-29.874689,-15.0688,-25.524395,7589.756836,-22.619135,-20.296597499999997,0.9178227882348093,0.7065486684208765
2013.04.16_00:00:00_TAI,11723,2663,7916001.0,1.190724e+22,-14.735433,-29.313231,-15.041912,-25.510403,7696.619141,-22.024332,-20.2761575,0.9257192702304106,0.7164967367099692
2013.04.16_01:00:00_TAI,11723,2663,8011781.5,1.190702e+22,-14.133755,-28.757225,-15.019225,-25.562479,7824.787109,-21.44549,-20.290852,0.9257021664986095,0.7284282002708407
2013.04.16_02:00:00_TAI,11723,2663,8171203.5,1.20521e+22,-13.564518,-28.203857,-14.993523,-25.595015,7912.442383,-20.8841875,-20.294269,0.936981300179045,0.7365882399747486
2013.04.16_03:00:00_TAI,11723,2663,8320261.5,1.208164e+22,-12.978004,-27.651119,-14.946123,-25.647476,8056.066895,-20.3145615,-20.2967995,0.9392778648945127,0.7499585902901719
2013.04.16_04:00:00_TAI,11723,2663,8452696.0,1.209297e+22,-12.403749,-27.081682,-14.890097,-25.660273,8128.391602,-19.7427155,-20.275185,0.9401587070822667,0.7566914707406227
2013.04.16_05:00:00_TAI,11723,2663,8645209.0,1.21792e+22,-11.841162,-26.56193,-14.839277,-25.675917,8230.883789,-19.201546,-20.257596999999997,0.9468625925059222,0.7662327142630645
2013.04.16_06:00:00_TAI,11723,2663,8847857.0,1.219431e+22,-11.263643,-26.062408,-14.827529,-25.685614,8407.238281,-18.6630255,-20.2565715,0.9480373079037122,0.7826499769218126
2013.04.16_07:00:00_TAI,11723,2663,8972396.0,1.203606e+22,-10.708863,-25.53544,-14.779641,-25.696629,8540.946289,-18.1221515,-20.238135,0.9357342826422779,0.7950971760944539
2013.04.16_08:00:00_TAI,11723,2663,9086344.0,1.199714e+22,-10.157878,-25.004107,-14.732326,-25.708218,8667.066406,-17.5809925,-20.220272,0.9327084769982017,0.8068380002938229
2013.04.16_09:00:00_TAI,11723,2663,9146128.0,1.198696e+22,-9.605844,-24.461445,-14.641548,-25.713446,8782.578125,-17.0336445,-20.177497000000002,0.931917040681226,0.8175912632783943
2013.04.16_10:00:00_TAI,11723,2663,9254780.0,1.22099e+22,-9.05641,-23.920517,-14.627838,-25.723797,8867.604492,-16.4884635,-20.1758175,0.9492493405345227,0.8255065717240567
2013.04.16_11:00:00_TAI,11723,2663,9441403.0,1.24791e+22,-8.486756,-23.364857,-14.638241,-25.702694,8955.667969,-15.9258065,-20.1704675,0.9701780887201665,0.8337046120243379
2013.04.16_12:00:00_TAI,11723,2663,9575084.0,1.25739e+22,-7.935937,-22.814308,-14.649427,-25.680984,9028.644531,-15.3751225,-20.1652055,0.9775482422417083,0.840498175220258
2013.04.16_13:00:00_TAI,11723,2663,9767378.0,1.265127e+22,-7.360457,-22.29698,-14.64152,-25.658873,9117.220703,-14.8287185,-20.1501965,0.9835633137391945,0.8487439435278238
2013.04.16_14:00:00_TAI,11723,2663,9925789.0,1.276885e+22,-6.779062,-21.770132,-14.62162,-25.632668,9171.746094,-14.274597,-20.127144,0.9927044809444993,0.8538198429589419
2013.04.16_15:00:00_TAI,11723,2663,10089281.0,1.256126e+22,-6.205142,-21.198551,-14.574365,-25.578442,9256.678711,-13.701846499999998,-20.076403499999998,0.9765655551055028,0.8617264239922384
2013.04.16_16:00:00_TAI,11723,2663,10262123.0,1.231882e+22,-5.659249,-20.625444,-14.582477,-25.854357,9528.713867,-13.1423465,-20.218417000000002,0.9577172426607498,0.8870508291594484
2013.04.16_17:00:00_TAI,11723,2663,10395186.0,1.249864e+22,-5.086781,-20.065693,-14.562432,-26.026829,9675.457031,-12.576236999999999,-20.2946305,0.9716972110810413,0.9007115022698545
2013.04.16_18:00:00_TAI,11723,2663,10526816.0,1.247859e+22,-4.541667,-19.560127,-14.548937,-26.045738,9808.914062,-12.050897,-20.2973375,0.9701384391600825,0.91313533739158
2013.04.16_19:00:00_TAI,11723,2663,10631459.0,1.286269e+22,-3.999142,-19.015745,-14.534691,-26.152092,9922.321289,-11.507443499999999,-20.3433915,1.0,0.9236926881681016
2013.04.16_20:00:00_TAI,11723,2663,10643343.0,1.258707e+22,-3.455914,-18.447844,-14.543044,-26.323595,10056.692383,-10.951879,-20.4333195,0.9785721338227075,0.9362016156069406
2013.04.16_21:00:00_TAI,11723,2663,10594342.0,1.271042e+22,-2.913329,-17.877911,-14.526949,-26.337589,10138.053711,-10.395620000000001,-20.432269,0.9881618852666122,0.943775736781243
2013.06.26_11:00:00_TAI,11780,2904,86686.101562,7.305964e+19,-17.235607,-18.598413,-8.12137,-9.026289,88.958961,-17.91701,-8.5738295,0.01108207953987149,0.03173744881120689
2013.06.26_12:00:00_TAI,11780,2904,291559.09375,3.556247e+20,-16.013645,-18.540291,-7.798878,-9.452993,303.656311,-17.276968,-8.6259355,0.05394306913834966,0.10833396116848104
2013.06.26_13:00:00_TAI,11780,2904,507925.59375,4.713023e+20,-14.98677,-18.539246,-7.510206,-9.818825,591.723083,-16.763008,-8.6645155,0.07148967030120015,0.2111061195636269
2013.06.26_14:00:00_TAI,11780,2904,602833.875,7.18171e+20,-14.002765,-18.274612,-7.351914,-10.156687,855.572205,-16.1386885,-8.7543005,0.10893604382979505,0.3052382666708406
2013.06.26_15:00:00_TAI,11780,2904,657267.1875,6.081043e+20,-13.277291,-17.818632,-7.281074,-10.27482,974.947815,-15.5479615,-8.777947000000001,0.0922405341873827,0.34782731300290815
2013.06.26_16:00:00_TAI,11780,2904,673474.5,5.463308e+20,-12.640166,-17.302416,-7.270785,-10.356401,1030.456543,-14.971291,-8.813593000000001,0.08287039712598669,0.3676308875239191
2013.06.26_17:00:00_TAI,11780,2904,677392.375,5.272629e+20,-12.040381,-16.783361,-7.262443,-10.410787,1072.440552,-14.411871,-8.836615,0.07997807539461331,0.38260931489703953
2013.06.26_18:00:00_TAI,11780,2904,665752.125,4.798108e+20,-11.411158,-16.229738,-7.253117,-10.431848,1092.272949,-13.820448,-8.8424825,0.07278028538998237,0.3896848211475119
2013.06.26_19:00:00_TAI,11780,2904,659375.6875,6.316903e+20,-10.841084,-15.654412,-7.243195,-10.486306,1125.487671,-13.247748000000001,-8.8647505,0.09581818565168516,0.40153467334231746
2013.06.26_20:00:00_TAI,11780,2904,647720.1875,4.365495e+20,-10.243972,-15.076247,-7.23348,-10.507106,1136.742798,-12.6601095,-8.870293,0.06621817849213504,0.40555010937046676
2013.06.26_21:00:00_TAI,11780,2904,641105.5,4.397063e+20,-9.674104,-14.519259,-7.250543,-10.495495,1136.764404,-12.096681499999999,-8.873019,0.06669701891198197,0.405557817636293
2013.06.26_22:00:00_TAI,11780,2904,628009.125,4.035339e+20,-9.108527,-13.950987,-7.239433,-10.513646,1136.089478,-11.529757,-8.8765395,0.061210194531954275,0.40531702762328525
2013.06.26_23:00:00_TAI,11780,2904,607924.0,3.590422e+20,-8.544456,-13.37911,-7.255207,-10.499824,1124.632202,-10.961783,-8.877515500000001,0.05446145393777532,0.40122947189558433
2013.06.27_00:00:00_TAI,11780,2904,594051.6875,3.581121e+20,-8.010718,-12.806462,-7.24442,-10.487952,1111.82251,-10.40859,-8.866185999999999,0.054320371362224236,0.3966594213962611
2013.06.27_01:00:00_TAI,11780,2904,579079.8125,3.29155e+20,-7.480904,-12.235684,-7.260035,-10.47296,1090.126465,-9.858293999999999,-8.866497500000001,0.04992800253253917,0.3889190306604347
2013.06.27_02:00:00_TAI,11780,2904,569608.1875,2.710345e+20,-6.977534,-11.633493,-7.249949,-10.432141,1060.710571,-9.3055135,-8.841045,0.04111197217847363,0.37842446755441006
2013.06.27_03:00:00_TAI,11780,2904,552548.375,2.457855e+20,-6.513158,-11.038187,-7.240144,-10.39114,1017.923889,-8.7756725,-8.815642,0.037282067920771086,0.3631596745025174
2013.06.27_04:00:00_TAI,11780,2904,521607.09375,1.686285e+20,-6.044743,-10.438705,-7.258248,-10.344858,962.677795,-8.241724000000001,-8.801553,0.025578478756386143,0.3434497986155438
2013.06.27_05:00:00_TAI,11780,2904,457177.0,1.559e+20,-5.578628,-9.838768,-7.281245,-10.213403,877.875793,-7.708698,-8.747323999999999,0.023647751347610872,0.3131954075198243
2013.06.27_06:00:00_TAI,11780,2904,373000.0,9.554359e+19,-5.295014,-9.21069,-7.274566,-10.046494,759.138916,-7.252852,-8.66053,0.014492566126863893,0.2708342388030486
2013.06.27_07:00:00_TAI,11780,2904,334795.90625,9.484078e+19,-5.100951,-8.556216,-7.32791,-9.666254,592.935181,-6.8285835,-8.497082,0.014385960122215947,0.21153855377595054
2013.06.27_08:00:00_TAI,11780,2904,308885.1875,6.567981e+19,-4.722807,-7.930978,-7.382986,-9.473048,498.600708,-6.3268925,-8.428017,0.00996266719331832,0.17788331011848835
2013.06.27_09:00:00_TAI,11780,2904,302284.5,9.832657e+19,-4.319884,-7.34215,-7.439195,-9.53058,480.325104,-5.831017,-8.4848875,0.014914703516507085,0.1713632132117373
2013.06.27_10:00:00_TAI,11780,2904,291421.6875,7.003903e+19,-3.885884,-6.843097,-7.466638,-9.526093,461.038086,-5.3644905000000005,-8.4963655,0.010623897152455793,0.1644822791314053
2013.06.27_11:00:00_TAI,11780,2904,285691.5,7.104715e+19,-3.390679,-6.282465,-7.525457,-9.55443,459.010468,-4.836572,-8.5399435,0.010776814221657547,0.16375889587961934
2013.06.27_12:00:00_TAI,11780,2904,290323.59375,8.069216e+19,-2.832872,-5.724162,-7.52215,-9.675909,488.873108,-4.278517,-8.5990295,0.012239821266078461,0.17441284234789584
2013.06.27_13:00:00_TAI,11780,2904,377013.6875,1.162726e+20,-2.243785,-5.193905,-7.549281,-13.046628,600.042847,-3.718845,-10.2979545,0.017636853966261832,0.21407432064312606
2013.06.27_14:00:00_TAI,11780,2904,603313.6875,2.310381e+20,-1.329503,-4.635626,-7.549433,-13.395576,984.565125,-2.9825645,-10.4725045,0.035045102890471164,0.3512584331553401
2013.06.27_15:00:00_TAI,11780,2904,711893.5,3.223904e+20,-0.326248,-4.105752,-7.54687,-13.424547,1275.089233,-2.2159999999999997,-10.485708500000001,0.048901911584713326,0.4549072831691295
2013.06.27_16:00:00_TAI,11780,2904,804940.125,3.044153e+20,0.42325,-3.547529,-7.573905,-13.451971,1446.393799,-1.5621395,-10.512938,0.04617535164084905,0.5160227664598012
2013.06.27_17:00:00_TAI,11780,2904,806392.125,2.903472e+20,1.079138,-2.989408,-7.568644,-13.477651,1483.441772,-0.9551350000000001,-10.5231475,0.04404142649182196,0.5292401886669521
2013.06.27_18:00:00_TAI,11780,2904,801941.6875,3.146302e+20,1.676626,-2.397059,-7.597219,-13.443283,1486.364502,-0.36021650000000005,-10.520251,0.047724802668691974,0.5302829166026345
2013.06.27_19:00:00_TAI,11780,2904,796237.375,2.962996e+20,2.241374,-1.806651,-7.621595,-13.499578,1479.966675,0.21736149999999999,-10.5605865,0.04494431857085672,0.5280003954869095
2013.06.27_20:00:00_TAI,11780,2904,775099.125,2.964165e+20,2.80406,-1.218255,-7.647082,-13.493789,1455.162598,0.7929025000000001,-10.5704355,0.04496205059223283,0.519151167536768
2013.06.27_21:00:00_TAI,11780,2904,747104.8125,2.480508e+20,3.369647,-0.596809,-7.73545,-13.488935,1418.410645,1.386419,-10.612192499999999,0.03762568082088489,0.5060393549218548
2013.06.27_22:00:00_TAI,11780,2904,715846.625,2.127656e+20,3.907427,-0.006073,-7.789208,-13.480807,1377.782837,1.950677,-10.6350075,0.03227343171343961,0.49154477267609836
2013.06.27_23:00:00_TAI,11780,2904,666605.875,1.934824e+20,4.472293,0.686147,-7.812145,-13.472682,1298.764526,2.57922,-10.6424135,0.02934845211891588,0.4633538004309242
2013.06.28_00:00:00_TAI,11780,2904,553051.3125,2.087952e+20,5.005788,1.28078,-8.055079,-13.49886,1118.181152,3.143284,-10.7769695,0.031671180065264155,0.39892796267321906
2013.06.28_01:00:00_TAI,11780,2904,393080.0,1.244689e+20,5.598369,1.847667,-10.204702,-13.554416,816.120117,3.7230179999999997,-11.879559,0.01888011287819527,0.29116314023815626
2013.06.28_02:00:00_TAI,11780,2904,390601.6875,9.686727e+19,6.226855,2.411397,-10.197267,-13.579012,835.826355,4.319126,-11.888139500000001,0.014693349035804274,0.29819363736577514
2013.06.28_03:00:00_TAI,11780,2904,398659.09375,1.07052e+20,6.8566,2.977123,-10.191944,-13.574051,852.534607,4.9168615,-11.8829975,0.01623822371561539,0.3041545578465657
2013.06.28_04:00:00_TAI,11780,2904,391602.8125,9.780854e+19,7.483665,3.542621,-10.157628,-13.602388,866.514404,5.513143,-11.880008,0.01483612593709334,0.3091420609231648
2013.06.28_05:00:00_TAI,11780,2904,383882.09375,9.343855e+19,8.05149,4.10782,-10.151487,-13.595913,860.953186,6.079655,-11.8737,0.01417326232637143,0.30715801266519377
2013.06.28_06:00:00_TAI,11780,2904,395301.90625,1.045826e+20,8.685752,4.674272,-10.118061,-13.594282,877.995239,6.6800120000000005,-11.8561715,0.01586365182865073,0.3132380216788487
2013.06.28_07:00:00_TAI,11780,2904,396485.3125,1.255757e+20,9.318827,5.242938,-10.085363,-13.592906,893.11322,7.280882500000001,-11.8391345,0.01904799826107876,0.3186315890353323
2013.06.28_08:00:00_TAI,11780,2904,412539.59375,1.090039e+20,9.951358,5.779507,-9.994507,-13.62522,939.749817,7.865432500000001,-11.8098635,0.01653429841641976,0.33526989723248385
2013.06.28_09:00:00_TAI,11780,2904,425545.6875,1.27087e+20,10.588472,6.344326,-9.930637,-13.624333,984.632141,8.466399,-11.777485,0.019277240381743572,0.35128234212241466
2013.06.28_10:00:00_TAI,11780,2904,446683.3125,1.474125e+20,11.223537,6.88398,-9.206815,-13.625999,1088.479858,9.0537585,-11.416407,0.022360321651890235,0.38833157881986435
2013.06.28_11:00:00_TAI,11780,2904,453163.40625,1.578671e+20,11.855731,7.453131,-9.052943,-13.59749,1157.30188,9.654431,-11.3252165,0.023946131666250293,0.41288487143654357
2013.06.28_12:00:00_TAI,11780,2904,465726.59375,1.620355e+20,12.494693,8.049711,-8.930121,-13.599936,1221.467285,10.272202,-11.2650285,0.024578417020434905,0.4357768458227761
2013.06.28_13:00:00_TAI,11780,2904,481015.09375,1.302943e+20,13.127811,8.625799,-8.868455,-13.600974,1247.800293,10.876805000000001,-11.2347145,0.019763740913476685,0.4451715429286146
2013.06.28_14:00:00_TAI,11780,2904,485646.3125,1.369097e+20,13.760691,9.226977,-8.87315,-13.60468,1250.40564,11.493834,-11.238915,0.020767200402026943,0.446101039700142
2013.06.28_15:00:00_TAI,11780,2904,470264.90625,1.355058e+20,14.366086,9.804496,-8.87591,-13.577519,1235.127197,12.085291,-11.2267145,0.020554249291591335,0.4406502251090471
2013.06.28_16:00:00_TAI,11780,2904,470148.0,1.605567e+20,15.009774,10.437127,-8.880728,-13.582209,1216.219971,12.7234505,-11.2314685,0.024354104674746344,0.433904787543326
2013.06.28_17:00:00_TAI,11780,2904,451473.0,1.10341e+20,15.590529,11.047051,-8.882629,-13.551775,1184.789429,13.31879,-11.217202,0.016737116943211873,0.4226914684283074
2013.06.28_18:00:00_TAI,11780,2904,445034.8125,1.486943e+20,16.241791,11.657666,-8.88299,-13.519137,1147.310059,13.949728499999999,-11.2010635,0.022554751976953533,0.40932013884576784
2013.06.28_19:00:00_TAI,11780,2904,423936.5,1.415055e+20,16.895716,12.294574,-8.885098,-13.425526,1104.855469,14.595145,-11.155311999999999,0.021464316089283838,0.3941738246152569
2013.06.28_20:00:00_TAI,11780,2904,390885.5,1.294992e+20,17.515711,12.938747,-8.914523,-13.360172,1032.73291,15.227229,-11.1373475,0.01964313586475003,0.36844301572692295
2013.06.29_18:00:00_TAI,11780,2904,91986.296875,8.053024e+19,29.004128,26.116507,-11.443771,-12.460656,158.241165,27.5603175,-11.9522135,0.012215260368719864,0.05645491828544673
2013.06.29_19:00:00_TAI,11780,2904,392255.3125,7.392275e+20,30.988516,26.639275,-10.83038,-12.478359,436.827423,28.8138955,-11.6543695,0.11213000711556134,0.15584476056092783
2013.06.29_20:00:00_TAI,11780,2904,496990.8125,8.774096e+20,32.00618,27.167179,-10.594647,-12.616241,592.605103,29.586679500000002,-11.605444,0.1330902120000431,0.21142079347939421
2013.06.29_21:00:00_TAI,11780,2904,587348.6875,1.033297e+21,33.004398,27.731941,-10.34213,-12.624526,763.480652,30.3681695,-11.483328,0.156736052111817,0.2723832184955134
2013.06.29_22:00:00_TAI,11780,2904,666987.0,1.123386e+21,33.796906,28.117922,-10.219613,-12.679399,883.877441,30.957414,-11.449506,0.17040123666059773,0.31533658581194574
2013.06.29_23:00:00_TAI,11780,2904,745940.1875,1.362717e+21,34.699253,28.652603,-10.00876,-12.77767,1045.189575,31.675928,-11.393215000000001,0.20670425127108558,0.3728871185283918
2013.06.30_00:00:00_TAI,11780,2904,846849.6875,1.591254e+21,35.528522,29.063068,-9.884995,-12.857773,1193.276855,32.295795,-11.371383999999999,0.24136997384792297,0.4257194854508299
2013.06.30_01:00:00_TAI,11780,2904,931712.5,1.659312e+21,36.14904,29.390825,-9.697729,-12.893768,1336.596191,32.769932499999996,-11.2957485,0.2516933777043418,0.4768508165592964
2013.06.30_02:00:00_TAI,11780,2904,986371.8125,1.773961e+21,36.841011,29.79356,-9.606831,-12.91883,1436.511597,33.3172855,-11.2628305,0.2690839552813286,0.5124971420978326
2013.06.30_03:00:00_TAI,11780,2904,1021441.125,1.950258e+21,37.495972,30.281448,-9.49233,-12.97446,1527.626709,33.88871,-11.233395000000002,0.2958256334040339,0.5450038302439248
2013.06.30_04:00:00_TAI,11780,2904,1048941.125,2.044891e+21,38.174126,30.829546,-9.433607,-12.985265,1574.838135,34.501836,-11.209436,0.3101800763371863,0.5618472173421519
2013.06.30_05:00:00_TAI,11780,2904,1124541.0,2.246294e+21,38.904484,31.201063,-9.382156,-13.109354,1692.30835,35.0527735,-11.245754999999999,0.34072996770769864,0.603756485318022
2013.06.30_06:00:00_TAI,11780,2904,1210018.875,2.450056e+21,39.511894,31.490784,-9.332643,-13.186015,1790.48938,35.501339,-11.259329,0.37163768489879473,0.6387840461036809
2013.06.30_07:00:00_TAI,11780,2904,1297297.75,2.756184e+21,40.176361,31.855104,-9.342585,-13.313348,1864.184326,36.0157325,-11.327966499999999,0.418072828096623,0.6650758277300385
2013.06.30_08:00:00_TAI,11780,2904,1435209.75,3.010889e+21,40.831696,32.130989,-9.293119,-13.452603,1999.106323,36.4813425,-11.372861,0.45670785379895285,0.7132112817096922
2013.06.30_09:00:00_TAI,11780,2904,1569153.875,3.38412e+21,41.620861,32.534431,-9.184061,-13.567554,2167.430664,37.077646,-11.3758075,0.5133215413115901,0.7732635248577167
2013.06.30_10:00:00_TAI,11780,2904,1666984.375,3.512259e+21,42.323757,32.840797,-9.169923,-13.702767,2314.424561,37.582277000000005,-11.436345,0.5327583547171802,0.8257058109315987
2013.06.30_11:00:00_TAI,11780,2904,1714626.375,3.782349e+21,42.96283,33.378361,-9.158197,-13.841225,2385.986816,38.1705955,-11.499711,0.5737270600505749,0.8512367229313132
2013.06.30_12:00:00_TAI,11780,2904,1811924.75,4.094942e+21,43.646858,33.911327,-9.161902,-13.88632,2438.707764,38.779092500000004,-11.524111,0.6211428492552171,0.8700457149611135
2013.06.30_13:00:00_TAI,11780,2904,1850291.75,4.32695e+21,44.338634,34.394604,-9.157571,-13.941883,2486.378662,39.366619,-11.549727,0.656335071799518,0.8870530256137105
2013.06.30_14:00:00_TAI,11780,2904,1922717.375,4.547284e+21,45.016113,34.768253,-9.160762,-14.017813,2574.753418,39.892183,-11.589287500000001,0.6897565191723499,0.9185820504946652
2013.06.30_15:00:00_TAI,11780,2904,1998225.0,4.801e+21,45.692314,35.267399,-9.095917,-14.039776,2647.936279,40.4798565,-11.5678465,0.7282415280300178,0.9446911380866975
2013.06.30_16:00:00_TAI,11780,2904,2055894.75,4.755613e+21,46.366264,35.683689,-9.038795,-14.054392,2718.021484,41.0249765,-11.5465935,0.7213569835116471,0.9696950902586483
2013.06.30_17:00:00_TAI,11780,2904,2058198.75,5.056893e+21,47.020153,36.203644,-9.026206,-14.073517,2742.349365,41.611898499999995,-11.5498615,0.7670567559684027,0.9783744281156027
2013.06.30_18:00:00_TAI,11780,2904,2067549.75,5.371873e+21,47.737572,36.722084,-9.018579,-14.089557,2776.188232,42.229828,-11.554068000000001,0.8148346181843774,0.9904469534370455
2013.06.30_19:00:00_TAI,11780,2904,2091728.0,5.568753e+21,48.440762,37.243011,-9.034565,-14.101579,2796.077393,42.8418865,-11.568072,0.8446984365635798,0.9975427110992259
2013.06.30_20:00:00_TAI,11780,2904,2085426.625,5.652083e+21,49.068066,37.751358,-9.042844,-14.112851,2800.967285,43.409712,-11.5778475,0.8573383796026844,0.9992872536983951
2013.06.30_21:00:00_TAI,11780,2904,2055939.25,5.686679e+21,49.683224,38.285099,-9.054713,-14.126495,2791.029541,43.9841615,-11.590603999999999,0.8625860871435563,0.9957418138916184
2013.06.30_22:00:00_TAI,11780,2904,2040116.125,5.661102e+21,50.299694,38.808228,-9.053308,-14.157524,2789.695801,44.553961,-11.605416,0.8587064300799397,0.9952659820642047
2013.06.30_23:00:00_TAI,11780,2904,1986459.75,5.810313e+21,50.916832,39.355419,-9.006199,-14.206804,2802.965088,45.1361255,-11.6065015,0.8813395578947465,1.0
2013.07.01_00:00:00_TAI,11780,2904,1961852.25,6.026832e+21,51.489555,39.886566,-9.014999,-14.222129,2794.302246,45.688060500000006,-11.618564,0.9141823255280584,0.9969094006782008
2013.07.01_01:00:00_TAI,11780,2904,1909798.375,5.986648e+21,52.103088,40.429794,-8.98806,-14.237829,2786.48291,46.266441,-11.612944500000001,0.9080870000620394,0.9941197348227551
2013.07.01_02:00:00_TAI,11780,2904,1905070.125,6.07608e+21,52.770634,41.002087,-8.971925,-14.251425,2775.85376,46.8863605,-11.611675,0.9216525273136079,0.9903276255148277
2013.07.01_03:00:00_TAI,11780,2904,1867372.0,5.993277e+21,53.485435,41.543846,-8.966887,-14.263697,2775.846924,47.5146405,-11.615292,0.9090925224718104,0.9903251866688966
2013.07.01_04:00:00_TAI,11780,2904,1847122.375,5.998531e+21,54.151318,42.099468,-8.955013,-14.252412,2759.474121,48.125393,-11.6037125,0.9098894774787402,0.9844839426697848
2013.07.01_05:00:00_TAI,11780,2904,1807060.125,5.856189e+21,54.759716,42.665455,-8.949625,-14.239983,2728.875,48.7125855,-11.594804,0.8882982765658368,0.9735672455154033
2013.07.01_06:00:00_TAI,11780,2904,1793423.5,5.959709e+21,55.448895,43.193344,-8.946934,-14.224575,2709.56958,49.3211195,-11.5857545,0.9040007475055718,0.9666797462444884
2013.07.01_07:00:00_TAI,11780,2904,1734812.0,5.978941e+21,56.017319,43.738186,-8.958648,-14.205855,2675.027832,49.8777525,-11.5822515,0.9069179608084407,0.9543564575428634
2013.07.01_08:00:00_TAI,11780,2904,1686589.625,6.089493e+21,56.642963,44.283695,-8.959838,-14.174585,2635.780762,50.463329,-11.567211499999999,0.9236870833676523,0.9403544743686797
2013.07.01_09:00:00_TAI,11780,2904,1640044.875,6.004361e+21,57.230381,44.845619,-8.974769,-14.14757,2585.730225,51.038,-11.5611695,0.9107738032667875,0.9224981916720897
2013.07.01_10:00:00_TAI,11780,2904,1619180.375,5.81883e+21,57.894756,45.418385,-8.993646,-14.133562,2543.803223,51.6565705,-11.563604,0.8826314623092917,0.9075401024045862
2013.07.01_11:00:00_TAI,11780,2904,1596995.625,5.686806e+21,58.490322,45.989063,-9.011303,-14.102477,2494.749268,52.239692500000004,-11.55689,0.8626053511873097,0.8900393653422486
2013.07.01_12:00:00_TAI,11780,2904,1568993.75,5.566639e+21,59.097179,46.566154,-9.032705,-14.066751,2442.108643,52.8316665,-11.549728,0.8443777736620477,0.8712590297521394
2013.07.01_13:00:00_TAI,11780,2904,1534803.0,5.608771e+21,59.815617,47.146374,-9.055504,-14.044087,2401.186523,53.480995500000006,-11.5497955,0.850768582255874,0.856659447268863
2013.07.01_14:00:00_TAI,11780,2904,1483908.375,5.653983e+21,60.483791,47.722198,-9.079176,-14.008281,2349.239258,54.102994499999994,-11.5437285,0.8576265818320652,0.8381264782988265
2013.07.01_15:00:00_TAI,11780,2904,1451011.75,5.582249e+21,61.12521,48.315762,-9.104153,-13.974027,2291.693848,54.720486,-11.53909,0.8467455825044865,0.8175962868075508
2013.07.01_16:00:00_TAI,11780,2904,1434043.0,5.820314e+21,61.761234,48.918919,-9.119586,-13.947007,2237.52417,55.3400765,-11.533296499999999,0.8828565634189764,0.7982704385364076
2013.07.01_17:00:00_TAI,11780,2904,1391271.875,6.174141e+21,62.405758,49.515503,-9.135431,-13.912955,2189.748779,55.9606305,-11.524193,0.9365269477427167,0.7812258484326866
2013.07.01_18:00:00_TAI,11780,2904,1367891.5,6.403386e+21,63.05732,50.116882,-9.133607,-13.891815,2155.196533,56.587101,-11.512711,0.9713000635713445,0.7688988144114908
2013.07.01_19:00:00_TAI,11780,2904,1348060.375,6.592593e+21,63.692524,50.677078,-9.13533,-13.861579,2117.328125,57.184801,-11.498454500000001,1.0,0.7553886896646214
2013.07.01_20:00:00_TAI,11780,2904,1311278.75,6.563479e+21,64.319794,51.220978,-9.127305,-13.845542,2080.604736,57.770386,-11.4864235,0.9955838317335833,0.7422870676868023
2013.07.01_21:00:00_TAI,11780,2904,1293514.875,6.315929e+21,64.904938,51.791531,-9.141027,-13.806092,2041.034912,58.348234500000004,-11.4735595,0.9580341149529479,0.7281699371633416
2013.04.19_05:00:00_TAI,11726,2673,181510.90625,2.662e+20,-18.31432,-20.177235,14.01825,12.862916,144.363434,-19.2457775,13.440583,0.005506447321688431,0.014091931905703223
2013.04.19_06:00:00_TAI,11726,2673,423607.1875,4.624707e+20,-17.082294,-20.225084,14.272784,11.922723,494.783173,-18.653689,13.0977535,0.009566380718911999,0.04829790057504296
2013.04.19_07:00:00_TAI,11726,2673,737371.6875,7.734262e+20,-15.967772,-19.896502,14.417964,11.144245,870.58905,-17.932137,12.7811045,0.015998612424919838,0.0849819186931426
2013.04.19_08:00:00_TAI,11726,2673,942831.1875,9.339877e+20,-15.040699,-19.681736,14.478004,10.844216,1146.629028,-17.361217500000002,12.66111,0.01931988756256551,0.11192736093877258
2013.04.19_09:00:00_TAI,11726,2673,1045854.0,1.074207e+21,-14.344565,-19.515293,14.558344,10.802135,1316.328491,-16.929929,12.680239499999999,0.022220376626930747,0.12849245093954384
2013.04.19_10:00:00_TAI,11726,2673,1181603.75,1.285319e+21,-13.530719,-19.459099,14.744087,10.75845,1580.546021,-16.494909,12.7512685,0.026587307907833403,0.1542838534982631
2013.04.19_11:00:00_TAI,11726,2673,1302061.875,1.48784e+21,-12.479056,-19.077187,14.834463,10.655259,1818.615479,-15.7781215,12.744861,0.030776531116081574,0.17752283097342952
2013.04.19_12:00:00_TAI,11726,2673,1528212.75,1.787832e+21,-10.919522,-18.846867,14.950006,10.63634,2125.822754,-14.8831945,12.793173,0.0369819786928207,0.20751064631063354
2013.04.19_13:00:00_TAI,11726,2673,1786153.75,2.119461e+21,-9.378126,-18.424854,15.097919,10.625826,2428.85791,-13.901489999999999,12.8618725,0.04384184953746463,0.23709120327761563
2013.04.19_14:00:00_TAI,11726,2673,2115639.25,2.446136e+21,-7.338877,-17.993752,15.172043,10.610991,2911.799561,-12.6663145,12.891517,0.050599245025115154,0.28423320227107185
2013.04.19_15:00:00_TAI,11726,2673,2413185.75,2.76859e+21,-6.397192,-17.502232,15.197253,10.597816,3135.75293,-11.949712,12.897534499999999,0.05726932753701492,0.3060942479566492
2013.04.19_16:00:00_TAI,11726,2673,2705677.0,3.063998e+21,-4.931754,-16.979528,15.247858,10.577194,3561.991455,-10.955641,12.912526,0.06337995334620102,0.3477012124313747
2013.04.19_17:00:00_TAI,11726,2673,2953820.75,3.378439e+21,-4.003445,-16.444714,15.298095,10.531653,3782.029785,-10.2240795,12.914874000000001,0.06988428393327477,0.3691800944244745
2013.04.19_18:00:00_TAI,11726,2673,3194926.0,3.715362e+21,-3.164831,-15.956943,15.407285,10.457628,4063.807373,-9.560887000000001,12.9324565,0.07685366316304648,0.396685609308869
2013.04.19_19:00:00_TAI,11726,2673,3474365.75,4.23452e+21,-2.267785,-15.440791,15.402541,10.447054,4267.144531,-8.854288,12.9247975,0.0875926420459658,0.41653421851024897
2013.04.19_20:00:00_TAI,11726,2673,3734263.0,4.622795e+21,-1.523511,-14.920109,15.424361,10.3961,4442.208496,-8.22181,12.9102305,0.09562425674855249,0.4336229604829733
2013.04.19_21:00:00_TAI,11726,2673,4013339.25,5.104293e+21,-0.811616,-14.346655,15.419623,10.316941,4564.185059,-7.5791355000000005,12.868282,0.10558422433870401,0.4455296142128071
2013.04.19_22:00:00_TAI,11726,2673,4240360.0,5.49673e+21,-0.067694,-13.854001,15.413758,10.218981,4717.080078,-6.9608475,12.8163695,0.11370193157980636,0.4604543506004799
2013.04.19_23:00:00_TAI,11726,2673,4559185.5,6.072366e+21,0.613738,-13.375612,15.4104,10.067679,4906.757324,-6.380937,12.7390395,0.12560917917735498,0.47896955739926883
2013.04.20_00:00:00_TAI,11726,2673,4867893.0,6.565447e+21,1.325121,-12.871141,15.380999,10.007089,5048.855957,-5.77301,12.694044,0.1358087454877436,0.49284041239797655
2013.04.20_01:00:00_TAI,11726,2673,5108078.0,6.922998e+21,2.095964,-12.365304,15.377716,9.948991,5174.294922,-5.13467,12.6633535,0.143204822671504,0.5050850459878223
2013.04.20_02:00:00_TAI,11726,2673,5331285.5,7.080178e+21,2.778688,-11.912962,15.379976,9.89663,5299.893066,-4.567137000000001,12.638303,0.1464561502072778,0.5173452177203035
2013.04.20_03:00:00_TAI,11726,2673,5708474.5,7.602395e+21,3.520651,-11.506829,15.378029,9.812453,5493.012207,-3.993089,12.595241,0.15725840565802976,0.5361964026031728
2013.04.20_04:00:00_TAI,11726,2673,6089035.5,8.139356e+21,4.232533,-11.064444,15.410862,9.724245,5707.536621,-3.4159555,12.567553499999999,0.16836564630529174,0.557137047685077
2013.04.20_05:00:00_TAI,11726,2673,6471787.0,8.587433e+21,4.886103,-10.58858,15.419239,9.700795,5871.893066,-2.8512385,12.560016999999998,0.1776342879152098,0.5731805828589732
2013.04.20_06:00:00_TAI,11726,2673,6774884.5,9.223627e+21,5.570589,-10.051062,15.422801,9.647514,5970.651855,-2.2402365,12.5351575,0.19079420056500038,0.5828208504192317
2013.04.20_07:00:00_TAI,11726,2673,7081107.5,9.32326e+21,6.221271,-9.545422,15.420972,9.651696,6063.291504,-1.6620755000000003,12.536334,0.19285514671827528,0.5918638025664925
2013.04.20_08:00:00_TAI,11726,2673,7378136.5,9.78722e+21,6.844402,-9.03908,15.453076,9.629282,6146.385254,-1.0973390000000003,12.541179,0.20245233416895358,0.5999749387063374
2013.04.20_09:00:00_TAI,11726,2673,7668598.0,1.021072e+22,7.469587,-8.533766,15.516947,9.577458,6275.033691,-0.5320895000000001,12.547202500000001,0.21121259127163972,0.6125328625776909
2013.04.20_10:00:00_TAI,11726,2673,7910787.5,1.058092e+22,8.126133,-7.971397,15.552502,9.55258,6381.138672,0.07736799999999988,12.552541000000002,0.21887031778737623,0.6228902233419682
2013.04.20_11:00:00_TAI,11726,2673,8229549.5,1.102447e+22,8.778134,-7.406793,15.584885,9.494878,6498.559082,0.6856704999999996,12.5398815,0.2280453166962226,0.634352131501203
2013.04.20_12:00:00_TAI,11726,2673,8552423.0,1.156046e+22,9.434843,-6.870356,15.647361,9.43862,6646.775879,1.2822435000000003,12.5429905,0.23913247184254785,0.6488202066413762
2013.04.20_13:00:00_TAI,11726,2673,8969232.0,1.202838e+22,10.061159,-6.371104,15.713978,9.383443,6805.723633,1.8450275,12.548710499999999,0.24881157338561494,0.664335776366134
2013.04.20_14:00:00_TAI,11726,2673,9371012.0,1.261802e+22,10.661777,-5.899264,15.810452,9.384154,6968.055664,2.3812565000000006,12.597303,0.26100849900079287,0.6801816998356914
2013.04.20_15:00:00_TAI,11726,2673,9803428.0,1.348593e+22,11.286861,-5.370121,15.906717,9.355006,7124.219238,2.95837,12.6308615,0.27896154443643,0.6954254938490649
2013.04.20_16:00:00_TAI,11726,2673,10164275.0,1.436282e+22,11.916034,-4.871761,15.910337,9.300859,7237.431641,3.5221365,12.605598,0.29710034455632245,0.7064766404569867
2013.04.20_17:00:00_TAI,11726,2673,10534843.0,1.482951e+22,12.550893,-4.371156,15.978005,9.276289,7352.227051,4.0898685,12.627147,0.3067540030858445,0.7176823111450868
2013.04.20_18:00:00_TAI,11726,2673,10843761.0,1.589966e+22,13.18867,-3.841644,15.980599,9.252152,7436.672852,4.673513,12.6163755,0.32889045913883047,0.7259254267626785
2013.04.20_19:00:00_TAI,11726,2673,11175714.0,1.647073e+22,13.820469,-3.341969,15.985386,9.200059,7573.037109,5.239249999999999,12.5927225,0.3407032573056097,0.7392365248071862
2013.04.20_20:00:00_TAI,11726,2673,11385780.0,1.71078e+22,14.430103,-2.811759,16.026716,9.185611,7699.458496,5.809172,12.606163500000001,0.3538812903455347,0.751577056808029
2013.04.20_21:00:00_TAI,11726,2673,11602554.0,1.783495e+22,15.064568,-2.28244,16.028837,9.163811,7786.699707,6.391064,12.596324,0.36892266213353525,0.7600930443453099
2013.04.20_22:00:00_TAI,11726,2673,11730821.0,1.836667e+22,15.666144,-1.722062,16.026363,9.136781,7896.135742,6.972041,12.581572,0.37992149072064335,0.7707755635298437
2013.04.20_23:00:00_TAI,11726,2673,11805927.0,1.891012e+22,16.330219,-1.19124,16.025146,9.063161,8056.337402,7.5694894999999995,12.5441535,0.3911629587783878,0.7864135323793559
2013.04.21_00:00:00_TAI,11726,2673,12023586.0,1.945837e+22,16.945288,-0.66082,16.037273,9.041183,8143.54541,8.142234,12.539228,0.4025037166450884,0.7949262788298733
2013.04.21_01:00:00_TAI,11726,2673,12345419.0,2.003538e+22,17.581682,-0.131474,16.053776,8.99938,8271.432617,8.725104,12.526578,0.4144393859504506,0.8074098957868833
2013.04.21_02:00:00_TAI,11726,2673,12726195.0,2.06323e+22,18.200081,0.39587,16.067423,8.961493,8381.041016,9.2979755,12.514458000000001,0.42678690110921197,0.8181092401582643
2013.04.21_03:00:00_TAI,11726,2673,13256340.0,2.136589e+22,25.218744,0.952913,16.090698,8.946548,8539.59668,13.0858285,12.518623,0.4419614867242285,0.833586536302048
2013.04.21_04:00:00_TAI,11726,2673,14029189.0,2.258586e+22,26.317995,1.483848,16.196661,8.906782,8838.642578,13.900921499999999,12.5517215,0.46719702593925566,0.8627776847426972
2013.04.21_05:00:00_TAI,11726,2673,14493409.0,2.304454e+22,27.083052,2.013378,16.311371,8.869347,9093.939453,14.548214999999999,12.590359,0.47668499460008235,0.8876983040335824
2013.04.21_06:00:00_TAI,11726,2673,14710622.0,2.353226e+22,27.711039,2.539432,16.338482,8.852878,9250.166992,15.1252355,12.59568,0.48677366660509314,0.9029483419440383
2013.04.21_07:00:00_TAI,11726,2673,15035894.0,2.400135e+22,28.496393,3.099492,16.357218,8.815731,9466.217773,15.797942500000001,12.5864745,0.49647697003909325,0.9240379822336008
2013.04.21_08:00:00_TAI,11726,2673,15160940.0,2.39557e+22,29.096672,3.630122,16.401142,8.768944,9563.334961,16.363397,12.585042999999999,0.49553268258516736,0.933518006102868
2013.04.21_09:00:00_TAI,11726,2673,15285663.0,2.415648e+22,29.661036,4.190175,16.450033,8.722699,9683.597656,16.9256055,12.586366000000002,0.49968589255229207,0.9452573618509195
2013.04.21_10:00:00_TAI,11726,2673,15498521.0,2.438759e+22,30.222912,4.687207,16.470366,8.708102,9854.993164,17.4550595,12.589234,0.504466489999758,0.9619880100542547
2013.04.21_11:00:00_TAI,11726,2673,15618725.0,2.461705e+22,30.771355,5.158321,16.512564,8.673632,9978.894531,17.964838,12.593098000000001,0.5092129565753951,0.9740825521305227
2013.04.21_12:00:00_TAI,11726,2673,15636545.0,2.483179e+22,31.326405,5.656741,16.530005,8.652189,10076.688477,18.491573000000002,12.591097,0.5136549344035671,0.9836286372411195
2013.04.21_13:00:00_TAI,11726,2673,15730177.0,2.529492e+22,31.897228,6.18994,16.541128,8.636962,10138.883789,19.043584,12.589045,0.5232349529914467,0.9896997875128564
2013.04.21_14:00:00_TAI,11726,2673,15961472.0,2.565197e+22,32.445679,6.722157,16.554529,8.599594,10181.514648,19.583918,12.5770615,0.5306206668013974,0.9938611678947448
2013.04.21_15:00:00_TAI,11726,2673,16151863.0,2.641196e+22,32.99305,7.228798,16.5679,8.580539,10220.917969,20.110923999999997,12.574219500000002,0.5463413463656723,0.9977074944956384
2013.04.21_16:00:00_TAI,11726,2673,16315345.0,2.676265e+22,33.53624,7.76413,16.551659,8.546263,10244.393555,20.650185,12.548961,0.5535955011787562,0.9999990467966074
2013.04.21_17:00:00_TAI,11726,2673,16314890.0,2.745395e+22,34.088497,8.325971,16.553553,8.524056,10244.40332,21.207234,12.538804500000001,0.5678953022061162,1.0
2013.04.21_18:00:00_TAI,11726,2673,16290710.0,2.781047e+22,34.61544,8.889879,16.536972,8.49586,10240.308594,21.7526595,12.516416,0.5752700527663278,0.9996002962913413
2013.04.21_19:00:00_TAI,11726,2673,16068438.0,2.74521e+22,35.145714,9.457726,16.512323,8.48391,10217.421875,22.30172,12.498116499999998,0.5678570342589143,0.9973662258154827
2013.04.21_20:00:00_TAI,11726,2673,15868363.0,2.7813e+22,35.640835,10.022967,16.495768,8.457515,10196.957031,22.831901000000002,12.476641500000001,0.5753223867697984,0.9953685649112066
2013.04.21_21:00:00_TAI,11726,2673,15471528.0,2.779022e+22,35.995434,10.56877,16.482327,8.450614,10160.682617,23.282102000000002,12.4664705,0.5748511738847945,0.9918276642977779
2013.04.21_22:00:00_TAI,11726,2673,15052129.0,2.787657e+22,36.510937,11.100653,16.483738,8.444404,10141.477539,23.805795,12.464071,0.5766373561771603,0.989952974537906
2013.04.21_23:00:00_TAI,11726,2673,14961471.0,2.828969e+22,37.010342,11.615296,16.489815,8.42331,10112.546875,24.312819,12.4565625,0.5851828990679789,0.9871289287544373
2013.04.22_00:00:00_TAI,11726,2673,14709485.0,2.863596e+22,32.184357,12.151044,16.485119,8.412087,9594.108398,22.1677005,12.448603,0.5923456245153158,0.9365219328362017
2013.04.22_01:00:00_TAI,11726,2673,14736458.0,2.866223e+22,32.735512,12.693091,16.483339,8.386578,9604.336914,22.7143015,12.4349585,0.5928890293655815,0.9375203820069825
2013.04.22_02:00:00_TAI,11726,2673,14982979.0,2.902153e+22,33.286751,13.237089,16.491034,8.365078,9600.553711,23.26192,12.428056,0.6003212852734803,0.9371510873900268
2013.04.22_03:00:00_TAI,11726,2673,15320701.0,2.952673e+22,33.898975,13.724486,16.495575,8.354352,9615.157227,23.8117305,12.4249635,0.6107715376661061,0.9385765990126987
2013.04.22_04:00:00_TAI,11726,2673,15762265.0,3.005784e+22,34.491951,14.242546,16.498049,8.34273,9614.963867,24.367248500000002,12.4203895,0.6217577481733261,0.9385577243165394
2013.04.22_05:00:00_TAI,11726,2673,16129534.0,3.042586e+22,35.2673,14.782883,16.51895,8.341567,9654.672852,25.0250915,12.4302585,0.629370380567495,0.9424338880871005
2013.04.22_06:00:00_TAI,11726,2673,16587772.0,3.102006e+22,35.954594,15.296131,16.517694,8.336086,9684.214844,25.6253625,12.42689,0.6416616315011813,0.9453176082099041
2013.04.22_07:00:00_TAI,11726,2673,16712714.0,3.166696e+22,36.565655,15.808944,16.522118,8.332292,9731.874023,26.1872995,12.427205,0.6550430017956975,0.9499698244016422
2013.04.22_08:00:00_TAI,11726,2673,16787298.0,3.111013e+22,37.219852,16.359118,16.545588,8.313628,9768.511719,26.789485,12.429607999999998,0.643524763395488,0.9535461865240191
2013.04.22_09:00:00_TAI,11726,2673,16873914.0,3.093029e+22,42.480923,16.912025,16.538874,8.310062,10222.155273,29.696474,12.424468000000001,0.6398047052199342,0.9978282730282041
2013.04.22_10:00:00_TAI,11726,2673,16839494.0,3.084211e+22,42.799145,17.458136,16.531837,8.305248,10178.818359,30.128640500000003,12.418542500000001,0.6379806686879038,0.9935979715995799
2013.04.22_11:00:00_TAI,11726,2673,16806710.0,3.094353e+22,43.143944,17.986267,16.531742,8.294514,10127.669922,30.5651055,12.413128,0.6400785796096379,0.9886051540188677
2013.04.22_12:00:00_TAI,11726,2673,16852406.0,3.132448e+22,43.640381,18.533976,16.527454,8.287196,10083.743164,31.0871785,12.407325,0.6479586739266823,0.9843172753959867
2013.04.22_13:00:00_TAI,11726,2673,16796370.0,3.164857e+22,44.064453,19.023233,16.516628,8.282508,10042.795898,31.543843000000003,12.399568,0.6546625977151346,0.9803202377237136
2013.04.22_14:00:00_TAI,11726,2673,16744740.0,3.171785e+22,44.494389,19.529287,16.497978,8.273284,9991.976562,32.011838,12.385631,0.6560956806244005,0.9753595450984256
2013.04.22_15:00:00_TAI,11726,2673,16662873.0,3.182985e+22,44.900028,20.028913,16.509649,8.270359,9939.667969,32.4644705,12.390004,0.6584124428333753,0.9702534797312139
2013.04.22_16:00:00_TAI,11726,2673,16667627.0,3.260014e+22,45.224499,20.517235,16.510235,8.267069,9884.794922,32.870867000000004,12.388652,0.6743461817793686,0.9648970870467446
2013.04.22_17:00:00_TAI,11726,2673,16522024.0,3.343855e+22,44.849255,20.996769,16.511791,8.273727,9736.765625,32.923012,12.392758999999998,0.6916890085974632,0.9504473145830811
2013.04.22_18:00:00_TAI,11726,2673,16364222.0,3.371287e+22,43.329311,21.517248,16.509415,8.279817,9695.896484,32.4232795,12.394616,0.6973634211793023,0.9464579030260204
2013.04.22_19:00:00_TAI,11726,2673,16107886.0,3.395464e+22,43.915886,22.067297,16.503069,8.252201,9640.755859,32.9915915,12.377635,0.702364524744158,0.9410753909091507
2013.04.22_20:00:00_TAI,11726,2673,15768535.0,3.401603e+22,44.473122,22.626831,16.526773,8.249953,9574.414062,33.5499765,12.388362999999998,0.7036344000299524,0.9345994845115099
2013.04.22_21:00:00_TAI,11726,2673,15330739.0,3.464187e+22,45.021179,23.108067,16.568466,8.249386,9519.146484,34.064623,12.408926000000001,0.716580136287674,0.929204579969622
2013.04.22_22:00:00_TAI,11726,2673,14951169.0,3.50153e+22,45.569386,23.612656,16.597147,8.252466,9467.072266,34.591021,12.424806499999999,0.7243046765706871,0.9241213929480473
2013.04.22_23:00:00_TAI,11726,2673,14656845.0,3.514413e+22,46.118431,24.133884,16.629986,8.268332,9424.827148,35.1261575,12.449158999999998,0.7269695736723143,0.919997666394103
2013.04.23_00:00:00_TAI,11726,2673,14348377.0,3.511282e+22,46.672321,24.681179,16.665047,8.277153,9368.143555,35.67675,12.4711,0.7263219145226446,0.9144645385750003
2013.04.23_01:00:00_TAI,11726,2673,14242145.0,3.544196e+22,47.226406,25.233536,16.696739,8.2974,9292.261719,36.229971,12.4970695,0.7331302994642693,0.9070573881895935
2013.04.23_02:00:00_TAI,11726,2673,14298998.0,3.558512e+22,47.766132,25.7784,16.699076,8.314277,9212.864258,36.772266,12.506676500000001,0.736091618016384,0.8993070626196314
2013.04.23_03:00:00_TAI,11726,2673,14439184.0,3.57482e+22,48.398903,26.273451,16.725489,8.337138,9182.522461,37.336177,12.5313135,0.7394649892756664,0.8963452701118371
2013.04.23_04:00:00_TAI,11726,2673,14646288.0,3.566468e+22,49.055294,26.769091,16.744568,8.349935,9182.984375,37.9121925,12.547251500000002,0.7377373465998308,0.8963903595119291
2013.04.23_05:00:00_TAI,11726,2673,14841494.0,3.62349e+22,49.70319,27.289658,16.792433,8.363574,9163.591797,38.496424,12.5780035,0.749532562196274,0.8944973670755477
2013.04.23_06:00:00_TAI,11726,2673,15007248.0,3.693747e+22,50.331123,27.815588,16.830214,8.368493,9141.900391,39.0733555,12.599353500000001,0.7640654874209121,0.8923799762112451
2013.04.23_07:00:00_TAI,11726,2673,15065045.0,3.772318e+22,50.950127,28.377871,16.863214,8.353588,9106.602539,39.663999000000004,12.608401,0.7803181948781766,0.8889344019891634
2013.04.23_08:00:00_TAI,11726,2673,15124508.0,3.791652e+22,51.582123,28.946758,16.88331,8.338634,9065.28418,40.2644405,12.610972,0.7843175056414193,0.8849011403428424
2013.04.23_09:00:00_TAI,11726,2673,15046725.0,3.71714e+22,52.192055,29.439074,16.883476,8.316507,9027.381836,40.8155645,12.599991500000002,0.7689044176311396,0.8812013305231721
2013.04.23_10:00:00_TAI,11726,2673,14955847.0,3.698664e+22,52.863537,29.970554,16.867401,8.289363,8990.382812,41.4170455,12.578382000000001,0.7650825874014058,0.8775896976301398
2013.04.23_11:00:00_TAI,11726,2673,14862555.0,3.761882e+22,53.472252,30.502907,16.862909,8.28467,8952.054688,41.987579499999995,12.5737895,0.7781594689484568,0.87384832560458
2013.04.23_12:00:00_TAI,11726,2673,14839921.0,3.781877e+22,54.092659,31.048077,16.86026,8.282413,8899.738281,42.570368,12.571336500000001,0.7822955100527827,0.8687414974794258
2013.04.23_13:00:00_TAI,11726,2673,14837231.0,3.886084e+22,54.695377,31.59844,16.881027,8.285,8840.625977,43.1469085,12.5830135,0.8038511207233758,0.8629712927975585
2013.04.23_14:00:00_TAI,11726,2673,14849447.0,3.949976e+22,55.343513,32.140884,16.932961,8.290774,8828.035156,43.7421985,12.611867499999999,0.8170674217105027,0.8617422489375399
2013.04.23_15:00:00_TAI,11726,2673,14868707.0,4.047331e+22,55.925869,32.695789,16.963467,8.289095,8813.925781,44.310829,12.626281,0.8372056703582479,0.8603649725301913
2013.04.23_16:00:00_TAI,11726,2673,14842122.0,4.225579e+22,56.500221,33.249023,16.991236,8.26612,8788.212891,44.874622,12.628678,0.8740769409140826,0.8578550274219386
2013.04.23_17:00:00_TAI,11726,2673,14718956.0,4.349957e+22,57.077576,33.810436,17.003269,8.254066,8762.158203,45.444006,12.628667499999999,0.8998049989522857,0.8553117179498163
2013.04.23_18:00:00_TAI,11726,2673,14537098.0,4.43432e+22,57.670074,34.375298,17.009321,8.232654,8719.194336,46.022686,12.6209875,0.9172558034376199,0.8511178312335326
2013.04.23_19:00:00_TAI,11726,2673,14294460.0,4.401017e+22,58.246578,34.907749,17.007801,8.21102,8669.106445,46.5771635,12.6094105,0.910366952379987,0.8462285380814155
2013.04.23_20:00:00_TAI,11726,2673,14007196.0,4.529316e+22,58.833366,35.456154,17.027651,8.188001,8622.793945,47.14476,12.607826,0.9369060840450998,0.8417077769835403
2013.04.23_21:00:00_TAI,11726,2673,13671454.0,4.666734e+22,59.428673,36.01432,17.041594,8.163893,8565.459961,47.7214965,12.602743499999999,0.9653315152266093,0.8361111617186896
2013.04.23_22:00:00_TAI,11726,2673,13326375.0,4.747545e+22,59.97744,36.578892,17.041723,8.147961,8483.203125,48.278166,12.594842,0.9820475751256689,0.8280817203319559
2013.04.23_23:00:00_TAI,11726,2673,12964921.0,4.710113e+22,60.540157,37.144985,17.038267,8.12988,8408.489258,48.842571,12.5840735,0.974304624857245,0.8207885803933772
2013.04.24_00:00:00_TAI,11726,2673,12663214.0,4.715237e+22,61.112125,37.713455,17.023895,8.116086,8322.604492,49.41279,12.5699905,0.975364543567851,0.812405001250966
2013.04.24_01:00:00_TAI,11726,2673,12605080.0,4.726294e+22,61.687725,38.29142,17.002462,8.107971,8241.008789,49.9895725,12.5552165,0.9776517256879076,0.8044400958825194
2013.04.24_02:00:00_TAI,11726,2673,12684410.0,4.834333e+22,62.280781,38.874065,17.033794,8.102983,8165.058594,50.577422999999996,12.568388500000001,1.0,0.7970262726829073
2013.04.24_03:00:00_TAI,11726,2673,12696636.0,4.832142e+22,62.851749,39.459339,17.043333,8.097672,8099.104492,51.155544,12.5705025,0.9995467833928692,0.7905882108515033
2013.03.28_14:00:00_TAI,11710,2599,285007.8125,1.448891e+21,-52.323868,-67.312805,-21.197279,-23.092659,278.167023,-59.8183365,-22.144969000000003,0.14105851496754143,0.027521305167152964
2013.03.28_16:00:00_TAI,11710,2599,378955.1875,1.97831e+21,-50.931515,-66.392487,-21.08016,-23.220407,383.719971,-58.662001000000004,-22.1502835,0.1926007344551363,0.037964508900906226
2013.03.28_17:00:00_TAI,11710,2599,412569.90625,2.167038e+21,-50.376633,-65.90213,-21.07115,-23.235859,408.918854,-58.1393815,-22.1535045,0.21097457445607093,0.040457637458831595
2013.03.28_19:00:00_TAI,11710,2599,556268.5,2.887016e+21,-49.271004,-65.81823,-20.633173,-23.518818,748.745728,-57.544617,-22.075995499999998,0.2810688931379459,0.07407944856529636
2013.03.28_20:00:00_TAI,11710,2599,606895.875,3.168508e+21,-48.714745,-65.434807,-20.467909,-23.580832,853.422913,-57.074776,-22.0243705,0.30847388322708524,0.0844360060082091
2013.03.28_21:00:00_TAI,11710,2599,652969.625,3.622754e+21,-48.163597,-64.941528,-20.408436,-23.604324,938.264771,-56.55256250000001,-22.00638,0.3526975454556075,0.09283009470996817
2013.03.28_22:00:00_TAI,11710,2599,747382.3125,3.958788e+21,-47.582031,-64.397545,-20.357161,-23.616735,1078.943115,-55.989788,-21.986947999999998,0.3854125371413884,0.10674853692457145
2013.03.28_23:00:00_TAI,11710,2599,864255.0,4.207312e+21,-46.981056,-63.86554,-20.151043,-23.674662,1264.016602,-55.423298,-21.9128525,0.40960788818835697,0.1250593483900848
2013.03.29_00:00:00_TAI,11710,2599,965960.375,4.403266e+21,-46.420681,-63.62125,-20.037659,-23.760244,1407.716187,-55.0209655,-21.898951500000003,0.42868522405554754,0.13927670632319336
2013.03.29_01:00:00_TAI,11710,2599,1055631.375,4.5887e+21,-45.87059,-63.202377,-19.996578,-23.842754,1507.050781,-54.5364835,-21.919666,0.44673837274961153,0.14910467818572876
2013.03.29_02:00:00_TAI,11710,2599,1159227.75,4.958401e+21,-45.331821,-62.847736,-19.918255,-24.005316,1654.870239,-54.089778499999994,-21.961785499999998,0.48273105545798295,0.16372964835432116
2013.03.29_03:00:00_TAI,11710,2599,1292334.0,5.497241e+21,-44.795956,-62.574886,-19.837679,-24.255512,1859.262329,-53.685421,-22.046595500000002,0.535190467660219,0.18395180489169832
2013.03.29_04:00:00_TAI,11710,2599,1415231.25,6.082093e+21,-44.253822,-62.296124,-19.757294,-24.384859,1993.007812,-53.274973,-22.0710765,0.5921294331143467,0.19718432329978897
2013.03.29_05:00:00_TAI,11710,2599,1540166.625,6.117584e+21,-43.705078,-61.919472,-19.741941,-24.431244,2100.002441,-52.812275,-22.086592500000002,0.5955847018369166,0.20777016415251762
2013.03.29_06:00:00_TAI,11710,2599,1651028.875,5.966189e+21,-43.152325,-61.473499,-19.656483,-24.563341,2235.527588,-52.312912,-22.109912,0.5808454606700442,0.2211787590613766
2013.03.29_07:00:00_TAI,11710,2599,1749654.875,6.191391e+21,-42.622353,-61.013077,-19.587132,-24.60677,2350.47583,-51.817715,-22.096951,0.6027702705333952,0.23255151494160814
2013.03.29_08:00:00_TAI,11710,2599,1803911.375,6.530199e+21,-42.09306,-60.491982,-19.560545,-24.63641,2416.66748,-51.292521,-22.0984775,0.6357553283045613,0.2391003882750492
2013.03.29_09:00:00_TAI,11710,2599,1919987.5,6.738437e+21,-41.520683,-59.942551,-19.534472,-24.702665,2507.165283,-50.731617,-22.118568500000002,0.656028587673148,0.24805406519353815
2013.03.29_10:00:00_TAI,11710,2599,2030373.5,6.533783e+21,-40.925053,-59.414669,-19.452906,-24.75412,2623.244873,-50.169861,-22.103513,0.6361042529080294,0.25953875444826696
2013.03.29_11:00:00_TAI,11710,2599,2159932.75,6.324716e+21,-40.37751,-58.895607,-19.384396,-24.800112,2756.960938,-49.6365585,-22.092253999999997,0.6157502852536518,0.27276836229655554
2013.03.29_12:00:00_TAI,11710,2599,2237307.25,6.493514e+21,-39.833843,-58.343208,-19.289574,-24.860012,2886.148438,-49.0885255,-22.074793,0.6321838162849654,0.28554992271639573
2013.03.29_13:00:00_TAI,11710,2599,2422253.5,6.768548e+21,-39.281696,-57.854229,-19.234682,-27.746187,3046.192871,-48.56796249999999,-23.4904345,0.6589600800657349,0.3013844081755041
2013.03.29_14:00:00_TAI,11710,2599,2590990.0,7.112474e+21,-38.744705,-57.389648,-19.16691,-27.830944,3233.98999,-48.0671765,-23.498927000000002,0.692443406843751,0.31996469050289966
2013.03.29_15:00:00_TAI,11710,2599,2883075.0,8.006972e+21,-38.216599,-56.863819,-19.105051,-27.960215,3580.068115,-47.540209000000004,-23.532633,0.7795283287056688,0.35420498824588953
2013.03.29_16:00:00_TAI,11710,2599,3016514.5,8.98502e+21,-37.695358,-56.446678,-19.06134,-27.9939,3783.48999,-47.071017999999995,-23.52762,0.874747360673549,0.37433115359493396
2013.03.29_17:00:00_TAI,11710,2599,3213216.0,9.051381e+21,-37.172768,-55.987438,-19.016228,-28.009779,4050.514404,-46.580102999999994,-23.513003500000003,0.8812080151408355,0.4007500306620915
2013.03.29_18:00:00_TAI,11710,2599,3410331.25,8.983376e+21,-36.654202,-55.442673,-18.957033,-28.191401,4381.090332,-46.0484375,-23.574216999999997,0.8745873070886991,0.43345657113293223
2013.03.29_19:00:00_TAI,11710,2599,3516859.0,8.710848e+21,-36.150887,-54.927818,-18.8929,-28.35911,4583.787109,-45.5393525,-23.626005,0.8480550179330111,0.4535109966937053
2013.03.29_20:00:00_TAI,11710,2599,3625128.75,9.579039e+21,-35.635052,-54.425152,-18.880741,-28.638311,4822.698242,-45.030102,-23.759526,0.9325787903687462,0.4771484003234062
2013.03.29_21:00:00_TAI,11710,2599,3798616.75,1.027156e+22,-35.126186,-53.882942,-18.874746,-28.729376,5070.359863,-44.504564,-23.802061,1.0,0.5016515602458991
2013.03.29_22:00:00_TAI,11710,2599,3853622.5,1.024576e+22,-34.616089,-53.35091,-18.834648,-28.762808,5194.875488,-43.9834995,-23.798728,0.9974882101647655,0.5139708944241412
2013.03.29_23:00:00_TAI,11710,2599,3910939.5,9.99818e+21,-34.111546,-52.891079,-18.806723,-28.776939,5280.215332,-43.5013125,-23.791831000000002,0.9733847633660319,0.5224142528938519
2013.09.23_06:00:00_TAI,11851,3217,204099.5,1.863131e+21,-49.801399,-68.837395,-14.537173,-19.078156,247.016129,-59.319397,-16.8076645,0.18412969013438643,0.02180025637679768
2013.09.23_08:00:00_TAI,11851,3217,322612.5,2.326037e+21,-47.680973,-65.812088,-13.503007,-18.607576,528.980042,-56.746530500000006,-16.055291500000003,0.22987780894157084,0.04668480791312702
2013.09.23_09:00:00_TAI,11851,3217,349657.3125,2.203454e+21,-46.820995,-64.861015,-13.456951,-18.535521,598.799744,-55.841004999999996,-15.996236,0.21776316439658527,0.05284670272507112
2013.09.23_10:00:00_TAI,11851,3217,362708.3125,1.807236e+21,-46.238785,-64.190262,-13.423864,-18.536997,622.642151,-55.2145235,-15.9804305,0.17860569368429163,0.05495089967506038
2013.09.23_11:00:00_TAI,11851,3217,400014.09375,2.029847e+21,-45.659008,-63.970467,-13.408905,-18.691088,704.350281,-54.8147375,-16.0499965,0.20060591505922765,0.06216200038042652
2013.09.23_12:00:00_TAI,11851,3217,432694.8125,2.054837e+21,-45.070274,-63.542213,-13.416737,-18.733402,780.893921,-54.306243499999994,-16.0750695,0.20307562918907593,0.06891731220062473
2013.09.23_13:00:00_TAI,11851,3217,457508.09375,2.080742e+21,-44.456505,-63.203606,-13.433062,-18.737328,840.055176,-53.8300555,-16.085195,0.20563577102715994,0.07413855233500115
2013.09.23_14:00:00_TAI,11851,3217,494282.90625,2.187136e+21,-43.880611,-62.764824,-13.448352,-18.76317,904.243469,-53.322717499999996,-16.105761,0.21615048751899968,0.07980345061291486
2013.09.23_15:00:00_TAI,11851,3217,527778.6875,2.228899e+21,-43.107689,-62.351513,-13.494426,-18.772812,965.773193,-52.729601,-16.133619,0.22027784531031033,0.08523371852061735
2013.09.23_16:00:00_TAI,11851,3217,563256.8125,2.264267e+21,-42.036911,-61.855152,-13.501659,-18.780128,1051.00708,-51.946031500000004,-16.1408935,0.2237731974249351,0.09275598273920611
2013.09.23_17:00:00_TAI,11851,3217,590468.1875,2.573626e+21,-41.214588,-61.292858,-13.444355,-18.781462,1115.027466,-51.253723,-16.1129085,0.2543465585091979,0.09840606248821532
2013.09.23_18:00:00_TAI,11851,3217,589905.1875,2.64549e+21,-40.579926,-60.7183,-13.425879,-18.771782,1184.91333,-50.649113,-16.098830500000002,0.2614487408312233,0.1045737963867334
2013.09.23_19:00:00_TAI,11851,3217,696181.875,2.922008e+21,-39.899551,-60.206024,-13.414305,-18.754953,1387.242432,-50.0527875,-16.084629,0.2887764884005463,0.12243022670949685
2013.09.23_20:00:00_TAI,11851,3217,871256.8125,3.367437e+21,-39.279667,-60.857262,-13.432059,-20.169405,1715.376587,-50.068464500000005,-16.800732,0.33279738856637986,0.15138950452646835
2013.09.23_21:00:00_TAI,11851,3217,1013957.625,4.067004e+21,-38.688713,-60.742912,-13.452332,-20.257896,1903.934204,-49.7158125,-16.855114,0.4019342635033769,0.16803054091967498
2013.09.23_22:00:00_TAI,11851,3217,1263218.25,6.164726e+21,-38.126751,-61.627075,-13.485058,-20.791109,2239.150635,-49.876913,-17.1380835,0.6092481356079608,0.1976148606444615
2013.09.23_23:00:00_TAI,11851,3217,1350762.0,6.922082e+21,-37.57766,-61.322762,-13.444674,-20.927557,2402.506592,-49.450210999999996,-17.1861155,0.6840961874096958,0.2120317400510574
2013.09.24_00:00:00_TAI,11851,3217,1489250.0,7.694446e+21,-37.036537,-60.854591,-13.397367,-20.965538,2625.38916,-48.945564000000005,-17.1814525,0.7604274512826898,0.23170210386085965
2013.09.24_01:00:00_TAI,11851,3217,1695584.375,9.271279e+21,-36.509655,-63.388645,-13.354581,-22.602629,2947.531982,-49.94915,-17.978605,0.9162628550646433,0.26013262027278633
2013.09.24_02:00:00_TAI,11851,3217,1823544.25,9.486981e+21,-35.991848,-63.018776,-13.346236,-22.720213,3276.743652,-49.505312,-18.0332245,0.9375802731213272,0.28918699351265564
2013.09.24_03:00:00_TAI,11851,3217,1892203.75,9.499373e+21,-35.481331,-62.537209,-13.346093,-22.812565,3458.065186,-49.00927,-18.079329,0.9388049508923187,0.3051894138559614
2013.09.24_04:00:00_TAI,11851,3217,1979861.25,8.842107e+21,-34.983944,-62.011963,-13.359217,-22.83333,3665.569092,-48.4979535,-18.0962735,0.873848603262513,0.3235025433196125
2013.09.24_05:00:00_TAI,11851,3217,2047447.375,8.223836e+21,-34.468643,-61.451519,-13.369308,-22.833097,3812.004639,-47.960081,-18.1012025,0.8127460572530927,0.3364261223595731
2013.09.24_06:00:00_TAI,11851,3217,2098655.25,8.641161e+21,-33.894543,-60.86248,-13.384858,-22.811544,3926.982666,-47.3785115,-18.098201,0.8539894925967872,0.34657343734036267
2013.09.24_08:00:00_TAI,11851,3217,2243276.5,9.117298e+21,-32.663208,-59.701996,-13.395812,-22.795982,4146.138184,-46.182602,-18.095897,0.9010452059478701,0.36591487264716366
2013.09.24_09:00:00_TAI,11851,3217,2402370.25,1.011858e+22,-31.944647,-59.957493,-13.360229,-22.728527,4392.472168,-45.95107,-18.044378000000002,1.0,0.38765492673698376
2013.09.24_10:00:00_TAI,11851,3217,2514499.75,8.044626e+21,-31.316982,-59.714188,-13.317596,-22.661858,4585.288574,-45.515585,-17.989727,0.7950350740914238,0.4046718199312444
2013.09.24_11:00:00_TAI,11851,3217,2617918.0,8.793751e+21,-30.757914,-59.677563,-13.316424,-22.428638,4818.273438,-45.217738499999996,-17.872531,0.8690696718314229,0.4252337556545321
2013.04.05_16:00:00_TAI,11718,2636,374359.40625,1.540354e+21,-48.300621,-53.20536,23.165516,20.86908,425.209686,-50.752990499999996,22.017298,0.051747400374712885,0.052015644840761766
2013.04.05_17:00:00_TAI,11718,2636,489773.40625,1.815573e+21,-47.287834,-53.113941,23.439692,20.739002,606.773621,-50.20088749999999,22.089347,0.060993241125428706,0.07422625167734065
2013.04.05_18:00:00_TAI,11718,2636,668574.125,2.461344e+21,-46.309875,-52.905125,23.551218,20.258467,844.384644,-49.6075,21.9048425,0.0826875857289281,0.10329306503920295
2013.04.05_19:00:00_TAI,11718,2636,782741.375,2.825946e+21,-45.306572,-52.565845,23.696749,20.107069,1033.636108,-48.936208500000006,21.901909,0.09493620239199456,0.1264440826691687
2013.04.05_20:00:00_TAI,11718,2636,969033.1875,3.30353e+21,-44.293667,-52.154411,23.829628,20.058813,1181.850952,-48.224039000000005,21.9442205,0.11098039123466116,0.14457511528546926
2013.04.05_21:00:00_TAI,11718,2636,1137307.0,3.898604e+21,-43.413029,-52.045441,23.94692,19.802425,1448.55957,-47.729235,21.8746725,0.1309715961983136,0.17720141992204425
2013.04.05_22:00:00_TAI,11718,2636,1320816.125,4.499028e+21,-42.703888,-51.86578,24.103182,19.710218,1633.971558,-47.284834000000004,21.9067,0.15114253166028313,0.1998827567649392
2013.04.05_23:00:00_TAI,11718,2636,1481446.5,4.989634e+21,-41.943226,-51.527351,24.180876,19.567207,1817.275146,-46.7352885,21.8740415,0.16762418789530212,0.2223061743054449
2013.04.06_00:00:00_TAI,11718,2636,1640066.25,5.538601e+21,-41.263954,-51.259872,24.228088,19.446178,1984.535645,-46.261913,21.837133,0.18606645190831797,0.2427670504292136
2013.04.06_01:00:00_TAI,11718,2636,1809208.75,6.252048e+21,-40.603313,-50.909519,24.242428,19.375681,2118.154541,-45.756416,21.809054500000002,0.21003433692379994,0.2591125695158853
2013.04.06_02:00:00_TAI,11718,2636,1993150.75,6.911866e+21,-39.922623,-50.508911,24.275522,19.278122,2256.816406,-45.215767,21.776822,0.23220058326746015,0.276074991963613
2013.04.06_03:00:00_TAI,11718,2636,2111638.75,7.400797e+21,-39.282276,-50.071625,24.285383,19.188814,2372.061768,-44.676950500000004,21.737098500000002,0.2486259687389873,0.29017288770001687
2013.04.06_04:00:00_TAI,11718,2636,2265470.5,7.709741e+21,-38.660202,-49.558414,24.285404,19.120462,2454.881836,-44.109308,21.702933,0.25900478351881406,0.3003042167468715
2013.04.06_05:00:00_TAI,11718,2636,2376237.5,7.792357e+21,-37.97641,-49.058678,24.286617,19.071861,2550.86084,-43.517544,21.679239,0.26178022554665786,0.31204527051071745
2013.04.06_06:00:00_TAI,11718,2636,2531136.25,7.83528e+21,-37.290604,-48.586048,24.288097,19.023693,2669.946777,-42.938326,21.655895,0.26322220165493154,0.32661298147420037
2013.04.06_07:00:00_TAI,11718,2636,2610513.25,8.002148e+21,-36.65921,-48.126553,24.312914,18.975811,2767.011719,-42.3928815,21.6443625,0.2688280462891699,0.33848687737966937
2013.04.06_08:00:00_TAI,11718,2636,2678833.5,8.284181e+21,-36.035038,-47.65818,24.32704,18.934319,2860.190186,-41.846609,21.6306795,0.27830279986521894,0.34988534313869873
2013.04.06_09:00:00_TAI,11718,2636,2736606.0,8.47565e+21,-35.422665,-47.242222,24.344246,18.897455,2959.193115,-41.3324435,21.6208505,0.28473510244134487,0.36199631182688413
2013.04.06_10:00:00_TAI,11718,2636,2818283.25,8.478228e+21,-34.829323,-46.782078,24.353041,18.882246,3026.642822,-40.8057005,21.6176435,0.2848217090253937,0.3702473938681466
2013.04.06_11:00:00_TAI,11718,2636,2869622.0,8.107435e+21,-34.242634,-46.362442,24.348948,18.883423,3085.899902,-40.302538,21.6161855,0.27236510890156446,0.37749627678183595
2013.04.06_12:00:00_TAI,11718,2636,2986791.5,8.113814e+21,-33.664703,-45.939358,24.340065,18.886728,3155.871582,-39.8020305,21.6133965,0.27257940812563264,0.38605587026153726
2013.04.06_13:00:00_TAI,11718,2636,3141055.25,8.443399e+21,-33.078815,-45.468029,24.328348,18.892502,3231.33667,-39.273422,21.610425,0.2836516466841067,0.39528746903392464
2013.04.06_14:00:00_TAI,11718,2636,3224914.25,8.860818e+21,-32.469334,-45.013317,24.315668,18.901062,3309.341309,-38.7413255,21.608365,0.2976746232966336,0.40482972955090596
2013.04.06_15:00:00_TAI,11718,2636,3360874.0,9.399774e+21,-31.882236,-44.520653,24.310202,18.881573,3384.748779,-38.2014445,21.5958875,0.31578057291363965,0.41405427994804905
2013.04.06_16:00:00_TAI,11718,2636,3427976.5,9.478681e+21,-31.305271,-44.034786,24.307714,18.854195,3447.163818,-37.6700285,21.5809545,0.31843141299414546,0.4216894740845869
2013.04.06_17:00:00_TAI,11718,2636,3533209.5,9.250662e+21,-30.704786,-43.513432,24.310541,18.860493,3489.878662,-37.109109000000004,21.585517000000003,0.3107712319669,0.42691475522959954
2013.04.06_18:00:00_TAI,11718,2636,3627904.0,9.155885e+21,-30.109539,-42.979515,24.317133,18.847097,3543.874512,-36.544527,21.582115,0.30758724739886295,0.4335200350455326
2013.04.06_19:00:00_TAI,11718,2636,3686220.5,8.976456e+21,-29.527306,-42.432552,24.313484,18.784351,3596.502686,-35.979929,21.5489175,0.3015594224301646,0.43995800787995626
2013.04.06_20:00:00_TAI,11718,2636,3711668.0,9.597662e+21,-28.90464,-41.918694,24.324432,18.745152,3667.385254,-35.411667,21.534792000000003,0.32242851849326043,0.44862902974019003
2013.04.06_21:00:00_TAI,11718,2636,3719985.25,9.426314e+21,-28.332865,-41.390022,24.350325,18.714239,3720.440674,-34.8614435,21.532282000000002,0.31667217056323504,0.45511926732051994
2013.04.06_22:00:00_TAI,11718,2636,3718913.75,9.184519e+21,-27.771984,-40.868443,24.359573,18.704069,3756.546875,-34.3202135,21.531821,0.30854919190144453,0.45953611714685516
2013.04.06_23:00:00_TAI,11718,2636,3657869.5,8.853277e+21,-27.163162,-40.332561,24.388561,18.695669,3802.857178,-33.7478615,21.542115,0.29742128728022066,0.46520122862626784
2013.04.07_00:00:00_TAI,11718,2636,3672489.0,8.601399e+21,-26.580526,-39.8004,24.398283,18.698059,3844.476562,-33.190463,21.548171,0.28895957541945233,0.47029250280913126
2013.04.07_01:00:00_TAI,11718,2636,3677818.0,8.457489e+21,-25.982862,-39.308846,24.424969,18.681459,3900.411865,-32.645854,21.553214,0.2841249929871511,0.4771350347426781
2013.04.07_02:00:00_TAI,11718,2636,3763869.0,8.579146e+21,-25.406342,-38.830578,24.467613,18.688095,3951.514648,-32.11846,21.577854000000002,0.28821199732991026,0.4833864074146132
2013.04.07_03:00:00_TAI,11718,2636,3815410.5,8.791572e+21,-24.825836,-38.335632,24.541206,18.69812,4015.778076,-31.580734,21.619663,0.29534833954215417,0.4912477138644806
2013.04.07_04:00:00_TAI,11718,2636,3900823.0,9.006618e+21,-24.237059,-37.823498,24.567303,18.703333,4065.443115,-31.0302785,21.635317999999998,0.302572699306845,0.49732320817865894
2013.04.07_05:00:00_TAI,11718,2636,3932547.25,8.991541e+21,-23.678572,-37.324142,24.623257,18.743046,4146.145508,-30.501357,21.6831515,0.30206619524644746,0.5071954833179594
2013.04.07_06:00:00_TAI,11718,2636,4000177.5,8.536798e+21,-23.114508,-36.820801,24.629904,18.723425,4206.045898,-29.967654500000002,21.6766645,0.28678933805089496,0.5145230619565682
2013.04.07_07:00:00_TAI,11718,2636,4117051.75,8.507103e+21,-22.562365,-36.302967,24.633541,18.69186,4252.804199,-29.432666,21.6627005,0.285791749799021,0.5202429767615508
2013.04.07_08:00:00_TAI,11718,2636,4237115.0,9.029524e+21,-22.025021,-35.808842,24.628654,18.646502,4306.356934,-28.916931499999997,21.637578,0.3033422145955274,0.5267940505863636
2013.04.07_09:00:00_TAI,11718,2636,4350040.5,9.479252e+21,-21.478445,-35.309544,24.62627,18.60614,4372.383789,-28.3939945,21.616205,0.31845059544546117,0.5348710759992619
2013.04.07_10:00:00_TAI,11718,2636,4440832.5,9.81446e+21,-20.918236,-34.84211,24.697077,18.584457,4477.410645,-27.880173,21.640767,0.3297117357968393,0.5477189480499418
2013.04.07_11:00:00_TAI,11718,2636,4529050.5,9.584528e+21,-20.350424,-34.366455,24.804037,18.559053,4589.373047,-27.358439500000003,21.681545,0.3219872885185134,0.5614152412664387
2013.04.07_12:00:00_TAI,11718,2636,4563231.5,9.349441e+21,-19.796652,-33.856373,24.827637,18.545288,4651.465332,-26.8265125,21.686462499999998,0.31408966166657537,0.5690109531005086
2013.04.07_13:00:00_TAI,11718,2636,4603745.0,9.220209e+21,-19.241823,-33.341053,24.859432,18.537424,4724.166504,-26.291438,21.698428,0.3097481790948906,0.5779044436929576
2013.04.07_14:00:00_TAI,11718,2636,4710464.5,9.44515e+21,-18.694691,-32.832981,24.875586,18.519083,4783.818359,-25.763835999999998,21.697334499999997,0.31730495629525385,0.5852016191946761
2013.04.07_15:00:00_TAI,11718,2636,4767685.5,9.697499e+21,-18.152748,-32.302254,24.894093,18.526197,4821.875488,-25.227500999999997,21.710145,0.32578249115877117,0.5898571248684651
2013.04.07_16:00:00_TAI,11718,2636,4958544.5,9.828172e+21,-17.615177,-31.770918,24.9102,18.518782,4871.994629,-24.6930475,21.714491000000002,0.3301723833843017,0.5959881692068578
2013.04.07_17:00:00_TAI,11718,2636,4998622.5,9.846988e+21,-17.074356,-31.274559,24.9226,18.525215,4933.416016,-24.174457500000003,21.7239075,0.3308044972266072,0.603501810492581
2013.04.07_18:00:00_TAI,11718,2636,5073292.5,9.598079e+21,-16.5189,-30.737904,24.931595,18.535204,4962.783203,-23.628402,21.7333995,0.3224425273937835,0.607094280794314
2013.04.07_19:00:00_TAI,11718,2636,5152752.0,1.015983e+22,-15.971169,-30.248159,24.964811,18.545172,5029.63623,-23.109664000000002,21.754991500000003,0.34131426331156295,0.6152723713304781
2013.04.07_20:00:00_TAI,11718,2636,5204272.5,1.051481e+22,-15.428969,-29.770617,24.992308,18.566875,5069.212402,-22.599793000000002,21.779591500000002,0.353239633833544,0.6201137006197381
2013.04.07_21:00:00_TAI,11718,2636,5314181.0,1.054285e+22,-14.887769,-29.288328,25.022774,18.5966,5110.15625,-22.0880485,21.809686999999997,0.3541816232116395,0.6251223368905077
2013.04.07_22:00:00_TAI,11718,2636,5387080.0,1.070131e+22,-14.33426,-28.7491,25.03796,18.639587,5133.233398,-21.54168,21.838773500000002,0.35950500541039193,0.6279453505090303
2013.04.07_23:00:00_TAI,11718,2636,5496980.0,1.08355e+22,-13.788867,-28.270895,25.062956,18.662188,5165.307617,-21.029881,21.862572,0.36401304944201235,0.6318689704052356
2013.04.08_00:00:00_TAI,11718,2636,5563046.0,1.096983e+22,-13.247684,-27.740154,25.096827,18.686998,5201.337402,-20.493918999999998,21.8919125,0.3685257967016262,0.6362764723083061
2013.04.08_01:00:00_TAI,11718,2636,5663491.5,1.123565e+22,-12.686482,-27.188353,25.122652,18.717491,5239.909668,-19.9374175,21.9200715,0.37745588288156023,0.6409949943811062
2013.04.08_02:00:00_TAI,11718,2636,5820060.0,1.13279e+22,-12.131904,-26.671898,25.14192,18.726452,5269.541504,-19.401901,21.934185999999997,0.3805549741843175,0.644619839035646
2013.04.08_03:00:00_TAI,11718,2636,5962464.5,1.164058e+22,-11.598705,-26.182587,25.148449,18.643913,5355.975586,-18.890646,21.896181,0.3910592979625952,0.6551932682388775
2013.04.08_04:00:00_TAI,11718,2636,6142003.0,1.185089e+22,-11.06938,-25.679672,25.16691,18.641731,5419.582031,-18.374526,21.9043205,0.3981245542431683,0.662974206353969
2013.04.08_05:00:00_TAI,11718,2636,6320165.5,1.223455e+22,-10.540585,-25.138996,25.180981,18.63121,5489.878906,-17.8397905,21.9060955,0.4110134146140716,0.6715735807421982
2013.04.08_06:00:00_TAI,11718,2636,6443239.0,1.199938e+22,-10.010415,-24.598503,25.193602,18.597418,5547.34668,-17.304459,21.89551,0.4031129994198232,0.6786035789303702
2013.04.08_07:00:00_TAI,11718,2636,6543591.0,1.151714e+22,-9.460343,-24.16888,25.200323,18.585564,5629.071289,-16.8146115,21.8929435,0.38691239465189226,0.6886009011374051
2013.04.08_08:00:00_TAI,11718,2636,6657036.5,1.176514e+22,-8.927288,-23.655956,25.249472,18.575731,5708.237793,-16.291622,21.9126015,0.3952438270972449,0.6982852919001986
2013.04.08_09:00:00_TAI,11718,2636,6655281.0,1.174913e+22,-8.378337,-23.118633,25.26832,18.56646,5766.727539,-15.748484999999999,21.917389999999997,0.39470597938172036,0.7054403073077319
2013.04.08_10:00:00_TAI,11718,2636,6721636.5,1.206629e+22,-7.842417,-22.581329,25.278774,18.556351,5805.163086,-15.211873,21.9175625,0.4053608064557851,0.7101421046275896
2013.04.08_11:00:00_TAI,11718,2636,6770373.5,1.218042e+22,-7.292184,-22.055477,25.270771,18.548429,5849.329102,-14.6738305,21.909599999999998,0.4091949451049307,0.7155449067695131
2013.04.08_12:00:00_TAI,11718,2636,6906413.0,1.235361e+22,-6.737355,-21.568094,25.284155,18.537931,5906.327637,-14.1527245,21.911043,0.41501317407755417,0.7225175032333758
2013.04.08_13:00:00_TAI,11718,2636,7055614.5,1.260891e+22,-6.181421,-21.050743,25.296665,18.541351,5978.911133,-13.616082,21.919007999999998,0.4235898462682741,0.7313965985916053
2013.04.08_14:00:00_TAI,11718,2636,7247883.0,1.29234e+22,-5.568787,-20.521873,25.314474,18.500942,6051.710449,-13.04533,21.907708,0.4341549760656087,0.7403020950804751
2013.04.08_15:00:00_TAI,11718,2636,7359394.0,1.294018e+22,-4.98344,-19.996794,25.358383,18.487253,6130.815918,-12.490117000000001,21.922818,0.4347186915350966,0.7499790194684719
2013.04.08_16:00:00_TAI,11718,2636,7525550.5,1.287095e+22,-4.404048,-19.468695,25.375828,18.477484,6188.276855,-11.9363715,21.926656,0.4323929452923879,0.7570081812905509
2013.04.08_17:00:00_TAI,11718,2636,7688564.5,1.304921e+22,-3.851493,-18.931238,25.363796,18.468594,6216.475098,-11.391365500000001,21.916195000000002,0.43838149830734185,0.7604576553766644
2013.04.08_18:00:00_TAI,11718,2636,7759450.5,1.32587e+22,-3.303795,-18.387403,25.376904,18.457619,6254.374512,-10.845599,21.917261500000002,0.44541920710966815,0.7650938678694744
2013.04.08_19:00:00_TAI,11718,2636,7839281.5,1.401646e+22,-2.75655,-17.838512,25.364361,18.449533,6283.773438,-10.297531000000001,21.906947,0.4708757645685006,0.7686902207839653
2013.04.08_20:00:00_TAI,11718,2636,7933646.5,1.411113e+22,-2.206044,-17.313368,25.356306,18.446192,6319.456055,-9.759706,21.901249,0.47405615452657135,0.7730552538346491
2013.04.08_21:00:00_TAI,11718,2636,7994793.5,1.438379e+22,-1.658172,-16.76561,25.350664,18.380278,6363.726562,-9.211891,21.865471,0.48321602698846594,0.7784708382976815
2013.04.08_22:00:00_TAI,11718,2636,8007743.5,1.45703e+22,-1.11108,-16.220264,25.342022,18.371481,6400.718262,-8.665672,21.8567515,0.4894817345101705,0.7829960106834677
2013.04.08_23:00:00_TAI,11718,2636,8069072.0,1.481949e+22,-0.498443,-15.667753,25.365551,18.368147,6441.710449,-8.083098,21.866849000000002,0.4978531443934667,0.788010560234999
2013.04.09_00:00:00_TAI,11718,2636,8086345.5,1.499037e+22,0.049888,-15.114462,25.363697,18.370003,6454.581543,-7.532287,21.86685,0.5035937701042,0.7895850734134596
2013.04.09_01:00:00_TAI,11718,2636,8227366.5,1.512507e+22,0.630767,-14.559728,25.396336,18.370634,6511.516602,-6.9644805,21.883485,0.5081189473235105,0.7965499048964654
2013.04.09_02:00:00_TAI,11718,2636,8468166.0,1.552222e+22,1.179688,-14.005229,25.3953,18.345554,6552.10498,-6.4127705,21.870427,0.5214609973060582,0.8015150567361875
2013.04.09_03:00:00_TAI,11718,2636,8664401.0,1.576294e+22,1.727115,-13.477905,25.393354,18.284586,6621.35498,-5.875395,21.83897,0.529547861895757,0.8099863675360613
2013.04.09_04:00:00_TAI,11718,2636,8886007.0,1.613866e+22,2.306934,-12.96696,25.39695,18.257406,6722.430176,-5.330013,21.827178,0.5421699820504663,0.8223508353985041
2013.04.09_05:00:00_TAI,11718,2636,9109766.0,1.629087e+22,2.887278,-12.461263,25.422434,18.230522,6783.306641,-4.7869925,21.826478,0.5472833987138015,0.8297978167041018
2013.04.09_06:00:00_TAI,11718,2636,9317156.0,1.673161e+22,3.43702,-11.964276,25.428705,18.235861,6861.022461,-4.263628,21.832283,0.5620898323265625,0.8393047461667307
2013.04.09_07:00:00_TAI,11718,2636,9524792.0,1.645619e+22,3.986029,-11.467237,25.457272,18.240257,6936.116699,-3.7406040000000003,21.8487645,0.5528372390842278,0.848490979081932
2013.04.09_08:00:00_TAI,11718,2636,9728135.0,1.657771e+22,4.532378,-10.97758,25.457148,18.181208,7013.259277,-3.222601,21.819178,0.5569196409824505,0.8579277841958889
2013.04.09_09:00:00_TAI,11718,2636,9823498.0,1.678546e+22,5.078221,-10.474716,25.457634,18.182501,7068.751953,-2.6982475000000004,21.8200675,0.5638988953797168,0.8647161698350614
2013.04.09_10:00:00_TAI,11718,2636,9982876.0,1.702373e+22,5.598157,-9.943142,25.457434,18.155411,7123.393555,-2.1724925,21.8064225,0.571903453479532,0.8714004441043033
2013.04.09_11:00:00_TAI,11718,2636,10097793.0,1.747432e+22,6.118039,-9.418846,25.454473,18.124636,7167.580078,-1.6504035000000004,21.7895545,0.5870407927761105,0.8768057548551882
2013.04.09_12:00:00_TAI,11718,2636,10215220.0,1.78965e+22,6.639247,-8.891544,25.481546,18.124762,7206.635742,-1.1261484999999998,21.803154,0.6012237127348968,0.8815834107142415
2013.04.09_13:00:00_TAI,11718,2636,10395806.0,1.822464e+22,7.157873,-8.364406,25.477528,18.094198,7254.298828,-0.6032665000000001,21.785863,0.6122474072615824,0.8874140073234417
2013.04.09_14:00:00_TAI,11718,2636,10626645.0,1.843435e+22,7.701678,-7.834894,25.50219,18.059053,7295.790527,-0.066608,21.7806215,0.6192925068507554,0.892489661877143
2013.04.09_15:00:00_TAI,11718,2636,10829219.0,1.879791e+22,8.22387,-7.352186,25.532427,18.025024,7357.955078,0.43584200000000006,21.7787255,0.6315061180597571,0.9000942139674766
2013.04.09_16:00:00_TAI,11718,2636,11031948.0,1.921432e+22,8.771805,-6.856027,25.56159,17.994144,7404.34375,0.9578890000000002,21.777867,0.6454951978362463,0.905768912279468
2013.04.09_17:00:00_TAI,11718,2636,11155960.0,1.93506e+22,9.391239,-6.324213,25.595762,17.969387,7462.904785,1.5335130000000001,21.782574500000003,0.6500734543429103,0.9129326484274433
2013.04.09_19:00:00_TAI,11718,2636,11126085.0,2.017177e+22,10.511268,-5.208204,25.5931,17.940247,7516.41748,2.6515319999999996,21.7666735,0.677660238137871,0.9194788241831668
2013.04.09_20:00:00_TAI,11718,2636,11108224.0,1.995222e+22,11.079971,-4.679022,25.631266,17.914991,7549.456055,3.2004745000000003,21.7731285,0.6702845688097372,0.9235204131681479
2013.04.09_21:00:00_TAI,11718,2636,11036190.0,1.9927e+22,11.623158,-4.121813,25.600054,17.890974,7574.603027,3.7506725,21.745514,0.669437315881222,0.926596627110209
2013.04.09_22:00:00_TAI,11718,2636,10929450.0,1.976629e+22,12.178054,-3.595399,25.638578,17.892712,7598.028809,4.2913274999999995,21.765645,0.6640383460897195,0.9294622889160153
2013.04.09_23:00:00_TAI,11718,2636,10817875.0,1.971432e+22,12.709713,-3.035643,25.617565,17.878115,7596.802246,4.837035,21.74784,0.6622924406696188,0.9293122442028221
2013.04.10_00:00:00_TAI,11718,2636,10809884.0,1.982042e+22,13.236593,-2.504643,25.627743,17.859503,7605.525391,5.365975,21.743623,0.6658568155988602,0.9303793412778744
2013.04.10_01:00:00_TAI,11718,2636,10780384.0,1.973674e+22,13.764641,-1.986072,25.64134,17.865238,7618.311035,5.8892845,21.753289000000002,0.6630456290382671,0.9319434014092901
2013.04.10_02:00:00_TAI,11718,2636,10847971.0,1.971926e+22,14.29123,-1.46142,25.652857,17.818968,7629.381348,6.414905,21.7359125,0.6624583974288124,0.9332976261323931
2013.04.10_03:00:00_TAI,11718,2636,10938262.0,1.97122e+22,14.800344,-0.935365,25.66987,17.776594,7659.026855,6.932489500000001,21.723232,0.6622212203600052,0.9369241431521308
2013.04.10_04:00:00_TAI,11718,2636,11046580.0,1.992719e+22,15.33025,-0.38231,25.681618,17.728409,7701.073242,7.47397,21.7050135,0.6694436988334986,0.9420676523548568
2013.04.10_05:00:00_TAI,11718,2636,11220006.0,1.99695e+22,15.907432,0.109202,25.80023,17.709244,7760.858398,8.008317,21.754737,0.6708650815220586,0.9493811344876357
2013.04.10_06:00:00_TAI,11718,2636,11349789.0,2.016964e+22,16.485083,0.628459,25.853785,17.658075,7856.475098,8.556771,21.75593,0.6775886818834009,0.9610778678213294
2013.04.10_07:00:00_TAI,11718,2636,11487125.0,2.016804e+22,17.066036,1.150393,25.904551,17.639671,7912.500977,9.1082145,21.772111000000002,0.6775349307063342,0.9679314798624142
2013.04.10_08:00:00_TAI,11718,2636,11558410.0,1.98794e+22,17.631582,1.671198,25.952639,17.59454,7961.537598,9.651390000000001,21.7735895,0.667838218363485,0.9739301001810658
2013.04.10_09:00:00_TAI,11718,2636,11548636.0,1.987931e+22,18.209988,2.163333,25.967873,17.570774,8022.199219,10.1866605,21.7693235,0.6678351948597748,0.9813507997495157
2013.04.10_10:00:00_TAI,11718,2636,11483368.0,1.964056e+22,18.783779,2.682508,26.016054,17.556135,8052.708008,10.733143499999999,21.7860945,0.6598145114068396,0.9850829215364726
2013.04.10_11:00:00_TAI,11718,2636,11495054.0,1.963672e+22,19.34133,3.171879,26.030254,17.517031,8094.190918,11.2566045,21.7736425,0.6596855085818792,0.9901575009370964
2013.04.10_12:00:00_TAI,11718,2636,11445751.0,1.969656e+22,19.896027,3.699996,26.072447,17.499462,8110.524414,11.7980115,21.785954500000003,0.6616958026041774,0.9921555676672696
2013.04.10_13:00:00_TAI,11718,2636,11425907.0,1.973312e+22,20.441368,4.226738,26.083281,17.509466,8120.725586,12.334053,21.7963735,0.6629240170001535,0.9934034708952114
2013.04.10_14:00:00_TAI,11718,2636,11498301.0,1.975991e+22,20.97871,4.746655,26.131071,17.497448,8145.034668,12.8626825,21.8142595,0.6638240132711656,0.9963771862581229
2013.04.10_15:00:00_TAI,11718,2636,11559907.0,1.977494e+22,21.511312,5.239648,26.140915,17.497738,8146.007812,13.37548,21.8193265,0.6643289383907367,0.9964962303776468
2013.04.10_16:00:00_TAI,11718,2636,11530570.0,2.002161e+22,22.038021,5.733711,26.154303,17.475773,8162.317383,13.885866,21.815038,0.6726156901701527,0.9984913703769769
2013.04.10_17:00:00_TAI,11718,2636,11522719.0,2.026836e+22,22.574862,6.245781,26.166012,17.459572,8174.649902,14.4103215,21.812792,0.6809051295084219,1.0
2013.04.11_00:00:00_TAI,11718,2636,10649277.0,2.155153e+22,26.26837,10.025656,26.203754,17.359035,8047.30127,18.147013,21.781394499999998,0.7240125656814187,0.9844215185326967
2013.04.11_01:00:00_TAI,11718,2636,10664748.0,2.161848e+22,26.782726,10.521859,26.229204,17.341978,8034.873535,18.6522925,21.785591,0.7262617164968074,0.9829012411937296
2013.04.11_02:00:00_TAI,11718,2636,10696716.0,2.179037e+22,27.303656,11.052738,26.25511,17.329678,8011.564941,19.178197,21.792394,0.732036272638064,0.9800499149253964
2013.04.11_03:00:00_TAI,11718,2636,10861290.0,2.184478e+22,27.784077,11.597198,26.28079,17.296196,7954.828613,19.6906375,21.788493,0.7338641486031916,0.9731093940859511
2013.04.11_04:00:00_TAI,11718,2636,11048428.0,2.217799e+22,28.301208,12.139143,26.274685,17.283485,7938.039062,20.2201755,21.779085000000002,0.7450581671722076,0.9710555384222496
2013.04.11_05:00:00_TAI,11718,2636,11164057.0,2.239763e+22,28.844469,12.68622,26.274845,17.26236,7947.283691,20.7653445,21.7686025,0.7524368600040514,0.9721864283210009
2013.04.11_06:00:00_TAI,11718,2636,11255248.0,2.266335e+22,29.395597,13.195951,26.263556,17.252497,7943.833496,21.295774,21.7580265,0.7613635867354188,0.9717643680442476
2013.04.11_07:00:00_TAI,11718,2636,11307517.0,2.299937e+22,29.950102,13.728731,26.286144,17.242012,7947.850586,21.8394165,21.764077999999998,0.7726520058091585,0.9722557762449848
2013.04.11_08:00:00_TAI,11718,2636,11327803.0,2.236361e+22,30.493649,14.236778,26.276575,17.230253,7949.997559,22.3652135,21.753414,0.7512939756016688,0.9725184141592368
2013.04.11_09:00:00_TAI,11718,2636,11228010.0,2.212304e+22,31.046904,14.772649,26.269394,17.223663,7947.469238,22.9097765,21.746528499999997,0.74321215018482,0.9722091261737804
2013.04.11_10:00:00_TAI,11718,2636,11187995.0,2.233655e+22,31.602152,15.31334,26.287748,17.222498,7928.467773,23.457746,21.755123,0.7503849088195267,0.9698846884024025
2013.04.11_11:00:00_TAI,11718,2636,11153958.0,2.267395e+22,32.144054,15.846076,26.290869,17.228645,7901.795898,23.995064999999997,21.759757,0.7617196882834864,0.9666219339945992
2013.04.11_12:00:00_TAI,11718,2636,11168014.0,2.292146e+22,32.700768,16.36459,26.3123,17.201834,7896.402832,24.532678999999998,21.757067,0.7700346594308624,0.9659622034783503
2013.04.11_13:00:00_TAI,11718,2636,11202329.0,2.316723e+22,33.246807,16.915125,26.314953,17.195358,7882.738281,25.080965999999997,21.7551555,0.7782911761731782,0.9642906271828741
2013.04.11_14:00:00_TAI,11718,2636,11221434.0,2.329589e+22,33.789822,17.46562,26.327177,17.194599,7869.708984,25.627721,21.760888,0.7826134426990616,0.9626967611266882
2013.04.11_15:00:00_TAI,11718,2636,11192619.0,2.348832e+22,34.310535,17.986639,26.366217,17.173393,7904.15332,26.148587,21.769804999999998,0.7890780295759132,0.9669103160082954
2013.04.11_16:00:00_TAI,11718,2636,11186541.0,2.374301e+22,34.833435,18.523939,26.389427,17.158226,7910.840332,26.678687,21.7738265,0.7976342091303764,0.9677283341595514
2013.04.11_17:00:00_TAI,11718,2636,11073408.0,2.445252e+22,35.369339,19.071754,26.411209,17.150909,7890.621582,27.220546499999998,21.781059,0.8214698326557885,0.9652549866471333
2013.04.11_18:00:00_TAI,11718,2636,10996644.0,2.50077e+22,35.914391,19.608009,26.438383,17.132696,7891.532227,27.761200000000002,21.7855395,0.8401208192082519,0.9653663853016221
2013.04.11_19:00:00_TAI,11718,2636,10835119.0,2.475954e+22,36.459526,20.135187,26.455187,17.128477,7868.911621,28.2973565,21.791832,0.8317840116451924,0.9625992201910447
2013.04.11_20:00:00_TAI,11718,2636,10729709.0,2.49628e+22,37.008114,20.678459,26.460922,17.125795,7842.623535,28.843286499999998,21.7933585,0.8386124268018149,0.9593834144605059
2013.04.11_21:00:00_TAI,11718,2636,10573985.0,2.519262e+22,37.569595,21.226648,26.469946,17.112253,7812.461914,29.398121500000002,21.7910995,0.8463331114977461,0.9556937615259355
2013.04.11_22:00:00_TAI,11718,2636,10330586.0,2.558355e+22,38.113163,21.770803,26.465538,17.104113,7769.559082,29.941983,21.7848255,0.8594662037794467,0.9504454839220832
2013.04.11_23:00:00_TAI,11718,2636,10134693.0,2.565227e+22,38.665878,22.332674,26.455769,17.075991,7718.388672,30.499276000000002,21.76588,0.8617748168344656,0.9441858384799608
2013.04.12_00:00:00_TAI,11718,2636,10013907.0,2.595298e+22,39.248428,22.895941,26.44869,17.060501,7674.039551,31.0721845,21.7545955,0.8718770146193123,0.9387606372136473
2013.04.12_01:00:00_TAI,11718,2636,9988483.0,2.601081e+22,39.818474,23.463509,26.431973,17.056286,7616.953613,31.6409915,21.7441295,0.8738197837254201,0.931777348793426
2013.04.12_02:00:00_TAI,11718,2636,10032893.0,2.623068e+22,40.372787,23.993204,26.42877,17.063408,7559.126465,32.182995500000004,21.746088999999998,0.8812062032889673,0.9247033886002376
2013.04.12_03:00:00_TAI,11718,2636,10130774.0,2.640866e+22,40.925915,24.462435,26.399918,17.014467,7522.94043,32.694175,21.707192499999998,0.8871853498479346,0.9202767727287557
2013.04.12_04:00:00_TAI,11718,2636,10162409.0,2.626176e+22,41.488621,24.94693,26.383345,16.967957,7480.890625,33.2177755,21.675651,0.8822503199034897,0.9151328454041481
2013.04.12_05:00:00_TAI,11718,2636,10233903.0,2.624089e+22,42.041019,25.468842,26.358225,16.939299,7442.504883,33.7549305,21.648761999999998,0.8815492029876247,0.9104371406999492
2013.04.12_06:00:00_TAI,11718,2636,10221003.0,2.671775e+22,42.590542,25.976501,26.333904,16.910755,7403.600586,34.2835215,21.6223295,0.8975690694226686,0.9056780014748574
2013.04.12_07:00:00_TAI,11718,2636,10206550.0,2.693378e+22,43.118309,26.5126,26.327923,16.886198,7367.554688,34.8154545,21.6070605,0.9048264861612555,0.9012685284781998
2013.04.12_08:00:00_TAI,11718,2636,10185693.0,2.659974e+22,43.664005,27.058489,26.310007,16.888103,7338.293457,35.361247000000006,21.599055,0.8936045841691361,0.8976890197101434
2013.04.12_09:00:00_TAI,11718,2636,10146206.0,2.623442e+22,44.20797,27.590191,26.302713,16.881718,7320.759277,35.899080500000004,21.592215500000002,0.8813318466653609,0.8955440740292635
2013.04.12_10:00:00_TAI,11718,2636,10008470.0,2.60885e+22,44.752934,28.129713,26.302908,16.879053,7276.952148,36.4413235,21.5909805,0.8764297393168695,0.8901851743179399
2013.04.12_11:00:00_TAI,11718,2636,9909301.0,2.630665e+22,45.283501,28.605907,26.294544,16.877523,7234.682129,36.944704,21.5860335,0.8837583763650698,0.8850143083473179
2013.04.12_12:00:00_TAI,11718,2636,9850172.0,2.664127e+22,45.809795,29.107447,26.283579,16.85611,7187.557617,37.458621,21.569844500000002,0.894999763158876,0.8792495951712258
2013.04.12_13:00:00_TAI,11718,2636,9760580.0,2.652679e+22,46.33802,29.609434,26.272301,16.80312,7147.812988,37.973727,21.5377105,0.891153866439747,0.8743876586385949
2013.04.12_14:00:00_TAI,11718,2636,9667026.0,2.65456e+22,46.873318,30.157915,26.261318,16.739056,7103.877441,38.5156165,21.500187,0.8917857787151386,0.8690130496306604
2013.04.12_15:00:00_TAI,11718,2636,9541956.0,2.659528e+22,47.395672,30.583609,26.252718,16.727522,7070.125977,38.9896405,21.49012,0.8934547527630624,0.8648842533635882
2013.04.12_16:00:00_TAI,11718,2636,9418087.0,2.726562e+22,47.927994,31.121195,26.235645,16.713209,7017.579102,39.5245945,21.474427,0.9159744802849081,0.858456225786879
2013.04.12_17:00:00_TAI,11718,2636,9249072.0,2.833455e+22,48.445004,31.663115,26.25898,16.688614,6982.520996,40.0540595,21.473797,0.9518846338486615,0.8541675887907646
2013.04.12_18:00:00_TAI,11718,2636,9038482.0,2.826855e+22,48.989819,32.217216,26.274237,16.669743,6941.634766,40.603517499999995,21.471989999999998,0.9496673977946564,0.8491660008952393
2013.04.12_19:00:00_TAI,11718,2636,8814366.0,2.797594e+22,49.535393,32.76878,26.280821,16.624655,6902.615723,41.152086499999996,21.452738,0.9398373153437101,0.8443928248610639
2013.04.12_20:00:00_TAI,11718,2636,8601322.0,2.765303e+22,50.074211,33.333858,26.282154,16.598642,6859.03125,41.7040345,21.440398000000002,0.9289893199770617,0.839061162524144
2013.04.12_21:00:00_TAI,11718,2636,8330505.0,2.831294e+22,50.631088,33.898075,26.274048,16.583111,6789.632324,42.2645815,21.428579499999998,0.9511586570134032,0.8305716336963687
2013.04.12_22:00:00_TAI,11718,2636,8066053.0,2.854477e+22,51.185444,34.473114,26.271055,16.579844,6729.26709,42.829279,21.4254495,0.9589468666255245,0.8231871909711541
2013.04.12_23:00:00_TAI,11718,2636,7859343.0,2.826571e+22,51.723579,35.0177,26.287943,16.574108,6668.935547,43.370639499999996,21.431025499999997,0.9495719894553628,0.8158068696456818
2013.04.13_00:00:00_TAI,11718,2636,7667314.0,2.827295e+22,52.267277,35.570194,26.301878,16.577765,6590.75293,43.9187355,21.4398215,0.9498152135315899,0.8062428371871331
2013.04.13_01:00:00_TAI,11718,2636,7557708.5,2.844382e+22,52.79171,36.119991,26.305216,16.556955,6504.435547,44.4558505,21.431085500000002,0.9555555032974666,0.7956836837022992
2013.04.13_02:00:00_TAI,11718,2636,7491278.5,2.858218e+22,53.321659,36.663097,26.301317,16.53664,6417.812988,44.992378,21.4189785,0.9602036363343175,0.7850871982211526
2013.04.13_03:00:00_TAI,11718,2636,7448290.0,2.863129e+22,53.840675,37.180965,26.297535,16.527895,6323.554199,45.510819999999995,21.412715,0.9618534615254113,0.7735565773223985
2013.04.13_04:00:00_TAI,11718,2636,7434996.5,2.854628e+22,54.361122,37.700157,26.296974,16.510571,6234.965332,46.0306395,21.4037725,0.9589975942988814,0.7627195545676593
2013.04.13_05:00:00_TAI,11718,2636,7329318.0,2.810394e+22,54.883152,38.232952,26.304581,16.492542,6143.373047,46.558052,21.3985615,0.9441374095090534,0.7515151254975421
2013.04.13_06:00:00_TAI,11718,2636,7263513.5,2.855086e+22,55.390919,38.776447,26.315283,16.494612,6051.386719,47.08368299999999,21.4049475,0.9591514570432351,0.7402624933845149
2013.04.13_07:00:00_TAI,11718,2636,7176156.5,2.890925e+22,55.905167,39.328808,26.321424,16.492096,5972.625,47.6169875,21.40676,0.9711913847613397,0.7306276197270227
2013.04.13_08:00:00_TAI,11718,2636,7020423.5,2.89756e+22,56.444183,39.848347,26.314102,16.503681,5913.99707,48.146265,21.4088915,0.9734203788853282,0.7234557003539795
2013.04.13_09:00:00_TAI,11718,2636,6891600.5,2.799884e+22,56.960693,40.372856,26.30979,16.503056,5846.539551,48.6667745,21.406423,0.9406066290654786,0.7152036626754612
2013.04.13_10:00:00_TAI,11718,2636,6752260.0,2.717696e+22,57.495991,40.907612,26.302771,16.479473,5783.683105,49.2018015,21.391122,0.9129959931856945,0.7075144714864144
2013.04.13_11:00:00_TAI,11718,2636,6673111.5,2.736725e+22,57.99696,41.456455,26.289892,16.456148,5716.652344,49.7267075,21.373019999999997,0.9193886878632193,0.6993146388570562
2013.04.13_12:00:00_TAI,11718,2636,6557793.0,2.754046e+22,58.522636,41.96664,26.291222,16.441723,5650.67041,50.244637999999995,21.3664725,0.9252075887255562,0.691243108603038
2013.04.13_13:00:00_TAI,11718,2636,6444150.5,2.739617e+22,59.072247,42.487148,26.27529,16.424179,5590.916504,50.7796975,21.349734499999997,0.9203602403887017,0.6839334492639413
2013.04.13_14:00:00_TAI,11718,2636,6322141.5,2.755004e+22,59.639996,43.008045,26.267765,16.42478,5521.926758,51.3240205,21.346272499999998,0.9255294238982436,0.6754939751791709
2013.04.13_15:00:00_TAI,11718,2636,6231852.5,2.801978e+22,60.204105,43.531075,26.243074,16.424276,5443.838379,51.86759,21.333675,0.9413100975953402,0.665941470798415
2013.04.13_16:00:00_TAI,11718,2636,6041327.5,2.87791e+22,60.755367,44.069382,26.215019,16.410629,5363.455566,52.4123745,21.312824,0.9668190624518128,0.6561082896880738
2013.04.13_17:00:00_TAI,11718,2636,5879645.5,2.976679e+22,61.339844,44.615868,26.164215,16.406525,5270.088379,52.977856,21.28537,1.0,0.6446867379250855
2013.04.13_18:00:00_TAI,11718,2636,5729290.5,2.872162e+22,61.936119,45.175533,26.103178,16.394402,5169.013184,53.555825999999996,21.24879,0.9648880514156885,0.6323222701849722
2013.04.13_19:00:00_TAI,11718,2636,5601092.5,2.821299e+22,62.554878,45.742401,26.042234,16.390779,5068.716797,54.1486395,21.2165065,0.947800888171012,0.6200530735585256
2013.10.28_05:00:00_TAI,11886,3326,306227.8125,2.673807e+20,-14.756889,-17.763861,15.523055,13.95385,338.042786,-16.260375,14.7384525,0.07467708348461609,0.08762004214580012
2013.10.28_06:00:00_TAI,11886,3326,473475.5,4.74284e+20,-13.74211,-17.396685,15.624598,13.660572,507.277679,-15.569397500000001,14.642585,0.13246335978407436,0.1314854020094476
2013.10.28_07:00:00_TAI,11886,3326,534572.8125,5.55857e+20,-12.84263,-16.904263,15.689815,13.547965,608.850403,-14.8734465,14.61889,0.1552459829542979,0.15781285736814213
2013.10.28_08:00:00_TAI,11886,3326,585798.3125,6.502512e+20,-12.15037,-16.444183,15.762247,13.487701,684.693787,-14.297276499999999,14.624974,0.1816094547900121,0.17747131711873745
2013.10.28_09:00:00_TAI,11886,3326,625939.1875,6.65332e+20,-11.452284,-15.960176,15.826488,13.46053,752.605469,-13.706230000000001,14.643509,0.18582138990954314,0.19507389491500543
2013.10.28_10:00:00_TAI,11886,3326,714287.3125,6.796443e+20,-10.635071,-15.656702,15.954063,13.347261,914.145142,-13.1458865,14.650662,0.18981868972197116,0.23694466850541943
2013.10.28_11:00:00_TAI,11886,3326,725028.6875,6.078061e+20,-10.004298,-15.208289,15.962996,13.28746,978.68042,-12.6062935,14.625228,0.16975491077762497,0.2536720888570282
2013.10.28_12:00:00_TAI,11886,3326,720359.625,5.779565e+20,-9.406731,-14.695622,15.966657,13.266247,993.555054,-12.0511765,14.616451999999999,0.1614181794010432,0.25752756547703026
2013.10.28_13:00:00_TAI,11886,3326,730314.6875,5.350726e+20,-8.843292,-14.12628,15.967821,13.272085,999.046875,-11.484786,14.619953,0.1494410823987318,0.2589510349531018
2013.10.28_14:00:00_TAI,11886,3326,748901.6875,5.114921e+20,-8.308914,-13.580317,15.972949,13.279366,997.692261,-10.944615500000001,14.6261575,0.1428552556464307,0.25859992160092604
2013.10.28_15:00:00_TAI,11886,3326,817839.1875,5.490365e+20,-7.435869,-13.047591,15.95499,13.286872,1038.86377,-10.24173,14.620931,0.15334107714805673,0.26927149781313425
2013.10.28_16:00:00_TAI,11886,3326,890728.3125,5.68846e+20,-6.622971,-12.718397,15.995973,13.296162,1155.762939,-9.670684,14.646067500000001,0.15887369668749435,0.2995715383369661
2013.10.28_17:00:00_TAI,11886,3326,946024.875,5.227258e+20,-5.874299,-12.247212,16.062792,13.246074,1268.607544,-9.060755499999999,14.654433000000001,0.14599272949080738,0.32882064364408586
2013.10.28_18:00:00_TAI,11886,3326,1014311.125,5.790034e+20,-5.068065,-11.841452,16.160971,13.130198,1454.765015,-8.4547585,14.6455845,0.1617105693854364,0.37707230328688496
2013.10.28_19:00:00_TAI,11886,3326,1036522.8125,6.139689e+20,-4.386588,-11.336414,16.197445,13.106948,1518.757812,-7.861501,14.652196499999999,0.17147612674459264,0.3936591136031614
2013.10.28_20:00:00_TAI,11886,3326,1034347.625,6.221319e+20,-3.796181,-10.796674,16.203617,13.080253,1553.918335,-7.2964275,14.641935,0.1737559810216026,0.4027726537664719
2013.10.28_21:00:00_TAI,11886,3326,1038719.1875,5.820365e+20,-3.20915,-10.233124,16.206268,13.055495,1564.139526,-6.721137000000001,14.630881500000001,0.16255768760270933,0.40542196688093746
2013.10.28_22:00:00_TAI,11886,3326,1028686.6875,5.416863e+20,-2.622247,-9.671342,16.207533,13.059266,1569.992188,-6.1467944999999995,14.6333995,0.15128823077945713,0.4069389656525223
2013.10.28_23:00:00_TAI,11886,3326,1060425.5,5.878468e+20,-2.033736,-9.106496,16.208433,13.032976,1593.988525,-5.5701160000000005,14.620704499999999,0.16418045341254778,0.41315877020496977
2013.10.29_00:00:00_TAI,11886,3326,1085254.125,6.437414e+20,-1.35525,-8.576709,16.208303,13.002772,1632.937012,-4.9659794999999995,14.6055375,0.17979132476765763,0.4232541433760309
2013.10.29_01:00:00_TAI,11886,3326,1154699.625,7.417473e+20,-0.676799,-8.079368,16.205053,13.001187,1655.146973,-4.378083500000001,14.60312,0.20716351272394964,0.42901092269353586
2013.10.29_02:00:00_TAI,11886,3326,1287227.75,8.064012e+20,-0.055812,-7.739925,16.323151,12.997083,1830.322632,-3.8978685000000004,14.660117,0.22522077971407284,0.474416117716684
2013.10.29_03:00:00_TAI,11886,3326,1399526.25,9.181805e+20,0.621137,-7.307837,16.499659,12.966451,1978.421753,-3.34335,14.733055,0.25643975744115616,0.5128031259925416
2013.10.29_04:00:00_TAI,11886,3326,1523551.75,1.080438e+21,1.239703,-6.843749,16.618378,12.961859,2101.594727,-2.802023,14.7901185,0.30175685352739234,0.5447293247462802
2013.10.29_05:00:00_TAI,11886,3326,1675855.0,1.181266e+21,1.887457,-6.444845,16.764181,12.924497,2290.321289,-2.2786939999999998,14.844339000000002,0.32991722925229267,0.5936468878516558
2013.10.29_06:00:00_TAI,11886,3326,1893366.375,1.397698e+21,2.537469,-6.011936,16.942171,12.891264,2471.776123,-1.7372335,14.916717499999999,0.3903647878559706,0.6406796329984171
2013.10.29_07:00:00_TAI,11886,3326,2032170.25,1.594463e+21,3.154871,-5.57771,17.028301,12.826661,2624.687744,-1.2114194999999999,14.927481,0.4453195259199015,0.6803140320493188
2013.10.29_08:00:00_TAI,11886,3326,2170694.0,1.719931e+21,3.776444,-5.082624,17.081863,12.761188,2732.019775,-0.65309,14.9215255,0.4803616374509425,0.7081342887425481
2013.10.29_09:00:00_TAI,11886,3326,2304488.5,2.019861e+21,4.428859,-4.555225,17.138962,12.727614,2827.479736,-0.06318299999999999,14.933288000000001,0.5641294548346987,0.7328773276490385
2013.10.29_10:00:00_TAI,11886,3326,2419009.75,2.220824e+21,5.049864,-4.089102,17.194765,12.753401,2915.209961,0.4803810000000004,14.974083,0.6202566574649517,0.7556168338012583
2013.10.29_11:00:00_TAI,11886,3326,2530069.25,2.304845e+21,5.729951,-3.564921,17.248314,12.717435,2989.241455,1.082515,14.982874500000001,0.6437229855561749,0.7748056551370183
2013.10.29_12:00:00_TAI,11886,3326,2693333.0,2.492631e+21,6.444793,-3.036242,17.243809,12.653271,3089.360107,1.7042754999999998,14.94854,0.6961699677027626,0.8007562178205855
2013.10.29_13:00:00_TAI,11886,3326,2790189.75,2.535817e+21,7.10216,-2.572476,17.360758,12.647132,3225.04541,2.264842,15.003945,0.708231438584418,0.8359255882665672
2013.10.29_14:00:00_TAI,11886,3326,2898443.0,2.746814e+21,7.725737,-2.047376,17.418043,12.643278,3301.695312,2.8391805,15.0306605,0.7671610493753371,0.855793095936769
2013.10.29_15:00:00_TAI,11886,3326,3040924.25,2.779488e+21,8.349237,-1.521701,17.476461,12.61148,3386.703857,3.413768,15.0439705,0.7762866108903469,0.8778271478501063
2013.10.29_16:00:00_TAI,11886,3326,3122378.0,2.812303e+21,8.979129,-1.025621,17.531054,12.549867,3497.679688,3.976754,15.040460500000002,0.7854515524682082,0.9065918705186303
2013.10.29_17:00:00_TAI,11886,3326,3232240.0,3.034545e+21,9.664273,-0.529979,17.52755,12.574492,3555.07666,4.567147,15.051021,0.8475217930943568,0.9214690556382716
2013.10.29_18:00:00_TAI,11886,3326,3251423.0,3.072613e+21,10.290685,-0.066227,17.55488,12.540912,3627.068604,5.112229,15.047896000000001,0.8581538514818633,0.9401292295235918
2013.10.29_19:00:00_TAI,11886,3326,3250064.75,3.152188e+21,10.85893,0.488647,17.610828,12.565965,3659.820801,5.673788500000001,15.088396500000002,0.8803784507827416,0.9486185362041596
2013.10.29_20:00:00_TAI,11886,3326,3217247.5,3.02624e+21,11.462115,1.014948,17.693817,12.56016,3716.857666,6.238531500000001,15.1269885,0.8452022794632693,0.9634023822796807
2013.10.29_21:00:00_TAI,11886,3326,3184419.75,2.920216e+21,12.091061,1.571386,17.779917,12.554187,3780.24292,6.8312235,15.167052000000002,0.8155907065286,0.9798317186149405
2013.10.29_22:00:00_TAI,11886,3326,3157434.25,2.947324e+21,12.671081,2.12764,17.803183,12.548523,3803.927734,7.399360499999999,15.175853,0.8231617330802582,0.9859707770029382
2013.10.29_23:00:00_TAI,11886,3326,3073126.0,2.924135e+21,13.275452,2.684809,17.796535,12.56759,3817.460205,7.9801305,15.182062499999999,0.8166852488428965,0.9894783675460975
2013.10.30_00:00:00_TAI,11886,3326,3061604.0,2.9027e+21,13.874975,3.239998,17.907042,12.585526,3843.149414,8.5574865,15.246284,0.8106986414157608,0.9961369612759228
2013.10.30_01:00:00_TAI,11886,3326,3027226.5,2.906202e+21,14.446754,3.769076,17.92519,12.577509,3852.987061,9.107915,15.2513495,0.8116767192888574,0.9986868605207938
2013.10.30_02:00:00_TAI,11886,3326,3003701.5,2.951208e+21,14.993753,4.292687,17.94002,12.587527,3858.053223,9.64322,15.2637735,0.8242465002016481,1.0
2013.10.30_03:00:00_TAI,11886,3326,3005447.0,2.904652e+21,15.54371,4.792183,17.927938,12.582591,3841.602051,10.1679465,15.255264500000001,0.8112438178887147,0.9957358877524225
2013.10.30_04:00:00_TAI,11886,3326,3058098.75,2.999288e+21,16.107561,5.34791,17.913664,12.596767,3821.85083,10.7277355,15.2552155,0.8376748223428513,0.990616409129823
2013.10.30_05:00:00_TAI,11886,3326,3070927.75,3.039008e+21,16.653542,5.881713,17.989286,12.611619,3815.797852,11.267627500000001,15.300452499999999,0.8487682698355421,0.9890474888350187
2013.10.30_06:00:00_TAI,11886,3326,3087677.5,3.070559e+21,17.207657,6.440734,18.00695,12.646273,3800.170898,11.8241955,15.3266115,0.8575801873038676,0.9849970123131191
2013.10.30_07:00:00_TAI,11886,3326,3104703.0,3.14261e+21,17.799036,6.970704,18.020544,12.660768,3826.21582,12.38487,15.340656,0.8777033994210852,0.9917478061706875
2013.10.30_08:00:00_TAI,11886,3326,3086599.0,3.07676e+21,18.373623,7.47091,18.006029,12.657153,3826.727295,12.9222665,15.331591,0.8593120721956647,0.9918803795102544
2013.10.30_09:00:00_TAI,11886,3326,3080026.75,3.09482e+21,18.937643,8.030485,18.018341,12.665296,3826.02124,13.484064,15.341818499999999,0.8643560717353928,0.9916973714076728
2013.10.30_10:00:00_TAI,11886,3326,3060246.5,3.188379e+21,19.492983,8.586894,18.07118,12.676635,3845.403809,14.039938499999998,15.373907499999998,0.8904862795392365,0.9967212961385318
2013.10.30_11:00:00_TAI,11886,3326,3033854.5,3.151641e+21,20.04908,9.119186,18.110067,12.664444,3857.38208,14.584133,15.3872555,0.880225678482175,0.9998260410208964
2013.10.30_12:00:00_TAI,11886,3326,3021855.75,3.213122e+21,20.602568,9.654888,18.134342,12.678947,3851.815918,15.128728,15.4066445,0.8973967823416447,0.9983833025001273
2013.10.30_13:00:00_TAI,11886,3326,2998062.25,3.150732e+21,21.141188,10.185724,18.180792,12.694774,3850.224854,15.663456,15.437783,0.8799718027578333,0.9979709017611964
2013.10.30_14:00:00_TAI,11886,3326,3001388.5,3.152108e+21,21.690617,10.722591,18.194206,12.709016,3831.508301,16.206604,15.451611,0.8803561074846697,0.9931196071008687
2013.10.30_15:00:00_TAI,11886,3326,2993137.25,3.127608e+21,22.227789,11.287018,18.186251,12.730366,3793.535156,16.757403500000002,15.4583085,0.873513472450155,0.9832770407065999
2013.10.30_16:00:00_TAI,11886,3326,2974918.0,3.149082e+21,22.771849,11.826871,18.201038,12.74951,3763.874023,17.29936,15.475274,0.8795109722351006,0.9755889318896521
2013.10.30_17:00:00_TAI,11886,3326,2972544.25,3.580492e+21,23.360216,12.374234,18.19095,12.763474,3745.06665,17.867225,15.477212000000002,1.0,0.970714096859415
2013.10.30_18:00:00_TAI,11886,3326,2937576.75,3.12419e+21,23.95372,12.941067,18.206301,12.750004,3741.885986,18.4473935,15.4781525,0.8725588550400335,0.9698896748475467
2013.10.30_19:00:00_TAI,11886,3326,2903891.5,3.190414e+21,24.52973,13.513706,18.21847,12.736645,3741.944092,19.021718,15.4775575,0.89105463718394,0.969904735811365
2013.09.10_09:00:00_TAI,11839,3171,551674.3125,9.686988e+20,19.889879,15.793721,-11.438633,-13.741558,625.049255,17.8418,-12.5900955,0.13029794915320353,0.3934154132656222
2013.09.10_10:00:00_TAI,11839,3171,641710.125,9.905586e+20,20.845432,16.048281,-11.33129,-14.014453,847.477417,18.4468565,-12.6728715,0.13323827189222123,0.533415047814651
2013.09.10_11:00:00_TAI,11839,3171,706015.0,1.0803e+21,21.608696,16.435358,-11.228767,-14.108876,982.168457,19.022027,-12.6688215,0.1453092276672643,0.6181916166064599
2013.09.10_12:00:00_TAI,11839,3171,769734.875,1.190529e+21,22.317389,16.832216,-11.19488,-14.198188,1070.987061,19.574802499999997,-12.696534,0.16013593400488804,0.6740953834197421
2013.09.10_13:00:00_TAI,11839,3171,787289.8125,1.219253e+21,22.987387,17.354565,-11.207949,-14.21955,1105.201782,20.170976,-12.713749499999999,0.16399954805238826,0.6956306440320964
2013.09.10_14:00:00_TAI,11839,3171,790976.0,1.24379e+21,23.627859,17.874918,-11.205289,-14.245642,1128.973755,20.7513885,-12.7254655,0.16729997619204545,0.7105930818033952
2013.09.10_15:00:00_TAI,11839,3171,782818.125,1.261556e+21,24.202774,18.369781,-11.2063,-14.267415,1146.525513,21.2862775,-12.7368575,0.1696896491891172,0.7216404225879358
2013.09.10_16:00:00_TAI,11839,3171,783271.125,1.248312e+21,24.778191,18.885155,-11.225474,-14.290896,1152.240967,21.831673000000002,-12.758185000000001,0.16790822235284464,0.7252378154004601
2013.09.10_17:00:00_TAI,11839,3171,776969.8125,1.238882e+21,25.332308,19.441006,-11.250187,-14.313626,1147.034058,22.386657,-12.7819065,0.16663980985918334,0.7219605084687504
2013.09.10_18:00:00_TAI,11839,3171,762870.6875,1.221182e+21,25.927914,19.973743,-11.273422,-14.321403,1142.757446,22.9508285,-12.7974125,0.16425901440448504,0.7192687444775163
2013.09.10_19:00:00_TAI,11839,3171,747941.6875,1.181139e+21,26.518618,20.510155,-11.29895,-14.32206,1137.103027,23.5143865,-12.810505,0.1588729018399379,0.7157097680130744
2013.09.10_20:00:00_TAI,11839,3171,732787.625,1.192675e+21,27.108427,21.070881,-11.326301,-14.319928,1130.151733,24.089654,-12.8231145,0.16042458864024298,0.7113345188949214
2013.09.10_21:00:00_TAI,11839,3171,727612.625,1.182972e+21,27.683666,21.637863,-11.355213,-14.321373,1119.585083,24.6607645,-12.838293,0.15911945540312786,0.7046837102693144
2013.09.10_22:00:00_TAI,11839,3171,719597.375,1.196003e+21,28.345373,22.206802,-11.385357,-14.318743,1113.427734,25.2760875,-12.85205,0.16087223198901338,0.7008081820896103
2013.09.10_23:00:00_TAI,11839,3171,725394.1875,1.221086e+21,28.945347,22.779654,-11.415598,-14.327724,1105.071411,25.862500500000003,-12.871661,0.1642461016155782,0.695548586561533
2013.09.11_00:00:00_TAI,11839,3171,735921.625,1.216754e+21,29.51989,23.231188,-11.445352,-14.336176,1117.048218,26.375539,-12.890764,0.1636634120161571,0.7030869692374832
2013.09.11_01:00:00_TAI,11839,3171,739614.8125,1.26098e+21,30.122717,23.746954,-11.457314,-14.36776,1128.953003,26.9348355,-12.912537,0.16961217245567614,0.7105800201821059
2013.09.11_02:00:00_TAI,11839,3171,749379.1875,1.291711e+21,30.705706,24.296066,-11.480665,-14.397079,1128.649902,27.500886,-12.938872,0.17374574449625999,0.7103892438485252
2013.09.11_03:00:00_TAI,11839,3171,761959.375,1.329656e+21,31.292692,24.871933,-11.488877,-14.375837,1119.947021,28.0823125,-12.932357,0.17884965881990558,0.7049115194966793
2013.09.11_04:00:00_TAI,11839,3171,802961.125,1.470267e+21,32.027241,25.450449,-11.494863,-14.376623,1134.851074,28.738844999999998,-12.935743,0.19776299383010804,0.7142923548843285
2013.09.11_05:00:00_TAI,11839,3171,865924.1875,1.591578e+21,32.651646,25.938473,-11.425217,-14.377096,1186.806396,29.2950595,-12.901156499999999,0.21408032023716486,0.7469938169090748
2013.09.11_06:00:00_TAI,11839,3171,930696.8125,1.754547e+21,33.35968,26.401966,-11.32508,-14.409904,1275.371948,29.880823,-12.867491999999999,0.23600098998048286,0.8027383089830281
2013.09.11_08:00:00_TAI,11839,3171,905986.375,1.994713e+21,34.796204,27.43557,-11.24916,-14.422502,1363.263794,31.115887,-12.835830999999999,0.2683052906117299,0.8580587603557258
2013.09.11_09:00:00_TAI,11839,3171,964126.625,2.20313e+21,35.437717,27.970249,-11.148765,-14.434125,1431.73291,31.703983,-12.791445,0.29633908983669355,0.901154252993457
2013.09.11_10:00:00_TAI,11839,3171,954104.875,1.833679e+21,36.041252,28.489456,-11.145451,-14.424287,1444.92749,32.265354,-12.784869,0.2466448942698154,0.9094591203331778
2013.09.11_11:00:00_TAI,11839,3171,970701.8125,1.884916e+21,36.723671,29.02508,-11.127161,-14.413958,1453.71936,32.8743755,-12.7705595,0.253536691824187,0.9149928557016451
2013.09.11_12:00:00_TAI,11839,3171,954583.8125,1.90806e+21,37.3428,29.591375,-11.133162,-14.393723,1463.373291,33.4670875,-12.7634425,0.2566497500164773,0.921069185244671
2013.09.11_13:00:00_TAI,11839,3171,939960.3125,1.844328e+21,37.931129,30.131651,-11.13399,-14.395755,1474.062622,34.03139,-12.7648725,0.24807727228095,0.927797211139043
2013.09.11_14:00:00_TAI,11839,3171,922568.625,1.921657e+21,38.516994,30.660572,-11.133814,-14.389318,1470.403076,34.588783,-12.761565999999998,0.258478658253626,0.9254938377801635
2013.09.11_15:00:00_TAI,11839,3171,916312.0,1.943439e+21,39.154007,31.200689,-11.143911,-14.398985,1471.955444,35.177348,-12.771448,0.26140851625330047,0.9264709215753603
2013.09.11_16:00:00_TAI,11839,3171,886016.8125,1.837898e+21,39.760952,31.747292,-11.153839,-14.433367,1485.457397,35.754122,-12.793603000000001,0.24721238444062738,0.9349692541097906
2013.09.11_17:00:00_TAI,11839,3171,867937.625,1.776948e+21,40.363979,32.3092,-11.161571,-14.421795,1478.168701,36.3365895,-12.791682999999999,0.23901410856696287,0.9303816390921431
2013.09.11_18:00:00_TAI,11839,3171,843920.875,1.777707e+21,40.937412,32.888771,-11.169832,-14.42625,1462.651489,36.9130915,-12.798041,0.23911620030425756,0.9206148721967722
2013.09.11_19:00:00_TAI,11839,3171,814741.6875,1.822468e+21,41.501015,33.480812,-11.186138,-14.427901,1440.602783,37.490913500000005,-12.8070195,0.24513692264028866,0.9067370846247156
2013.09.11_20:00:00_TAI,11839,3171,785838.625,1.817749e+21,42.059624,34.048466,-11.199612,-14.408153,1412.473022,38.054045,-12.8038825,0.2445021783605869,0.8890317894654113
2013.09.11_21:00:00_TAI,11839,3171,754015.625,1.742665e+21,42.597198,34.653778,-11.222153,-14.384773,1373.437744,38.625488000000004,-12.803463,0.23440276333682605,0.8644623976879451
2013.09.11_23:00:00_TAI,11839,3171,690849.3125,1.61553e+21,43.662441,35.788692,-11.258075,-14.340539,1303.491211,39.7255665,-12.799306999999999,0.21730206106942102,0.8204369965430505
2013.09.12_00:00:00_TAI,11839,3171,671340.6875,1.661828e+21,44.186543,36.36446,-11.298239,-14.308115,1256.888062,40.275501500000004,-12.803177000000002,0.2235295225361793,0.7911042727990403
2013.09.12_01:00:00_TAI,11839,3171,663556.3125,1.70361e+21,44.723755,36.92812,-11.321723,-14.304702,1225.158325,40.825937499999995,-12.8132125,0.22914954489144512,0.7711330985358785
2013.09.12_02:00:00_TAI,11839,3171,654646.375,1.684211e+21,45.266212,37.501968,-11.344376,-14.312478,1197.966675,41.38409,-12.828427000000001,0.22654021997473936,0.7540182645663153
2013.09.12_03:00:00_TAI,11839,3171,650630.625,1.696563e+21,45.830677,38.075695,-11.368225,-14.302653,1182.14856,41.953186,-12.835439000000001,0.22820166548075255,0.7440621047916618
2013.09.12_04:00:00_TAI,11839,3171,649836.375,1.72993e+21,46.397301,38.644787,-11.38411,-14.303429,1177.093018,42.521044,-12.8437695,0.23268980118340327,0.7408800705290792
2013.09.12_05:00:00_TAI,11839,3171,668209.5,1.956427e+21,46.980206,39.221684,-11.374162,-14.331047,1180.64624,43.100945,-12.8526045,0.26315550898582146,0.743116521961302
2013.09.12_06:00:00_TAI,11839,3171,685188.3125,2.094936e+21,47.560734,39.711388,-11.337588,-14.336446,1197.079712,43.636061,-12.837017,0.28178610772225127,0.7534599966979754
2013.09.12_08:00:00_TAI,11839,3171,702254.875,2.631525e+21,48.678493,40.843361,-11.334605,-14.332414,1170.147583,44.760927,-12.8335095,0.3539617377923704,0.7365085091537528
2013.09.12_09:00:00_TAI,11839,3171,786229.1875,2.769791e+21,49.338955,41.376572,-11.204605,-14.348074,1219.541016,45.357763500000004,-12.7763395,0.37255965103187977,0.7675974796642493
2013.09.12_11:00:00_TAI,11839,3171,865549.625,2.748225e+21,50.597279,42.528824,-10.96575,-14.440746,1317.359497,46.5630515,-12.703248,0.3696588468072457,0.829165904584027
2013.09.12_12:00:00_TAI,11839,3171,891447.875,3.050963e+21,51.252541,43.095081,-10.884724,-14.479506,1371.824707,47.173811,-12.682115,0.41037959564139564,0.8634471279105772
2013.09.12_13:00:00_TAI,11839,3171,903701.8125,3.246626e+21,51.859608,43.639313,-10.865027,-14.519167,1388.48999,47.7494605,-12.692097,0.4366978770567988,0.8739365079813264
2013.09.12_14:00:00_TAI,11839,3171,916398.125,3.237488e+21,52.439323,44.197357,-10.857679,-14.54624,1389.043213,48.31834,-12.7019595,0.4354687409627291,0.8742847148681149
2013.09.12_15:00:00_TAI,11839,3171,946620.625,3.494969e+21,53.036915,44.760712,-10.858819,-14.558023,1383.041626,48.8988135,-12.708421000000001,0.4701020513848293,0.8705072256367189
2013.09.12_16:00:00_TAI,11839,3171,943238.125,3.534678e+21,53.64172,45.315964,-10.870949,-14.601129,1385.246704,49.478842,-12.736039,0.4754432382046381,0.8718951349346076
2013.09.12_17:00:00_TAI,11839,3171,959363.8125,3.502583e+21,54.227936,45.863876,-10.844348,-14.623412,1388.913818,50.045906,-12.73388,0.47112619695500296,0.8742032717066484
2013.09.12_18:00:00_TAI,11839,3171,960306.375,3.777552e+21,54.803738,46.43502,-10.825968,-14.637723,1383.467773,50.619379,-12.731845499999999,0.5081117870896322,0.8707754489755611
2013.09.12_19:00:00_TAI,11839,3171,1024011.375,4.225319e+21,55.555542,47.009529,-10.797975,-14.636771,1402.008667,51.2825355,-12.717372999999998,0.5683401282401348,0.8824453668531915
2013.09.12_20:00:00_TAI,11839,3171,1057701.5,4.359006e+21,56.238037,47.580704,-10.708573,-14.658825,1438.937378,51.909370499999994,-12.683699,0.5863221283504315,0.9056888536395756
2013.09.12_21:00:00_TAI,11839,3171,1074898.25,4.286404e+21,56.988724,48.116035,-10.686236,-14.682765,1467.378052,52.5523795,-12.684500499999999,0.5765565627231996,0.9235898421228957
2013.09.12_22:00:00_TAI,11839,3171,1076372.0,4.840628e+21,57.591068,48.644798,-10.674321,-14.712679,1484.200317,53.117933,-12.6935,0.6511042452138612,0.9341780290283243
2013.09.12_23:00:00_TAI,11839,3171,1091728.625,5.204825e+21,58.294945,49.200005,-10.673146,-14.747257,1493.961792,53.747474999999994,-12.7102015,0.7000917346045256,0.940322048384378
2013.09.13_00:00:00_TAI,11839,3171,1113780.25,5.561188e+21,58.972775,49.750977,-10.673191,-14.778806,1522.253174,54.361875999999995,-12.7259985,0.7480254866171049,0.958129070234817
2013.09.13_01:00:00_TAI,11839,3171,1154637.5,5.861219e+21,59.77253,50.30949,-10.665921,-14.892745,1563.394409,55.04101,-12.779333000000001,0.7883821217057255,0.98402398306018
2013.09.13_02:00:00_TAI,11839,3171,1161667.5,6.077972e+21,60.423702,50.879295,-10.63972,-14.951758,1587.265991,55.6514985,-12.795739000000001,0.8175371814340997,0.9990491162360193
2013.09.13_03:00:00_TAI,11839,3171,1166464.875,6.26247e+21,61.078968,51.436188,-10.633713,-14.981155,1588.776733,56.257578,-12.807434,0.8423536785979938,1.0
2013.09.13_04:00:00_TAI,11839,3171,1166789.625,6.293787e+21,61.757694,52.000854,-10.631461,-14.982963,1583.576782,56.879273999999995,-12.807212,0.8465660724541966,0.996727072538266
2013.09.13_05:00:00_TAI,11839,3171,1154056.75,6.223356e+21,62.430538,52.567886,-10.635048,-14.991996,1575.220825,57.499212,-12.813521999999999,0.8370925241677639,0.9914677073761
2013.09.13_06:00:00_TAI,11839,3171,1137145.25,6.513888e+21,63.09494,53.147289,-10.638016,-15.014585,1563.687744,58.121114500000004,-12.8263005,0.8761714656956966,0.9842086125263014
2013.09.13_08:00:00_TAI,11839,3171,1038731.125,7.43449e+21,64.210274,54.28355,-10.657659,-15.008641,1501.698242,59.246911999999995,-12.83315,1.0,0.9451914865120321
2013.09.13_09:00:00_TAI,11839,3171,1056303.75,6.775479e+21,64.899879,54.916302,-10.674429,-15.008121,1469.461182,59.9080905,-12.841275,0.9113576048928709,0.924900995513257
2013.11.27_12:00:00_TAI,11910,3441,48648.898438,4.613203e+19,-6.997887,-8.107615,1.518297,0.982699,49.306305,-7.552751,1.2504979999999999,0.007586345770522892,0.02092149530413735
2013.11.27_13:00:00_TAI,11910,3441,110723.898438,1.024779e+20,-6.398227,-7.656666,1.635973,0.951452,75.320259,-7.0274465,1.2937124999999998,0.01685234279170173,0.03195965394232865
2013.11.27_14:00:00_TAI,11910,3441,272089.09375,1.965168e+20,-5.231847,-7.475116,1.726574,0.68576,185.370453,-6.3534815,1.206167,0.03231690420986662,0.07865580399839966
2013.11.27_15:00:00_TAI,11910,3441,305682.3125,2.20268e+20,-4.515771,-7.115183,1.843295,0.594863,253.127731,-5.815477,1.219079,0.03622275477973843,0.10740635777642317
2013.11.27_16:00:00_TAI,11910,3441,353129.0,2.472036e+20,-3.770094,-6.545638,1.843433,0.477108,284.423798,-5.157866,1.1602705,0.0406522753349036,0.12068580588713572
2013.11.27_17:00:00_TAI,11910,3441,408275.40625,2.783618e+20,-2.995338,-5.976824,1.840556,0.355473,339.936462,-4.4860809999999995,1.0980145000000001,0.04577619636736427,0.14424076380166928
2013.11.27_18:00:00_TAI,11910,3441,461285.90625,3.027393e+20,-2.21995,-5.496611,1.869279,0.29475,398.44516,-3.8582805,1.0820144999999999,0.049785041068560416,0.16906698938191078
2013.11.27_19:00:00_TAI,11910,3441,548449.875,5.467264e+20,-1.239436,-5.347766,2.046709,0.085633,622.257629,-3.293601,1.066171,0.08990836761948709,0.2640343879568169
2013.11.27_20:00:00_TAI,11910,3441,597128.0,5.280955e+20,-0.467158,-4.840917,2.099741,-0.009638,713.8125,-2.6540375000000003,1.0450515,0.08684454299663753,0.3028826610873506
2013.11.27_21:00:00_TAI,11910,3441,654274.6875,5.562147e+20,0.246606,-4.363098,2.097242,-0.101006,769.538208,-2.058246,0.9981180000000001,0.0914687048640101,0.32652801715777063
2013.11.27_22:00:00_TAI,11910,3441,711834.5,5.994951e+20,0.930638,-3.915766,2.180398,-0.136803,854.889893,-1.492564,1.0217975,0.0985861041955925,0.36274417403522696
2013.11.27_23:00:00_TAI,11910,3441,762257.875,6.774177e+20,1.613385,-3.499734,2.203972,-0.172777,923.581848,-0.9431745,1.0155975,0.11140036333264211,0.3918913270000357
2013.11.28_00:00:00_TAI,11910,3441,791330.8125,7.42785e+20,2.206292,-2.995674,2.255224,-0.181042,960.888672,-0.3946910000000001,1.037091,0.12214992150048126,0.40772124049950154
2013.11.28_01:00:00_TAI,11910,3441,810980.3125,7.140836e+20,2.860534,-2.490242,2.247738,-0.18871,995.371643,0.18514600000000003,1.029514,0.11743001768315335,0.42235294563029974
2013.11.28_02:00:00_TAI,11910,3441,863861.5,7.65607e+20,3.54501,-2.074275,2.329129,-0.256191,1117.935181,0.7353675,1.036469,0.12590296647107704,0.47435871821304476
2013.11.28_03:00:00_TAI,11910,3441,893965.125,7.987879e+20,4.231303,-1.567579,2.319617,-0.295765,1158.671631,1.3318619999999997,1.011926,0.13135951760002462,0.4916438797635244
2013.11.28_04:00:00_TAI,11910,3441,934189.375,8.291088e+20,4.945967,-1.033466,2.341174,-0.304372,1212.747803,1.9562505,1.0184010000000001,0.13634574585560857,0.5145893099385035
2013.11.28_05:00:00_TAI,11910,3441,969659.125,9.026445e+20,5.573813,-0.527222,2.360339,-0.344919,1271.521484,2.5232955,1.00771,0.14843858561742787,0.5395279722667468
2013.11.28_06:00:00_TAI,11910,3441,1043138.8125,9.62285e+20,6.320017,-0.022826,2.443445,-0.410824,1390.010986,3.1485955,1.0163105000000001,0.15824637978835143,0.589805062786561
2013.11.28_07:00:00_TAI,11910,3441,1075033.125,1.018852e+21,6.977806,0.482088,2.438128,-0.416378,1408.646973,3.729947,1.010875,0.16754874131896624,0.5977126258154366
2013.11.28_08:00:00_TAI,11910,3441,1095935.25,1.001837e+21,7.605906,0.986248,2.456845,-0.398156,1464.574707,4.296077,1.0293444999999999,0.1647506491195671,0.6214437049188504
2013.11.28_09:00:00_TAI,11910,3441,1101589.25,1.02769e+21,8.235399,1.491408,2.480701,-0.404099,1491.359497,4.8634034999999995,1.038301,0.169002137666794,0.6328089422491938
2013.11.28_10:00:00_TAI,11910,3441,1127745.0,1.044834e+21,8.83467,2.054821,2.475266,-0.438901,1511.001343,5.4447455,1.0181825,0.17182144373006164,0.641143308185834
2013.11.28_11:00:00_TAI,11910,3441,1148160.0,1.017429e+21,9.468061,2.621292,2.470831,-0.4144,1519.577393,6.0446765000000005,1.0282155,0.16731473102218428,0.6447822705822871
2013.11.28_12:00:00_TAI,11910,3441,1145702.25,1.064294e+21,10.101562,3.187128,2.46959,-0.415499,1528.401123,6.6443449999999995,1.0270455,0.17502161265161953,0.6485263277725385
2013.11.28_13:00:00_TAI,11910,3441,1130229.25,1.00663e+21,10.704153,3.751502,2.462513,-0.422558,1534.396118,7.2278275,1.0199775,0.16553885105384394,0.6510701050793317
2013.11.28_14:00:00_TAI,11910,3441,1120208.75,9.133263e+20,11.278824,4.287482,2.460274,-0.424624,1538.239502,7.783153,1.017825,0.15019519221487376,0.6527009176155377
2013.11.28_15:00:00_TAI,11910,3441,1102052.625,9.092628e+20,11.885743,4.794735,2.429496,-0.425966,1550.152222,8.340239,1.001765,0.14952695550301606,0.6577556852672508
2013.11.28_16:00:00_TAI,11910,3441,1086959.25,9.120154e+20,12.494251,5.362158,2.425338,-0.400877,1550.19873,8.9282045,1.0122305,0.14997961660134496,0.6577754193946329
2013.11.28_21:00:00_TAI,11910,3441,987873.1875,7.825333e+20,15.341079,8.205055,2.372134,-0.336977,1502.802979,11.773067000000001,1.0175785,0.12868647208345962,0.6376646043176856
2013.11.28_22:00:00_TAI,11910,3441,967026.3125,7.772847e+20,15.865674,8.805208,2.361881,-0.315937,1485.098877,12.335441,1.022972,0.12782334738655887,0.6301524557829906
2013.11.28_23:00:00_TAI,11910,3441,942767.1875,7.54076e+20,16.391607,9.346318,2.322176,-0.2962,1461.59729,12.8689625,1.012988,0.12400671015892474,0.6201803367596674
2013.11.29_00:00:00_TAI,11910,3441,912555.3125,7.541565e+20,16.949833,9.889055,2.281344,-0.301426,1430.057495,13.419444000000002,0.9899589999999999,0.12401994826777292,0.6067974707552902
2013.11.29_01:00:00_TAI,11910,3441,880062.0,7.238764e+20,17.480265,10.461761,2.267081,-0.34042,1390.826904,13.971013,0.9633305000000001,0.11904042951331945,0.5901512705302879
2013.11.29_02:00:00_TAI,11910,3441,849506.125,6.664486e+20,18.04188,11.005917,2.25327,-0.353912,1359.278809,14.5238985,0.949679,0.10959651066473562,0.5767648826961767
2013.11.29_03:00:00_TAI,11910,3441,860262.3125,6.411254e+20,18.572975,11.398422,2.216554,-0.391258,1364.250122,14.9856985,0.9126479999999999,0.10543214696307095,0.5788742944962476
2013.11.29_04:00:00_TAI,11910,3441,854614.5,6.252439e+20,19.106544,11.944388,2.203874,-0.403606,1347.725708,15.525466,0.900134,0.10282045720316749,0.5718627074405025
2013.11.29_05:00:00_TAI,11910,3441,888766.875,7.053135e+20,19.580141,12.400565,2.190483,-0.503181,1363.514771,15.990353,0.8436509999999999,0.11598778739235405,0.5785622726870004
2013.11.29_06:00:00_TAI,11910,3441,905430.3125,7.296154e+20,20.085289,12.826761,2.15074,-0.573491,1386.374878,16.456025,0.7886245,0.1199841997826319,0.5882622009467348
2013.11.29_07:00:00_TAI,11910,3441,923901.375,6.876709e+20,20.562037,13.345798,2.111594,-0.643881,1393.202148,16.9539175,0.7338565000000001,0.11308648727850631,0.591159126547732
2013.11.29_08:00:00_TAI,11910,3441,921945.125,6.819467e+20,21.037271,13.925261,2.072347,-0.713144,1418.729126,17.481266,0.6796015000000001,0.1121451508478392,0.6019906530706749
2013.11.29_09:00:00_TAI,11910,3441,910336.125,7.004094e+20,21.51354,14.383463,2.033901,-0.722109,1430.62085,17.9485015,0.655896,0.11518131522338118,0.6070365117661115
2013.11.29_10:00:00_TAI,11910,3441,887665.8125,7.368344e+20,21.829811,14.903569,2.026029,-0.786989,1421.600098,18.36669,0.6195199999999998,0.12117135391648218,0.6032088548243109
2013.11.29_11:00:00_TAI,11910,3441,892075.0,6.795457e+20,22.249384,15.459375,2.020669,-0.794109,1426.334106,18.8543795,0.6132799999999999,0.11175030986219375,0.6052175741177511
2013.11.29_12:00:00_TAI,11910,3441,885762.6875,6.792544e+20,22.792315,16.041792,2.013122,-0.831579,1448.168823,19.4170535,0.5907715,0.11170240599750467,0.6144824121376082
2013.11.29_13:00:00_TAI,11910,3441,873702.875,6.954914e+20,23.342142,16.599972,2.00654,-0.83701,1452.369507,19.971057000000002,0.5847650000000001,0.11437255721946434,0.6162648330791118
2013.11.29_14:00:00_TAI,11910,3441,860320.0,6.834583e+20,23.861031,17.159014,2.001282,-0.870361,1448.365112,20.510022499999998,0.5654604999999999,0.11239373128678201,0.6145657008649171
2013.11.29_15:00:00_TAI,11910,3441,852056.6875,6.855035e+20,24.408056,17.718283,1.977047,-0.876345,1444.205933,21.0631695,0.550351,0.11273006147580411,0.6128008911936678
2013.11.29_16:00:00_TAI,11910,3441,853316.1875,7.491654e+20,24.99663,18.28142,1.945651,-0.879844,1432.967896,21.639025,0.5329035,0.1231991690743306,0.6080324028974302
2013.11.29_17:00:00_TAI,11910,3441,835393.3125,7.404446e+20,25.5527,18.874496,1.938131,-0.913456,1408.337036,22.213598,0.5123375,0.1217650460973973,0.5975811143284152
2013.11.29_18:00:00_TAI,11910,3441,818361.375,8.018417e+20,26.112925,19.408689,1.903281,-0.892584,1382.9729,22.760807,0.5053485,0.1318617106037581,0.5868186844075867
2013.11.29_19:00:00_TAI,11910,3441,801015.125,8.267078e+20,26.676243,19.976692,1.89552,-0.900205,1367.312134,23.3264675,0.49765750000000003,0.13595090486996314,0.5801735577381233
2013.11.29_20:00:00_TAI,11910,3441,792972.6875,8.016186e+20,27.206863,20.543753,1.88798,-0.907851,1349.462524,23.875307999999997,0.4900645,0.13182502213066458,0.5725996677093393
2013.11.29_21:00:00_TAI,11910,3441,784724.625,7.846097e+20,27.746305,21.119267,1.879927,-0.915561,1328.554688,24.432786,0.482183,0.12902793306746388,0.5637281209022185
2013.11.29_22:00:00_TAI,11910,3441,778280.5,8.430418e+20,28.282932,21.691442,1.869902,-0.924541,1308.627441,24.987187,0.4726805,0.13863700760196346,0.555272654516431
2013.11.29_23:00:00_TAI,11910,3441,767094.875,8.139906e+20,28.82605,22.205753,1.86101,-0.9051,1292.217896,25.5159015,0.477955,0.1338595796793549,0.5483098083112545
2013.11.30_00:00:00_TAI,11910,3441,745922.8125,8.350551e+20,29.337423,22.753103,1.848789,-0.91427,1272.476929,26.045263,0.4672595,0.13732360631081206,0.5399333836655701
2013.11.30_01:00:00_TAI,11910,3441,743792.875,8.776252e+20,29.882946,23.333506,1.836544,-0.898184,1249.490845,26.608226000000002,0.46918,0.14432419783227204,0.5301800012438593
2013.11.30_02:00:00_TAI,11910,3441,740524.3125,8.813319e+20,30.399515,23.91806,1.825618,-0.906707,1228.463135,27.158787500000003,0.45945549999999996,0.14493375929894925,0.5212575898804087
2013.11.30_03:00:00_TAI,11910,3441,746266.875,8.901705e+20,30.919893,24.473787,1.813122,-0.893472,1202.115845,27.69684,0.45982499999999993,0.14638725431591126,0.510077991165564
2013.11.30_04:00:00_TAI,11910,3441,789325.875,9.59928e+20,31.474239,25.061689,1.804712,-0.903276,1181.396729,28.267964,0.45071800000000006,0.15785877453921926,0.5012865214316248
2013.11.30_05:00:00_TAI,11910,3441,853778.625,1.155163e+21,32.000591,25.622728,1.821877,-0.887286,1167.751953,28.811659499999998,0.4672955,0.1899648885885693,0.49549681325921135
2013.11.30_06:00:00_TAI,11910,3441,935352.6875,1.344848e+21,32.597706,26.050167,1.958094,-0.986694,1292.409058,29.323936500000002,0.4857,0.22115831314590256,0.5483909215661481
2013.11.30_07:00:00_TAI,11910,3441,988355.6875,1.37096e+21,33.232471,26.512615,2.035791,-0.996535,1354.416016,29.872543,0.5196280000000001,0.2254523938694236,0.5747015177590861
2013.11.30_08:00:00_TAI,11910,3441,1067052.5,1.442302e+21,33.947254,27.012835,2.085278,-1.009247,1426.303833,30.480044499999998,0.5380155000000001,0.23718448283148844,0.6052047287741923
2013.11.30_09:00:00_TAI,11910,3441,1153564.5,1.576474e+21,34.700577,27.445604,2.223013,-1.109794,1595.501953,31.0730905,0.5566095,0.2592488746374115,0.6769983396125804
2013.11.30_10:00:00_TAI,11910,3441,1214343.125,1.683104e+21,35.425465,27.94779,2.245127,-1.145295,1660.543823,31.6866275,0.5499160000000001,0.27678402428313176,0.704596700061154
2013.11.30_11:00:00_TAI,11910,3441,1301823.0,1.961042e+21,36.227093,28.484756,2.267275,-1.183969,1743.081665,32.3559245,0.541653,0.3224905273519885,0.7396188959814655
2013.11.30_12:00:00_TAI,11910,3441,1333495.25,2.161298e+21,36.893177,29.026407,2.315011,-1.194726,1796.946045,32.959792,0.5601425000000001,0.3554223376066387,0.762474459245236
2013.11.30_13:00:00_TAI,11910,3441,1424332.75,2.428496e+21,37.599632,29.570467,2.308679,-1.233208,1848.734863,33.5850495,0.5377355,0.39936266317202523,0.7844493266094368
2013.11.30_14:00:00_TAI,11910,3441,1495473.125,2.51911e+21,38.31353,30.150024,2.360994,-1.26482,1916.756714,34.231777,0.5480869999999999,0.4142640047269094,0.8133121431655594
2013.11.30_15:00:00_TAI,11910,3441,1584045.125,2.762125e+21,38.919323,30.630941,2.418663,-1.274812,1974.020264,34.775132,0.5719255,0.4542274708354596,0.8376100314868042
2013.11.30_16:00:00_TAI,11910,3441,1628918.875,2.979507e+21,39.571373,31.151367,2.442086,-1.280826,2007.875366,35.36137,0.5806300000000001,0.4899756270793492,0.8519753212304605
2013.11.30_17:00:00_TAI,11910,3441,1638031.625,3.11897e+21,40.148056,31.70495,2.466341,-1.288642,2027.321045,35.926503,0.5888494999999999,0.512910116200995,0.8602264502064456
2013.11.30_18:00:00_TAI,11910,3441,1632471.75,3.206433e+21,40.732185,32.26442,2.517154,-1.297048,2056.727539,36.4983025,0.6100530000000001,0.5272932803523935,0.8727041206814923
2013.11.30_19:00:00_TAI,11910,3441,1625596.75,3.285845e+21,41.323727,32.794037,2.512659,-1.301723,2054.482666,37.058882,0.6054680000000001,0.5403524691704179,0.8717515832741995
2013.11.30_20:00:00_TAI,11910,3441,1609046.75,3.224713e+21,41.884369,33.325157,2.529602,-1.312648,2075.102051,37.604763,0.608477,0.5302993999765496,0.8805007354658249
2013.11.30_21:00:00_TAI,11910,3441,1606316.375,3.258223e+21,42.485657,33.86187,2.550261,-1.321911,2078.940186,38.17376350000001,0.6141749999999999,0.5358100711256455,0.8821293207629617
2013.11.30_22:00:00_TAI,11910,3441,1571039.625,3.300877e+21,43.093544,34.436363,2.569504,-1.329697,2085.888672,38.764953500000004,0.6199034999999999,0.5428244598810479,0.885077680353482
2013.11.30_23:00:00_TAI,11910,3441,1542576.625,3.174835e+21,43.707226,35.015587,2.585255,-1.313919,2090.398438,39.3614065,0.635668,0.5220970348445114,0.8869912499911128
2013.12.01_00:00:00_TAI,11910,3441,1539139.0,3.264195e+21,44.294292,35.59993,2.606521,-1.3225,2099.108643,39.947111,0.6420104999999999,0.5367921579087669,0.8906871366126223
2013.12.01_01:00:00_TAI,11910,3441,1583595.0,3.42275e+21,44.965073,36.153839,2.651991,-1.305496,2113.143555,40.559456,0.6732475000000001,0.5628662988829503,0.8966423860579414
2013.12.01_02:00:00_TAI,11910,3441,1618468.0,3.495507e+21,45.599636,36.671436,2.676784,-1.284508,2112.893066,41.135536,0.696138,0.5748310825533401,0.8965360993581525
2013.12.01_03:00:00_TAI,11910,3441,1689853.75,3.73837e+21,46.24342,37.084126,2.779693,-1.24327,2167.597656,41.663773,0.7682114999999999,0.6147695524812081,0.9197481778702161
2013.12.01_04:00:00_TAI,11910,3441,1732246.5,3.896034e+21,46.893326,37.530655,2.799092,-1.220946,2197.987549,42.2119905,0.7890729999999999,0.6406971697909974,0.9326431210969035
2013.12.01_05:00:00_TAI,11910,3441,1799267.625,4.332544e+21,47.50613,38.019444,2.818536,-1.263018,2235.27124,42.762787,0.777759,0.7124806094595086,0.9484632188750155
2013.12.01_06:00:00_TAI,11910,3441,1851591.125,4.57746e+21,48.128296,38.515556,2.837341,-1.330012,2263.695557,43.321926,0.7536645,0.7527566922751442,0.9605241351135941
2013.12.01_07:00:00_TAI,11910,3441,1904972.75,4.792612e+21,48.755962,39.04747,2.88019,-1.340826,2305.480713,43.90171599999999,0.7696819999999999,0.7881381282366561,0.9782542802752858
2013.12.01_08:00:00_TAI,11910,3441,1944127.625,4.780314e+21,49.389656,39.546627,2.913186,-1.350785,2333.703369,44.4681415,0.7812005000000001,0.7861157398811927,0.9902296283565156
2013.12.01_09:00:00_TAI,11910,3441,1916236.75,4.705967e+21,50.030148,40.009296,2.956207,-1.359044,2356.729492,45.019722,0.7985815,0.7738894830049817,1.0
2013.12.01_10:00:00_TAI,11910,3441,1897956.75,4.787031e+21,50.630684,40.548786,2.946333,-1.369362,2353.806641,45.589735000000005,0.7884855000000001,0.7872203408393684,0.998759785113259
2013.12.01_11:00:00_TAI,11910,3441,1862168.5,4.764865e+21,51.195179,41.060841,2.940187,-1.347803,2331.431885,46.12801,0.7961919999999999,0.7835751741222434,0.9892657994539155
2013.12.01_12:00:00_TAI,11910,3441,1887187.625,4.871496e+21,51.767677,41.612038,3.016809,-1.352602,2329.737793,46.6898575,0.8321034999999999,0.8011104882165209,0.9885469676975552
2013.12.01_13:00:00_TAI,11910,3441,1838620.625,4.819881e+21,52.393612,42.050835,3.035593,-1.33293,2339.482422,47.2222235,0.8513315,0.7926224759407651,0.9926817778372334
2013.12.01_14:00:00_TAI,11910,3441,1791649.875,4.763184e+21,52.978199,42.572166,3.030782,-1.309116,2315.4729,47.7751825,0.860833,0.7832987360977247,0.9824941334421083
2013.12.01_15:00:00_TAI,11910,3441,1766354.0,4.751652e+21,53.523418,43.097633,3.022769,-1.286772,2286.449219,48.3105255,0.8679984999999999,0.7814023153370152,0.9701788969677816
2013.12.01_16:00:00_TAI,11910,3441,1766025.0,5.084417e+21,54.078651,43.585838,3.13151,-1.236502,2295.314209,48.8322445,0.947504,0.8361250394470976,0.9739404614706626
2013.12.01_17:00:00_TAI,11910,3441,1743434.875,5.509704e+21,54.69812,44.077618,3.182713,-1.213069,2288.919922,49.387869,0.9848220000000001,0.9060628729590495,0.9712272578460185
2013.12.01_18:00:00_TAI,11910,3441,1716161.5,5.674393e+21,55.306808,44.535133,3.234053,-1.160632,2283.879883,49.920970499999996,1.0367104999999999,0.9331457413826079,0.969088684447116
2013.12.01_19:00:00_TAI,11910,3441,1688964.125,5.576592e+21,55.884243,45.036793,3.313471,-1.139026,2272.650879,50.460518,1.0872224999999998,0.9170625080477013,0.9643240290048527
2013.12.01_20:00:00_TAI,11910,3441,1631607.375,5.50094e+21,56.472355,45.586002,3.363644,-1.117495,2251.148682,51.0291785,1.1230745,0.9046216458044487,0.9552002848191116
2013.12.01_21:00:00_TAI,11910,3441,1576329.75,5.303586e+21,57.034363,46.14502,3.412745,-1.096202,2218.144287,51.5896915,1.1582715000000001,0.8721670652625612,0.9411959643775698
2013.12.01_22:00:00_TAI,11910,3441,1515156.375,5.251266e+21,57.586388,46.743778,3.40423,-1.048654,2168.962646,52.165082999999996,1.177788,0.8635631167540355,0.9203273661074038
2013.12.01_23:00:00_TAI,11910,3441,1506117.5,5.393365e+21,58.146389,47.31382,3.39409,-0.969607,2120.918457,52.730104499999996,1.2122415,0.88693109227225,0.8999414078703268
2013.12.02_00:00:00_TAI,11910,3441,1458838.75,5.500677e+21,58.713459,47.890648,3.410509,-0.978337,2081.946045,53.3020535,1.2160859999999998,0.9045783958339261,0.883404757341578
2013.12.02_01:00:00_TAI,11910,3441,1418698.0,5.548969e+21,59.292957,48.515274,3.461349,-0.986437,2047.938721,53.9041155,1.237456,0.9125199455543719,0.8689748772405993
2013.12.02_02:00:00_TAI,11910,3441,1393161.875,5.608809e+21,59.848492,49.107441,3.571601,-0.967308,2028.869263,54.4779665,1.3021464999999999,0.9223605472124409,0.860883385168755
2013.12.02_03:00:00_TAI,11910,3441,1337268.5,5.538187e+21,60.450813,49.74464,3.645737,-0.95061,1995.508423,55.09772649999999,1.3475635000000001,0.9107468612115024,0.8467278191128098
2013.12.02_04:00:00_TAI,11910,3441,1291960.75,5.539816e+21,61.057564,50.347092,3.637192,-0.905083,1940.817017,55.702328,1.3660545000000002,0.9110147479110511,0.8235213347939043
2013.12.02_05:00:00_TAI,11910,3441,1261570.125,5.82241e+21,61.676769,50.958588,3.655819,-0.85698,1885.063232,56.3176785,1.3994195,0.9574869234618593,0.7998640651796961
2013.12.02_06:00:00_TAI,11910,3441,1208349.875,5.998021e+21,62.246769,51.573402,3.647141,-0.801172,1828.827759,56.9100855,1.4229845,0.9863658990262837,0.7760024072376653
2013.12.02_07:00:00_TAI,11910,3441,1179403.25,6.080929e+21,62.836586,52.158276,3.664498,-0.783074,1782.898682,57.497431,1.440712,1.0,0.7565139266309993
2013.12.02_08:00:00_TAI,11910,3441,1118378.25,5.967061e+21,63.421883,52.782593,3.65607,-0.736565,1731.955078,58.102238,1.4597525,0.9812745716978444,0.7348976977965361
2013.12.02_09:00:00_TAI,11910,3441,1069334.875,5.724536e+21,63.965328,53.377769,3.647777,-0.714491,1678.859741,58.6715485,1.466643,0.941391685382283,0.7123684524248318
2013.02.24_17:00:00_TAI,11680,2504,187881.90625,6.762377e+20,-51.9823,-54.637707,-28.005768,-29.469889,149.609634,-53.3100035,-28.7378285,0.1480547172021364,0.044481611974795346
2013.02.24_18:00:00_TAI,11680,2504,352594.8125,1.239536e+21,-50.659958,-54.531445,-27.761822,-29.901394,322.013428,-52.595701500000004,-28.831608,0.27138260990457547,0.09574033417506854
2013.02.24_19:00:00_TAI,11680,2504,475193.6875,1.521206e+21,-49.567432,-54.649632,-27.498386,-30.185369,534.5271,-52.108532,-28.841877500000002,0.3330511211312133,0.15892443833003847
2013.02.24_20:00:00_TAI,11680,2504,595109.1875,1.804233e+21,-48.684628,-54.826122,-27.27375,-30.373598,754.205261,-51.755375,-28.823674,0.39501673240306207,0.224238672819367
2013.02.24_21:00:00_TAI,11680,2504,715885.3125,2.33049e+21,-47.720531,-54.675518,-27.106693,-30.526501,956.359924,-51.1980245,-28.816597,0.5102348447778153,0.2843428588804165
2013.02.24_22:00:00_TAI,11680,2504,809795.125,2.772702e+21,-46.959774,-54.253639,-27.034035,-30.586054,1050.02124,-50.6067065,-28.8100445,0.6070522399088338,0.3121900382630002
2013.02.24_23:00:00_TAI,11680,2504,845597.3125,2.947155e+21,-46.307945,-53.945587,-26.980623,-30.637445,1142.01062,-50.126766,-28.809034,0.6452467824196466,0.3395401212594067
2013.02.25_00:00:00_TAI,11680,2504,901539.6875,2.993529e+21,-45.702618,-53.445541,-26.94985,-30.683678,1194.610352,-49.574079499999996,-28.816764,0.6553998535298966,0.35517895952300554
2013.02.25_01:00:00_TAI,11680,2504,939229.3125,3.089466e+21,-45.108509,-52.952248,-26.931433,-30.703335,1236.480957,-49.0303785,-28.817383999999997,0.6764041918035855,0.3676278370114695
2013.02.25_02:00:00_TAI,11680,2504,989982.375,3.210153e+21,-44.474651,-52.449032,-26.909416,-30.731977,1280.264893,-48.461841500000006,-28.8206965,0.7028272670846208,0.3806455819240817
2013.02.25_03:00:00_TAI,11680,2504,1042578.1875,3.313042e+21,-43.785297,-51.934532,-26.890259,-30.752148,1326.461914,-47.8599145,-28.8212035,0.7253536683754845,0.39438078003648047
2013.02.25_04:00:00_TAI,11680,2504,1216387.125,3.931538e+21,-43.065224,-51.599094,-26.825689,-30.825996,1456.591064,-47.332159000000004,-28.8258425,0.860766483086425,0.4330704967489078
2013.02.25_05:00:00_TAI,11680,2504,1334305.0,4.212381e+21,-42.310448,-51.144306,-26.742399,-30.956686,1597.233887,-46.727377000000004,-28.8495425,0.9222539318684133,0.4748861159203699
2013.02.25_06:00:00_TAI,11680,2504,1425454.25,4.358419e+21,-41.651775,-50.663891,-26.690437,-31.003828,1686.57312,-46.157833,-28.8471325,0.9542273264170543,0.5014482629571833
2013.02.25_07:00:00_TAI,11680,2504,1515421.125,4.352086e+21,-41.046383,-50.159691,-26.633608,-31.038393,1762.692993,-45.603037,-28.836000499999997,0.9528407865597807,0.5240800585429989
2013.02.25_08:00:00_TAI,11680,2504,1581616.5,4.459588e+21,-40.420551,-49.655621,-26.593981,-31.066145,1828.237915,-45.038086,-28.830063,0.976377152853266,0.5435677326276921
2013.02.25_09:00:00_TAI,11680,2504,1612004.5,4.567485e+21,-39.789932,-49.167957,-26.563232,-31.102503,1889.147095,-44.4789445,-28.8328675,1.0,0.5616771179528575
2013.02.25_10:00:00_TAI,11680,2504,1624073.75,4.553194e+21,-39.172756,-48.646416,-26.549425,-31.133518,1940.50708,-43.909586000000004,-28.841471499999997,0.9968711446233539,0.5769473573266221
2013.02.25_11:00:00_TAI,11680,2504,1659883.25,4.334486e+21,-38.573914,-48.108402,-26.5382,-31.160563,1983.953491,-43.341158,-28.8493815,0.9489874624656676,0.5898647500381067
2013.08.20_17:00:00_TAI,11829,3113,179806.296875,2.736866e+20,43.113659,41.024178,5.282057,4.028524,145.089661,42.068918499999995,4.6552904999999996,0.044228317851856165,0.078282177346809
2013.08.20_18:00:00_TAI,11829,3113,480702.09375,1.012229e+21,44.894142,40.601028,5.954193,3.528569,557.735413,42.747585,4.7413810000000005,0.16357828973309804,0.30092249311314995
2013.08.20_19:00:00_TAI,11829,3113,564071.5,1.281759e+21,45.76112,41.003944,6.076348,3.43194,671.83783,43.382532,4.754144,0.20713489246999048,0.36248570569308397
2013.08.20_20:00:00_TAI,11829,3113,643125.8125,1.556423e+21,46.690548,41.109432,6.252491,3.355545,830.655151,43.89999,4.804018,0.25152116017349596,0.4481745521799959
2013.08.20_21:00:00_TAI,11829,3113,724788.8125,1.847034e+21,47.675373,41.428619,6.439075,3.287371,1006.954712,44.551996,4.863223,0.29848449589853976,0.5432958268817581
2013.08.20_22:00:00_TAI,11829,3113,784657.875,2.182986e+21,48.54649,41.725796,6.577884,3.190497,1144.710938,45.136143000000004,4.8841905,0.35277503054278897,0.6176212973531455
2013.08.20_23:00:00_TAI,11829,3113,849702.3125,2.44286e+21,49.246235,42.136513,6.660058,3.139357,1233.239258,45.691373999999996,4.8997075,0.3947712038060517,0.6653861732146659
2013.08.21_00:00:00_TAI,11829,3113,917401.3125,2.745542e+21,49.950111,42.606636,6.726689,3.102864,1287.425781,46.2783735,4.9147765,0.4436852379751909,0.6946221571852461
2013.08.21_01:00:00_TAI,11829,3113,997742.5,3.079564e+21,50.73122,43.021729,6.785182,3.096242,1366.932495,46.8764745,4.9407119999999995,0.497663880647184,0.7375194845531144
2013.08.21_02:00:00_TAI,11829,3113,1056610.625,3.35099e+21,51.46851,43.419842,6.883893,3.014606,1484.435425,47.444176,4.9492495,0.5415268808863549,0.8009174216744209
2013.08.21_03:00:00_TAI,11829,3113,1167400.875,3.695203e+21,52.097088,43.868584,6.937822,2.942648,1552.359375,47.982836,4.9402349999999995,0.5971524101330954,0.8375653445060539
2013.08.21_04:00:00_TAI,11829,3113,1221656.75,3.951765e+21,52.750626,44.29546,6.95828,2.850959,1620.112793,48.523043,4.9046195,0.6386133573797196,0.8741212579127886
2013.08.21_05:00:00_TAI,11829,3113,1268441.125,4.133009e+21,53.466427,44.809998,6.965863,2.790022,1666.322998,49.1382125,4.8779425,0.6679027608095617,0.8990536716913445
2013.08.21_06:00:00_TAI,11829,3113,1315484.75,4.326507e+21,54.131519,45.32761,6.978364,2.744921,1694.134033,49.729564499999995,4.8616425,0.6991724358601431,0.9140589336725432
2013.08.21_07:00:00_TAI,11829,3113,1368091.0,4.728847e+21,54.81525,45.767529,6.99001,2.728449,1725.310181,50.2913895,4.8592295,0.7641914079417715,0.9308798203567182
2013.08.21_08:00:00_TAI,11829,3113,1376248.625,4.917406e+21,55.411415,46.211735,6.993538,2.722346,1749.853271,50.811575,4.8579419999999995,0.7946629304270819,0.9441218839936212
2013.08.21_09:00:00_TAI,11829,3113,1402237.375,4.856171e+21,56.100571,46.70055,7.019696,2.710976,1770.918701,51.4005605,4.865336,0.7847672283954208,0.9554875989300342
2013.08.21_10:00:00_TAI,11829,3113,1428490.5,4.938438e+21,56.752605,47.225323,7.067665,2.65295,1793.888916,51.988964,4.8603075,0.7980617449143832,0.9678810281511855
2013.08.21_11:00:00_TAI,11829,3113,1412331.25,5.124667e+21,57.423187,47.76786,7.093849,2.614423,1813.031738,52.5955235,4.854136,0.8281567346041719,0.9782094125198166
2013.08.21_12:00:00_TAI,11829,3113,1404194.0,5.302212e+21,58.098175,48.312706,7.135653,2.588426,1831.141724,53.205440499999995,4.8620395,0.8568483720208662,0.9879805369819534
2013.08.21_13:00:00_TAI,11829,3113,1378113.75,5.334119e+21,58.794121,48.870663,7.179356,2.554045,1848.49646,53.832392,4.8667005,0.8620046088906989,0.9973441712477957
2013.08.21_14:00:00_TAI,11829,3113,1369903.0,5.27923e+21,59.387981,49.417473,7.194961,2.526557,1853.418823,54.402727,4.860759,0.8531344335201453,1.0
2013.08.21_15:00:00_TAI,11829,3113,1327676.875,5.277036e+21,59.984932,49.943489,7.21842,2.495248,1851.350342,54.9642105,4.856834,0.852779878604534,0.998883964609439
2013.08.21_16:00:00_TAI,11829,3113,1318696.75,5.158228e+21,60.628578,50.507023,7.226564,2.477313,1840.55835,55.5678005,4.8519385,0.8335802612782076,0.9930612159321963
2013.08.21_17:00:00_TAI,11829,3113,1302304.375,5.282459e+21,61.256142,51.056149,7.228736,2.474847,1821.471558,56.156145499999994,4.8517915,0.8536562465659563,0.9827630621834901
2013.08.21_18:00:00_TAI,11829,3113,1251675.0,5.561488e+21,61.892536,51.637768,7.221744,2.454247,1797.047852,56.765152,4.8379955,0.8987479072533467,0.9695854114027199
2013.08.21_19:00:00_TAI,11829,3113,1195928.875,6.18804e+21,62.487316,52.228783,7.212653,2.430914,1766.125732,57.3580495,4.8217835000000004,1.0,0.9529015838639726
2013.08.21_20:00:00_TAI,11829,3113,1178141.25,5.679297e+21,63.074783,52.798058,7.205978,2.434372,1731.659302,57.9364205,4.820175,0.9177860841235673,0.9343054470532913
2013.08.21_21:00:00_TAI,11829,3113,1121217.5,5.531395e+21,63.6674,53.402851,7.185971,2.435489,1689.357178,58.5351255,4.81073,0.8938848165170231,0.9114816128097561
2013.11.30_01:00:00_TAI,11911,3446,101166.203125,1.259009e+20,-28.544535,-30.031918,-11.391157,-12.096213,70.475761,-29.2882265,-11.743685,0.04755237333369592,0.022944235019042976
2013.11.30_02:00:00_TAI,11911,3446,380589.1875,6.101322e+20,-27.275414,-30.237289,-11.05782,-12.46326,265.759308,-28.7563515,-11.760539999999999,0.23044500998252773,0.08652115187873213
2013.11.30_03:00:00_TAI,11911,3446,456521.1875,7.330503e+20,-26.484396,-29.926254,-10.941313,-12.530469,353.628906,-28.205325000000002,-11.735890999999999,0.27687078915224433,0.11512816057127861
2013.11.30_04:00:00_TAI,11911,3446,554041.1875,8.735113e+20,-25.64002,-29.715822,-10.85003,-12.687434,490.865631,-27.677920999999998,-11.768732,0.3299224663906458,0.1598072335882237
2013.11.30_05:00:00_TAI,11911,3446,677838.375,9.706033e+20,-24.475967,-29.509539,-10.640937,-12.90539,740.517273,-26.992753,-11.773163499999999,0.36659380894431465,0.24108434029357706
2013.11.30_06:00:00_TAI,11911,3446,763566.125,1.105165e+21,-23.697327,-29.038727,-10.523475,-12.968487,847.290588,-26.368027,-11.745981,0.41741733915590795,0.2758456823260853
2013.11.30_07:00:00_TAI,11911,3446,870931.8125,1.260343e+21,-22.815737,-28.62781,-10.460034,-13.060843,991.516052,-25.721773499999998,-11.7604385,0.4760275809347695,0.3228000237165461
2013.11.30_08:00:00_TAI,11911,3446,949691.875,1.339939e+21,-22.114614,-28.142191,-10.401321,-13.09437,1073.940918,-25.1284025,-11.7478455,0.5060907394020152,0.34963443415898354
2013.11.30_09:00:00_TAI,11911,3446,1053200.125,1.514581e+21,-21.294472,-27.695345,-10.311518,-13.186502,1214.07666,-24.4949085,-11.74901,0.5720524726679674,0.39525731716717083
2013.11.30_10:00:00_TAI,11911,3446,1177344.625,1.699281e+21,-20.52169,-27.313782,-10.248904,-13.277597,1358.440063,-23.917735999999998,-11.7632505,0.6418130808505431,0.4422565662647551
2013.11.30_11:00:00_TAI,11911,3446,1246057.5,1.761894e+21,-19.710062,-26.842136,-10.127065,-13.308756,1503.44104,-23.276099000000002,-11.7179105,0.6654618137153813,0.48946338527702293
2013.11.30_12:00:00_TAI,11911,3446,1344153.125,1.820606e+21,-18.9695,-26.357567,-10.064564,-13.336299,1610.008179,-22.6635335,-11.7004315,0.6876371511686319,0.5241576042230662
2013.11.30_13:00:00_TAI,11911,3446,1420511.875,1.891627e+21,-18.296104,-25.915257,-10.033928,-13.39723,1712.950684,-22.1056805,-11.715579,0.7144615591477044,0.5576717798013762
2013.11.30_14:00:00_TAI,11911,3446,1494391.875,2.02121e+21,-17.628517,-25.42098,-10.030564,-13.424019,1771.069824,-21.5247485,-11.7272915,0.7634046500525377,0.5765931676422915
2013.11.30_15:00:00_TAI,11911,3446,1577046.125,2.065968e+21,-17.01689,-24.952282,-9.998837,-13.423326,1831.937988,-20.984586,-11.711081499999999,0.7803096056618268,0.5964095334420685
2013.11.30_16:00:00_TAI,11911,3446,1622552.25,2.120061e+21,-16.386518,-24.504475,-9.994633,-13.450258,1886.662476,-20.445496499999997,-11.7224455,0.8007403613652382,0.6142257513324832
2013.11.30_17:00:00_TAI,11911,3446,1732487.25,2.193855e+21,-15.725927,-24.008829,-9.903925,-13.478512,1996.977051,-19.867378,-11.6912185,0.8286121227091742,0.6501399933202476
2013.11.30_18:00:00_TAI,11911,3446,1845895.0,2.330538e+21,-15.094083,-23.574137,-9.845212,-13.511116,2095.190186,-19.33411,-11.678163999999999,0.8802368612485298,0.682114465385856
2013.11.30_19:00:00_TAI,11911,3446,1937838.75,2.412741e+21,-14.466162,-23.112072,-9.811528,-13.598907,2209.442871,-18.789117,-11.7052175,0.9112846754035502,0.719310806638513
2013.11.30_20:00:00_TAI,11911,3446,1990014.75,2.521431e+21,-13.868981,-22.615839,-9.755177,-13.602007,2271.176025,-18.24241,-11.678592,0.952336546022739,0.7394087803779207
2013.11.30_21:00:00_TAI,11911,3446,2016602.75,2.563522e+21,-13.248555,-22.091734,-9.726732,-13.6058,2329.469482,-17.6701445,-11.666266,0.9682341841332576,0.7583869192231396
2013.11.30_22:00:00_TAI,11911,3446,2045558.875,2.647626e+21,-12.62674,-21.536873,-9.729358,-13.608685,2356.091797,-17.0818065,-11.6690215,1.0,0.7670541353474323
2013.11.30_23:00:00_TAI,11911,3446,2073964.625,2.63937e+21,-12.009117,-20.97929,-9.703157,-13.612986,2396.610596,-16.494203499999998,-11.658071499999998,0.9968817348069554,0.7802455196440184
2013.12.01_00:00:00_TAI,11911,3446,2088737.5,2.599934e+21,-11.419551,-20.463257,-9.678613,-13.618032,2436.121826,-15.941403999999999,-11.648322499999999,0.9819868818330081,0.7931088776858204
2013.03.09_03:00:00_TAI,11698,2543,22070.599609,9.014774e+19,-45.900688,-46.886711,-17.170507,-17.765604,31.292999,-46.3936995,-17.4680555,0.004504112510205081,0.00733495838337904
2013.03.09_04:00:00_TAI,11698,2543,92855.601562,2.579828e+20,-44.912655,-46.813019,-16.924112,-17.967264,101.695107,-45.862837,-17.445688,0.012889769137836791,0.023836941216093685
2013.03.09_05:00:00_TAI,11698,2543,123406.898438,3.514336e+20,-44.228249,-46.361206,-16.873465,-18.017807,127.024803,-45.2947275,-17.445636,0.01755891466903561,0.029774124354841194
2013.03.09_06:00:00_TAI,11698,2543,139888.796875,3.729854e+20,-43.489571,-45.886688,-16.864136,-18.143255,160.246735,-44.6881295,-17.5036955,0.018635721830229424,0.03756121720060674
2013.03.09_09:00:00_TAI,11698,2543,203467.90625,6.33275e+20,-41.500492,-44.597683,-16.650742,-18.219622,258.700867,-43.0490875,-17.435182,0.031640747176802465,0.06063848636524343
2013.03.09_10:00:00_TAI,11698,2543,228913.59375,5.084989e+20,-40.808311,-44.136162,-16.566605,-18.289232,307.334045,-42.4722365,-17.427918499999997,0.025406474493043556,0.07203791588880763
2013.03.09_11:00:00_TAI,11698,2543,275473.59375,4.715618e+20,-40.137104,-43.817928,-16.515459,-18.445221,382.927368,-41.977516,-17.480339999999998,0.023560961181221248,0.0897566995140629
2013.03.09_12:00:00_TAI,11698,2543,297936.90625,4.820294e+20,-39.524857,-43.357277,-16.473507,-18.490616,418.264465,-41.441067000000004,-17.4820615,0.024083960960381803,0.09803957888540178
2013.03.09_13:00:00_TAI,11698,2543,329549.1875,5.192446e+20,-38.863148,-42.948029,-16.440134,-18.513899,460.257568,-40.9055885,-17.477016499999998,0.025943369170612966,0.10788260041535963
2013.03.09_14:00:00_TAI,11698,2543,357973.0,5.768382e+20,-38.199623,-42.650341,-16.329762,-18.553556,538.299255,-40.424982,-17.441659,0.02882095716414167,0.12617527112786286
2013.03.09_15:00:00_TAI,11698,2543,363216.3125,5.735367e+20,-37.604198,-42.181202,-16.312054,-18.58341,569.609863,-39.8927,-17.447732000000002,0.028656002086483126,0.13351435699298864
2013.03.09_16:00:00_TAI,11698,2543,364847.6875,6.096122e+20,-37.028576,-41.634525,-16.299904,-18.592398,581.942261,-39.3315505,-17.446151,0.03045846669471294,0.13640502356340165
2013.03.09_17:00:00_TAI,11698,2543,361108.40625,6.203312e+20,-36.474094,-41.059734,-16.309889,-18.594265,585.359924,-38.766914,-17.452077,0.030994027342122275,0.13720611060122162
2013.03.09_18:00:00_TAI,11698,2543,356400.09375,5.115494e+20,-35.930325,-40.497345,-16.318478,-18.58186,583.599548,-38.213835,-17.450169,0.02555888868792388,0.13679348525012955
2013.03.09_19:00:00_TAI,11698,2543,356087.09375,4.473647e+20,-35.391335,-39.925541,-16.328272,-18.564493,577.266113,-37.658438000000004,-17.4463825,0.022351985106827336,0.13530895249093838
2013.03.09_20:00:00_TAI,11698,2543,356651.8125,4.430196e+20,-34.865162,-39.337173,-16.336235,-18.543968,566.793396,-37.1011675,-17.440101499999997,0.022134887936470185,0.13285418798096266
2013.03.09_21:00:00_TAI,11698,2543,354610.59375,5.081718e+20,-34.338512,-38.758438,-16.347298,-18.526093,555.043518,-36.548474999999996,-17.4366955,0.025390131374490744,0.13010006185390843
2013.03.09_22:00:00_TAI,11698,2543,360510.8125,4.923332e+20,-33.816822,-38.163158,-16.276487,-18.498652,562.632812,-35.989990000000006,-17.387569499999998,0.024598776689346843,0.13187896312346167
2013.03.09_23:00:00_TAI,11698,2543,360821.40625,4.609129e+20,-33.214081,-37.551758,-16.225927,-18.456289,571.635437,-35.3829195,-17.341108,0.023028902987528063,0.13398914373338558
2013.03.10_00:00:00_TAI,11698,2543,361660.40625,3.913006e+20,-32.651188,-36.958923,-16.207975,-18.45805,578.131348,-34.805055499999995,-17.333012500000002,0.019550816556363523,0.13551176024090325
2013.03.10_01:00:00_TAI,11698,2543,369533.90625,4.159774e+20,-32.097214,-36.38409,-16.213152,-18.449026,578.744446,-34.240652,-17.331089,0.02078376020633,0.13565546804963496
2013.03.10_02:00:00_TAI,11698,2543,372855.59375,3.946771e+20,-31.544016,-35.813667,-16.221506,-18.452456,576.236572,-33.678841500000004,-17.336981,0.01971951890975261,0.1350676320476986
2013.03.10_03:00:00_TAI,11698,2543,373491.40625,4.229905e+20,-30.979776,-35.224922,-16.249315,-18.432545,567.998535,-33.102349000000004,-17.34093,0.021134160465341695,0.13313666791876555
2013.03.10_04:00:00_TAI,11698,2543,382694.09375,5.126279e+20,-30.333788,-34.649498,-16.236431,-18.427849,574.411682,-32.491642999999996,-17.33214,0.0256127745129291,0.13463988486360018
2013.03.10_05:00:00_TAI,11698,2543,399303.5,5.04331e+20,-29.738335,-34.080273,-16.134998,-18.400974,607.707031,-31.909304,-17.267986,0.025198230886145773,0.14244418637126588
2013.03.10_06:00:00_TAI,11698,2543,403309.1875,4.482044e+20,-29.172693,-33.539597,-16.106995,-18.431017,629.184753,-31.356144999999998,-17.269006,0.022393939605906504,0.14747848164733654
2013.03.10_09:00:00_TAI,11698,2543,419514.8125,6.487769e+20,-27.526669,-31.943346,-16.076645,-18.417965,651.143188,-29.7350075,-17.247304999999997,0.03241527909210004,0.15262545419826187
2013.03.10_11:00:00_TAI,11698,2543,440899.09375,4.265259e+20,-26.436249,-30.938744,-15.958694,-18.441431,709.782532,-28.6874965,-17.2000625,0.021310802046911895,0.1663702904751763
2013.03.10_12:00:00_TAI,11698,2543,443828.40625,3.773845e+20,-25.869261,-30.385855,-15.956841,-18.469549,727.494873,-28.127558,-17.213195,0.018855517039112563,0.17052199495409884
2013.03.10_13:00:00_TAI,11698,2543,449088.3125,3.710098e+20,-25.257368,-29.836895,-15.906995,-18.471609,748.395935,-27.5471315,-17.189302,0.018537013591119252,0.17542112334823023
2013.03.10_14:00:00_TAI,11698,2543,453112.8125,3.821222e+20,-24.66741,-29.26923,-15.896566,-18.472633,759.487488,-26.96832,-17.184599499999997,0.019092229948827203,0.17802094063202725
2013.03.10_15:00:00_TAI,11698,2543,450244.1875,4.289678e+20,-23.968555,-28.697933,-15.879669,-18.460571,796.68866,-26.333244,-17.17012,0.021432808348330765,0.18674075200047185
2013.03.10_16:00:00_TAI,11698,2543,455090.3125,4.537862e+20,-23.335745,-28.159052,-15.838536,-18.492203,837.615051,-25.7473985,-17.1653695,0.022672826854876506,0.196333740348022
2013.03.10_17:00:00_TAI,11698,2543,457698.09375,4.067047e+20,-22.687698,-27.627275,-15.795097,-18.520502,882.717651,-25.1574865,-17.1577995,0.020320462024108473,0.20690561599286486
2013.03.10_18:00:00_TAI,11698,2543,456764.6875,3.409061e+20,-22.122046,-27.09886,-15.769756,-18.521385,899.326843,-24.610453,-17.145570499999998,0.017032922065658266,0.21079874659698344
2013.03.10_19:00:00_TAI,11698,2543,460306.40625,3.219026e+20,-21.567879,-26.564682,-15.771605,-18.52294,906.337952,-24.0662805,-17.1472725,0.016083437341053053,0.2124421235304737
2013.03.10_20:00:00_TAI,11698,2543,462708.5,3.722551e+20,-21.017567,-26.001339,-15.793658,-18.517889,900.375671,-23.509453,-17.155773500000002,0.018599233357349206,0.21104458783870408
2013.03.10_21:00:00_TAI,11698,2543,465581.5,3.537066e+20,-20.476274,-25.423565,-15.794911,-18.512388,895.223633,-22.9499195,-17.1536495,0.017672482105509292,0.20983696998400156
2013.03.10_22:00:00_TAI,11698,2543,469096.09375,3.355205e+20,-19.941156,-24.857471,-15.811565,-18.484224,883.084595,-22.399313499999998,-17.1478945,0.01676383768999937,0.20699162625250891
2013.03.10_23:00:00_TAI,11698,2543,476632.3125,3.568784e+20,-19.420204,-24.335068,-15.780764,-18.502695,895.77417,-21.877636,-17.1417295,0.017830956894337814,0.20996601373540139
2013.03.11_00:00:00_TAI,11698,2543,479423.5,3.247961e+20,-18.877676,-23.818169,-15.77062,-18.525793,918.626343,-21.347922500000003,-17.1482065,0.016228007238737435,0.21532247502966015
2013.03.11_01:00:00_TAI,11698,2543,475677.09375,3.03199e+20,-18.279917,-23.310102,-15.762613,-18.520439,936.735168,-20.7950095,-17.141526,0.015148936723002378,0.2195671138303994
2013.03.11_02:00:00_TAI,11698,2543,474179.8125,2.957115e+20,-17.721825,-22.793812,-15.756145,-18.534088,948.249146,-20.2578185,-17.1451165,0.014774833695903078,0.22226594590645388
2013.03.11_03:00:00_TAI,11698,2543,468231.59375,2.653114e+20,-17.165258,-22.227564,-15.75148,-18.529335,950.733093,-19.696411,-17.140407500000002,0.013255932936754979,0.22284817351178884
2013.03.11_04:00:00_TAI,11698,2543,463957.90625,2.867137e+20,-16.594456,-21.68257,-15.765764,-18.518671,950.517212,-19.138513,-17.1422175,0.014325270528325905,0.22279757183724935
2013.03.11_05:00:00_TAI,11698,2543,474520.90625,3.051427e+20,-16.041319,-21.139858,-15.760794,-18.493036,948.200134,-18.590588500000003,-17.126915,0.015246051120835153,0.22225445768251326
2013.03.11_06:00:00_TAI,11698,2543,466523.0,3.147653e+20,-15.490536,-20.570398,-15.775191,-18.480268,942.027954,-18.030467,-17.1277295,0.015726831593431575,0.22080772247395353
2013.03.11_09:00:00_TAI,11698,2543,470260.40625,3.989857e+20,-13.890106,-18.822357,-15.80118,-18.441944,914.391602,-16.3562315,-17.121562,0.019934792405920894,0.21432986805711052
2013.03.11_11:00:00_TAI,11698,2543,457887.8125,2.460837e+20,-12.863684,-17.671095,-15.83577,-18.432068,883.864624,-15.2673895,-17.133919,0.012295246355899259,0.20717446204440051
2013.03.11_14:00:00_TAI,11698,2543,466517.1875,2.369755e+20,-11.263516,-15.964293,-15.769859,-18.484768,898.921631,-13.6139045,-17.1273135,0.01184016719844673,0.2107037664655986
2013.03.11_15:00:00_TAI,11698,2543,469769.1875,2.509021e+20,-10.711638,-15.411094,-15.75896,-18.47406,901.771301,-13.061366,-17.11651,0.012535991334299963,0.2113717181328825
2013.03.11_16:00:00_TAI,11698,2543,472687.3125,2.517357e+20,-10.143299,-14.8363,-15.773429,-18.488144,899.507629,-12.4897995,-17.1307865,0.012577641054953048,0.21084112213875547
2013.03.11_17:00:00_TAI,11698,2543,463591.3125,1.559839e+20,-9.627796,-14.271493,-15.785644,-18.473488,887.205383,-11.9496445,-17.129566,0.007793529104341145,0.20795752308095694
2013.03.11_18:00:00_TAI,11698,2543,462175.6875,1.711969e+20,-9.091261,-13.690306,-15.778101,-18.484087,873.976379,-11.3907835,-17.131093999999997,0.008553626513524665,0.20485669551906185
2013.03.11_19:00:00_TAI,11698,2543,465794.0,1.56909e+20,-8.583797,-13.084702,-15.790389,-18.497847,866.592651,-10.8342495,-17.144118,0.007839750501385492,0.2031259781277952
2013.03.11_20:00:00_TAI,11698,2543,454803.5,1.715082e+20,-8.016045,-12.480357,-15.804447,-18.511187,862.191833,-10.248201,-17.157817,0.008569180205990245,0.20209444334639487
2013.03.11_21:00:00_TAI,11698,2543,443338.59375,1.055264e+20,-7.478263,-11.8987,-15.819091,-18.523895,853.478577,-9.6884815,-17.171492999999998,0.005272486902022229,0.20005208971503702
2013.03.11_22:00:00_TAI,11698,2543,431045.90625,8.53105e+19,-6.969384,-11.298032,-15.832191,-18.534666,838.719727,-9.133707999999999,-17.1834285,0.004262426216140865,0.19659267214574194
2013.03.11_23:00:00_TAI,11698,2543,421832.09375,8.314984e+19,-6.433943,-10.685971,-15.846561,-18.546478,819.128479,-8.559957,-17.1965195,0.004154471699074773,0.19200055910606625
2013.03.12_00:00:00_TAI,11698,2543,424201.5,9.763741e+19,-5.901549,-10.053201,-15.883574,-18.528282,791.647705,-7.977375,-17.205928,0.004878323958482183,0.18555917157293
2013.03.12_01:00:00_TAI,11698,2543,414318.0,8.4164e+19,-5.42851,-9.421494,-15.921591,-18.506792,755.493408,-7.425001999999999,-17.2141915,0.004205142861139951,0.17708474367053162
2013.03.12_02:00:00_TAI,11698,2543,413367.09375,1.12449e+20,-4.930719,-8.791241,-15.961152,-18.543903,719.851746,-6.86098,-17.2525275,0.005618365448319072,0.16873047543678188
2013.03.12_03:00:00_TAI,11698,2543,410195.1875,9.395201e+19,-4.427805,-8.161626,-16.023968,-18.550829,690.177368,-6.294715500000001,-17.287398500000002,0.004694187825450897,0.16177491557872356
2013.03.12_04:00:00_TAI,11698,2543,427498.6875,9.722002e+19,-3.925809,-7.528905,-16.05677,-18.671749,692.793335,-5.727357,-17.3642595,0.0048574696195865606,0.16238808816334202
2013.03.12_05:00:00_TAI,11698,2543,428400.8125,1.204911e+20,-3.396019,-7.047121,-16.09553,-18.679035,675.503174,-5.22157,-17.387282499999998,0.006020178330353832,0.15833534104962105
2013.03.12_06:00:00_TAI,11698,2543,433454.0,1.339959e+20,-2.891756,-6.539655,-16.06826,-18.680483,686.675598,-4.7157055,-17.3743715,0.006694927787498488,0.1609541141841955
2013.03.12_09:00:00_TAI,11698,2543,449199.8125,2.516956e+20,-1.077355,-4.864754,-16.074631,-18.65901,714.656616,-2.9710544999999997,-17.3668205,0.012575637511529118,0.16751275698332702
2013.03.12_10:00:00_TAI,11698,2543,448435.59375,8.803267e+19,-0.442039,-4.314068,-16.072954,-18.656849,726.836853,-2.3780535,-17.364901500000002,0.004398435837146395,0.17036775760166642
2013.03.12_11:00:00_TAI,11698,2543,456196.09375,1.156192e+20,0.102104,-3.795492,-16.046885,-18.660648,735.300598,-1.8466939999999998,-17.3537665,0.005776760295265341,0.17235162681607225
2013.03.12_12:00:00_TAI,11698,2543,452527.0,1.184764e+20,0.7004,-3.228265,-16.048704,-18.662357,737.136475,-1.2639325,-17.3555305,0.005919516511496142,0.17278194931063412
2013.03.12_13:00:00_TAI,11698,2543,449499.6875,1.276305e+20,1.264334,-2.691501,-16.047668,-18.63134,733.835022,-0.7135835,-17.339504,0.006376889001695767,0.17200810144901876
2013.03.12_14:00:00_TAI,11698,2543,445548.40625,1.20291e+20,1.799371,-2.124958,-16.046816,-18.600576,727.315674,-0.16279349999999992,-17.323695999999998,0.0060101805987047415,0.17047999139901154
2013.03.12_15:00:00_TAI,11698,2543,442381.6875,1.252407e+20,2.361853,-1.560818,-16.078125,-18.602612,718.808044,0.40051749999999997,-17.3403685,0.0062574858078177165,0.16848583570970907
2013.03.12_16:00:00_TAI,11698,2543,431408.8125,9.693783e+19,2.927636,-0.992882,-16.078281,-18.603722,705.886047,0.967377,-17.3410015,0.004843370369741198,0.165456969405615
2013.03.12_17:00:00_TAI,11698,2543,431939.59375,9.655101e+19,3.433093,-0.394502,-16.078236,-18.574366,688.729675,1.5192955,-17.326301,0.0048240434204333445,0.161435581917961
2013.03.12_18:00:00_TAI,11698,2543,440313.3125,1.225916e+20,3.965123,0.137771,-16.135944,-18.665874,690.521912,2.051447,-17.400909,0.006125127032647265,0.16185567536468218
2013.03.12_19:00:00_TAI,11698,2543,432735.59375,1.664399e+20,4.46946,0.609506,-16.194389,-18.696611,678.537109,2.5394829999999997,-17.445500000000003,0.00831594930485537,0.15904648372287128
2013.03.12_20:00:00_TAI,11698,2543,409963.0,1.245006e+20,5.043311,1.147735,-16.283157,-18.696974,645.7453,3.095523,-17.4900655,0.006220507690908709,0.15136021005090033
2013.03.12_21:00:00_TAI,11698,2543,390291.09375,8.147447e+19,5.581247,1.714247,-16.433098,-18.695829,619.311279,3.6477470000000003,-17.564463500000002,0.004070764054532355,0.14516417738748036
2013.03.12_22:00:00_TAI,11698,2543,377779.40625,7.142031e+19,6.148394,2.280605,-16.428192,-18.692125,616.67926,4.2144995,-17.5601585,0.0035684212577456187,0.14454724227591553
2013.03.12_23:00:00_TAI,11698,2543,376444.1875,7.071355e+19,6.687778,2.849442,-16.452017,-18.688953,609.030701,4.76861,-17.570485,0.0035331089298080293,0.14275444951872984
2013.03.13_00:00:00_TAI,11698,2543,374121.8125,9.170206e+19,7.22635,3.446722,-16.445969,-18.684174,598.353027,5.336536,-17.565071500000002,0.004581772051718401,0.14025164387772088
2013.03.13_01:00:00_TAI,11698,2543,377167.59375,1.076999e+20,7.763703,4.046042,-16.438471,-18.677349,584.293762,5.9048725,-17.55791,0.005381082952693392,0.1369562063366946
2013.03.13_02:00:00_TAI,11698,2543,369528.3125,1.250112e+20,8.274589,4.677827,-16.433544,-18.642401,558.764771,6.476208,-17.537972500000002,0.0062460191440822516,0.1309723092178963
2013.03.13_03:00:00_TAI,11698,2543,359152.1875,1.00917e+20,8.80772,5.306685,-16.450138,-18.600252,530.618347,7.0572025,-17.525195,0.005042184331990642,0.12437489588972851
2013.03.13_04:00:00_TAI,11698,2543,342548.8125,1.026244e+20,9.296123,5.974617,-16.498734,-18.582355,479.776672,7.63537,-17.5405445,0.005127492313088384,0.11245780317942988
2013.03.13_05:00:00_TAI,11698,2543,317221.40625,7.096299e+19,9.838527,6.606656,-16.665665,-18.567772,431.60318,8.2225915,-17.6167185,0.0035455718692510543,0.10116612228294428
2013.03.13_06:00:00_TAI,11698,2543,334540.8125,1.119159e+20,10.378585,7.049162,-16.709295,-18.619156,445.802887,8.7138735,-17.6642255,0.005591729812426366,0.10449447888760131
2013.03.13_09:00:00_TAI,11698,2543,355650.6875,2.624239e+20,12.019289,8.553308,-16.734566,-18.766403,491.410919,10.286298500000001,-17.7504845,0.01311166282112904,0.11518482584564836
2013.03.13_10:00:00_TAI,11698,2543,353968.3125,1.446931e+20,12.622808,9.041124,-16.775515,-18.787544,504.574249,10.831966,-17.781529499999998,0.007229399226762144,0.11827025967500697
2013.03.13_11:00:00_TAI,11698,2543,356822.0,1.459802e+20,13.184299,9.594461,-16.767368,-18.805126,506.280762,11.38938,-17.786247000000003,0.007293707474665918,0.1186702597464509
2013.03.13_12:00:00_TAI,11698,2543,344100.09375,1.648745e+20,13.733606,10.137125,-16.782024,-18.814911,501.100586,11.9353655,-17.7984675,0.008237736165807457,0.11745604645297339
2013.03.13_13:00:00_TAI,11698,2543,334297.8125,1.335035e+20,14.283385,10.708245,-16.819359,-18.829863,493.56662,12.495815,-17.824610999999997,0.006670325673235557,0.11569011385342316
2013.03.13_14:00:00_TAI,11698,2543,336844.1875,1.259379e+20,14.832907,11.259461,-16.838215,-18.817463,478.476715,13.046184,-17.827839,0.006292320483008852,0.1121530982677919
2013.03.13_15:00:00_TAI,11698,2543,319161.3125,1.151353e+20,15.355733,11.835337,-16.918554,-18.804823,456.618164,13.595535000000002,-17.8616885,0.005752582872251872,0.10702953814158066
2013.03.13_16:00:00_TAI,11698,2543,312642.3125,1.271144e+20,15.878688,12.413028,-16.937984,-18.791822,439.720093,14.145858,-17.864902999999998,0.006351102748301984,0.10306869541300792
2013.03.13_17:00:00_TAI,11698,2543,307085.90625,1.029937e+20,16.373203,12.9946,-16.980572,-18.776676,420.754578,14.683901500000001,-17.878624,0.0051459438987855825,0.09862325177737712
2013.03.13_18:00:00_TAI,11698,2543,288955.1875,1.010189e+20,16.883661,13.576574,-17.0196,-18.760324,399.545959,15.2301175,-17.889962,0.005047275630616541,0.09365203320756403
2013.03.13_20:00:00_TAI,11698,2543,256797.203125,6.863873e+19,17.886076,14.776464,-17.079002,-18.72444,360.47522,16.33127,-17.901721000000002,0.003429443294724735,0.08449400253837619
2013.03.13_21:00:00_TAI,11698,2543,255470.203125,7.891746e+19,18.357077,15.328908,-17.072691,-18.764807,357.109253,16.8429925,-17.918749,0.003943006434322247,0.08370503284375451
2013.03.13_22:00:00_TAI,11698,2543,253553.0,9.461006e+19,18.949017,15.876841,-17.055679,-18.776339,364.873535,17.412929000000002,-17.916009000000003,0.004727066422710689,0.0855249506262214
2013.03.13_23:00:00_TAI,11698,2543,254457.703125,1.017854e+20,19.518717,16.433798,-17.031113,-18.783916,375.95343,17.9762575,-17.9075145,0.0050855727885827,0.08812203531974054
2013.03.14_00:00:00_TAI,11698,2543,248185.296875,9.251037e+19,20.062534,16.934454,-17.006926,-18.765282,382.262421,18.498494,-17.886104,0.004622158190995146,0.08960083849952247
2013.03.14_01:00:00_TAI,11698,2543,240044.203125,1.064149e+20,20.61957,17.492426,-16.983831,-18.766657,382.758545,19.055998,-17.875244,0.005316879628510073,0.08971712805339348
2013.03.14_02:00:00_TAI,11698,2543,236144.40625,1.136008e+20,21.251661,18.053982,-16.965076,-18.74688,389.861298,19.6528215,-17.855978,0.005675913610804944,0.09138198598734926
2013.03.14_03:00:00_TAI,11698,2543,243182.703125,1.282211e+20,21.854242,18.615381,-16.96714,-18.804783,401.915344,20.2348115,-17.8859615,0.00640639754898189,0.09420740792154408
2013.03.14_04:00:00_TAI,11698,2543,243498.796875,1.377786e+20,22.409807,19.184109,-16.970764,-18.808712,399.88385,20.796958,-17.889738,0.0068839253862442,0.09373123355595885
2013.03.14_05:00:00_TAI,11698,2543,238318.59375,1.35044e+20,22.981937,19.755234,-16.973976,-18.810686,396.016815,21.368585500000002,-17.892331,0.006747294716740929,0.09282481545291701
2013.03.14_06:00:00_TAI,11698,2543,229855.90625,1.269209e+20,23.532495,20.348829,-16.977444,-18.811266,389.181061,21.940662,-17.894354999999997,0.006341434776917181,0.09122254105572622
2013.03.14_09:00:00_TAI,11698,2543,717615.125,8.520972e+20,25.178469,19.725521,-17.037006,-21.058447,1081.880615,22.451995,-19.047726500000003,0.04257390876832543,0.2535886473140373
2013.03.14_10:00:00_TAI,11698,2543,989987.125,8.137314e+20,25.693672,19.369404,-17.070354,-21.464027,1495.063965,22.531537999999998,-19.267190499999998,0.04065701235202008,0.35043723242264696
2013.03.14_11:00:00_TAI,11698,2543,1252993.75,1.217224e+21,26.224018,19.308516,-17.098997,-21.723639,1849.446167,22.766267,-19.411318,0.06081698605114082,0.4335030550202262
2013.03.14_12:00:00_TAI,11698,2543,1409674.75,1.5256e+21,26.729702,19.623016,-17.157572,-21.819429,1994.71228,23.176358999999998,-19.4885005,0.07622458472690354,0.4675528721492983
2013.03.14_13:00:00_TAI,11698,2543,1515598.25,1.74813e+21,27.425966,19.965485,-17.195768,-21.869549,2109.63501,23.6957255,-19.5326585,0.08734300163780931,0.4944903172262085
2013.03.14_14:00:00_TAI,11698,2543,1640887.125,2.020143e+21,28.009876,20.356302,-17.204302,-21.902346,2155.864014,24.183089,-19.553324,0.10093377114837512,0.5053262176282461
2013.03.14_15:00:00_TAI,11698,2543,1751364.0,2.20028e+21,28.688267,20.782457,-17.2306,-21.928402,2227.392578,24.735362000000002,-19.579501,0.10993407792534826,0.5220922374067551
2013.03.14_16:00:00_TAI,11698,2543,1850208.25,2.422973e+21,29.40538,21.21681,-17.261955,-21.958935,2313.702637,25.311095,-19.610445,0.12106063891550843,0.5423229826553007
2013.03.14_17:00:00_TAI,11698,2543,1881940.0,2.473046e+21,30.014277,21.700972,-17.300575,-21.982357,2351.845215,25.8576245,-19.641466,0.12356247008424874,0.5512634559625982
2013.03.14_18:00:00_TAI,11698,2543,1957571.0,2.783402e+21,30.781778,22.121849,-17.355652,-22.034006,2421.678955,26.4518135,-19.694829,0.13906899683929783,0.5676322155262218
2013.03.14_19:00:00_TAI,11698,2543,2043124.75,2.955407e+21,31.417038,22.540766,-17.442532,-22.076548,2500.99292,26.978902,-19.75954,0.14766299899972718,0.5862231032994194
2013.03.14_20:00:00_TAI,11698,2543,2069508.75,2.982988e+21,31.984806,23.056393,-17.403246,-22.084606,2548.073486,27.5205995,-19.743926000000002,0.1490410471587156,0.5972586065529083
2013.03.14_21:00:00_TAI,11698,2543,2144070.0,3.186021e+21,32.640308,23.57749,-17.311789,-22.086653,2601.06543,28.108899,-19.699221,0.1591853222707092,0.6096797140311131
2013.03.14_22:00:00_TAI,11698,2543,2206057.5,3.390945e+21,33.412701,24.016676,-17.265701,-22.120005,2697.440918,28.7146885,-19.692853,0.16942407869478887,0.632269757051849
2013.03.14_23:00:00_TAI,11698,2543,2236142.25,3.564337e+21,34.046909,24.513111,-17.231504,-22.11927,2748.978271,29.280009999999997,-19.675387,0.1780873804743951,0.6443499140046715
2013.03.15_00:00:00_TAI,11698,2543,2236685.75,3.668227e+21,34.70644,25.036406,-17.228357,-22.132538,2783.099854,29.871423,-19.6804475,0.1832781068163445,0.6523478815781857
2013.03.15_01:00:00_TAI,11698,2543,2263669.25,3.804195e+21,35.285896,25.56432,-17.218056,-22.145615,2794.960449,30.425108,-19.6818355,0.19007156797008573,0.655127959343411
2013.03.15_02:00:00_TAI,11698,2543,2268548.25,3.793691e+21,35.864777,26.097515,-17.218172,-22.146145,2810.193848,30.981146,-19.6821585,0.18954674951310396,0.6586986093697125
2013.03.15_03:00:00_TAI,11698,2543,2326718.0,3.856773e+21,36.44463,26.622704,-17.191175,-22.16157,2828.545654,31.533666999999998,-19.6763725,0.19269855814822623,0.663000201980566
2013.03.15_04:00:00_TAI,11698,2543,2434918.75,4.10611e+21,37.108143,27.155455,-17.091774,-22.15572,2882.335938,32.131799,-19.623747,0.2051563513325812,0.6756084372785041
2013.03.15_05:00:00_TAI,11698,2543,2528465.0,4.168468e+21,37.781158,27.656803,-17.026766,-22.179892,2932.343018,32.7189805,-19.603329,0.20827198626598462,0.6873299041367719
2013.03.15_06:00:00_TAI,11698,2543,2596048.0,4.405604e+21,38.444881,28.160378,-16.98344,-22.23876,2995.548584,33.3026295,-19.6111,0.2201201726344947,0.7021450452553306
2013.03.15_09:00:00_TAI,11698,2543,2763570.75,5.589114e+21,40.458309,29.706833,-16.920856,-22.383329,3158.043945,35.082571,-19.652092500000002,0.27925268329924147,0.7402333317256414
2013.03.15_10:00:00_TAI,11698,2543,2816635.0,4.964615e+21,41.15625,30.235926,-16.872719,-22.433142,3212.987305,35.696088,-19.6529305,0.24805041734658903,0.7531118435947983
2013.03.15_11:00:00_TAI,11698,2543,2826947.5,5.21272e+21,41.783028,30.768957,-16.865679,-22.432438,3215.654541,36.2759925,-19.649058500000002,0.26044665528161026,0.7537370334354604
2013.03.15_12:00:00_TAI,11698,2543,2887805.0,5.505166e+21,42.42268,31.307199,-16.856752,-22.44644,3244.452148,36.8649395,-19.651595999999998,0.27505833259220547,0.7604870815496059
2013.03.15_13:00:00_TAI,11698,2543,2935293.0,5.709088e+21,43.01696,31.777575,-16.832882,-22.460491,3266.675293,37.3972675,-19.6466865,0.28524702541252506,0.7656961011045165
2013.03.15_14:00:00_TAI,11698,2543,2968602.5,5.913228e+21,43.584099,32.301544,-16.816635,-22.484232,3275.909424,37.9428215,-19.6504335,0.29544661031430147,0.7678605458287716
2013.03.15_15:00:00_TAI,11698,2543,2975617.0,5.998479e+21,44.172195,32.819683,-16.814503,-22.512516,3295.447998,38.495939,-19.6635095,0.2997060636916961,0.7724403122858176
2013.03.15_16:00:00_TAI,11698,2543,3028854.0,6.054934e+21,44.798748,33.322235,-16.825655,-22.52858,3312.050781,39.0604915,-19.6771175,0.30252676304326753,0.7763319406450321
2013.03.15_17:00:00_TAI,11698,2543,3051246.5,6.352471e+21,45.603119,33.804688,-16.819304,-22.531145,3365.964111,39.703903499999996,-19.6752245,0.317392805430452,0.7889690174512333
2013.03.15_18:00:00_TAI,11698,2543,3076417.25,6.941986e+21,46.241184,34.348522,-16.772842,-22.540401,3391.282227,40.294853,-19.6566215,0.34684714212767315,0.7949034862826024
2013.03.15_19:00:00_TAI,11698,2543,3131976.0,7.202139e+21,46.922604,34.899734,-16.736805,-22.542509,3432.374023,40.911169,-19.639657,0.359845342436049,0.8045352449247927
2013.03.15_20:00:00_TAI,11698,2543,3133575.0,7.500209e+21,47.590675,35.425709,-16.707678,-22.548334,3463.06665,41.508191999999994,-19.628006,0.37473801546275853,0.8117294784248026
2013.03.15_21:00:00_TAI,11698,2543,3152716.0,7.692055e+21,48.267132,35.976715,-16.659904,-22.567564,3481.45874,42.121923499999994,-19.613734,0.38432334692678416,0.8160405134500286
2013.03.15_22:00:00_TAI,11698,2543,3187362.25,8.179368e+21,49.021114,36.512451,-16.608099,-22.577993,3513.708252,42.7667825,-19.593046,0.40867129596783136,0.8235996747948483
2013.03.15_23:00:00_TAI,11698,2543,3325510.5,8.80531e+21,49.906406,37.010376,-16.577744,-22.584284,3592.873535,43.458391,-19.581014,0.43994565950553943,0.8421557120801665
2013.03.16_00:00:00_TAI,11698,2543,3371909.0,9.557705e+21,50.698975,37.528946,-16.503624,-22.583179,3669.941162,44.1139605,-19.5434015,0.4775380798159738,0.8602200668820434
2013.03.16_01:00:00_TAI,11698,2543,3551984.75,1.033977e+22,51.492207,38.061455,-16.431076,-22.583975,3742.922363,44.776831,-19.5075255,0.5166129224054112,0.8773265791758642
2013.03.16_02:00:00_TAI,11698,2543,3691139.75,1.075698e+22,52.281998,38.567467,-16.332155,-22.577492,3844.361328,45.424732500000005,-19.4548235,0.5374582678392809,0.9011034816941572
2013.03.16_03:00:00_TAI,11698,2543,3922318.25,1.169016e+22,53.123791,39.068031,-16.186878,-22.557724,3969.215332,46.095911,-19.372301,0.5840833713890002,0.9303687791282013
2013.03.16_04:00:00_TAI,11698,2543,4067418.5,1.272198e+22,53.830479,39.583637,-16.12639,-22.541689,4029.350586,46.707058,-19.334039500000003,0.6356368919795308,0.9444642509448823
2013.03.16_05:00:00_TAI,11698,2543,4260076.5,1.284491e+22,54.617359,40.078575,-16.070356,-22.593555,4101.274414,47.347967,-19.3319555,0.6417789267202743,0.9613229190819091
2013.03.16_06:00:00_TAI,11698,2543,4457288.0,1.312035e+22,55.378113,40.614296,-16.053989,-22.63518,4150.775391,47.996204500000005,-19.3445845,0.6555409217498878,0.9729257573471582
2013.03.16_09:00:00_TAI,11698,2543,4728909.5,1.601359e+22,57.599403,42.226643,-16.076626,-22.616203,4164.708496,49.913023,-19.3464145,0.8000978288784053,0.9761916234703205
2013.03.16_10:00:00_TAI,11698,2543,4805876.5,1.46535e+22,58.325546,42.705811,-16.072945,-22.612705,4224.022461,50.5156785,-19.342824999999998,0.7321427322336661,0.9900945883100981
2013.03.16_11:00:00_TAI,11698,2543,4855237.5,1.512638e+22,58.970474,43.221928,-16.054611,-22.598768,4242.031738,51.096201,-19.3266895,0.7557695555331274,0.9943158934432286
2013.03.16_12:00:00_TAI,11698,2543,4898100.5,1.604758e+22,59.65303,43.72863,-16.044426,-22.605946,4255.956543,51.690830000000005,-19.325186000000002,0.8017960942394878,0.9975798140783736
2013.03.16_13:00:00_TAI,11698,2543,4950694.0,1.605271e+22,60.32634,44.231392,-16.045866,-22.640949,4262.38916,52.278866,-19.343407499999998,0.8020524078994571,0.9990875947161838
2013.03.16_14:00:00_TAI,11698,2543,4956111.0,1.652432e+22,60.973068,44.729282,-16.04859,-22.649738,4266.281738,52.851175,-19.349164000000002,0.8256157773298811,1.0
2013.03.16_15:00:00_TAI,11698,2543,4921943.0,1.633035e+22,61.610348,45.217896,-16.062464,-22.660252,4255.27002,53.414122000000006,-19.361358,0.8159243230171664,0.9974188957325725
2013.03.16_16:00:00_TAI,11698,2543,4842958.0,1.64305e+22,62.306812,45.722145,-16.070988,-22.670797,4253.340332,54.014478499999996,-19.3708925,0.8209281852093527,0.9969665843010952
2013.03.16_17:00:00_TAI,11698,2543,4764416.5,1.709906e+22,62.944618,46.210228,-16.082352,-22.71806,4239.628418,54.577422999999996,-19.400206,0.8543319007081851,0.9937525644960113
2013.03.16_18:00:00_TAI,11698,2543,4692771.0,1.728397e+22,63.581745,46.704472,-16.09549,-22.740334,4217.346191,55.1431085,-19.417912,0.86357068411265,0.9885296963479631
2013.03.16_19:00:00_TAI,11698,2543,4632944.5,1.737174e+22,64.194626,47.216827,-16.107954,-22.799578,4194.804688,55.7057265,-19.453766,0.8679559959909146,0.9832460549045907
2013.03.16_20:00:00_TAI,11698,2543,4531053.5,1.700238e+22,64.789452,47.74445,-16.113472,-22.840796,4168.390625,56.266951,-19.477134,0.8495014124731319,0.977054700319466
2013.03.16_21:00:00_TAI,11698,2543,4496307.0,1.803514e+22,65.398338,48.271065,-16.095646,-22.854836,4156.726562,56.834701499999994,-19.475240999999997,0.9011018989194856,0.9743206888977383
2013.03.16_22:00:00_TAI,11698,2543,4438925.5,1.878919e+22,66.012306,48.780487,-15.896448,-22.885929,4176.708984,57.396396499999994,-19.3911885,0.9387770091143738,0.9790044916156918
2013.03.16_23:00:00_TAI,11698,2543,4361155.0,1.918866e+22,66.63472,49.308586,-15.808888,-22.899975,4181.283691,57.971653,-19.3544315,0.9587359989287787,0.9800767853086406
2013.03.17_00:00:00_TAI,11698,2543,4283236.0,1.944224e+22,67.29232,49.823624,-15.77603,-22.915586,4185.453613,58.55797200000001,-19.345808,0.9714057879921295,0.9810541989573591
2013.03.17_01:00:00_TAI,11698,2543,4267351.0,1.97645e+22,67.946709,50.329666,-15.720042,-22.921106,4176.240723,59.1381875,-19.320574,0.9875070823511307,0.9788947330416555
2013.03.17_02:00:00_TAI,11698,2543,4248336.5,2.001454e+22,68.60498,50.860981,-15.691213,-22.978697,4187.01123,59.7329805,-19.334955,1.0,0.9814192983801485
2013.11.01_00:00:00_TAI,11889,3336,19830.699219,3.788554e+19,-55.459949,-56.329021,-20.881277,-21.299856,13.686292,-55.894485,-21.0905665,0.0041369962308390245,0.002040858935650986
2013.11.01_01:00:00_TAI,11889,3336,57663.601562,3.336991e+20,-54.671577,-56.213726,-20.744907,-21.498262,42.362549,-55.4426515,-21.1215845,0.036439019186063466,0.00631697662621861
2013.11.01_02:00:00_TAI,11889,3336,77425.101562,4.958407e+20,-53.886208,-55.94376,-20.701773,-21.646173,70.177391,-54.914984000000004,-21.173973,0.054144433654544286,0.010464642687955444
2013.11.01_03:00:00_TAI,11889,3336,98160.5,5.430084e+20,-53.060863,-55.753738,-20.655903,-21.793749,110.125954,-54.4073005,-21.224826,0.05929501609621849,0.0164216529406204
2013.11.01_04:00:00_TAI,11889,3336,111328.5,6.120873e+20,-52.354515,-55.421745,-20.612383,-21.924511,144.878555,-53.888130000000004,-21.268447000000002,0.06683824100288488,0.021603856877812695
2013.11.01_05:00:00_TAI,11889,3336,118871.5,6.568956e+20,-51.726791,-54.881039,-20.579124,-21.963375,161.779633,-53.303915,-21.2712495,0.07173118348728143,0.02412409508831078
2013.11.01_06:00:00_TAI,11889,3336,128932.101562,7.079809e+20,-51.007931,-54.311256,-20.533585,-21.999151,179.456009,-52.6595935,-21.266368,0.07730955701848305,0.026759943418123315
2013.11.01_07:00:00_TAI,11889,3336,127303.5,6.74747e+20,-50.398525,-53.764221,-20.504515,-22.00078,188.461136,-52.081373,-21.252647500000002,0.07368050701586779,0.0281027610274964
2013.11.01_08:00:00_TAI,11889,3336,128242.796875,5.956224e+20,-49.840435,-53.228954,-20.478523,-21.999243,195.37944,-51.5346945,-21.238883,0.06504031944122464,0.02913439783152995
2013.11.01_09:00:00_TAI,11889,3336,130150.296875,5.119505e+20,-49.306664,-52.673958,-20.452881,-21.974264,199.952957,-50.990311,-21.2135725,0.0559035792779027,0.029816387009957656
2013.11.01_10:00:00_TAI,11889,3336,131243.0,4.808931e+20,-48.760201,-52.126743,-20.451681,-21.96504,201.83577,-50.443472,-21.208360499999998,0.05251219705820464,0.030097146454167223
2013.11.01_11:00:00_TAI,11889,3336,132877.203125,4.721231e+20,-48.241657,-51.554363,-20.453884,-21.934801,197.563904,-49.89801,-21.194342499999998,0.051554537303468186,0.02946013857080454
2013.11.01_15:00:00_TAI,11889,3336,128768.898438,4.538919e+20,-46.236649,-49.199371,-20.45919,-21.875126,174.43158,-47.71801,-21.167158,0.049563740664864846,0.026010715590659605
2013.11.01_16:00:00_TAI,11889,3336,121781.703125,4.885718e+20,-45.66127,-48.554726,-20.423077,-21.839502,170.692627,-47.107998,-21.1312895,0.05335068986991443,0.025453174100237723
2013.11.01_17:00:00_TAI,11889,3336,124135.0,4.928896e+20,-45.074089,-47.972698,-20.393059,-21.872475,184.182861,-46.5233935,-21.132767,0.05382218169306164,0.027464797453219142
2013.11.01_18:00:00_TAI,11889,3336,120971.796875,4.402393e+20,-44.498306,-47.494873,-20.372475,-21.912769,199.409027,-45.9965895,-21.142622000000003,0.048072914488409314,0.02973527779492201
2013.11.01_19:00:00_TAI,11889,3336,122110.796875,4.018472e+20,-43.931305,-46.976761,-20.379017,-21.91556,203.908035,-45.454033,-21.147288500000002,0.04388060330598998,0.030406156414080895
2013.11.01_20:00:00_TAI,11889,3336,122652.796875,3.724582e+20,-43.33564,-46.418468,-20.375225,-21.917849,209.712372,-44.877054,-21.146537000000002,0.04067140575388625,0.031271681790273335
2013.11.01_21:00:00_TAI,11889,3336,123798.398438,3.669284e+20,-42.683174,-45.921818,-20.341478,-21.913206,225.822922,-44.302496000000005,-21.127342,0.040067566881395754,0.03367403882940066
2013.11.01_22:00:00_TAI,11889,3336,173758.5,4.818573e+20,-36.853024,-45.408165,-14.279229,-21.89398,273.449005,-41.1305945,-18.0866045,0.052617485032607936,0.04077589790566511
2013.11.01_23:00:00_TAI,11889,3336,195057.5,5.461116e+20,-36.274548,-44.855614,-14.254727,-21.890965,300.395813,-40.565081000000006,-18.072846000000002,0.0596338769572103,0.044794125333084564
2013.11.02_00:00:00_TAI,11889,3336,217620.296875,5.835437e+20,-35.699665,-44.288254,-14.112472,-21.872051,319.906647,-39.9939595,-17.992261499999998,0.06372135879361515,0.04770352255410711
2013.11.02_01:00:00_TAI,11889,3336,247787.703125,6.242735e+20,-35.092419,-43.702797,-14.091361,-21.850332,345.654144,-39.397608,-17.9708465,0.06816894035330329,0.05154291231161754
2013.11.02_02:00:00_TAI,11889,3336,273182.5,6.675299e+20,-34.415627,-43.09227,-13.923326,-21.82732,388.11615,-38.7539485,-17.875323,0.07289241964803328,0.05787471966826066
2013.11.02_03:00:00_TAI,11889,3336,312460.3125,6.307811e+20,-33.543205,-42.569073,-13.506398,-21.837551,491.545624,-38.056139,-17.6719745,0.06887955228259894,0.0732978135363866
2013.11.02_04:00:00_TAI,11889,3336,338133.3125,5.997452e+20,-32.900822,-42.026115,-13.258687,-21.846167,557.909729,-37.4634685,-17.552427,0.06549051780346267,0.08319383041924504
2013.11.02_05:00:00_TAI,11889,3336,219544.796875,6.033029e+20,-32.326756,-34.752872,-13.242043,-15.362478,304.684692,-33.53981400000001,-14.3022605,0.06587900880795822,0.045433670144131695
2013.11.02_06:00:00_TAI,11889,3336,350194.09375,6.177044e+20,-31.638115,-40.897251,-13.225574,-21.836988,587.890808,-36.267683,-17.531281,0.06745161279402856,0.08766451926452236
2013.11.02_07:00:00_TAI,11889,3336,230504.40625,6.630948e+20,-31.000696,-33.827511,-13.20943,-15.35589,347.45517,-32.4141035,-14.28266,0.07240811898916992,0.05181147592296237
2013.11.02_08:00:00_TAI,11889,3336,365559.40625,6.291647e+20,-30.339224,-39.70647,-13.189525,-21.790897,622.901733,-35.022847,-17.490211000000002,0.06870304587124708,0.09288524370410443
2013.11.02_09:00:00_TAI,11889,3336,232019.296875,5.289801e+20,-29.767151,-32.757446,-13.205112,-15.29721,377.014343,-31.2622985,-14.251161,0.05776316451841126,0.05621925140718434
2013.11.02_10:00:00_TAI,11889,3336,240252.90625,4.810701e+20,-29.195457,-32.20792,-13.216562,-18.770687,393.248535,-30.701688500000003,-15.9936245,0.05253152496887606,0.05864004557161352
2013.11.02_11:00:00_TAI,11889,3336,544276.375,9.077906e+20,-28.371868,-32.430424,-13.229142,-19.490284,824.745789,-30.401146,-16.359713,0.09912822387093062,0.12298362574181325
2013.11.02_12:00:00_TAI,11889,3336,637867.375,9.944491e+20,-27.629206,-32.120365,-13.216619,-19.601778,945.896423,-29.8747855,-16.4091985,0.10859109249759302,0.14104924599590998
2013.11.02_13:00:00_TAI,11889,3336,737185.625,1.093789e+21,-26.758972,-31.780464,-13.226441,-19.738218,1104.136963,-29.269717999999997,-16.4823295,0.11943873494565964,0.16464560211933899
2013.11.02_14:00:00_TAI,11889,3336,833393.6875,1.214153e+21,-26.102262,-31.35556,-13.242436,-19.839436,1185.328613,-28.728911,-16.540936,0.13258215099116694,0.17675265817241365
2013.11.02_15:00:00_TAI,11889,3336,946526.3125,1.588798e+21,-25.347317,-30.994802,-13.281054,-19.98831,1316.966675,-28.1710595,-16.634681999999998,0.17349234925949533,0.19638213232834123
2013.11.02_16:00:00_TAI,11889,3336,1050971.125,1.741407e+21,-24.486731,-30.826462,-13.32045,-20.194683,1532.606934,-27.6565965,-16.7575665,0.19015683016149942,0.22853776290134398
2013.11.02_17:00:00_TAI,11889,3336,1226628.75,1.951965e+21,-23.491259,-30.486382,-13.398493,-20.239382,1719.266235,-26.9888205,-16.8189375,0.21314918165953808,0.2563718396818348
2013.11.02_18:00:00_TAI,11889,3336,1378945.875,2.020893e+21,-22.619051,-30.019672,-13.475336,-20.393507,1894.458496,-26.3193615,-16.9344215,0.22067592870337782,0.2824959857484794
2013.11.02_19:00:00_TAI,11889,3336,1506444.25,2.127665e+21,-21.777851,-29.532509,-13.514076,-20.558731,2046.518677,-25.65518,-17.0364035,0.23233513592489677,0.30517074521952947
2013.11.02_20:00:00_TAI,11889,3336,1732747.25,2.637457e+21,-20.895472,-29.375278,-13.523166,-20.74291,2353.565918,-25.135375000000003,-17.133038,0.28800301297012004,0.3509567116055916
2013.11.02_21:00:00_TAI,11889,3336,2022967.75,3.256577e+21,-20.009577,-29.134903,-13.511767,-20.964935,2772.488525,-24.57224,-17.238351,0.3556092053706258,0.4134251980182852
2013.11.02_22:00:00_TAI,11889,3336,2277315.0,3.683483e+21,-19.220583,-28.768631,-13.526474,-21.174465,3123.163818,-23.994607000000002,-17.350469500000003,0.402226160359853,0.4657168490535749
2013.11.02_23:00:00_TAI,11889,3336,2445441.25,3.823023e+21,-18.467272,-29.840071,-13.517238,-21.463633,3249.449951,-24.1536715,-17.4904355,0.41746354259199947,0.48454825956139247
2013.11.03_00:00:00_TAI,11889,3336,2562777.5,4.191357e+21,-17.778425,-29.398113,-13.538029,-21.589903,3365.794678,-23.588268999999997,-17.563966,0.45768459710751813,0.5018972373351989
2013.11.03_01:00:00_TAI,11889,3336,2678862.25,4.220513e+21,-17.085178,-28.883636,-13.55965,-21.743767,3511.278564,-22.984406999999997,-17.651708499999998,0.4608683517037663,0.5235913593615541
2013.11.03_02:00:00_TAI,11889,3336,2751352.5,4.224233e+21,-16.429787,-28.36989,-13.559532,-21.869343,3616.933838,-22.3998385,-17.714437500000003,0.46127456541957235,0.5393463578696638
2013.11.03_03:00:00_TAI,11889,3336,2877479.25,4.479819e+21,-15.771845,-27.859459,-13.585375,-21.991516,3723.658936,-21.815652,-17.7884455,0.48918385003463194,0.5552608853334594
2013.11.03_04:00:00_TAI,11889,3336,3042419.5,4.578364e+21,-15.088548,-27.339006,-13.632499,-22.113861,3933.580322,-21.213777,-17.873179999999998,0.49994469160025384,0.5865637346663788
2013.11.03_05:00:00_TAI,11889,3336,3205538.0,4.680861e+21,-14.413944,-26.800777,-13.659101,-22.135361,4081.69043,-20.6073605,-17.897230999999998,0.511137080640302,0.6086494710639387
2013.11.03_06:00:00_TAI,11889,3336,3298833.5,4.770721e+21,-13.780358,-26.257545,-13.715502,-22.125151,4178.018555,-20.0189515,-17.9203265,0.5209495442161991,0.6230136330050076
2013.11.03_07:00:00_TAI,11889,3336,3367492.25,4.782933e+21,-13.130733,-25.716896,-13.766226,-22.112032,4270.213867,-19.4238145,-17.939129,0.5222830608552917,0.6367615222302507
2013.11.03_08:00:00_TAI,11889,3336,3481761.25,5.108302e+21,-12.451172,-25.173149,-13.785761,-22.12925,4397.758789,-18.812160499999997,-17.9575055,0.5578124561504852,0.6557806395894746
2013.11.03_09:00:00_TAI,11889,3336,3555155.0,5.227946e+21,-11.806944,-24.627134,-13.780446,-22.115665,4539.827148,-18.217039,-17.9480555,0.5708772501864816,0.6769654484433573
2013.11.03_10:00:00_TAI,11889,3336,3578440.0,5.070298e+21,-11.192465,-24.091444,-13.803455,-22.072664,4617.505371,-17.6419545,-17.9380595,0.553662524415137,0.6885485927687187
2013.11.03_11:00:00_TAI,11889,3336,3638370.75,4.942439e+21,-10.579892,-23.560764,-13.826019,-22.056574,4712.436035,-17.070328,-17.9412965,0.5397006750900687,0.7027043695044247
2013.11.03_12:00:00_TAI,11889,3336,3669931.0,4.830088e+21,-10.003138,-23.019239,-13.913131,-22.006351,4739.375488,-16.5111885,-17.959741,0.5274322564920759,0.7067215001762386
2013.11.03_13:00:00_TAI,11889,3336,3688011.25,4.847382e+21,-9.422776,-22.458982,-14.000756,-21.960241,4724.876953,-15.940878999999999,-17.9804985,0.5293207134816327,0.7045595219933533
2013.11.03_14:00:00_TAI,11889,3336,3751786.0,5.025375e+21,-8.779703,-21.867992,-14.337135,-21.943085,4750.515625,-15.3238475,-18.14011,0.5487570570078364,0.7083826840922931
2013.11.03_15:00:00_TAI,11889,3336,3786925.5,5.106831e+21,-8.143622,-21.29961,-14.392141,-21.924181,4820.019531,-14.721616000000001,-18.158161,0.5576518270171651,0.7187468987110333
2013.11.03_16:00:00_TAI,11889,3336,3847415.75,5.071862e+21,-7.566748,-20.716984,-14.472889,-21.84848,4843.768555,-14.141866,-18.1606845,0.5538333088913522,0.7222882821510029
2013.11.03_17:00:00_TAI,11889,3336,3891928.5,5.00823e+21,-6.992786,-20.135906,-14.465405,-21.766188,4861.438965,-13.564345999999999,-18.115796500000002,0.5468848704063589,0.7249232408487363
2013.11.03_18:00:00_TAI,11889,3336,3919790.0,4.938745e+21,-6.421044,-19.518763,-14.488008,-21.517519,4885.287109,-12.969903500000001,-18.0027635,0.5392973005023837,0.7284794047666981
2013.11.03_19:00:00_TAI,11889,3336,3983958.5,5.010421e+21,-5.785858,-18.902952,-14.514468,-21.471474,4892.080078,-12.344405,-17.992971,0.54712412154919,0.7294923519903326
2013.11.03_20:00:00_TAI,11889,3336,4013429.25,5.283349e+21,-5.21547,-18.040087,-14.570802,-21.47868,4876.385742,-11.6277785,-18.024741,0.576927104621107,0.727152059538242
2013.11.03_21:00:00_TAI,11889,3336,4035531.0,5.224199e+21,-4.643947,-17.527964,-14.595513,-21.508066,4906.799805,-11.0859555,-18.051789499999998,0.5704680881453188,0.7316873136628069
2013.11.03_22:00:00_TAI,11889,3336,4090875.5,5.192363e+21,-4.071903,-17.03229,-14.624253,-21.634186,4982.202637,-10.5520965,-18.129219499999998,0.5669916849581136,0.7429311584865613
2013.11.03_23:00:00_TAI,11889,3336,4166476.75,5.211654e+21,-3.474108,-16.584303,-14.682561,-21.666859,5052.090332,-10.0292055,-18.174709999999997,0.5690982088268275,0.7533526025733016
2013.11.04_00:00:00_TAI,11889,3336,4253775.5,5.324601e+21,-2.901001,-16.085335,-14.839536,-21.734459,5094.611816,-9.493168,-18.286997500000002,0.5814317089771375,0.759693279111442
2013.11.04_01:00:00_TAI,11889,3336,4406845.5,5.592472e+21,-2.272358,-15.704937,-14.816758,-21.866684,5226.336914,-8.988647499999999,-18.341721,0.6106824816294761,0.7793357318154179
2013.11.04_02:00:00_TAI,11889,3336,4546889.0,5.729137e+21,-1.669811,-15.206848,-14.628039,-21.901094,5368.748047,-8.4383295,-18.2645665,0.6256059218097564,0.8005716541031516
2013.11.04_03:00:00_TAI,11889,3336,4663786.0,5.908845e+21,-1.10179,-14.681751,-14.599332,-21.94249,5454.431152,-7.8917705,-18.270910999999998,0.6452295385947254,0.8133484624946116
2013.11.04_04:00:00_TAI,11889,3336,4798834.5,6.185657e+21,-0.532206,-14.122897,-14.573345,-22.014307,5538.381348,-7.3275515,-18.293826,0.6754566437290593,0.8258668646780701
2013.11.04_05:00:00_TAI,11889,3336,4915785.5,6.109437e+21,0.06851,-13.616151,-14.544771,-22.019945,5627.703125,-6.7738205,-18.282358000000002,0.6671336304444514,0.8391862609571116
2013.11.04_06:00:00_TAI,11889,3336,5035617.5,6.134099e+21,0.667632,-13.091896,-14.546385,-22.055111,5686.944824,-6.212132,-18.300748,0.6698266526646692,0.8480202059560417
2013.11.04_07:00:00_TAI,11889,3336,5069016.5,6.259424e+21,1.237421,-12.549462,-14.54953,-22.06068,5734.848633,-5.6560205,-18.305105,0.6835117961951533,0.8551634787029162
2013.11.04_08:00:00_TAI,11889,3336,5089932.0,6.119044e+21,1.778233,-12.028287,-14.519107,-22.097904,5815.341797,-5.125027,-18.3085055,0.6681826882852442,0.8671663786124184
2013.11.04_09:00:00_TAI,11889,3336,5135983.0,6.294931e+21,2.345868,-11.538521,-14.517536,-22.065771,5881.850586,-4.5963265,-18.291653500000002,0.6873890624336286,0.8770839703406947
2013.11.04_10:00:00_TAI,11889,3336,5211505.0,6.401969e+21,2.887542,-11.159116,-14.488618,-22.070011,6052.850586,-4.135787,-18.2793145,0.6990773161197724,0.9025829789835265
2013.11.04_11:00:00_TAI,11889,3336,5271054.5,6.411541e+21,3.455762,-10.669202,-14.48841,-22.071079,6107.662598,-3.60672,-18.2797445,0.7001225520573251,0.9107563823035206
2013.11.04_12:00:00_TAI,11889,3336,5274985.0,6.343943e+21,3.996086,-10.15,-14.488569,-22.07279,6155.867188,-3.076957,-18.2806795,0.6927410373366096,0.917944506613662
2013.11.04_13:00:00_TAI,11889,3336,5292105.5,6.345214e+21,4.562412,-9.627601,-14.486154,-22.071766,6171.24707,-2.5325945,-18.27896,0.6928798270228433,0.9202379086256137
2013.11.04_14:00:00_TAI,11889,3336,5327158.0,6.401897e+21,5.108046,-9.07949,-14.487206,-22.041542,6158.346191,-1.985722,-18.264374,0.6990694539188214,0.9183141681278292
2013.11.04_15:00:00_TAI,11889,3336,5408583.0,6.384092e+21,5.651481,-8.507593,-14.516282,-22.040712,6180.057617,-1.4280559999999998,-18.278497,0.6971251971419589,0.9215517110472574
2013.11.04_16:00:00_TAI,11889,3336,5462771.5,6.413459e+21,6.220717,-7.949162,-14.515252,-22.043688,6186.703613,-0.8642225000000003,-18.27947,0.7003319923548832,0.9225427420966387
2013.11.04_17:00:00_TAI,11889,3336,5497616.0,6.567067e+21,6.762631,-7.36953,-14.515214,-22.045559,6219.663086,-0.30344950000000015,-18.2803865,0.7171055612950836,0.927457560148628
2013.11.04_18:00:00_TAI,11889,3336,5506492.0,6.529991e+21,7.303767,-6.769068,-14.579968,-22.017925,6213.374512,0.2673494999999999,-18.2989465,0.713056964594216,0.9265198267990545
2013.11.04_19:00:00_TAI,11889,3336,5537198.5,6.855788e+21,7.822182,-6.182051,-14.643143,-22.020878,6198.833496,0.8200654999999997,-18.3320105,0.7486330963061743,0.9243515139764841
2013.11.04_20:00:00_TAI,11889,3336,5518304.5,6.925367e+21,8.359588,-5.582204,-14.710169,-22.027712,6208.906738,1.3886920000000003,-18.3689405,0.75623093075028,0.9258536057005736
2013.11.04_21:00:00_TAI,11889,3336,5479268.5,6.714668e+21,8.898853,-5.001918,-14.776047,-22.034069,6210.32959,1.9484675000000005,-18.405058,0.7332231824420455,0.9260657771359274
2013.11.04_22:00:00_TAI,11889,3336,5477885.5,6.721503e+21,9.417795,-4.425393,-14.780515,-22.038363,6227.553223,2.496201,-18.409439,0.7339695455462215,0.9286341137834593
2013.11.04_23:00:00_TAI,11889,3336,5478324.5,6.670488e+21,9.957536,-3.849876,-14.788541,-22.018703,6252.194336,3.0538299999999996,-18.403622,0.7283988485806707,0.9323085228674124
2013.11.05_00:00:00_TAI,11889,3336,5552776.5,6.794013e+21,10.476876,-3.269832,-14.829478,-22.03335,6271.637695,3.6035220000000003,-18.431414,0.7418874370873778,0.9352078584182117
2013.11.05_01:00:00_TAI,11889,3336,5642168.0,6.869956e+21,11.010154,-2.700833,-14.838436,-22.139048,6287.276855,4.1546605,-18.488742,0.7501802027377713,0.9375399231901803
2013.11.05_02:00:00_TAI,11889,3336,5671710.5,6.870269e+21,11.535393,-2.175374,-14.879483,-22.146492,6292.058105,4.6800095,-18.5129875,0.7502143814724614,0.9382528888923648
2013.11.05_03:00:00_TAI,11889,3336,5702161.5,6.875759e+21,12.048812,-1.611461,-14.893064,-22.190865,6302.298828,5.2186755,-18.5419645,0.7508138742949817,0.9397799548823405
2013.11.05_04:00:00_TAI,11889,3336,5750643.0,7.12002e+21,12.566247,-1.068469,-14.934914,-22.299419,6335.723633,5.748889,-18.6171665,0.7774865002187766,0.9447641618506443
2013.11.05_05:00:00_TAI,11889,3336,5802936.5,7.101762e+21,13.099,-0.534152,-14.977859,-22.408855,6382.72998,6.282424,-18.693357,0.7754927770942638,0.9517736077478429
2013.11.05_06:00:00_TAI,11889,3336,5834323.5,6.895309e+21,13.658198,-0.026349,-14.989698,-22.514732,6416.429199,6.8159245,-18.752215,0.7529486802476725,0.9567987345112211
2013.11.05_07:00:00_TAI,11889,3336,5828864.0,6.817661e+21,14.240859,0.507718,-15.031939,-22.491264,6450.993652,7.3742885000000005,-18.7616015,0.7444697333108679,0.9619528823812898
2013.11.05_08:00:00_TAI,11889,3336,5808446.0,6.644063e+21,14.79767,1.044265,-15.042509,-22.563955,6497.764648,7.9209675,-18.803232,0.7255133116343868,0.9689272334411603
2013.11.05_09:00:00_TAI,11889,3336,5781657.0,6.549588e+21,15.351975,1.579407,-15.053568,-22.538286,6497.895996,8.465691,-18.795927,0.715196902816972,0.9689468196621382
2013.11.05_10:00:00_TAI,11889,3336,5802904.0,6.783099e+21,15.900048,2.115008,-15.119968,-22.5427,6497.05957,9.007528,-18.831334,0.7406956584598756,0.9688220943182605
2013.11.05_11:00:00_TAI,11889,3336,5828001.0,6.906133e+21,16.449148,2.650357,-15.162023,-22.550846,6526.984863,9.5497525,-18.8564345,0.7541306311239858,0.9732844645220398
2013.11.05_12:00:00_TAI,11889,3336,5814681.5,6.886905e+21,16.983938,3.185057,-15.203211,-22.555943,6547.027344,10.0844975,-18.879576999999998,0.752030986681104,0.9762731393538691
2013.11.05_13:00:00_TAI,11889,3336,5868710.5,7.15689e+21,17.576212,3.720882,-15.210686,-22.557608,6553.19043,10.648547,-18.884147,0.7815126022891454,0.9771921603081409
2013.11.05_14:00:00_TAI,11889,3336,5913573.0,7.215099e+21,18.143414,4.28159,-15.246749,-22.530146,6555.924805,11.212502,-18.888447499999998,0.7878688641663921,0.9775999021312857
2013.11.05_15:00:00_TAI,11889,3336,5968745.0,7.348376e+21,18.706385,4.819543,-15.256186,-22.503012,6562.960938,11.762964,-18.879599,0.8024223441130297,0.9786491092434443
2013.11.05_16:00:00_TAI,11889,3336,6044335.5,7.507383e+21,19.261698,5.368013,-15.105335,-22.51016,6656.694336,12.3148555,-18.807747499999998,0.8197854689273261,0.992626353253526
2013.11.05_17:00:00_TAI,11889,3336,6107966.0,7.594731e+21,19.803255,5.897065,-15.08227,-22.515867,6685.350586,12.850159999999999,-18.7990685,0.8293236290478186,0.9968994875600824
2013.11.05_18:00:00_TAI,11889,3336,6137936.0,7.753567e+21,20.345602,6.427179,-15.089005,-22.520414,6701.186035,13.3863905,-18.8047095,0.8466680811348564,0.9992608223607498
2013.11.05_19:00:00_TAI,11889,3336,6067748.0,7.937369e+21,20.879021,6.96041,-15.071554,-22.528286,6706.143066,13.9197155,-18.79992,0.866738751401683,1.0
2013.11.05_20:00:00_TAI,11889,3336,6019632.5,7.982139e+21,21.420036,7.501763,-15.081316,-22.535763,6695.171875,14.4608995,-18.8085395,0.8716275116319625,0.9983640088062506
2013.11.05_21:00:00_TAI,11889,3336,5997185.5,7.948016e+21,21.960939,8.047829,-15.065425,-22.546055,6684.0625,15.004384,-18.80574,0.867901374367325,0.9967074120276456
2013.11.05_22:00:00_TAI,11889,3336,5970378.5,7.795768e+21,22.500257,8.615664,-15.080577,-22.526953,6673.05957,15.5579605,-18.803765,0.8512763136673117,0.9950666880091282
2013.11.05_23:00:00_TAI,11889,3336,5882331.0,7.771329e+21,23.067825,9.171385,-15.094987,-22.5382,6647.094727,16.119605,-18.8165935,0.848607642430595,0.9911948882660476
2013.11.06_00:00:00_TAI,11889,3336,5840712.5,7.692602e+21,23.667473,9.73659,-15.111728,-22.520382,6622.410156,16.7020315,-18.816055,0.8400108716767597,0.987513998855091
2013.11.06_01:00:00_TAI,11889,3336,5789503.5,7.631239e+21,24.222939,10.30421,-15.130495,-22.503706,6597.976074,17.2635745,-18.817100500000002,0.8333102017189611,0.9838704616147538
2013.11.06_02:00:00_TAI,11889,3336,5777917.0,7.740964e+21,24.782722,10.845609,-15.156586,-22.485641,6584.396484,17.8141655,-18.821113500000003,0.84529186837671,0.9818455137622619
2013.11.06_03:00:00_TAI,11889,3336,5738276.5,7.885219e+21,25.402605,11.390443,-15.192556,-22.473534,6576.328613,18.396524,-18.833045,0.8610441155739172,0.9806424569648452
2013.11.06_04:00:00_TAI,11889,3336,5702347.0,8.087615e+21,25.990755,11.92262,-15.218334,-22.465961,6569.040039,18.9566875,-18.8421475,0.8831451992363619,0.9795556066056645
2013.11.06_05:00:00_TAI,11889,3336,5690230.0,8.306968e+21,26.548027,12.458465,-15.295019,-22.45178,6549.32959,19.503246,-18.873399499999998,0.9070979404200229,0.9766164433927692
2013.11.06_06:00:00_TAI,11889,3336,5704436.5,7.862056e+21,27.096712,12.991234,-15.408443,-22.437845,6510.410645,20.043973,-18.923144,0.8585147800096116,0.9708129666973019
2013.11.06_07:00:00_TAI,11889,3336,5711875.0,7.795031e+21,27.644911,13.482115,-15.453688,-22.418587,6468.591309,20.563513,-18.9361375,0.8511958353047984,0.9645769923692231
2013.11.06_08:00:00_TAI,11889,3336,5706028.0,8.038259e+21,28.183828,14.032573,-15.441449,-22.397346,6428.341309,21.1082005,-18.9193975,0.8777556604843925,0.9585750327325332
2013.11.06_09:00:00_TAI,11889,3336,5656450.5,8.036387e+21,28.722864,14.511356,-15.432989,-22.381077,6420.680176,21.61711,-18.907033,0.8775512432596642,0.9574326274893701
2013.11.06_10:00:00_TAI,11889,3336,5578662.5,8.152954e+21,29.264591,15.00563,-15.421544,-22.335962,6399.381348,22.1351105,-18.878753,0.8902800374022372,0.9542566099498719
2013.11.06_11:00:00_TAI,11889,3336,5545972.5,8.109706e+21,29.818869,15.554842,-15.435518,-22.310087,6361.233887,22.6868555,-18.8728025,0.8855574753642848,0.9485681746414446
2013.11.06_12:00:00_TAI,11889,3336,5532985.5,8.073821e+21,30.421587,16.099154,-15.452781,-22.277985,6322.901855,23.2603705,-18.865383,0.8816389325708164,0.9428522166574369
2013.11.06_13:00:00_TAI,11889,3336,5501149.0,8.17038e+21,30.980776,16.633039,-15.468022,-22.258688,6263.891602,23.8069075,-18.863355,0.8921829084268709,0.9340527841939124
2013.11.06_14:00:00_TAI,11889,3336,5444913.5,8.188625e+21,31.558607,17.187836,-15.484343,-22.24288,6204.777344,24.3732215,-18.8636115,0.8941752119873231,0.9252378428158038
2013.11.06_15:00:00_TAI,11889,3336,5364681.5,8.160581e+21,32.117012,17.744837,-15.525496,-22.249392,6155.925781,24.930924500000003,-18.887444000000002,0.8911128847168751,0.9179532438266058
2013.11.06_16:00:00_TAI,11889,3336,5332233.0,8.204153e+21,32.658295,18.305719,-15.542187,-22.252666,6115.716797,25.482007000000003,-18.8974265,0.8958708266591073,0.911957400373182
2013.11.06_17:00:00_TAI,11889,3336,5287682.5,8.225231e+21,33.206852,18.867222,-15.565269,-22.269274,6090.95752,26.037036999999998,-18.9172715,0.8981724859875377,0.9082653710269056
2013.11.06_18:00:00_TAI,11889,3336,5202240.0,8.788878e+21,33.761456,19.421413,-15.58537,-22.279587,6062.23584,26.591434500000002,-18.9324785,0.9597211801469381,0.9039824799944106
2013.11.06_20:00:00_TAI,11889,3336,5061212.0,8.793627e+21,34.871796,20.556713,-15.593399,-22.296164,5989.79834,27.714254500000003,-18.9447815,0.9602397578180034,0.8931808166109889
2013.11.06_21:00:00_TAI,11889,3336,4987073.0,8.629035e+21,35.424721,21.126713,-15.5894,-22.317844,5947.195801,28.275717,-18.953622,0.9422667664438206,0.8868280533936346
2013.11.06_22:00:00_TAI,11889,3336,4874410.0,8.183311e+21,36.012585,21.702261,-15.579206,-22.335716,5898.299805,28.857423,-18.957461000000002,0.8935949378782387,0.8795368286883488
2013.11.06_23:00:00_TAI,11889,3336,4780345.0,8.147281e+21,36.601547,22.275143,-15.59307,-22.362963,5845.534668,29.438344999999998,-18.978016500000003,0.8896605614856328,0.8716686492473945
2013.11.07_00:00:00_TAI,11889,3336,4725115.0,8.205567e+21,37.151291,22.855862,-15.589607,-22.357841,5781.057617,30.0035765,-18.973724,0.8960252315500079,0.8620540242139834
2013.11.07_01:00:00_TAI,11889,3336,4663022.0,8.189651e+21,37.712543,23.406208,-15.610989,-22.352608,5708.965332,30.559375499999998,-18.9817985,0.8942872483508761,0.8513038382590331
2013.11.07_02:00:00_TAI,11889,3336,4594678.5,8.318799e+21,38.288754,23.959433,-15.620003,-22.346951,5652.122559,31.1240935,-18.983477,0.9083898529124159,0.8428276139314921
2013.11.07_03:00:00_TAI,11889,3336,4516143.5,8.525207e+21,38.863022,24.515419,-15.635252,-22.335953,5622.99707,31.6892205,-18.9856025,0.9309290358834127,0.8384845081084646
2013.11.07_04:00:00_TAI,11889,3336,4474045.5,8.923116e+21,39.428917,25.080397,-15.651516,-22.30312,5577.591797,32.254657,-18.977318,0.9743795986368254,0.8317138095783059
2013.11.07_05:00:00_TAI,11889,3336,4413445.5,9.157741e+21,39.975952,25.63092,-15.659866,-22.300503,5533.223145,32.803436,-18.9801845,1.0,0.8250976888717632
2013.11.07_06:00:00_TAI,11889,3336,4311969.5,8.838225e+21,40.52919,26.183357,-15.665158,-22.30942,5479.816406,33.3562735,-18.987289,0.9651097361237887,0.8171338356592108
2013.11.07_07:00:00_TAI,11889,3336,4236481.5,8.202234e+21,41.094513,26.741152,-15.660006,-22.302658,5441.19043,33.9178325,-18.981332000000002,0.8956612771643139,0.8113740456249312
2013.12.07_05:00:00_TAI,11927,3474,5020.0,4.250288e+19,-56.397125,-56.949768,-23.503277,-23.795042,6.487724,-56.6734465,-23.6491595,0.025621987359872294,0.0026734861882112297
2013.12.07_06:00:00_TAI,11927,3474,108311.898438,6.545015e+20,-54.741215,-57.299377,-22.989717,-24.416227,131.635162,-56.020296,-23.702972,0.3945527728948593,0.05424472241574206
2013.12.07_07:00:00_TAI,11927,3474,120833.601562,6.696597e+20,-54.131363,-56.884697,-22.960709,-24.419552,147.682877,-55.508030000000005,-23.690130500000002,0.40369058211622066,0.06085772636055385
2013.12.07_08:00:00_TAI,11927,3474,128548.5,7.322488e+20,-53.543098,-56.347889,-22.896284,-24.452124,163.2995,-54.9454935,-23.674204000000003,0.4414211342356484,0.06729308426064359
2013.12.07_09:00:00_TAI,11927,3474,131429.796875,7.220307e+20,-52.982929,-55.825172,-22.866587,-24.454468,168.582596,-54.4040505,-23.6605275,0.4352613627321194,0.06947016272251928
2013.12.07_10:00:00_TAI,11927,3474,134702.203125,6.682102e+20,-52.415424,-55.254257,-22.869785,-24.425262,171.216354,-53.8348405,-23.6475235,0.4028167808425626,0.07055549182038023
2013.12.07_11:00:00_TAI,11927,3474,178548.703125,7.717965e+20,-51.707275,-54.925407,-22.708221,-24.587414,233.074295,-53.316341,-23.647817500000002,0.4652616520902508,0.09604614939069074
2013.12.07_12:00:00_TAI,11927,3474,219101.09375,9.312865e+20,-50.971867,-54.579937,-22.611237,-24.71734,291.934082,-52.775902,-23.664288499999998,0.561406919517447,0.12030131616189661
2013.12.07_13:00:00_TAI,11927,3474,232648.40625,9.5918e+20,-50.340549,-54.156731,-22.580038,-24.718185,318.439606,-52.24864,-23.649111499999997,0.5782219425093619,0.13122381414813977
2013.12.07_14:00:00_TAI,11927,3474,239137.40625,9.986055e+20,-49.727951,-53.598377,-22.577538,-24.748194,332.651825,-51.663163999999995,-23.662866,0.6019887946063643,0.13708043986161542
2013.12.07_15:00:00_TAI,11927,3474,241236.0,1.060879e+21,-49.159531,-53.051155,-22.577557,-24.748064,337.909119,-51.105343000000005,-23.6628105,0.6395290937544459,0.139246885736373
2013.12.07_16:00:00_TAI,11927,3474,241323.90625,1.077285e+21,-48.614109,-52.511539,-22.575842,-24.77886,343.937958,-50.562824,-23.677351,0.6494191135513646,0.141731272833828
2013.12.07_17:00:00_TAI,11927,3474,261830.59375,1.122478e+21,-48.073719,-51.966763,-22.609228,-24.943628,384.0896,-50.020241,-23.776428000000003,0.6766627844450713,0.15827711546230636
2013.12.07_18:00:00_TAI,11927,3474,264068.3125,1.097495e+21,-47.540375,-51.44199,-22.61174,-24.978783,394.566711,-49.491182499999994,-23.795261500000002,0.6616022965390356,0.1625945635459264
2013.12.07_19:00:00_TAI,11927,3474,299958.90625,1.109694e+21,-46.914642,-51.093086,-22.613104,-25.242012,460.745087,-49.003864,-23.927557999999998,0.6689562128807772,0.18986560254115026
2013.12.07_20:00:00_TAI,11927,3474,299870.0,1.006166e+21,-46.27306,-50.583923,-22.615217,-25.27692,478.658569,-48.4284915,-23.946068500000003,0.6065464865894563,0.19724745890707618
2013.12.07_21:00:00_TAI,11927,3474,304975.8125,9.94666e+20,-45.714722,-50.080086,-22.62166,-25.2833,483.448425,-47.897404,-23.95248,0.5996139480264568,0.19922128113803433
2013.12.07_22:00:00_TAI,11927,3474,319290.90625,1.086211e+21,-45.163254,-49.545135,-22.65904,-25.354185,490.039734,-47.354194500000006,-24.006612500000003,0.6547999691351326,0.2019374530303239
2013.12.07_23:00:00_TAI,11927,3474,347308.59375,1.2356e+21,-44.629589,-48.986763,-22.695871,-25.555952,536.988403,-46.808176,-24.1259115,0.7448560563862545,0.22128424061351956
2013.12.08_00:00:00_TAI,11927,3474,350492.0,1.278718e+21,-43.998909,-48.419781,-22.76458,-25.560423,546.414795,-46.209345,-24.162501499999998,0.7708488561914201,0.2251687043818095
2013.12.08_01:00:00_TAI,11927,3474,372313.40625,1.326859e+21,-43.277725,-48.184162,-22.740526,-25.568689,610.453369,-45.730943499999995,-24.154607499999997,0.7998696682750156,0.25155796556211596
2013.12.08_02:00:00_TAI,11927,3474,389647.3125,1.303338e+21,-42.628773,-47.961731,-22.718134,-25.578741,671.003845,-45.295252000000005,-24.1484375,0.7856905170106411,0.27650983794072137
2013.12.08_03:00:00_TAI,11927,3474,411002.8125,1.206007e+21,-42.060246,-47.547466,-22.657862,-25.615812,733.601135,-44.803855999999996,-24.136837,0.7270165247606163,0.3023051692825684
2013.12.08_04:00:00_TAI,11927,3474,426297.90625,1.131622e+21,-41.471291,-47.078335,-22.604322,-25.593937,761.805481,-44.274813,-24.0991295,0.6821750568468162,0.3139277243540435
2013.12.08_05:00:00_TAI,11927,3474,436408.90625,1.069675e+21,-40.914352,-46.562145,-22.577459,-25.697695,793.16217,-43.7382485,-24.137577,0.6448315815109799,0.3268493090191024
2013.12.08_06:00:00_TAI,11927,3474,445637.3125,1.081374e+21,-40.366203,-46.034348,-22.582365,-25.735748,827.227844,-43.200275500000004,-24.1590565,0.6518840831325912,0.3408872226126996
2013.12.08_07:00:00_TAI,11927,3474,500018.90625,1.286175e+21,-39.810837,-45.662685,-20.675659,-25.776224,934.067078,-42.736761,-23.225941499999998,0.7753441553274448,0.3849139439186719
2013.12.08_08:00:00_TAI,11927,3474,607835.8125,1.592342e+21,-39.242168,-45.196735,-20.236729,-25.813324,1120.674683,-42.2194515,-23.025026500000003,0.9599106365637757,0.46181192148101524
2013.12.08_09:00:00_TAI,11927,3474,648094.625,1.658844e+21,-38.67432,-44.669117,-20.175365,-26.04565,1236.668701,-41.6717185,-23.110507499999997,1.0,0.5096111812889426
2013.12.08_10:00:00_TAI,11927,3474,660653.875,1.572167e+21,-38.121674,-44.121403,-20.147203,-26.048815,1279.154907,-41.1215385,-23.098009,0.9477485526065138,0.5271190600042666
2013.12.08_11:00:00_TAI,11927,3474,676204.3125,1.45831e+21,-37.55331,-43.559612,-20.053509,-26.016558,1329.628418,-40.556461,-23.035033499999997,0.879112201026739,0.5479183779976071
2013.08.17_07:00:00_TAI,11824,3097,291484.0,3.323584e+20,3.456751,0.583005,-14.100323,-15.741189,328.709686,2.0198780000000003,-14.920756,0.056030082007355285,0.08021052088403803
2013.08.17_08:00:00_TAI,11824,3097,438853.3125,4.448757e+20,4.36939,0.803439,-13.876422,-15.843431,480.43396,2.5864145,-14.8599265,0.07499862183137115,0.11723371662975911
2013.08.17_09:00:00_TAI,11824,3097,602460.375,6.87887e+20,5.416372,0.900465,-13.553959,-16.044807,771.595337,3.1584185,-14.799382999999999,0.11596627322129847,0.18828183813380195
2013.08.17_10:00:00_TAI,11824,3097,725665.625,8.750303e+20,6.392939,1.120344,-13.329954,-16.149494,1019.06427,3.7566415,-14.739724,0.1475155117725946,0.24866829117719388
2013.08.17_11:00:00_TAI,11824,3097,890056.5,1.178738e+21,7.0936,1.436636,-13.204613,-16.188007,1161.362305,4.265118,-14.69631,0.19871556369625668,0.2833913309726354
2013.08.17_12:00:00_TAI,11824,3097,1087117.125,1.493e+21,8.012062,1.65733,-12.98688,-16.293364,1436.439819,4.834696,-14.640122,0.25169489453849053,0.35051472776060305
2013.08.17_13:00:00_TAI,11824,3097,1243666.75,1.723723e+21,8.838277,2.00188,-12.887808,-16.330997,1628.24646,5.4200785,-14.6094025,0.2905909435355462,0.39731867433985807
2013.08.17_14:00:00_TAI,11824,3097,1425258.75,2.092957e+21,9.569378,2.34625,-12.795115,-16.397018,1789.086426,5.957814,-14.5960665,0.3528376365630244,0.4365662475063846
2013.08.17_15:00:00_TAI,11824,3097,1640838.625,2.44084e+21,10.241923,2.724058,-12.645701,-16.403961,1940.076294,6.4829905,-14.524830999999999,0.41148490715695185,0.4734102362183331
2013.08.17_16:00:00_TAI,11824,3097,1823749.0,2.800093e+21,11.131707,3.10246,-12.551627,-16.408817,2114.453613,7.117083500000001,-14.480222,0.4720489700823614,0.5159611441564462
2013.08.17_17:00:00_TAI,11824,3097,2002886.625,3.049569e+21,11.839979,3.477282,-12.484751,-16.417395,2274.685547,7.6586305,-14.451073,0.5141064620514735,0.5550603476049165
2013.08.17_18:00:00_TAI,11824,3097,2122004.0,3.352368e+21,12.574915,3.94961,-12.458398,-16.451406,2365.980225,8.2622625,-14.454902,0.5651533223136037,0.5773377370102306
2013.08.17_19:00:00_TAI,11824,3097,2322787.25,3.737378e+21,13.291001,4.389076,-12.435035,-16.458069,2471.027588,8.8400385,-14.446551999999999,0.6300595857739281,0.6029710057047364
2013.08.17_20:00:00_TAI,11824,3097,2484157.0,4.094516e+21,13.973898,4.802331,-12.371498,-16.494436,2602.357422,9.3881145,-14.432967000000001,0.6902670949806845,0.6350176256901123
2013.08.17_21:00:00_TAI,11824,3097,2631637.25,4.372471e+21,14.647082,5.177356,-12.338408,-16.503212,2729.647949,9.912219,-14.42081,0.7371256712777013,0.6660785889325332
2013.08.17_22:00:00_TAI,11824,3097,2721679.0,4.572336e+21,15.300141,5.593488,-12.293629,-16.568735,2832.352051,10.4468145,-14.431182,0.7708195762321122,0.6911400637512198
2013.08.17_23:00:00_TAI,11824,3097,2818034.0,4.763179e+21,15.898522,6.128411,-12.277781,-16.579737,2898.957031,11.0134665,-14.428759,0.8029925224869072,0.7073927644375967
2013.08.18_00:00:00_TAI,11824,3097,2907670.0,4.99743e+21,16.582426,6.629618,-12.209038,-16.590708,2999.77124,11.606022000000001,-14.399873,0.8424833334316736,0.7319930745617172
2013.08.18_01:00:00_TAI,11824,3097,3001975.5,5.204673e+21,17.274202,7.072756,-12.168928,-16.601406,3100.118408,12.173479,-14.385167,0.8774210461100662,0.7564794190697341
2013.08.18_02:00:00_TAI,11824,3097,3085705.25,5.353927e+21,17.900698,7.549981,-12.106151,-16.61351,3193.835938,12.725339499999999,-14.359830500000001,0.9025827807312639,0.7793480238520876
2013.08.18_03:00:00_TAI,11824,3097,3168724.5,5.417429e+21,18.55019,8.057955,-12.049602,-16.628252,3273.20752,13.3040725,-14.338927,0.9132881586234161,0.7987159835039066
2013.08.18_04:00:00_TAI,11824,3097,3293314.5,5.625919e+21,19.154554,8.591407,-12.011538,-16.622978,3335.351562,13.8729805,-14.317257999999999,0.9484360946999933,0.8138801426113432
2013.08.18_05:00:00_TAI,11824,3097,3441816.0,5.854384e+21,19.787209,9.040694,-11.943289,-16.627535,3435.897949,14.4139515,-14.285412,0.9869514825638489,0.8384150998023464
2013.08.18_06:00:00_TAI,11824,3097,3530548.5,5.931785e+21,20.389662,9.540793,-11.903216,-16.641535,3523.242188,14.965227500000001,-14.2723755,1.0,0.8597285177051274
2013.08.18_07:00:00_TAI,11824,3097,3567307.0,5.907061e+21,21.060213,10.023007,-11.851014,-16.659801,3615.674805,15.54161,-14.2554075,0.9958319460331081,0.8822835827732276
2013.08.18_08:00:00_TAI,11824,3097,3596997.25,5.810006e+21,21.673822,10.52206,-11.829316,-16.681198,3679.786133,16.097941,-14.255257,0.979470092054921,0.897927791728626
2013.06.03_23:00:00_TAI,11765,2825,16588.300781,3.389577e+19,-47.250862,-47.980427,8.905627,8.532358,16.103245,-47.6156445,8.7189925,0.0027124058841746174,0.0024383091689891057
2013.06.04_00:00:00_TAI,11765,2825,29964.099609,5.18973e+19,-46.549759,-47.522514,8.909566,8.380932,31.485685,-47.0361365,8.645249,0.004152923562225475,0.004767476022839045
2013.06.04_01:00:00_TAI,11765,2825,43875.0,8.329235e+19,-45.869381,-47.076958,8.974882,8.291563,50.03854,-46.4731695,8.633222499999999,0.006665216935527109,0.007576698416053914
2013.06.04_02:00:00_TAI,11765,2825,50478.0,1.096557e+20,-45.191635,-46.632629,8.982685,8.175099,72.124702,-45.912132,8.578892,0.00877486382263293,0.01092092445946186
2013.06.04_03:00:00_TAI,11765,2825,64241.0,1.409687e+20,-44.523182,-46.19276,9.018868,8.056169,101.092667,-45.357971,8.537518500000001,0.01128059139427859,0.015307174228775778
2013.06.04_04:00:00_TAI,11765,2825,67184.101562,1.741392e+20,-43.861752,-45.75452,9.023714,7.967847,123.638924,-44.808136000000005,8.4957805,0.013934959752956212,0.01872106659453714
2013.06.04_05:00:00_TAI,11765,2825,74325.5,1.856748e+20,-43.219318,-45.318089,9.059532,7.942005,143.01767,-44.2687035,8.5007685,0.014858061051952655,0.021655343136644706
2013.06.04_06:00:00_TAI,11765,2825,83820.796875,2.057206e+20,-42.587078,-44.879879,9.093058,7.974779,157.507187,-43.733478500000004,8.533918499999999,0.016462165218135857,0.02384930604010444
2013.06.04_08:00:00_TAI,11765,2825,100382.703125,2.261492e+20,-41.392925,-43.805298,9.130325,7.950514,172.628632,-42.5991115,8.540419499999999,0.018096901789851134,0.026138953747250705
2013.06.04_13:00:00_TAI,11765,2825,96861.203125,1.995742e+20,-38.644638,-40.945831,9.130975,8.013565,160.090759,-39.7952345,8.57227,0.015970318255329262,0.02424050342276511
2013.06.04_15:00:00_TAI,11765,2825,82636.601562,1.72072e+20,-37.643433,-39.887745,9.159108,8.196907,128.397919,-38.765589000000006,8.6780075,0.013769538361326347,0.019441660558280054
2013.06.04_16:00:00_TAI,11765,2825,84508.296875,1.614652e+20,-37.247833,-39.494377,9.221077,8.259441,139.700134,-38.371105,8.740259,0.012920761456943784,0.021153010939174478
2013.06.04_17:00:00_TAI,11765,2825,106703.398438,2.123051e+20,-36.661274,-39.059711,9.313708,8.228205,169.732269,-37.8604925,8.7709565,0.016989069800753327,0.025700394409699744
2013.06.04_18:00:00_TAI,11765,2825,113046.898438,2.219049e+20,-36.077724,-38.578178,9.37558,8.166996,193.794281,-37.327951,8.771287999999998,0.017757264593404428,0.02934379823817816
2013.06.04_19:00:00_TAI,11765,2825,181955.796875,3.357983e+20,-34.833355,-38.023273,9.406682,8.135808,248.802322,-36.428314,8.771245,0.0268712374675611,0.037672964858845526
2013.06.04_20:00:00_TAI,11765,2825,183202.59375,3.264872e+20,-34.231239,-37.438461,9.381215,8.110328,253.060806,-35.83485,8.7457715,0.026126145014191894,0.038317772820420565
2013.06.04_21:00:00_TAI,11765,2825,312237.3125,5.605693e+20,-33.006405,-36.856167,9.569689,7.959607,378.476654,-34.931286,8.764648000000001,0.04485785299486179,0.05730789637098096
2013.06.04_22:00:00_TAI,11765,2825,358621.0,6.821152e+20,-32.198925,-36.278114,9.667703,7.902822,450.257172,-34.2385195,8.7852625,0.05458419390280693,0.06817670543363806
2013.06.04_23:00:00_TAI,11765,2825,402159.59375,7.543102e+20,-31.324577,-35.705746,9.676435,7.818662,514.270874,-33.5151615,8.7475485,0.06036137916244218,0.07786948453049315
2013.06.05_00:00:00_TAI,11765,2825,457125.59375,8.029444e+20,-30.457928,-35.168407,9.804002,7.730438,615.13916,-32.8131675,8.76722,0.06425318307343535,0.09314268360397276
2013.06.05_01:00:00_TAI,11765,2825,519344.3125,8.627637e+20,-29.71343,-34.606018,9.903999,7.675969,684.622437,-32.159724,8.789984,0.06904004058713711,0.10366365073826836
2013.06.05_02:00:00_TAI,11765,2825,609408.6875,9.942112e+20,-28.863325,-34.122334,10.066792,7.560047,833.325867,-31.4928295,8.8134195,0.07955872691466538,0.12617991605182036
2013.06.05_03:00:00_TAI,11765,2825,698690.0,1.151054e+21,-28.157495,-33.566719,10.137013,7.506407,909.262878,-30.862107,8.82171,0.0921095948728331,0.13767808987870597
2013.06.05_04:00:00_TAI,11765,2825,798972.6875,1.343667e+21,-27.316916,-33.09058,10.207633,7.391105,1044.960938,-30.203748,8.799368999999999,0.10752286427395677,0.1582251177548908
2013.06.05_05:00:00_TAI,11765,2825,856722.375,1.318404e+21,-26.592821,-32.540234,10.27626,7.366742,1115.383789,-29.5665275,8.821501000000001,0.10550126954836406,0.1688883526059816
2013.06.05_06:00:00_TAI,11765,2825,921401.125,1.311944e+21,-25.903322,-31.993494,10.468941,7.311635,1223.180908,-28.948408,8.890288,0.10498432769952075,0.18521069655891217
2013.06.05_07:00:00_TAI,11765,2825,943668.3125,1.366936e+21,-25.255507,-31.45116,10.502479,7.283295,1272.73877,-28.3533335,8.892887,0.10938489521524707,0.19271461203123447
2013.06.05_08:00:00_TAI,11765,2825,1007869.1875,1.412761e+21,-24.649309,-30.908922,10.694491,7.288811,1367.450439,-27.7791155,8.991651,0.11305190144175563,0.2070555930529454
2013.06.05_09:00:00_TAI,11765,2825,1083959.625,1.58073e+21,-23.890364,-30.33271,10.727976,7.291029,1443.838501,-27.111537,9.0095025,0.12649310970930422,0.21862206378452206
2013.06.05_10:00:00_TAI,11765,2825,1181682.25,1.775894e+21,-23.047302,-29.907734,10.822914,7.230803,1602.76062,-26.477518,9.0268585,0.1421105151253504,0.24268561494535193
2013.06.05_11:00:00_TAI,11765,2825,1267981.25,1.907012e+21,-22.280523,-29.370003,10.918263,7.201981,1722.716919,-25.825263,9.060122,0.15260283421770932,0.2608490685678795
2013.06.05_12:00:00_TAI,11765,2825,1342231.875,2.059753e+21,-21.582613,-28.836206,10.982485,7.204126,1802.257202,-25.2094095,9.0933055,0.16482546810844895,0.27289283995326724
2013.06.05_13:00:00_TAI,11765,2825,1434114.0,2.161032e+21,-20.884867,-28.27426,11.013575,7.173372,1867.196411,-24.5795635,9.0934735,0.1729300119952915,0.28272575678037876
2013.06.05_14:00:00_TAI,11765,2825,1540335.625,2.322714e+21,-20.216108,-27.861366,11.107166,7.081484,2014.234253,-24.038736999999998,9.094325,0.18586812221273516,0.3049898233295104
2013.06.05_15:00:00_TAI,11765,2825,1671488.75,2.350605e+21,-19.428654,-27.335846,11.169193,7.019847,2124.331787,-23.38225,9.09452,0.18810001464401832,0.3216604898091728
2013.06.05_16:00:00_TAI,11765,2825,1793751.25,2.497273e+21,-18.675474,-26.815666,11.170506,6.897982,2281.596924,-22.74557,9.034244,0.19983667518367038,0.3454731453024865
2013.06.05_17:00:00_TAI,11765,2825,1931434.25,2.616187e+21,-18.051058,-26.265802,11.23133,6.835246,2390.543213,-22.158430000000003,9.033287999999999,0.20935240630028878,0.36196949342338
2013.06.05_18:00:00_TAI,11765,2825,2071086.875,2.822398e+21,-17.404097,-25.767984,11.236778,6.779299,2481.44458,-21.5860405,9.0080385,0.22585381428664023,0.3757335289720997
2013.06.05_19:00:00_TAI,11765,2825,2175779.0,2.971234e+21,-16.693975,-25.292961,11.269215,6.749881,2592.754883,-20.993468,9.009548,0.23776396243129116,0.3925878296057829
2013.06.05_20:00:00_TAI,11765,2825,2320589.5,3.255295e+21,-16.046724,-24.882893,11.274427,6.724257,2716.970215,-20.4648085,8.999341999999999,0.26049507984991077,0.411396174317959
2013.06.05_21:00:00_TAI,11765,2825,2455170.5,3.507418e+21,-15.342674,-24.372721,11.373184,6.698751,2847.680176,-19.8576975,9.0359675,0.280670455973119,0.4311879179314051
2013.06.05_22:00:00_TAI,11765,2825,2625559.5,3.791313e+21,-14.63714,-23.864546,11.411457,6.705865,2945.345459,-19.250843,9.058661,0.3033882897467065,0.4459761270799846
2013.06.05_23:00:00_TAI,11765,2825,2785682.0,3.968174e+21,-13.90386,-23.333923,11.480885,6.712788,3069.592041,-18.6188915,9.0968365,0.3175410532650159,0.4647892035814075
2013.06.06_00:00:00_TAI,11765,2825,2908192.0,3.981074e+21,-13.236496,-22.828266,11.521798,6.660886,3182.122803,-18.032381,9.091342000000001,0.3185733365235421,0.48182830276780947
2013.06.06_01:00:00_TAI,11765,2825,3032077.25,4.163774e+21,-12.604858,-22.290356,11.655587,6.639038,3292.088623,-17.447606999999998,9.1473125,0.3331933482547611,0.49847902547502815
2013.06.06_02:00:00_TAI,11765,2825,3146990.5,4.276246e+21,-11.881005,-21.761795,11.697804,6.61909,3417.114014,-16.8214,9.158446999999999,0.34219357791778066,0.5174100270981015
2013.06.06_03:00:00_TAI,11765,2825,3259890.75,4.394478e+21,-11.251974,-21.256868,11.738667,6.597826,3504.738281,-16.254421,9.1682465,0.35165473405902575,0.5306778531575106
2013.06.06_04:00:00_TAI,11765,2825,3397984.0,4.619331e+21,-10.621833,-20.724628,11.80969,6.575479,3591.348145,-15.673230499999999,9.192584499999999,0.3696479113868845,0.5437920810982827
2013.06.06_05:00:00_TAI,11765,2825,3547778.0,4.856995e+21,-9.939051,-20.238953,11.877744,6.580941,3713.302246,-15.089001999999999,9.2293425,0.3886662500190052,0.5622580364174823
2013.06.06_06:00:00_TAI,11765,2825,3675583.75,4.869589e+21,-9.312737,-19.744993,11.916318,6.557468,3811.112061,-14.528865,9.236893,0.3896740465583756,0.5770681302048914
2013.06.06_07:00:00_TAI,11765,2825,3779966.0,4.801817e+21,-8.690359,-19.191256,11.987059,6.504293,3902.951416,-13.9408075,9.245676,0.38425079841908616,0.5909741933226386
2013.06.06_08:00:00_TAI,11765,2825,3878805.5,4.919198e+21,-8.035035,-18.701172,12.02211,6.508135,4009.808838,-13.3681035,9.2651225,0.3936438558740518,0.6071542509344515
2013.06.06_09:00:00_TAI,11765,2825,3929551.5,4.935825e+21,-7.443747,-18.184792,12.05641,6.511235,4085.070068,-12.814269500000002,9.2838225,0.3949743809701382,0.6185500998567276
2013.06.06_10:00:00_TAI,11765,2825,3945785.0,4.951161e+21,-6.822008,-17.662838,12.059441,6.483833,4135.142578,-12.242423,9.271637,0.3962015977184139,0.6261319419169644
2013.06.06_11:00:00_TAI,11765,2825,3979713.25,4.874302e+21,-6.259568,-17.141895,12.093078,6.486394,4181.176758,-11.7007315,9.289736,0.39005119004654876,0.6331023111301817
2013.06.06_12:00:00_TAI,11765,2825,4033392.0,4.93258e+21,-5.668427,-16.617386,12.095281,6.458132,4220.823242,-11.1429065,9.2767065,0.3947147097163462,0.6391054729435541
2013.06.06_13:00:00_TAI,11765,2825,4090532.5,4.907417e+21,-5.079913,-16.044716,12.126797,6.458543,4266.85791,-10.562314500000001,9.29267,0.392701117186556,0.6460759160483922
2013.06.06_14:00:00_TAI,11765,2825,4292437.5,5.169356e+21,-4.460862,-15.561297,12.221936,6.42942,4365.298828,-10.0110795,9.325678,0.41366198884974037,0.6609815697202518
2013.06.06_15:00:00_TAI,11765,2825,4465436.5,5.403503e+21,-3.871237,-15.071549,12.253181,6.42959,4462.691895,-9.471392999999999,9.3413855,0.43239889025548606,0.6757285606690991
2013.06.06_16:00:00_TAI,11765,2825,4601760.0,5.651911e+21,-3.252687,-14.558932,12.317304,6.43142,4539.620117,-8.9058095,9.374362,0.4522769848046304,0.6873768209456229
2013.06.06_17:00:00_TAI,11765,2825,4717715.0,5.918912e+21,-2.633471,-14.013979,12.350018,6.433018,4586.405762,-8.323725,9.391518,0.47364292761933874,0.6944609749270453
2013.06.06_18:00:00_TAI,11765,2825,4806476.0,6.022787e+21,-2.013931,-13.474105,12.322304,6.4058,4660.063965,-7.744018,9.364052000000001,0.4819552085092149,0.7056140978998474
2013.06.06_19:00:00_TAI,11765,2825,4914239.0,6.184471e+21,-1.394478,-12.988428,12.356585,6.408845,4720.976074,-7.191453,9.382715000000001,0.4948934787705746,0.7148372422957231
2013.06.06_20:00:00_TAI,11765,2825,4986633.0,6.434703e+21,-0.775023,-12.45438,12.363157,6.354089,4786.219238,-6.614701500000001,9.358623,0.514917533371157,0.7247161831548518
2013.06.06_21:00:00_TAI,11765,2825,5076886.0,6.330345e+21,-0.15799,-11.950603,12.369384,6.329412,4849.98291,-6.0542964999999995,9.349398,0.5065666018755547,0.734371103395214
2013.06.06_22:00:00_TAI,11765,2825,5157945.0,6.433798e+21,0.399681,-11.475174,12.471794,6.307146,4951.582031,-5.537746500000001,9.38947,0.5148451134991441,0.7497549634989096
2013.06.06_23:00:00_TAI,11765,2825,5266899.0,6.658976e+21,0.986499,-10.940547,12.479412,6.314398,5009.128418,-4.977024,9.396905,0.5328642979633611,0.7584684795054223
2013.06.07_00:00:00_TAI,11765,2825,5337315.5,6.808787e+21,1.605612,-10.463766,12.519892,6.292723,5086.657715,-4.4290769999999995,9.4063075,0.5448524675170867,0.7702077529090363
2013.06.07_01:00:00_TAI,11765,2825,5395931.5,6.784158e+21,2.22279,-9.934787,12.53198,6.273615,5164.878906,-3.8559985,9.4027975,0.542881606712882,0.782051791003504
2013.06.07_02:00:00_TAI,11765,2825,5499218.5,6.892895e+21,2.840786,-9.400068,12.572675,6.282794,5204.886719,-3.279641,9.4277345,0.5515829543626771,0.7881096642625336
2013.06.07_03:00:00_TAI,11765,2825,5633439.5,7.091577e+21,3.457953,-8.837237,12.580907,6.290664,5235.803223,-2.689642,9.4357855,0.5674818770270562,0.7927909564602421
2013.06.07_04:00:00_TAI,11765,2825,5738480.0,7.219404e+21,4.04706,-8.308764,12.591207,6.300617,5279.377441,-2.130852,9.445912,0.5777108438555539,0.7993888449778005
2013.06.07_05:00:00_TAI,11765,2825,5878445.0,7.520845e+21,4.663919,-7.810318,12.600522,6.278843,5347.230957,-1.5731994999999999,9.4396825,0.6018327429046529,0.8096630381737029
2013.06.07_06:00:00_TAI,11765,2825,5983772.5,7.755166e+21,5.222391,-7.281435,12.637172,6.284228,5390.697754,-1.029522,9.4607,0.6205835681310952,0.8162446612982153
2013.06.07_07:00:00_TAI,11765,2825,6118256.5,7.759167e+21,5.810812,-6.750885,12.673777,6.289251,5433.043457,-0.47003649999999997,9.481514,0.6209037359851544,0.8226565314456414
2013.06.07_08:00:00_TAI,11765,2825,6267444.0,8.012989e+21,6.370626,-6.192583,12.680223,6.234205,5475.169922,0.08902149999999986,9.457214,0.6412150694150475,0.8290352051767186
2013.06.07_09:00:00_TAI,11765,2825,6392386.0,8.201338e+21,6.990076,-5.692955,12.685002,6.238928,5514.99707,0.6485604999999999,9.461965,0.6562871251871514,0.8350657226372109
2013.06.07_10:00:00_TAI,11765,2825,6585820.5,8.418991e+21,7.581388,-5.165883,12.717327,6.240039,5589.114258,1.2077524999999998,9.478683,0.673704144417228,0.8462883438592123
2013.06.07_11:00:00_TAI,11765,2825,6729934.0,8.500065e+21,8.174994,-4.666052,12.752394,6.213243,5652.515137,1.7544710000000001,9.4828185,0.6801918446421698,0.8558883309790549
2013.06.07_12:00:00_TAI,11765,2825,6924735.5,8.816824e+21,8.765009,-4.170925,12.753347,6.214367,5721.508301,2.2970419999999994,9.483857,0.7055395200443002,0.8663350865478094
2013.06.07_13:00:00_TAI,11765,2825,7030558.0,8.930492e+21,9.329916,-3.703178,12.754277,6.21548,5773.166992,2.8133690000000007,9.4848785,0.7146354559691178,0.8741571037824275
2013.06.07_14:00:00_TAI,11765,2825,7088879.5,8.9748e+21,9.92943,-3.144262,12.755304,6.216701,5819.166504,3.3925840000000003,9.4860025,0.7181810688853021,0.881122223662217
2013.06.07_15:00:00_TAI,11765,2825,7188834.5,9.239432e+21,10.55177,-2.61454,12.724414,6.21722,5866.767578,3.968615,9.470817,0.7393574396814485,0.888329847665201
2013.06.07_16:00:00_TAI,11765,2825,7282264.5,9.42912e+21,11.146518,-2.059747,12.78722,6.156086,5958.154297,4.5433855,9.471653,0.7545366448553483,0.9021673738819064
2013.06.07_17:00:00_TAI,11765,2825,7329726.5,9.467835e+21,11.751584,-1.530704,12.820648,6.158193,6018.014648,5.11044,9.4894205,0.7576346949602971,0.911231263967551
2013.06.07_18:00:00_TAI,11765,2825,7393405.5,9.6049e+21,12.321932,-0.972062,12.821749,6.09789,6057.603516,5.6749350000000005,9.4598195,0.7686029046370323,0.9172257017243074
2013.06.07_19:00:00_TAI,11765,2825,7356773.0,9.808054e+21,12.950061,-0.443593,12.826272,6.071548,6085.538574,6.253234,9.44891,0.7848596854977006,0.9214555515500812
2013.06.07_20:00:00_TAI,11765,2825,7254085.0,9.537308e+21,13.551138,0.113165,12.800577,6.076877,6109.297363,6.8321515,9.438727,0.7631940604501876,0.9250530421839738
2013.06.07_21:00:00_TAI,11765,2825,7184554.5,9.378142e+21,14.130194,0.673111,12.837631,6.05158,6142.630859,7.4016525,9.4446055,0.7504572854791355,0.9301003086778551
2013.06.07_22:00:00_TAI,11765,2825,7089610.5,9.354785e+21,14.706451,1.230719,12.845929,6.059319,6159.862793,7.968585,9.452624,0.7485882126055389,0.932709520837989
2013.06.07_23:00:00_TAI,11765,2825,7037808.0,9.410965e+21,15.285487,1.759937,12.855119,6.037237,6195.602051,8.522712,9.446178,0.7530838462073993,0.9381210612122592
2013.06.08_00:00:00_TAI,11765,2825,6974789.0,9.278985e+21,15.864787,2.318624,12.863465,6.014235,6214.879883,9.0917055,9.43885,0.7425225481872226,0.9410400576334049
2013.06.08_01:00:00_TAI,11765,2825,6987363.5,9.240442e+21,16.441816,2.846287,12.873281,5.931335,6248.962402,9.6440515,9.402308,0.7394382618590541,0.9462007391345525
2013.06.08_02:00:00_TAI,11765,2825,6996372.5,9.261195e+21,17.052225,3.404403,12.884473,5.941626,6266.348145,10.228314,9.4130495,0.7410989575539527,0.9488332406313991
2013.06.08_03:00:00_TAI,11765,2825,6994286.5,9.256746e+21,17.637197,3.901812,12.8932,5.949593,6299.543457,10.7695045,9.4213965,0.7407429398626983,0.953859583683191
2013.06.08_04:00:00_TAI,11765,2825,7133942.5,9.461319e+21,18.22414,4.43184,12.902581,5.927634,6325.799316,11.32799,9.4151075,0.7571132718818042,0.9578351738042744
2013.06.08_05:00:00_TAI,11765,2825,7265712.5,9.635308e+21,18.807392,4.987315,12.940538,5.964319,6324.086914,11.8973535,9.4524285,0.7710362123366652,0.9575758865924364
2013.06.08_06:00:00_TAI,11765,2825,7333209.5,9.912377e+21,19.424313,5.546812,12.948478,5.941123,6359.25,12.4855625,9.4448005,0.7932078162247721,0.9629001845835402
2013.06.08_07:00:00_TAI,11765,2825,7392771.0,1.010591e+22,19.990662,6.047228,12.953606,5.945807,6378.821289,13.018945,9.449706500000001,0.808694705827279,0.9658636154583506
2013.06.08_08:00:00_TAI,11765,2825,7462669.5,9.927696e+21,20.576059,6.573541,12.959085,5.950701,6436.728027,13.5748,9.454893,0.7944336725997613,0.9746316948244441
2013.06.08_09:00:00_TAI,11765,2825,7464939.0,9.930303e+21,21.140516,7.071832,12.963245,5.954661,6469.65918,14.106174000000001,9.458953000000001,0.7946422898443333,0.9796180396453347
2013.06.08_10:00:00_TAI,11765,2825,7439641.0,9.884517e+21,21.707403,7.603946,12.995967,5.955863,6487.23584,14.6556745,9.475915,0.7909784044741878,0.9822794492704262
2013.06.08_11:00:00_TAI,11765,2825,7416472.0,9.831003e+21,22.297888,8.14492,13.059207,5.956714,6501.692383,15.221404,9.5079605,0.7866961094124226,0.9844684193412897
2013.06.08_12:00:00_TAI,11765,2825,7350789.0,9.675524e+21,22.86751,8.703243,13.092221,5.958253,6522.355469,15.7853765,9.525237,0.7742543754006099,0.9875971671218403
2013.06.08_13:00:00_TAI,11765,2825,7355150.0,9.690121e+21,23.442036,9.240208,13.092237,5.958378,6535.050781,16.341122000000002,9.5253075,0.775422455921905,0.9895194564276776
2013.06.08_14:00:00_TAI,11765,2825,7318545.0,9.585163e+21,24.013632,9.777922,13.092292,5.988536,6534.255859,16.895777000000002,9.540414,0.7670235112514874,0.9893990915197828
2013.06.08_15:00:00_TAI,11765,2825,7196577.5,9.527509e+21,24.595999,10.338623,13.092367,5.988574,6539.0625,17.467311,9.5404705,0.7624099252834977,0.9901268999101004
2013.06.08_16:00:00_TAI,11765,2825,7163694.0,9.465017e+21,25.191177,10.881335,13.093481,5.989377,6532.464355,18.036256,9.541429,0.7574091930825819,0.9891278269001685
2013.06.08_17:00:00_TAI,11765,2825,7080505.0,9.427951e+21,25.754286,11.445085,13.123981,5.988465,6520.821289,18.5996855,9.556223,0.7544430991864167,0.9873648657961833
2013.06.08_18:00:00_TAI,11765,2825,7050164.0,9.728199e+21,26.336088,11.989551,13.188787,5.960252,6526.82373,19.1628195,9.5745195,0.7784695320395916,0.9882737389411063
2013.06.08_19:00:00_TAI,11765,2825,6981676.0,9.741208e+21,26.915545,12.5584,13.192445,5.963005,6510.01416,19.7369725,9.577725,0.7795105376915425,0.9857284799788434
2013.06.08_20:00:00_TAI,11765,2825,6933830.0,9.687202e+21,27.490259,13.111232,13.19638,5.966257,6487.472656,20.300745499999998,9.5813185,0.7751888718264291,0.9823153072992994
2013.06.08_21:00:00_TAI,11765,2825,6930029.0,9.766764e+21,28.078421,13.679644,13.265087,5.971208,6511.475098,20.8790325,9.6181475,0.7815555788508366,0.9859496912018438
2013.06.08_22:00:00_TAI,11765,2825,6863984.0,9.830162e+21,28.650898,14.228422,13.273851,5.948742,6527.004883,21.43966,9.6112965,0.7866288109457236,0.9883011686312643
2013.06.08_23:00:00_TAI,11765,2825,6815471.0,9.802432e+21,29.237988,14.778713,13.310002,5.952906,6588.955566,22.0083505,9.631454,0.7844098020496824,0.9976815710522694
2013.06.09_00:00:00_TAI,11765,2825,6797605.0,9.954492e+21,29.812824,15.328761,13.349897,5.96022,6604.26709,22.5707925,9.655058499999999,0.7965779409870067,1.0
2013.06.09_01:00:00_TAI,11765,2825,6795797.5,1.017073e+22,30.381124,15.881012,13.360715,5.969649,6596.004395,23.131068,9.665182000000001,0.8138817291464778,0.9987488853967594
2013.06.09_02:00:00_TAI,11765,2825,6854903.0,1.03766e+22,30.958771,16.439022,13.367927,5.975873,6568.896973,23.6988965,9.6719,0.8303558496451426,0.9946443539429899
2013.06.09_03:00:00_TAI,11765,2825,6878766.0,1.049441e+22,31.54228,16.996374,13.439409,5.983734,6565.127441,24.269327,9.7115715,0.8397832365201011,0.9940735817515217
2013.06.09_04:00:00_TAI,11765,2825,6904125.0,1.068689e+22,32.115368,17.556732,13.446723,5.989928,6544.466309,24.83605,9.7183255,0.8551858630008075,0.9909451298402894
2013.06.09_05:00:00_TAI,11765,2825,6890098.0,1.077437e+22,32.673241,18.121298,13.546583,5.994658,6548.272949,25.3972695,9.7706205,0.862186183888859,0.9915215208232894
2013.06.09_06:00:00_TAI,11765,2825,6941367.0,1.099324e+22,33.231606,18.675549,13.58658,6.002361,6534.900391,25.9535775,9.7944705,0.8797005898418526,0.9894966847865627
2013.06.09_07:00:00_TAI,11765,2825,6981370.5,1.125371e+22,33.788811,19.227474,13.686049,6.006389,6539.773926,26.5081425,9.846219000000001,0.9005439092486979,0.9902346220827964
2013.06.09_08:00:00_TAI,11765,2825,6953775.0,1.111777e+22,34.369606,19.765175,13.781837,6.008096,6556.456055,27.0673905,9.894966499999999,0.889665724274741,0.9927605842785501
2013.06.09_09:00:00_TAI,11765,2825,6908477.5,1.085179e+22,34.928959,20.278881,13.813769,6.03737,6552.32373,27.60392,9.9255695,0.8683814838791765,0.9921348789665622
2013.06.09_10:00:00_TAI,11765,2825,6861715.0,1.08737e+22,35.476765,20.81045,13.816916,6.040189,6513.684082,28.1436075,9.9285525,0.8701347649795103,0.9862841694974513
2013.06.09_11:00:00_TAI,11765,2825,6775160.0,1.097458e+22,36.045605,21.376154,13.816015,6.038657,6485.845703,28.7108795,9.927336,0.8782073801051009,0.9820689585405608
2013.06.09_12:00:00_TAI,11765,2825,6725253.0,1.095836e+22,36.616993,21.907288,13.817258,6.039701,6446.769043,29.2621405,9.9284795,0.8769094239459307,0.9761520779136145
2013.06.09_13:00:00_TAI,11765,2825,6666968.0,1.098843e+22,37.185112,22.452246,13.908601,6.037532,6450.047852,29.818678999999996,9.9730665,0.879315684223751,0.9766485461750154
2013.06.09_14:00:00_TAI,11765,2825,6559693.5,1.093483e+22,37.766327,22.988127,13.93884,6.066549,6418.812988,30.377226999999998,10.0026945,0.8750265072735958,0.9719190487797185
2013.06.09_15:00:00_TAI,11765,2825,6498962.0,1.088261e+22,38.34726,23.537994,13.939214,6.066596,6384.368652,30.942627,10.002905,0.8708477606255156,0.966703581941293
2013.06.09_16:00:00_TAI,11765,2825,6428278.0,1.095898e+22,38.923306,24.106817,13.937508,6.064717,6343.48877,31.515061499999998,10.0011125,0.8769590375599065,0.9605136623873278
2013.06.09_17:00:00_TAI,11765,2825,6366022.5,1.143964e+22,39.510983,24.679949,13.936444,6.063643,6298.780273,32.095466,10.0000435,0.9154223919043385,0.9537440244561641
2013.06.09_18:00:00_TAI,11765,2825,6270755.5,1.168472e+22,40.075809,25.228516,13.936744,6.063492,6290.353516,32.6521625,10.000118,0.9350341733771746,0.9524680680350861
2013.06.09_19:00:00_TAI,11765,2825,6164122.0,1.158972e+22,40.642563,25.755024,13.909277,6.064689,6259.426758,33.1987935,9.986983,0.9274320873647729,0.9477852232048355
2013.06.09_20:00:00_TAI,11765,2825,6066097.0,1.15413e+22,41.23262,26.286964,13.940082,6.063809,6228.624512,33.759792,10.0019455,0.9235574241571888,0.9431212316399518
2013.06.09_21:00:00_TAI,11765,2825,5925735.5,1.131892e+22,41.799107,26.837812,13.947709,6.038766,6201.972168,34.3184595,9.9932375,0.9057621411315265,0.9390856068481628
2013.06.09_22:00:00_TAI,11765,2825,5782896.5,1.111573e+22,42.420918,27.402491,13.98154,6.039777,6171.455078,34.9117045,10.0106585,0.8895024794803694,0.9344647928223023
2013.06.09_23:00:00_TAI,11765,2825,5644058.5,1.094933e+22,42.981117,27.972265,13.988731,6.016272,6118.882812,35.476691,10.0025015,0.8761868256649625,0.9265044445681253
2013.06.10_00:00:00_TAI,11765,2825,5526739.0,1.099506e+22,43.545589,28.540901,13.964561,6.020967,6055.717285,36.043245,9.992764,0.8798462298054587,0.9169400938022935
2013.06.10_01:00:00_TAI,11765,2825,5433752.0,1.100039e+22,44.104156,29.120722,13.970854,6.027393,5981.381348,36.612439,9.9991235,0.8802727468417333,0.905684350206981
2013.06.10_02:00:00_TAI,11765,2825,5359391.0,1.091608e+22,44.662766,29.686279,14.007134,6.031188,5917.989258,37.174522499999995,10.019161,0.8735260955606219,0.8960856938934005
2013.06.10_03:00:00_TAI,11765,2825,5397700.5,1.123498e+22,45.224007,30.241755,14.048338,6.008445,5878.856934,37.732881,10.0283915,0.8990450979748842,0.890160384776322
2013.06.10_04:00:00_TAI,11765,2825,5433606.5,1.144169e+22,45.789932,30.723299,14.115358,6.011531,5870.98291,38.2566155,10.0634445,0.9155864369182903,0.8889681216693494
2013.06.10_05:00:00_TAI,11765,2825,5440574.0,1.185309e+22,46.403355,31.166285,14.182557,6.041971,5873.044922,38.784819999999996,10.112264,0.9485074704498915,0.8892803458680227
2013.06.10_06:00:00_TAI,11765,2825,5405717.0,1.204137e+22,47.0504,31.680283,14.185203,6.045612,5839.398438,39.3653415,10.1154075,0.9635740047068915,0.8841856875900517
2013.06.10_07:00:00_TAI,11765,2825,5411475.5,1.22854e+22,47.671482,32.131229,14.217876,6.046651,5855.409668,39.901355499999994,10.1322635,0.9831017631238012,0.8866100641002391
2013.06.10_08:00:00_TAI,11765,2825,5405330.5,1.249657e+22,48.276867,32.583939,14.221081,6.049584,5845.624512,40.430403,10.1353325,1.0,0.8851284226301636
2013.06.10_09:00:00_TAI,11765,2825,5329755.0,1.207971e+22,48.88348,33.10965,14.192233,6.077311,5825.008789,40.996565000000004,10.134772,0.9666420465775808,0.8820068464251043
2013.06.10_10:00:00_TAI,11765,2825,5237753.0,1.166553e+22,49.464375,33.666416,14.221929,6.075979,5788.390137,41.565395499999994,10.148954,0.9334985520026695,0.8764621506244987
2013.10.09_04:00:00_TAI,11867,3267,6618.0,6.250799e+18,-34.527367,-35.202492,23.289482,22.990286,12.02383,-34.8649295,23.139884000000002,0.0008008856791500883,0.002600603919552153
2013.10.09_05:00:00_TAI,11867,3267,111969.398438,1.446745e+20,-32.968433,-35.637871,23.747902,22.590193,172.378464,-34.303152,23.169047499999998,0.01853646792805199,0.03728330399920655
2013.10.09_06:00:00_TAI,11867,3267,361379.6875,6.142007e+20,-31.811991,-35.844818,24.062384,22.295151,394.786011,-33.8284045,23.1787675,0.07869466683442543,0.08538727240745746
2013.10.09_07:00:00_TAI,11867,3267,403757.1875,6.87445e+20,-30.992998,-35.382622,24.137222,22.226795,470.692017,-33.18781,23.182008500000002,0.08807911687823147,0.1018047913445307
2013.10.09_08:00:00_TAI,11867,3267,441756.8125,7.486664e+20,-30.365425,-34.977825,24.164297,22.117842,531.391296,-32.671625,23.1410695,0.09592312890253736,0.11493328558317094
2013.10.09_09:00:00_TAI,11867,3267,471198.40625,7.246365e+20,-29.794844,-34.565834,24.189388,22.086775,567.84375,-32.180339000000004,23.1380815,0.09284429005627008,0.1228174950862739
2013.10.09_10:00:00_TAI,11867,3267,538548.1875,7.450959e+20,-28.916826,-34.377068,24.249895,21.998249,696.134766,-31.646947,23.124071999999998,0.09546565741490748,0.15056523595194882
2013.10.09_11:00:00_TAI,11867,3267,591401.5,8.068093e+20,-28.132673,-33.949104,24.298876,21.900219,812.181824,-31.0408885,23.0995475,0.10337270710114137,0.17566476196714498
2013.10.09_12:00:00_TAI,11867,3267,610591.375,7.765087e+20,-27.57213,-33.476738,24.321009,21.841454,852.227173,-30.524434,23.0812315,0.09949043275354913,0.1843260696843394
2013.10.09_13:00:00_TAI,11867,3267,617443.1875,8.174382e+20,-27.01494,-33.070274,24.34547,21.801947,897.428711,-30.042606999999997,23.0737085,0.10473453841184555,0.19410259653914239
2013.10.09_14:00:00_TAI,11867,3267,652431.3125,8.366121e+20,-26.302963,-32.669392,24.356052,21.76985,952.877991,-29.4861775,23.062950999999998,0.1071912006598967,0.20609558171144976
2013.10.09_15:00:00_TAI,11867,3267,662184.125,8.457957e+20,-25.708675,-32.169281,24.357176,21.736805,983.956848,-28.938978,23.0469905,0.10836785243242093,0.21281754944796974
2013.10.09_16:00:00_TAI,11867,3267,687747.5,9.738713e+20,-25.08531,-31.629557,24.355682,21.710642,1019.426575,-28.3574335,23.033162,0.12477758083491076,0.2204892074023524
2013.10.09_17:00:00_TAI,11867,3267,696660.375,9.883859e+20,-24.438204,-31.172285,24.381588,21.69968,1079.642578,-27.8052445,23.040634,0.12663726873698405,0.2335131750916464
2013.10.09_23:00:00_TAI,11867,3267,744906.8125,8.913807e+20,-21.026546,-27.825006,24.400785,21.689171,1117.887451,-24.425776,23.044978,0.11420844556044453,0.24178506238767225
2013.10.10_00:00:00_TAI,11867,3267,797616.875,9.29856e+20,-20.04121,-27.239225,24.384375,21.711288,1194.635986,-23.6402175,23.0478315,0.11913810603600987,0.25838480980100775
2013.10.10_01:00:00_TAI,11867,3267,836787.375,9.726806e+20,-19.281557,-26.666342,24.345751,21.7386,1232.746704,-22.9739495,23.0421755,0.12462502200552528,0.26662768104983164
2013.10.10_02:00:00_TAI,11867,3267,846099.3125,9.289334e+20,-18.658466,-26.090015,24.303596,21.677477,1247.353394,-22.3742405,22.990536499999997,0.11901989760736198,0.2697869252561855
2013.10.10_03:00:00_TAI,11867,3267,871151.875,9.728344e+20,-18.080965,-25.44676,24.317709,21.658722,1278.16333,-21.763862500000002,22.988215500000003,0.12464472768114422,0.27645072874664994
2013.10.10_04:00:00_TAI,11867,3267,867476.875,9.388523e+20,-17.529196,-25.035374,24.337341,21.645741,1332.108765,-21.282285,22.991540999999998,0.12029075993438956,0.2881184510699817
2013.10.10_05:00:00_TAI,11867,3267,857123.375,7.902949e+20,-16.983225,-24.498751,24.35075,21.65917,1337.599609,-20.740988,23.00496,0.10125679416589001,0.2893060518950141
2013.10.10_06:00:00_TAI,11867,3267,856427.6875,7.867817e+20,-16.460737,-23.964014,24.363968,21.671146,1338.834229,-20.2123755,23.017557,0.1008066642596188,0.28957308474653953
2013.10.10_07:00:00_TAI,11867,3267,885227.0,7.923293e+20,-15.918987,-23.426414,24.376589,21.680096,1338.699463,-19.6727005,23.0283425,0.10151745233545569,0.2895439365476859
2013.10.10_08:00:00_TAI,11867,3267,904555.6875,8.689237e+20,-15.378623,-22.88158,24.410418,21.673956,1346.421509,-19.1301015,23.042187,0.11133113504435314,0.2912141184360328
2013.10.10_09:00:00_TAI,11867,3267,902547.6875,8.135933e+20,-14.836545,-22.315687,24.424362,21.67799,1345.9375,-18.576116,23.051175999999998,0.1042419093339046,0.29110943334796197
2013.10.10_10:00:00_TAI,11867,3267,886505.0,7.333183e+20,-14.295465,-21.77453,24.439663,21.682682,1345.587402,-18.0349975,23.061172499999998,0.09395664853864093,0.2910337115329474
2013.10.10_11:00:00_TAI,11867,3267,876556.1875,6.647082e+20,-13.755046,-21.239929,24.452234,21.695694,1338.635254,-17.4974875,23.073964,0.08516595689505177,0.2895300489447282
2013.10.10_12:00:00_TAI,11867,3267,874708.6875,6.328313e+20,-13.207571,-20.890081,24.548281,21.708664,1378.224121,-17.048826,23.1284725,0.08108171859116463,0.29809262531937997
2013.10.10_13:00:00_TAI,11867,3267,856871.6875,5.975642e+20,-12.637972,-20.514235,24.593258,21.721092,1404.031494,-16.5761035,23.157175,0.07656310979648828,0.3036744370530077
2013.10.10_14:00:00_TAI,11867,3267,838038.6875,5.850782e+20,-12.093922,-19.986485,24.610199,21.737108,1404.859985,-16.040203499999997,23.1736535,0.07496333693707176,0.30385362928559195
2013.10.10_15:00:00_TAI,11867,3267,837195.625,6.55966e+20,-11.542962,-19.466051,24.622032,21.751205,1404.227295,-15.5045065,23.1866185,0.08404585964280196,0.3037167863583498
2013.10.10_16:00:00_TAI,11867,3267,828726.6875,6.693705e+20,-11.007519,-18.908195,24.634548,21.73564,1401.690186,-14.957857,23.185094,0.08576331561701699,0.30316804144015563
2013.10.10_17:00:00_TAI,11867,3267,821602.5,6.338982e+20,-10.49637,-18.352947,24.645691,21.722271,1397.274536,-14.4246585,23.183981,0.08121841550480483,0.3022129916184789
2013.10.10_18:00:00_TAI,11867,3267,810836.6875,5.744379e+20,-9.995866,-17.789484,24.635454,21.738686,1389.496704,-13.892675,23.18707,0.07360004499761559,0.30053074391663864
2013.10.10_19:00:00_TAI,11867,3267,813443.375,5.819863e+20,-9.470456,-17.201342,24.675432,21.728991,1396.130005,-13.335899000000001,23.2022115,0.07456718623195963,0.3019654438899558
2013.10.10_20:00:00_TAI,11867,3267,796247.8125,5.696213e+20,-8.939606,-16.756262,24.71101,21.715757,1399.746826,-12.847933999999999,23.2133835,0.07298291653736685,0.30274771699835124
2013.10.10_21:00:00_TAI,11867,3267,798936.3125,5.159094e+20,-8.40715,-16.242907,24.726217,21.629763,1413.477783,-12.325028499999998,23.17799,0.06610106167210217,0.30571755111887705
2013.10.10_22:00:00_TAI,11867,3267,812893.375,5.064934e+20,-7.748728,-15.697619,24.739267,21.640896,1420.343872,-11.7231735,23.1900815,0.06489463357308999,0.30720260022264795
2013.10.10_23:00:00_TAI,11867,3267,827120.0,4.683009e+20,-7.089583,-15.149915,24.75074,21.62388,1432.841064,-11.119749,23.18731,0.06000120694060032,0.30990558641744576
2013.10.11_00:00:00_TAI,11867,3267,865226.0,4.909597e+20,-6.335182,-14.574054,24.735897,21.634808,1452.705933,-10.454618,23.1853525,0.06290437314810852,0.3142021089217385
2013.10.11_01:00:00_TAI,11867,3267,874226.6875,5.264404e+20,-5.711211,-13.997638,24.73875,21.643093,1463.918823,-9.8544245,23.1909215,0.0674503495130853,0.3166273166703101
2013.10.11_02:00:00_TAI,11867,3267,878259.5,5.285886e+20,-5.150871,-13.390711,24.716318,21.649668,1470.921753,-9.270791,23.182993,0.06772558834510506,0.31814196276946066
2013.10.11_03:00:00_TAI,11867,3267,876516.6875,5.476141e+20,-4.594659,-12.746909,24.690571,21.65873,1469.732178,-8.670784000000001,23.1746505,0.0701632367943145,0.31788467258758
2013.10.11_04:00:00_TAI,11867,3267,859817.625,5.205825e+20,-4.038046,-11.987878,24.671057,21.663145,1462.031372,-8.012962,23.167101000000002,0.0666998041476219,0.31621908464535936
2013.10.11_05:00:00_TAI,11867,3267,868755.5,5.169839e+20,-3.482453,-11.408837,24.645233,21.66424,1489.088623,-7.445645,23.1547365,0.06623873233824369,0.32207122934491905
2013.10.11_06:00:00_TAI,11867,3267,922201.6875,5.454609e+20,-2.928289,-11.234146,24.644611,21.563398,1584.82605,-7.0812175,23.104004500000002,0.06988735733564914,0.34277803640257354
2013.10.11_08:00:00_TAI,11867,3267,1034411.0,6.169974e+20,-1.324666,-10.163865,24.630644,21.54483,1682.750854,-5.7442655,23.087737,0.07905299494238076,0.3639579457246262
2013.10.11_09:00:00_TAI,11867,3267,1017967.625,6.224574e+20,-0.701285,-9.66059,24.63135,21.573551,1708.271729,-5.1809375,23.1024505,0.07975255923938654,0.3694777915271202
2013.10.11_10:00:00_TAI,11867,3267,1022818.1875,6.153151e+20,-0.114677,-9.099715,24.629261,21.573387,1712.870117,-4.607196,23.101323999999998,0.07883744970119892,0.37047236529075633
2013.10.11_11:00:00_TAI,11867,3267,1013391.625,5.89039e+20,0.440323,-8.555678,24.629116,21.574577,1716.389038,-4.0576775000000005,23.1018465,0.07547081574065793,0.37123346385462447
2013.10.11_12:00:00_TAI,11867,3267,997026.6875,5.174328e+20,0.965379,-8.056174,24.62789,21.575272,1718.749268,-3.5453975,23.101581,0.06629624779848653,0.37174395205921856
2013.10.11_13:00:00_TAI,11867,3267,978147.875,4.821171e+20,1.518316,-7.536175,24.626623,21.576588,1711.807007,-3.0089295,23.101605499999998,0.061771412112814866,0.37024242790533796
2013.10.11_14:00:00_TAI,11867,3267,981988.375,5.055522e+20,2.043542,-7.401904,24.595102,21.482151,1802.009033,-2.679181,23.0386265,0.06477404201332042,0.3897519970166066
2013.10.11_15:00:00_TAI,11867,3267,953583.0,5.106395e+20,2.564854,-6.908726,24.562515,21.478996,1797.032227,-2.1719359999999996,23.0207555,0.06542585400016246,0.3886755761764541
2013.10.11_16:00:00_TAI,11867,3267,933302.875,4.13636e+20,3.059436,-6.371171,24.565378,21.482733,1781.148193,-1.6558675000000003,23.0240555,0.05299724863668243,0.38524005845217657
2013.10.11_17:00:00_TAI,11867,3267,905038.6875,3.588472e+20,3.551318,-5.843319,24.56699,21.485748,1747.89856,-1.1460005,23.026369000000003,0.04597741560448633,0.3780485790397539
2013.10.11_18:00:00_TAI,11867,3267,851927.6875,3.10353e+20,3.98068,-5.256227,24.541094,21.491348,1699.305054,-0.6377735,23.016221,0.039764080268981185,0.3675384119658364
2013.10.11_19:00:00_TAI,11867,3267,787957.3125,2.07884e+20,4.306791,-4.694836,24.542994,21.494179,1662.769897,-0.1940225,23.018586499999998,0.026635205919185202,0.35963631483907615
2013.10.11_20:00:00_TAI,11867,3267,800032.0,2.207333e+20,4.668705,-4.106044,24.544317,21.496401,1667.878418,0.28133050000000015,23.020359,0.028281526710671735,0.3607412239849735
2013.10.11_21:00:00_TAI,11867,3267,852382.6875,2.621393e+20,5.160863,-3.485964,24.516413,21.530287,1661.140015,0.8374495,23.02335,0.033586684088294745,0.3592837917646808
2013.10.11_22:00:00_TAI,11867,3267,886711.0,3.737804e+20,5.656278,-2.829923,24.643034,21.53146,1673.351196,1.4131775000000002,23.087246999999998,0.047890736769330075,0.3619249173603488
2013.10.11_23:00:00_TAI,11867,3267,956551.375,4.123302e+20,6.152815,-2.267587,24.799938,21.654381,1735.786987,1.9426140000000003,23.2271595,0.05282994258191501,0.37542899740763314
2013.10.12_00:00:00_TAI,11867,3267,1108819.375,6.385496e+20,6.925754,-1.943223,25.020084,21.62018,1966.924194,2.4912655000000004,23.320132,0.08181437766068261,0.42542108199952583
2013.10.12_01:00:00_TAI,11867,3267,1245382.5,7.696241e+20,7.618748,-1.582511,25.208632,21.586782,2172.803223,3.0181185,23.397707,0.09860834111267623,0.4699501388616897
2013.10.12_02:00:00_TAI,11867,3267,1426620.125,1.018075e+21,8.42098,-1.09405,25.233774,21.57832,2282.265137,3.663465,23.406047,0.13044119444581823,0.49362538065985884
2013.10.12_03:00:00_TAI,11867,3267,1620154.25,1.281782e+21,9.313124,-0.540375,25.289762,21.50363,2482.829346,4.3863745000000005,23.396696,0.16422874061257745,0.537004908484793
2013.10.12_04:00:00_TAI,11867,3267,1764609.875,1.501813e+21,10.083254,-0.181021,25.313501,21.405487,2682.138916,4.9511165,23.359493999999998,0.19242028490460683,0.5801130735990914
2013.10.12_05:00:00_TAI,11867,3267,1889300.875,1.797405e+21,10.718002,0.210124,25.335009,21.388927,2782.996826,5.464063,23.361967999999997,0.23029310719041907,0.6019273770335077
2013.10.12_06:00:00_TAI,11867,3267,2009243.875,1.873274e+21,11.347898,0.700404,25.325598,21.348436,2850.633789,6.024151000000001,23.337017,0.24001384778557147,0.6165564054782215
2013.10.12_07:00:00_TAI,11867,3267,2117464.0,1.955996e+21,11.916877,1.18814,25.34337,21.332273,2901.169189,6.5525085,23.3378215,0.25061263126119654,0.6274865799164943
2013.10.12_08:00:00_TAI,11867,3267,2219153.25,2.0133e+21,12.4835,1.64665,25.395338,21.256113,3011.344482,7.065074999999999,23.325725499999997,0.2579547251212001,0.6513161166625732
2013.10.12_09:00:00_TAI,11867,3267,2253931.5,2.171106e+21,13.023162,1.972041,25.426651,21.243959,3114.771973,7.4976015,23.335304999999998,0.2781736708086169,0.6736861883023123
2013.10.12_10:00:00_TAI,11867,3267,2273020.5,2.195706e+21,13.589154,2.428704,25.446753,21.230143,3158.23584,8.008929,23.338448,0.28132555390501657,0.683086878671279
2013.10.12_11:00:00_TAI,11867,3267,2320013.0,2.139907e+21,14.13098,2.951786,25.464142,21.214903,3174.854736,8.541383,23.3395225,0.2741762886653415,0.6866813378474509
2013.10.12_12:00:00_TAI,11867,3267,2346564.5,2.150688e+21,14.669833,3.445484,25.454231,21.202019,3188.20752,9.0576585,23.328125,0.2755576078386051,0.6895693778818935
2013.10.12_13:00:00_TAI,11867,3267,2425153.5,2.217226e+21,15.26566,3.936163,25.474516,21.200497,3229.527588,9.6009115,23.3375065,0.2840828109877207,0.6985063913623704
2013.10.12_14:00:00_TAI,11867,3267,2547281.25,2.418972e+21,15.844149,4.491155,25.625839,21.187412,3338.359375,10.167652,23.406625499999997,0.3099315836367555,0.7220453445781149
2013.10.12_15:00:00_TAI,11867,3267,2621465.25,2.526201e+21,16.428299,5.048097,25.650053,21.166691,3387.001709,10.738198,23.408372,0.32367033455317185,0.7325660725372232
2013.10.12_16:00:00_TAI,11867,3267,2680171.25,2.528426e+21,17.008461,5.60789,25.641029,21.152731,3421.247803,11.3081755,23.39688,0.3239554134104682,0.7399730739906496
2013.10.12_17:00:00_TAI,11867,3267,2749079.0,2.57666e+21,17.661249,6.193371,25.650934,21.1159,3477.829346,11.92731,23.383417,0.3301354105353358,0.752210953476646
2013.10.12_18:00:00_TAI,11867,3267,2817488.5,2.70695e+21,18.274292,6.723577,25.680233,21.102182,3557.373047,12.498934499999999,23.3912075,0.34682885966663324,0.7694152603070223
2013.10.12_19:00:00_TAI,11867,3267,2918177.5,3.136316e+21,18.922419,7.223543,25.732719,21.091661,3627.473389,13.072981,23.41219,0.4018415197304038,0.7845770867938529
2013.10.12_20:00:00_TAI,11867,3267,3005919.5,3.249879e+21,19.547348,7.749335,25.762835,21.079126,3680.56543,13.6483415,23.4209805,0.4163918164814786,0.796060230677426
2013.10.12_21:00:00_TAI,11867,3267,3111172.0,3.466081e+21,20.168158,8.311396,25.788836,21.069799,3709.452393,14.239777,23.4293175,0.44409276888830007,0.8023081191789898
2013.10.12_22:00:00_TAI,11867,3267,3231205.0,3.761138e+21,20.837704,8.861115,25.803459,21.070885,3780.109375,14.8494095,23.437172,0.4818970441230321,0.8175903399300255
2013.10.12_23:00:00_TAI,11867,3267,3366872.0,4.00961e+21,21.407652,9.369647,25.854559,21.036673,3850.676514,15.3886495,23.445616,0.5137326009006186,0.8328531287647797
2013.10.13_00:00:00_TAI,11867,3267,3482347.5,4.174114e+21,21.974243,9.883039,25.898817,20.996506,3935.112793,15.928641,23.447661500000002,0.534809730042494,0.8511156389732406
2013.10.13_01:00:00_TAI,11867,3267,3605527.5,4.489177e+21,22.632984,10.412213,25.941545,20.979561,4021.180176,16.5225985,23.460553,0.5751772806116395,0.8697309365594004
2013.10.13_02:00:00_TAI,11867,3267,3771161.0,4.87835e+21,23.232628,10.910164,25.971376,20.960623,4087.433105,17.071396,23.4659995,0.625040199322012,0.884060615774693
2013.10.13_03:00:00_TAI,11867,3267,3902253.0,5.209906e+21,23.834167,11.383312,26.089941,20.941401,4210.015137,17.6087395,23.515670999999998,0.6675209209443655,0.910573574863924
2013.10.13_04:00:00_TAI,11867,3267,3952826.5,5.402635e+21,24.412598,11.736396,26.153885,20.948717,4326.401367,18.074497,23.551301,0.6922143875007077,0.935746459537102
2013.10.13_05:00:00_TAI,11867,3267,3986180.75,5.554338e+21,24.986572,12.227304,26.186361,20.948833,4376.208496,18.606938,23.567597,0.7116513843044934,0.9465191180742769
2013.10.13_06:00:00_TAI,11867,3267,4036913.5,5.397591e+21,25.623365,12.726254,26.198584,20.965635,4423.416504,19.174809500000002,23.5821095,0.6915681233406168,0.9567296192738987
2013.10.13_07:00:00_TAI,11867,3267,4037553.25,5.342446e+21,26.223923,13.182425,26.208614,20.975954,4459.958008,19.703174,23.592284,0.6845026520661875,0.9646330891773096
2013.10.13_08:00:00_TAI,11867,3267,4035735.5,5.405322e+21,26.856033,13.686707,26.210159,20.972748,4498.599121,20.27137,23.5914535,0.6925586602600585,0.9729906782253633
2013.10.13_09:00:00_TAI,11867,3267,3999631.0,5.422719e+21,27.442789,14.220504,26.208918,20.974049,4514.960449,20.8316465,23.591483500000002,0.6947876566107929,0.9765294286672673
2013.10.13_10:00:00_TAI,11867,3267,3992760.0,5.557696e+21,27.995483,14.724213,26.215834,20.955128,4527.436035,21.359848,23.585481,0.7120816291596849,0.9792277417547202
2013.10.13_11:00:00_TAI,11867,3267,3982618.25,5.516822e+21,28.550791,15.256369,26.223263,20.958559,4521.530273,21.903579999999998,23.590911,0.7068446344571547,0.9779503993600639
2013.10.13_12:00:00_TAI,11867,3267,3985754.0,5.590766e+21,29.164024,15.785667,26.230135,20.954311,4532.274902,22.4748455,23.592223,0.7163187337937474,0.9802743281158375
2013.10.13_13:00:00_TAI,11867,3267,3971698.5,5.614361e+21,29.727283,16.293476,26.217731,20.953402,4530.848633,23.0103795,23.5855665,0.7193418509343795,0.9799658439845966
2013.10.13_14:00:00_TAI,11867,3267,3971064.0,5.500037e+21,30.293468,16.812996,26.226566,20.950413,4537.750977,23.553232,23.5884895,0.704694050807843,0.9814587345910422
2013.10.13_15:00:00_TAI,11867,3267,3917095.75,5.420014e+21,30.857645,17.301752,26.222702,20.948332,4534.791992,24.0796985,23.585517000000003,0.6944410775955181,0.9808187431749215
2013.10.13_16:00:00_TAI,11867,3267,3895170.0,5.465888e+21,31.430315,17.815861,26.244301,20.949274,4540.810059,24.623088000000003,23.596787499999998,0.7003186989436578,0.9821203757352893
2013.10.13_19:00:00_TAI,11867,3267,3773317.75,5.921799e+21,33.242172,19.471004,26.247128,20.879295,4547.712402,26.356588,23.5632115,0.7587324458689703,0.9836132661254472
2013.10.13_20:00:00_TAI,11867,3267,3691913.75,5.713984e+21,33.853275,20.027128,26.253874,20.846832,4568.019043,26.9402015,23.550353,0.7321060805974945,0.9880053383834165
2013.10.13_21:00:00_TAI,11867,3267,3650341.0,5.682432e+21,34.457897,20.586586,26.247087,20.824747,4574.966797,27.5222415,23.535916999999998,0.7280634702130391,0.9895080506044379
2013.10.13_22:00:00_TAI,11867,3267,3609492.0,5.525583e+21,35.054501,21.142351,26.256523,20.801662,4588.980469,28.098426000000003,23.5290925,0.7079671404655921,0.9925390324405515
2013.10.13_23:00:00_TAI,11867,3267,3550035.75,5.519206e+21,35.665672,21.696371,26.265617,20.779812,4605.112793,28.6810215,23.5227145,0.7071500852417814,0.9960282521838352
2013.10.14_00:00:00_TAI,11867,3267,3513168.5,5.520716e+21,36.263962,22.265215,26.267698,20.783537,4617.567871,29.264588500000002,23.5256175,0.7073435544887555,0.998722129647599
2013.10.14_01:00:00_TAI,11867,3267,3423824.5,5.414241e+21,36.885273,22.828047,26.269384,20.746214,4621.074707,29.856659999999998,23.507799,0.693701410070497,0.9994806143772422
2013.10.14_02:00:00_TAI,11867,3267,3432422.0,5.358094e+21,37.482124,23.401482,26.273678,20.719698,4622.79541,30.441803,23.496688,0.6865075572162876,0.999852780897077
2013.10.14_03:00:00_TAI,11867,3267,3393977.0,5.450728e+21,38.061268,23.975178,26.274817,20.688633,4623.476074,31.018223,23.481724999999997,0.6983763189541692,1.0
2013.10.14_04:00:00_TAI,11867,3267,3348953.25,5.550298e+21,38.646095,24.540283,26.271257,20.661842,4608.887695,31.593189000000002,23.4665495,0.7111337579748408,0.9968447162337365
2013.10.14_05:00:00_TAI,11867,3267,3284403.25,5.671758e+21,39.200802,25.084871,26.300152,20.659811,4601.265137,32.1428365,23.4799815,0.7266958604499916,0.995196052354439
2013.10.14_06:00:00_TAI,11867,3267,3246616.75,5.595396e+21,39.843075,25.633377,26.302841,20.640039,4591.910645,32.738226,23.47144,0.716911954067582,0.9931727928305918
2013.10.14_07:00:00_TAI,11867,3267,3206221.75,5.057017e+21,40.456509,26.178278,26.304182,20.608189,4586.663086,33.317393499999994,23.4561855,0.6479319675002415,0.9920378115057159
2013.10.14_08:00:00_TAI,11867,3267,3154486.25,5.047763e+21,41.030888,26.706808,26.308786,20.600368,4565.875,33.868848,23.454577,0.6467462957045471,0.9875416087207808
2013.10.14_09:00:00_TAI,11867,3267,3129210.75,5.152316e+21,41.584339,27.203207,26.314939,20.596741,4544.790527,34.393772999999996,23.455840000000002,0.6601421832402331,0.9829813011377985
2013.10.14_10:00:00_TAI,11867,3267,3062209.0,5.312726e+21,42.136135,27.737061,26.315151,20.595055,4507.565918,34.936598000000004,23.455103,0.6806947672846835,0.97493008417372
2013.10.14_11:00:00_TAI,11867,3267,2995108.5,5.345714e+21,42.704002,28.29072,26.308439,20.594774,4464.387695,35.497361,23.4516065,0.6849213656417579,0.9655911750263769
2013.10.14_12:00:00_TAI,11867,3267,2975957.0,5.371596e+21,43.287933,28.845829,26.304014,20.594946,4424.273438,36.066881,23.44948,0.688237505410092,0.956914963371345
2013.10.14_13:00:00_TAI,11867,3267,2929971.75,5.310845e+21,43.907356,29.405401,26.312506,20.603657,4400.570312,36.6563785,23.4580815,0.680453763540605,0.9517882739237031
2013.10.14_14:00:00_TAI,11867,3267,2879280.5,5.340405e+21,44.510384,29.96081,26.333237,20.62434,4375.38916,37.235597,23.4787885,0.6842411482694496,0.9463419059535939
2013.10.14_15:00:00_TAI,11867,3267,2841998.75,5.139428e+21,45.11861,30.531525,26.340525,20.649536,4336.336426,37.825067499999996,23.4950305,0.6584909039985096,0.9378952884357459
2013.10.14_16:00:00_TAI,11867,3267,2858082.0,5.145538e+21,45.717369,31.109264,26.357235,20.672684,4291.612793,38.4133165,23.5149595,0.6592737497594446,0.9282221264502212
2013.10.14_17:00:00_TAI,11867,3267,2844152.25,5.28552e+21,46.3237,31.724709,26.360819,20.701553,4236.172852,39.0242045,23.531185999999998,0.6772089895805918,0.9162311611867118
2013.10.14_18:00:00_TAI,11867,3267,2800984.25,5.883508e+21,46.911346,32.314423,26.362972,20.730471,4174.712891,39.6128845,23.5467215,0.7538263988915621,0.9029381409533818
2013.10.14_19:00:00_TAI,11867,3267,2762993.0,5.999928e+21,47.511818,32.900398,26.361044,20.764645,4119.418457,40.206108,23.5628445,0.7687427497079383,0.8909786470325746
2013.10.14_20:00:00_TAI,11867,3267,2707558.5,5.976214e+21,48.139317,33.503815,26.351784,20.784744,4076.485352,40.821566000000004,23.568264,0.7657043856531406,0.8816927538403435
2013.10.14_21:00:00_TAI,11867,3267,2670095.25,5.77233e+21,48.742229,34.11718,26.34128,20.778419,4042.695068,41.4297045,23.5598495,0.7395816810504432,0.8743843383842717
2013.10.14_22:00:00_TAI,11867,3267,2611716.25,5.777805e+21,49.338776,34.716599,26.323164,20.765755,4006.835205,42.0276875,23.5444595,0.7402831672273857,0.8666282988966538
2013.10.14_23:00:00_TAI,11867,3267,2574028.5,6.038281e+21,49.891632,35.297909,26.311083,20.730724,3970.519287,42.594770499999996,23.5209035,0.7736567404557521,0.8587736204212484
2013.10.15_00:00:00_TAI,11867,3267,2533577.5,6.146967e+21,50.434162,35.842461,26.350338,20.722631,3944.027588,43.1383115,23.5364845,0.787582169976699,0.8530437975399372
2013.10.15_01:00:00_TAI,11867,3267,2510972.75,6.210415e+21,51.000668,36.392342,26.353642,20.712198,3917.199951,43.696505,23.53292,0.7957114658588279,0.8472413154743623
2013.10.15_02:00:00_TAI,11867,3267,2496784.0,6.08449e+21,51.540131,36.934917,26.377081,20.681341,3889.094971,44.237524,23.529211,0.7795772837891477,0.8411625601071511
2013.10.15_03:00:00_TAI,11867,3267,2440791.5,6.031654e+21,52.080154,37.47591,26.415697,20.676893,3862.580566,44.778031999999996,23.546295,0.7728076538996609,0.8354278262022644
2013.10.15_04:00:00_TAI,11867,3267,2370329.25,6.142273e+21,52.611847,38.022118,26.436228,20.660219,3826.188477,45.316982499999995,23.5482235,0.7869807496818007,0.8275566728930368
2013.10.15_05:00:00_TAI,11867,3267,2288927.75,6.506881e+21,53.146408,38.579952,26.430868,20.643221,3773.584717,45.86318,23.5370445,0.8336962696822926,0.8161791380776593
2013.10.15_06:00:00_TAI,11867,3267,2259840.5,6.69859e+21,53.683968,39.142403,26.419392,20.637529,3716.827881,46.4131855,23.5284605,0.8582590484029305,0.8039033449100098
2013.10.15_07:00:00_TAI,11867,3267,2211923.5,6.277534e+21,54.215485,39.710888,26.433416,20.641203,3665.437012,46.9631865,23.5373095,0.8043111098241633,0.7927881432354525
2013.10.15_08:00:00_TAI,11867,3267,2172018.0,5.897699e+21,54.746765,40.264042,26.447781,20.60375,3621.635742,47.5054035,23.5257655,0.7556446254371315,0.7833144768210603
2013.10.15_09:00:00_TAI,11867,3267,2132129.5,6.164641e+21,55.302895,40.815315,26.438473,20.591747,3571.185303,48.059105,23.51511,0.7898466570436001,0.7724026783835802
2013.10.15_10:00:00_TAI,11867,3267,2116459.25,6.524324e+21,55.893997,41.379696,26.427324,20.581137,3523.700195,48.636846500000004,23.5042305,0.8359311597981667,0.7621322439225842
2013.10.15_11:00:00_TAI,11867,3267,2087809.25,6.823983e+21,56.541946,41.945656,26.412109,20.594015,3482.778809,49.243801000000005,23.503062,0.8743250677975178,0.7532814603681671
2013.10.15_12:00:00_TAI,11867,3267,2097747.75,7.062511e+21,57.14278,42.519131,26.377888,20.598127,3431.797119,49.8309555,23.488007500000002,0.9048865463023158,0.7422547589893724
2013.10.15_13:00:00_TAI,11867,3267,2112157.5,7.372636e+21,57.727451,43.098907,26.387249,20.597713,3392.36377,50.413179,23.492480999999998,0.9446214139962571,0.7337258192114091
2013.10.15_14:00:00_TAI,11867,3267,2085026.75,7.532949e+21,58.303116,43.67437,26.562225,20.605732,3378.195801,50.988743,23.5839785,0.9651615698837827,0.730661464865623
2013.10.15_15:00:00_TAI,11867,3267,2049718.25,7.330626e+21,58.867653,44.243652,26.737715,20.613739,3374.875,51.555652499999994,23.675727000000002,0.9392388689198445,0.7299432171777688
2013.10.15_16:00:00_TAI,11867,3267,1969090.75,6.87839e+21,59.452938,44.801514,26.791683,20.632362,3339.71167,52.127226,23.7120225,0.8812959825790552,0.7223378290591322
2013.10.15_17:00:00_TAI,11867,3267,1887388.75,7.259702e+21,60.038452,45.275505,26.814062,20.650576,3308.687012,52.6569785,23.732319,0.9301517080772,0.7156275838878711
2013.10.15_18:00:00_TAI,11867,3267,1815927.0,7.804858e+21,60.613293,45.814381,26.807079,20.670498,3260.309814,53.213837,23.7387885,1.0,0.7051642015266975
2013.10.15_19:00:00_TAI,11867,3267,1735051.5,7.567693e+21,61.164223,46.36705,26.801363,20.698839,3198.4375,53.7656365,23.750101,0.9696131563187952,0.6917819945011355
2013.10.15_20:00:00_TAI,11867,3267,1676657.0,7.175651e+21,61.694313,46.945881,26.785545,20.736275,3123.822021,54.320097000000004,23.76091,0.919382646039172,0.6756436003998666
2013.11.07_09:00:00_TAI,11894,3362,158014.40625,1.645054e+20,11.691544,10.07093,-6.557051,-7.467318,108.651848,10.881237,-7.0121845,0.16524533556358662,0.10586091640287011
2013.11.07_10:00:00_TAI,11894,3362,450190.1875,3.41916e+20,13.104328,9.763004,-6.085321,-7.964602,450.793518,11.433666,-7.0249615,0.3434539179538136,0.4392140198476304
2013.11.07_11:00:00_TAI,11894,3362,500081.0,4.205147e+20,13.810802,10.157029,-5.973948,-8.035469,542.609863,11.9839155,-7.0047085000000004,0.4224061502596326,0.5286718855110113
2013.11.07_12:00:00_TAI,11894,3362,551261.375,4.524552e+20,14.588132,10.495777,-5.864116,-8.169695,678.777527,12.5419545,-7.0169055,0.4544903167402997,0.6613418212812534
2013.11.07_13:00:00_TAI,11894,3362,557970.0,4.631309e+20,15.209066,11.015066,-5.843696,-8.208505,705.532959,13.112065999999999,-7.0261005,0.4652140354077488,0.6874099885734901
2013.11.07_14:00:00_TAI,11894,3362,584719.625,4.441178e+20,15.956399,11.567527,-5.791196,-8.220923,762.666687,13.761963,-7.006059500000001,0.4461154156080095,0.7430761269312318
2013.11.07_15:00:00_TAI,11894,3362,613894.8125,4.434382e+20,16.610098,12.081757,-5.683187,-8.256121,822.473633,14.3459275,-6.969654,0.44543275880738775,0.8013468165454293
2013.11.07_16:00:00_TAI,11894,3362,601462.5,4.298929e+20,17.207958,12.636653,-5.661982,-8.264798,843.021362,14.9223055,-6.96339,0.4318265328487903,0.8213667376234198
2013.11.07_17:00:00_TAI,11894,3362,598062.8125,4.208611e+20,17.863682,13.220467,-5.615269,-8.27613,867.640076,15.5420745,-6.9456995,0.4227541083463533,0.8453530726252891
2013.11.07_18:00:00_TAI,11894,3362,578504.375,4.049159e+20,18.466307,13.779354,-5.621498,-8.284805,872.791138,16.1228305,-6.953151500000001,0.4067371877794388,0.8503718196949939
2013.11.07_19:00:00_TAI,11894,3362,565541.875,4.128938e+20,19.037489,14.366986,-5.606339,-8.296264,874.941284,16.702237500000003,-6.9513015000000005,0.4147509719019827,0.8524667350613663
2013.11.07_20:00:00_TAI,11894,3362,560459.6875,3.941705e+20,19.615887,14.930162,-5.617398,-8.280113,875.39093,17.2730245,-6.9487555,0.3959434556055103,0.8529048310394198
2013.11.07_21:00:00_TAI,11894,3362,546513.6875,3.74568e+20,20.220085,15.521564,-5.603093,-8.263578,876.211792,17.8708245,-6.9333355,0.3762527847194166,0.8537046076208571
2013.11.07_22:00:00_TAI,11894,3362,531611.3125,3.559299e+20,20.796869,16.116802,-5.588972,-8.251533,869.111572,18.4568355,-6.9202525,0.3575308516475072,0.8467867704216041
2013.11.07_23:00:00_TAI,11894,3362,517624.8125,3.901671e+20,21.382305,16.737955,-5.579113,-8.239392,864.353149,19.06013,-6.909252500000001,0.3919220485489927,0.8421505766643429
2013.11.08_00:00:00_TAI,11894,3362,512129.3125,3.871207e+20,21.965979,17.338438,-5.593135,-8.232377,853.813721,19.6522085,-6.912756,0.38886194602189683,0.8318818741343862
2013.11.08_01:00:00_TAI,11894,3362,499177.09375,3.822092e+20,22.548891,17.969257,-5.587707,-8.220579,836.286621,20.259074,-6.904143,0.38392835438526635,0.814804991393425
2013.11.08_02:00:00_TAI,11894,3362,496811.40625,3.71466e+20,23.102989,18.570251,-5.604213,-8.306874,831.781799,20.83662,-6.9555435,0.37313683210680787,0.8104158844069353
2013.11.08_03:00:00_TAI,11894,3362,494924.0,3.768224e+20,23.631983,19.144754,-5.623168,-8.384147,836.760376,21.3883685,-7.0036575,0.37851732487733575,0.8152665770854644
2013.11.08_04:00:00_TAI,11894,3362,482880.5,3.56664e+20,24.159765,19.654636,-5.643461,-8.405374,840.858093,21.907200500000002,-7.0244175,0.35826825358590697,0.8192590363465312
2013.11.08_05:00:00_TAI,11894,3362,469728.5,3.807671e+20,24.691677,20.198364,-5.668018,-8.428556,838.375488,22.4450205,-7.048287,0.38247976790472377,0.8168402018287203
2013.11.08_06:00:00_TAI,11894,3362,463022.90625,3.399892e+20,25.256777,20.744429,-5.68964,-8.446238,829.741638,23.000602999999998,-7.067938999999999,0.34151845132132663,0.8084281288643936
2013.11.08_07:00:00_TAI,11894,3362,452738.5,3.409773e+20,25.82337,21.322886,-5.713396,-8.44357,817.4505,23.573128,-7.078483,0.3425109957367098,0.7964527123734184
2013.11.08_08:00:00_TAI,11894,3362,437492.1875,3.217169e+20,26.378195,21.901478,-5.735294,-8.454432,801.856506,24.1398365,-7.094863,0.323163963596191,0.7812592800884851
2013.11.08_09:00:00_TAI,11894,3362,417579.6875,3.303965e+20,26.92234,22.486551,-5.776522,-8.444985,780.725891,24.7044455,-7.1107535,0.3318826039238502,0.7606714455579926
2013.11.08_10:00:00_TAI,11894,3362,408917.3125,3.33205e+20,27.433968,23.073982,-5.79819,-8.412705,753.621277,25.253975,-7.1054475,0.33470373639081075,0.734263065676722
2013.11.08_11:00:00_TAI,11894,3362,406405.6875,3.653737e+20,27.965643,23.666918,-5.820105,-8.394113,715.982971,25.816280499999998,-7.107109,0.36701712930158664,0.6975915719253075
2013.11.08_12:00:00_TAI,11894,3362,421157.8125,4.06042e+20,28.474586,24.31761,-5.891594,-8.355998,666.875061,26.396098,-7.1237960000000005,0.40786835291066337,0.6497450930027431
2013.11.08_13:00:00_TAI,11894,3362,453298.90625,4.640952e+20,28.987995,24.877781,-5.933182,-8.309164,636.155762,26.932888,-7.121173000000001,0.4661826727721391,0.6198148782548654
2013.11.08_14:00:00_TAI,11894,3362,510881.90625,5.503476e+20,29.477728,24.974014,-5.76572,-8.267318,729.072998,27.225870999999998,-7.016519,0.5528230309680688,0.7103453564164678
2013.11.08_15:00:00_TAI,11894,3362,553745.125,6.602268e+20,29.998075,25.436422,-5.719481,-8.249383,753.490662,27.7172485,-6.984432,0.6631964611135744,0.7341358057741021
2013.11.08_16:00:00_TAI,11894,3362,587493.625,7.143965e+20,30.573151,25.704782,-5.677525,-8.228562,811.210266,28.138966500000002,-6.9530435,0.7176098132216439,0.7903727707804475
2013.11.08_17:00:00_TAI,11894,3362,610683.0,7.972662e+20,31.211237,26.202925,-5.632895,-8.242501,847.207397,28.707081000000002,-6.937698000000001,0.80085225623296,0.8254452462668669
2013.11.08_18:00:00_TAI,11894,3362,627358.125,8.666943e+20,31.849274,26.605835,-5.616791,-8.325239,916.946655,29.2275545,-6.9710149999999995,0.8705926397221478,0.8933931173526508
2013.11.08_19:00:00_TAI,11894,3362,639232.625,9.479315e+20,32.451214,27.115396,-5.604334,-8.34343,934.708984,29.783305,-6.973882,0.9521952398449778,0.9106991867845234
2013.11.08_20:00:00_TAI,11894,3362,633511.1875,9.187136e+20,33.020447,27.618488,-5.597586,-8.365179,953.184631,30.3194675,-6.9813825,0.9228459194581496,0.9287002512722249
2013.11.08_21:00:00_TAI,11894,3362,635849.875,9.440182e+20,33.574509,28.12838,-5.593672,-8.415735,976.08075,30.8514445,-7.0047035,0.9482643380529334,0.9510082394383275
2013.11.08_22:00:00_TAI,11894,3362,626859.125,8.872224e+20,34.181664,28.645449,-5.58569,-8.437184,992.710754,31.4135565,-7.011437,0.8912130739023197,0.9672110698146998
2013.11.08_23:00:00_TAI,11894,3362,626349.8125,8.803685e+20,34.76437,29.194136,-5.575154,-8.458397,1000.213928,31.979253,-7.0167755,0.8843283454653247,0.9745215103657909
2013.11.09_00:00:00_TAI,11894,3362,633814.625,9.427566e+20,35.322815,29.715425,-5.535237,-8.45605,1018.940796,32.51912,-6.9956435,0.9469970634507197,0.9927673427591395
2013.11.09_01:00:00_TAI,11894,3362,625811.125,8.946118e+20,35.88332,30.240532,-5.531751,-8.475949,1026.364136,33.061926,-7.00385,0.8986357109866561,1.0
2013.11.09_02:00:00_TAI,11894,3362,616013.375,9.554002e+20,36.443836,30.800213,-5.527153,-8.477764,1021.794922,33.622024499999995,-7.0024585,0.9596975336160257,0.995548155045823
2013.11.09_03:00:00_TAI,11894,3362,597939.8125,9.472098e+20,37.004368,31.364305,-5.528653,-8.492177,1010.823608,34.1843365,-7.010415,0.951470293681045,0.9848586603380695
2013.11.09_04:00:00_TAI,11894,3362,584651.875,9.516228e+20,37.566692,31.956064,-5.549619,-8.469044,994.388916,34.761378,-7.0093315,0.9559031430941469,0.9688461249974931
2013.11.09_05:00:00_TAI,11894,3362,567904.625,9.955222e+20,38.129089,32.533848,-5.546702,-8.460947,977.244629,35.3314685,-7.0038245,1.0,0.9521422219686757
2013.11.09_06:00:00_TAI,11894,3362,548258.3125,9.820846e+20,38.672329,33.111382,-5.546235,-8.431318,953.595642,35.8918555,-6.9887765,0.9865019584696353,0.9291007046645287
2013.11.09_07:00:00_TAI,11894,3362,528981.875,8.420938e+20,39.24287,33.720943,-5.547925,-8.420629,930.436951,36.4819065,-6.9842770000000005,0.8458814881275374,0.9065368891650362
2013.02.16_06:00:00_TAI,11675,2491,152473.296875,3.881058e+20,-42.492107,-44.537796,12.887056,11.747362,119.497688,-43.514951499999995,12.317209,0.06055753605506862,0.02649145194378547
2013.02.16_07:00:00_TAI,11675,2491,327854.40625,6.436255e+20,-41.101173,-44.706814,13.256626,11.346951,347.953247,-42.9039935,12.3017885,0.10042718872588756,0.07713778296350482
2013.02.16_08:00:00_TAI,11675,2491,402790.59375,9.245794e+20,-39.915615,-44.268246,13.368363,11.268186,462.74826,-42.091930500000004,12.318274500000001,0.1442654305894777,0.10258669851303186
2013.02.16_09:00:00_TAI,11675,2491,389309.40625,9.059647e+20,-39.315426,-43.850578,13.451671,11.207805,525.158569,-41.583002,12.329737999999999,0.1413609123720115,0.1164224448721606
2013.02.16_10:00:00_TAI,11675,2491,397693.40625,9.588237e+20,-38.643284,-43.325214,13.468017,11.161921,552.263916,-40.984249000000005,12.314969,0.1496086911950409,0.12243143140142405
2013.02.16_11:00:00_TAI,11675,2491,385244.59375,7.427235e+20,-38.048443,-42.757915,13.473174,11.111724,572.909424,-40.403178999999994,12.292449000000001,0.11588980409516363,0.12700833570970688
2013.02.16_12:00:00_TAI,11675,2491,367887.40625,7.367688e+20,-37.471069,-42.184006,13.463705,11.100208,578.607788,-39.8275375,12.2819565,0.11496067095686187,0.12827160647745764
2013.02.16_13:00:00_TAI,11675,2491,374315.09375,7.166989e+20,-36.901516,-41.611565,13.449511,11.090332,579.22821,-39.2565405,12.269921499999999,0.11182909267879537,0.12840914787991445
2013.02.16_14:00:00_TAI,11675,2491,387305.0,7.031248e+20,-36.343189,-41.061584,13.427466,11.10429,575.039795,-38.7023865,12.265878,0.1097110773073036,0.12748061782590092
2013.02.16_15:00:00_TAI,11675,2491,428850.59375,7.80915e+20,-35.800858,-40.722767,13.456257,11.119399,594.622498,-38.2618125,12.287828000000001,0.1218489604340979,0.13182190880932082
2013.02.16_16:00:00_TAI,11675,2491,550771.6875,1.046759e+21,-34.62431,-40.460411,13.586662,11.138425,723.855286,-37.5423605,12.362543500000001,0.16332955055932577,0.16047153584531348
2013.02.16_17:00:00_TAI,11675,2491,793124.375,1.651147e+21,-33.100597,-40.179089,13.711069,11.004926,1005.775818,-36.639843,12.3579975,0.2576343718252043,0.22297052097584114
2013.02.16_18:00:00_TAI,11675,2491,1066663.375,2.175594e+21,-31.717785,-39.704102,14.014152,10.774961,1429.57373,-35.7109435,12.3945565,0.33946571294783784,0.31692231374713414
2013.02.16_19:00:00_TAI,11675,2491,1319776.5,2.54525e+21,-30.953135,-39.391098,14.236023,10.643697,1684.305664,-35.1721165,12.43986,0.39714446072221393,0.3733938564275961
2013.02.16_20:00:00_TAI,11675,2491,1512153.75,2.801877e+21,-30.120186,-39.021481,14.388677,10.515582,1932.232422,-34.5708335,12.4521295,0.4371868893723503,0.4283567591001192
2013.02.16_21:00:00_TAI,11675,2491,1616156.875,3.344014e+21,-29.409943,-38.618233,14.463984,10.462516,2080.209473,-34.014088,12.46325,0.5217784644642112,0.46116180328933887
2013.02.16_22:00:00_TAI,11675,2491,1778062.75,3.970555e+21,-28.606195,-38.157589,14.484678,10.347164,2233.852051,-33.381892,12.415921,0.6195398975514743,0.49522283860917127
2013.02.16_23:00:00_TAI,11675,2491,1953342.75,4.17461e+21,-27.853069,-37.65836,14.509543,10.296413,2367.854248,-32.7557145,12.402978000000001,0.6513793290150521,0.5249297963051828
2013.02.17_00:00:00_TAI,11675,2491,2101548.5,4.282361e+21,-27.092266,-37.094662,14.534498,10.236154,2496.087402,-32.093464,12.385326,0.6681921029222436,0.5533578144003198
2013.02.17_01:00:00_TAI,11675,2491,2191957.0,4.43661e+21,-26.42697,-36.536999,14.557258,10.195531,2588.38501,-31.481984500000003,12.3763945,0.6922601260720093,0.5738192784485476
2013.02.17_02:00:00_TAI,11675,2491,2288649.25,4.440096e+21,-25.70833,-36.049667,14.576911,10.168248,2691.530273,-30.8789985,12.3725795,0.692804059119874,0.5966855599952969
2013.02.17_03:00:00_TAI,11675,2491,2403586.0,4.699961e+21,-25.013897,-35.488934,14.595847,10.162913,2783.706055,-30.2514155,12.37938,0.7333517244908897,0.6171200164279089
2013.02.17_04:00:00_TAI,11675,2491,2560147.25,4.956518e+21,-24.355082,-34.993256,14.627433,10.166819,2882.395996,-29.674169,12.397126,0.7733832307906674,0.6389985972866158
2013.02.17_05:00:00_TAI,11675,2491,2609616.0,5.030169e+21,-23.72846,-34.509476,14.659789,10.167168,2954.965576,-29.118968,12.4134785,0.7848752597373924,0.6550865532406314
2013.02.17_06:00:00_TAI,11675,2491,2774738.5,5.261226e+21,-23.163458,-34.003719,14.696486,10.153062,3020.239502,-28.583588499999998,12.424774,0.8209279098350616,0.6695571350799319
2013.02.17_07:00:00_TAI,11675,2491,2899019.25,4.968796e+21,-22.530519,-33.529396,14.736024,10.156399,3110.339844,-28.029957500000002,12.4462115,0.7752990110435884,0.6895314870541026
2013.02.17_08:00:00_TAI,11675,2491,3067802.0,5.193851e+21,-21.87812,-33.098335,14.768659,10.141798,3224.825195,-27.4882275,12.4552285,0.810415147614785,0.7149117536102548
2013.02.17_09:00:00_TAI,11675,2491,3189020.0,5.56754e+21,-21.236599,-32.605347,14.81338,10.092625,3356.71582,-26.920973,12.4530025,0.8687231788034003,0.7441505967418753
2013.02.17_10:00:00_TAI,11675,2491,3352953.25,5.877933e+21,-20.55298,-32.121769,14.854262,10.063038,3473.798584,-26.337374500000003,12.45865,0.9171549087304999,0.7701066839922962
2013.02.17_11:00:00_TAI,11675,2491,3488728.0,5.820454e+21,-19.907431,-31.695137,14.890625,10.007301,3612.663574,-25.801284,12.448963,0.9081862547837943,0.8008916746547035
2013.02.17_12:00:00_TAI,11675,2491,3585876.5,5.987983e+21,-19.262611,-31.193415,14.906656,9.974008,3714.327393,-25.228013,12.440332,0.9343264038301874,0.8234295347634296
2013.02.17_13:00:00_TAI,11675,2491,3653613.5,5.829608e+21,-18.639751,-30.720884,14.954982,9.947959,3820.966797,-24.6803175,12.4514705,0.909614586143563,0.84707043270599
2013.02.17_14:00:00_TAI,11675,2491,3770310.0,6.033694e+21,-17.996086,-30.258596,14.979729,9.925715,3912.45166,-24.127341,12.452722000000001,0.941458854648014,0.8673517192506158
2013.02.17_15:00:00_TAI,11675,2491,3847968.25,6.227779e+21,-17.399666,-29.733793,15.000383,9.916679,3984.102783,-23.5667295,12.458531,0.9717426313533557,0.8832360623993533
2013.02.17_16:00:00_TAI,11675,2491,3982359.25,6.408877e+21,-16.777624,-29.205212,15.006419,9.894145,4055.004395,-22.991418,12.450282,1.0,0.898954246394971
2013.02.17_17:00:00_TAI,11675,2491,3999024.0,6.370956e+21,-16.147715,-28.657919,15.035294,9.894416,4119.802734,-22.402817,12.464855,0.9940830507435234,0.9133193953144683
2013.02.17_18:00:00_TAI,11675,2491,4002559.0,6.146544e+21,-15.573262,-28.10137,15.058239,9.894415,4167.719238,-21.837316,12.476327000000001,0.9590672437620508,0.9239420088919811
2013.07.08_15:00:00_TAI,11789,2948,33462.0,4.606798e+19,-22.230579,-23.658381,-28.044859,-28.816153,58.519157,-22.94448,-28.430506,0.058865663738502834,0.08897291064402901
2013.07.08_16:00:00_TAI,11789,2948,67224.601562,1.285802e+20,-21.310001,-23.28648,-27.879728,-28.873238,105.124474,-22.2982405,-28.376483,0.16429977647445018,0.15983194070452095
2013.07.08_17:00:00_TAI,11789,2948,156577.296875,2.888731e+20,-20.544489,-22.939808,-27.682993,-28.963177,162.624802,-21.7421485,-28.323085,0.3691220402478881,0.24725581704550031
2013.07.08_18:00:00_TAI,11789,2948,181785.0,3.305703e+20,-19.981777,-22.478647,-27.664078,-28.981802,175.877914,-21.230212,-28.32294,0.4224027214072769,0.2674059355738877
2013.07.08_19:00:00_TAI,11789,2948,192291.09375,3.32176e+20,-19.42515,-21.925764,-27.646801,-29.001101,180.957397,-20.675457,-28.323951,0.42445448482874476,0.2751288148880388
2013.07.08_20:00:00_TAI,11789,2948,233013.296875,3.632466e+20,-18.704302,-21.364746,-27.620579,-29.048367,202.120895,-20.034523999999998,-28.334473,0.4641564967631409,0.307305936244539
2013.07.08_21:00:00_TAI,11789,2948,236356.90625,4.01163e+20,-18.150051,-20.880875,-27.601074,-29.105333,222.562164,-19.515463,-28.3532035,0.512606071773258,0.33838497588599453
2013.07.08_22:00:00_TAI,11789,2948,255417.09375,4.123385e+20,-17.556286,-20.436985,-27.580723,-29.192667,251.277786,-18.9966355,-28.386695,0.5268861254050785,0.3820443961728198
2013.07.08_23:00:00_TAI,11789,2948,249819.40625,3.710946e+20,-16.975138,-19.909756,-27.561501,-29.247232,266.556915,-18.442447,-28.404366500000002,0.4741846709748118,0.40527488425445085
2013.07.09_00:00:00_TAI,11789,2948,281179.90625,4.571505e+20,-16.390985,-19.691204,-27.544106,-29.44614,335.178009,-18.0410945,-28.495123,0.5841468979297212,0.5096068462606279
2013.07.09_01:00:00_TAI,11789,2948,324657.5,5.197637e+20,-15.595628,-19.314917,-27.459551,-29.546576,419.627991,-17.4552725,-28.503063500000003,0.664154043387187,0.6380051535427349
2013.07.09_02:00:00_TAI,11789,2948,357876.90625,5.571315e+20,-14.898371,-18.778616,-27.302046,-29.567379,467.019196,-16.8384935,-28.4347125,0.7119026173304689,0.7100590528799701
2013.07.09_03:00:00_TAI,11789,2948,362857.5,5.032355e+20,-14.264795,-18.229639,-27.318298,-29.655273,505.055725,-16.247217,-28.4867855,0.6430343098238157,0.7678900413873065
2013.07.09_04:00:00_TAI,11789,2948,352010.90625,4.956458e+20,-13.694554,-17.681095,-27.303511,-29.640274,510.556519,-15.6878245,-28.471892500000003,0.6333361913459463,0.7762534847129376
2013.07.09_05:00:00_TAI,11789,2948,327051.09375,4.425389e+20,-13.157059,-17.129812,-27.291224,-29.663122,514.143372,-15.1434355,-28.477173,0.565476195800357,0.7817069595718162
2013.07.09_06:00:00_TAI,11789,2948,314255.5,3.923827e+20,-12.621958,-16.581314,-27.277195,-29.648117,516.536316,-14.601636,-28.462656,0.5013866046439596,0.7853452073457575
2013.07.09_07:00:00_TAI,11789,2948,302358.5,3.37206e+20,-12.088902,-16.029758,-27.267256,-29.709532,520.284668,-14.05933,-28.488394,0.43088181870803943,0.7910442263449267
2013.07.09_08:00:00_TAI,11789,2948,284181.09375,3.052284e+20,-11.555647,-15.464417,-27.290596,-29.696676,511.651306,-13.510031999999999,-28.493636000000002,0.39002084219540856,0.777918006058063
2013.07.09_09:00:00_TAI,11789,2948,270295.59375,2.864111e+20,-11.02757,-14.909634,-27.314808,-29.720793,504.369995,-12.968602,-28.5178005,0.3659760967069689,0.7668474529915795
2013.07.09_10:00:00_TAI,11789,2948,265126.0,2.91879e+20,-10.533807,-14.355498,-27.34325,-29.712496,485.983856,-12.4446525,-28.527873,0.3729629791957552,0.7388930464997755
2013.07.09_13:00:00_TAI,11789,2948,223130.796875,2.530611e+20,-9.217255,-12.418536,-27.455791,-29.682215,389.527863,-10.817895499999999,-28.569003000000002,0.3233614675072716,0.5922407212403722
2013.07.09_14:00:00_TAI,11789,2948,217287.0,2.704358e+20,-8.6914,-11.875458,-27.483475,-29.673744,380.943268,-10.283429,-28.5786095,0.3455628587503295,0.5791886466205998
2013.07.09_15:00:00_TAI,11789,2948,209425.40625,2.237603e+20,-8.198406,-11.310361,-27.511469,-29.664631,366.185547,-9.7543835,-28.588050000000003,0.2859209059704054,0.5567509106866643
2013.07.09_21:00:00_TAI,11789,2948,109202.0,1.184915e+20,-5.180446,-7.215113,-27.807568,-29.117168,146.701797,-6.197779499999999,-28.462367999999998,0.15140843585654956,0.22304637566463034
2013.07.10_17:00:00_TAI,11789,2948,48932.101562,7.46107e+19,5.834141,4.260164,-27.789057,-28.406143,59.95414,5.047152499999999,-28.0976,0.0953375506695608,0.09115466822188853
2013.07.10_18:00:00_TAI,11789,2948,71331.5,1.414542e+20,6.464451,4.779806,-27.682373,-28.404842,73.211861,5.6221285000000005,-28.0436075,0.18075017336551175,0.1113117943041468
2013.07.10_19:00:00_TAI,11789,2948,91336.796875,2.187131e+20,7.172144,5.300673,-27.609629,-28.513647,103.636757,6.2364085,-28.061638000000002,0.2794715939315235,0.15757000600671586
2013.07.10_20:00:00_TAI,11789,2948,156858.0,2.704624e+20,7.84378,5.820844,-27.390747,-28.619108,152.863586,6.832312,-28.0049275,0.34559684822969117,0.2324148001295344
2013.07.10_21:00:00_TAI,11789,2948,172801.09375,3.018976e+20,8.518135,6.344657,-27.351921,-28.689701,180.930893,7.4313959999999994,-28.020811000000002,0.38576474603533806,0.2750885180323663
2013.07.10_22:00:00_TAI,11789,2948,185544.40625,3.185201e+20,9.082072,6.867776,-27.314669,-28.688671,187.295929,7.974924,-28.001669999999997,0.40700497613644654,0.2847659605709529
2013.07.10_23:00:00_TAI,11789,2948,185389.0,3.297845e+20,9.638713,7.389918,-27.312471,-28.686518,189.851349,8.514315499999999,-27.999494499999997,0.4213986261861338,0.2886512379224015
2013.07.11_00:00:00_TAI,11789,2948,198379.90625,3.305876e+20,10.336646,7.907015,-27.240541,-28.686636,216.848724,9.1218305,-27.9635885,0.4224248273468617,0.3296982241853503
2013.07.11_01:00:00_TAI,11789,2948,206367.296875,3.311606e+20,11.047217,8.427439,-27.170464,-28.68656,241.400452,9.737328,-27.928511999999998,0.42315700673311146,0.36702683268701586
2013.07.11_02:00:00_TAI,11789,2948,215047.703125,3.345239e+20,11.689616,8.9494,-27.063021,-28.722685,269.047577,10.319507999999999,-27.892853,0.42745463139240203,0.40906170311738277
2013.07.11_03:00:00_TAI,11789,2948,211029.296875,3.330508e+20,12.272616,9.474483,-27.065933,-28.691084,269.529724,10.8735495,-27.878508500000002,0.4255723042477521,0.40979476258282055
2013.07.11_04:00:00_TAI,11789,2948,218461.0,3.230409e+20,12.917076,10.0016,-26.960838,-28.693659,298.002197,11.459337999999999,-27.8272485,0.4127816542679605,0.45308449753309554
2013.07.11_05:00:00_TAI,11789,2948,221048.796875,3.470691e+20,13.55539,10.525864,-26.893932,-28.698681,319.113129,12.040627,-27.7963065,0.4434848876513538,0.48518169719795357
2013.07.11_06:00:00_TAI,11789,2948,237156.40625,3.686251e+20,14.255499,11.087102,-26.827032,-28.703091,343.673096,12.671300500000001,-27.7650615,0.4710291439340727,0.522522832329331
2013.07.11_07:00:00_TAI,11789,2948,236147.09375,3.847373e+20,14.791571,11.655971,-26.798111,-28.709772,345.865936,13.223771,-27.7539415,0.4916173127074268,0.5258568406674322
2013.07.11_08:00:00_TAI,11789,2948,239214.296875,3.475623e+20,15.472244,12.226021,-26.70484,-28.680988,364.776306,13.8491325,-27.692914000000002,0.4441150985995185,0.5546082914146726
2013.07.11_09:00:00_TAI,11789,2948,245515.796875,3.535418e+20,16.08353,12.815473,-26.6782,-28.653782,365.769897,14.4495015,-27.665990999999998,0.45175570355602784,0.5561189536967646
2013.07.11_10:00:00_TAI,11789,2948,239341.0,3.496112e+20,16.654182,13.379655,-26.685823,-28.515356,335.121857,15.0169185,-27.600589499999998,0.4467331829703508,0.5095214723910336
2013.07.11_11:00:00_TAI,11789,2948,243401.09375,3.525389e+20,17.197815,13.929102,-26.692646,-28.487959,328.919617,15.5634585,-27.5903025,0.4504741979600945,0.5000915459600562
2013.07.11_12:00:00_TAI,11789,2948,240718.90625,3.382515e+20,17.739754,14.469483,-26.701845,-28.495159,327.891327,16.1046185,-27.598502,0.43221775858295053,0.4985281270904688
2013.07.11_13:00:00_TAI,11789,2948,240513.203125,3.365229e+20,18.279198,15.005632,-26.70676,-28.503775,329.038971,16.642415,-27.6052675,0.4300089535444318,0.5002730125655476
2013.07.11_14:00:00_TAI,11789,2948,230324.703125,2.984547e+20,18.797077,15.543951,-26.717276,-28.513758,326.913788,17.170514,-27.615516999999997,0.38136540849795764,0.497041870374603
2013.07.11_15:00:00_TAI,11789,2948,222253.40625,2.685081e+20,19.339758,16.088505,-26.724749,-28.485044,316.251099,17.7141315,-27.6048965,0.3430996437365887,0.48083024798875645
2013.07.11_16:00:00_TAI,11789,2948,220637.296875,2.803605e+20,19.872324,16.64477,-26.735985,-28.460184,305.408081,18.258547,-27.5980845,0.3582446401721656,0.46434445220694776
2013.07.11_17:00:00_TAI,11789,2948,250124.40625,3.195216e+20,20.393602,16.97382,-26.744326,-28.426493,305.835205,18.683711000000002,-27.5854095,0.4082846928124135,0.46499385434180623
2013.07.11_18:00:00_TAI,11789,2948,288372.0,4.208306e+20,20.713428,17.234249,-26.743713,-28.465611,324.706543,18.9738385,-27.604661999999998,0.5377373305812929,0.4936859605798929
2013.07.11_19:00:00_TAI,11789,2948,346196.09375,5.369808e+20,21.403509,17.215221,-26.535204,-28.65942,485.720062,19.309365,-27.597312000000002,0.6861540533540269,0.7384919723696333
2013.07.11_20:00:00_TAI,11789,2948,385669.09375,6.718938e+20,22.16847,17.617981,-26.435808,-28.73942,569.538086,19.8932255,-27.587614000000002,0.8585458815165082,0.8659294465579761
2013.07.11_21:00:00_TAI,11789,2948,398028.0,7.022068e+20,22.798128,18.127615,-26.375204,-28.782484,599.697449,20.4628715,-27.578844,0.8972798321890847,0.9117839401433815
2013.07.11_22:00:00_TAI,11789,2948,401683.8125,7.565249e+20,23.364483,18.676815,-26.377218,-28.753311,600.44635,21.020649,-27.565264499999998,0.9666874990656087,0.9129225741424022
2013.07.11_23:00:00_TAI,11789,2948,404006.5,7.825951e+20,23.938868,19.082073,-26.382921,-28.762753,625.465637,21.5104705,-27.572837,1.0,0.9509620624184946
2013.07.12_00:00:00_TAI,11789,2948,394178.3125,7.257262e+20,24.527674,19.566422,-26.325811,-28.797812,651.042297,22.047048,-27.5618115,0.9273329209446878,0.989848984264493
2013.07.12_01:00:00_TAI,11789,2948,394490.1875,7.405199e+20,25.101044,20.117956,-26.334143,-28.80879,656.468079,22.6095,-27.5714665,0.946236310449682,0.9980983788526614
2013.10.14_23:00:00_TAI,11876,3287,18970.800781,1.269062e+19,20.59886,19.630362,6.021315,5.474506,40.823242,20.114611,5.7479105,0.0038805687186400997,0.03859746134117905
2013.10.15_00:00:00_TAI,11876,3287,39110.398438,1.74845e+19,21.250837,20.111654,6.150668,5.447869,64.869736,20.681245500000003,5.7992685,0.0053464530307473414,0.061332883054033074
2013.10.15_01:00:00_TAI,11876,3287,84260.101562,7.184295e+19,21.906944,20.595217,6.280486,5.42135,93.293732,21.2510805,5.850918,0.021968312377553246,0.08820713490232646
2013.10.15_02:00:00_TAI,11876,3287,147238.90625,1.428152e+20,22.707695,21.039057,6.359351,5.041461,167.80603,21.873376,5.700406,0.04367037998666177,0.15865684444517492
2013.10.15_03:00:00_TAI,11876,3287,180576.296875,1.591784e+20,23.330015,21.52527,6.379073,4.893656,197.466644,22.427642499999997,5.6363645,0.04867395917009423,0.1867002909264866
2013.10.15_04:00:00_TAI,11876,3287,233519.796875,2.181935e+20,23.92226,21.937138,6.380755,4.747452,232.025375,22.929699,5.5641035,0.06671974030509137,0.21937479736996568
2013.10.15_05:00:00_TAI,11876,3287,355131.90625,4.273036e+20,24.937643,22.161482,6.355092,4.502117,342.584045,23.5495625,5.4286045000000005,0.1306619364162115,0.3239055446157913
2013.10.15_06:00:00_TAI,11876,3287,383917.8125,4.369326e+20,25.640804,22.61809,6.353042,4.442175,385.965179,24.129447,5.3976085000000005,0.13360631550815386,0.3649214355756888
2013.10.15_07:00:00_TAI,11876,3287,386953.1875,4.228782e+20,26.246262,23.14238,6.325675,4.412993,399.681396,24.694321000000002,5.369334,0.12930872681672226,0.37788981166411223
2013.10.15_08:00:00_TAI,11876,3287,386322.0,4.489012e+20,26.880495,23.697716,6.291876,4.383056,403.414551,25.289105499999998,5.337466,0.1372661031911761,0.38141942613699337
2013.10.15_09:00:00_TAI,11876,3287,398187.59375,4.862281e+20,27.693354,24.190321,6.216964,4.383905,437.478943,25.9418375,5.3004345,0.1486800136623593,0.413626546123465
2013.10.15_10:00:00_TAI,11876,3287,409020.1875,4.770061e+20,28.340246,24.682783,6.249253,4.348783,479.129517,26.5115145,5.299018,0.1458600880225325,0.4530062313479486
2013.10.15_11:00:00_TAI,11876,3287,408804.40625,4.873799e+20,28.923223,25.216574,6.273911,4.321156,487.973694,27.0698985,5.2975335,0.1490322138740219,0.4613682026938805
2013.10.15_12:00:00_TAI,11876,3287,416371.3125,4.908387e+20,29.476427,25.783566,6.269258,4.319871,485.973877,27.6299965,5.2945645,0.15008985416929768,0.45947742049321816
2013.10.15_13:00:00_TAI,11876,3287,441190.8125,5.090192e+20,30.239874,26.320648,6.314924,4.321227,530.291687,28.280261,5.318075500000001,0.15564913177663572,0.5013789176403756
2013.10.15_14:00:00_TAI,11876,3287,458403.6875,5.489211e+20,30.866085,26.821867,6.375669,4.316932,563.760803,28.843976,5.3463005,0.167850432024717,0.5330232174961645
2013.10.15_15:00:00_TAI,11876,3287,469967.59375,6.064416e+20,31.673536,27.361183,6.420974,4.290819,613.39917,29.517359499999998,5.3558965,0.18543919072843187,0.5799551821677053
2013.10.15_16:00:00_TAI,11876,3287,474347.0,6.259253e+20,32.388054,27.905649,6.455381,4.267227,652.899597,30.146851499999997,5.3613040000000005,0.19139696400848977,0.6173019515421847
2013.10.15_17:00:00_TAI,11876,3287,477064.8125,6.109765e+20,32.994576,28.458511,6.487769,4.253738,669.703613,30.726543500000002,5.3707535,0.1868258835048416,0.6331897724540211
2013.10.15_18:00:00_TAI,11876,3287,480160.3125,7.15781e+20,33.567146,29.00798,6.499111,4.231357,675.959412,31.287563,5.365234,0.21887325898946852,0.6391044903507694
2013.10.15_19:00:00_TAI,11876,3287,481962.3125,7.174289e+20,34.116276,29.593519,6.493268,4.230767,668.004333,31.8548975,5.3620175,0.21937715786843953,0.6315831412582958
2013.10.15_20:00:00_TAI,11876,3287,469878.5,6.931117e+20,34.666016,30.154596,6.494026,4.231335,660.680847,32.410306,5.3626805,0.21194138517609554,0.6246589492069231
2013.10.15_21:00:00_TAI,11876,3287,499611.40625,7.20105e+20,35.36116,30.745733,6.506011,4.220953,676.787109,33.0534465,5.363481999999999,0.22019546224978204,0.6398870593334021
2013.10.15_22:00:00_TAI,11876,3287,546929.625,9.07791e+20,36.213734,31.137127,6.615822,4.114679,805.693359,33.675430500000004,5.3652505,0.2775865448388664,0.7617650326950318
2013.10.15_23:00:00_TAI,11876,3287,565692.5,1.000225e+21,36.786644,31.669064,6.647253,4.081272,837.053528,34.227854,5.364262500000001,0.30585123867878744,0.7914153703784118
2013.10.16_00:00:00_TAI,11876,3287,578009.3125,9.602857e+20,37.352467,32.199303,6.676336,4.071033,850.684814,34.775885,5.3736844999999995,0.2936385021675388,0.8043034461078101
2013.10.16_01:00:00_TAI,11876,3287,557024.3125,9.882704e+20,37.955391,32.737751,6.686649,4.043678,860.132019,35.346571,5.3651634999999995,0.302195731949892,0.8132355669268694
2013.10.16_02:00:00_TAI,11876,3287,556688.875,9.78719e+20,38.502464,33.285122,6.691219,4.032441,861.093567,35.893793,5.36183,0.2992750815751098,0.8141446890332834
2013.10.16_03:00:00_TAI,11876,3287,537060.125,9.138103e+20,39.084053,33.82933,6.695682,3.998178,869.728638,36.4566915,5.3469299999999995,0.2794271410656946,0.8223089553377783
2013.10.16_04:00:00_TAI,11876,3287,515106.8125,8.960054e+20,39.667667,34.38076,6.693847,3.991351,865.851562,37.0242135,5.342599,0.2739827153419305,0.8186432667815676
2013.10.16_05:00:00_TAI,11876,3287,500878.8125,8.914336e+20,40.218746,34.959866,6.690313,3.989709,858.626587,37.589306,5.340011,0.2725847391935722,0.8118122146751846
2013.10.16_06:00:00_TAI,11876,3287,502707.8125,9.254128e+20,40.777843,35.516792,6.677018,3.998786,845.952881,38.1473175,5.337902,0.2829749817983004,0.7998295093970377
2013.10.16_07:00:00_TAI,11876,3287,502790.40625,8.510338e+20,41.360336,36.105629,6.667408,3.998284,829.054382,38.7329825,5.332846,0.26023118986979477,0.783852356924031
2013.10.16_08:00:00_TAI,11876,3287,502859.40625,8.456282e+20,41.89756,36.672024,6.642253,4.019828,802.515198,39.284791999999996,5.3310405,0.2585782523249403,0.7587601526236857
2013.10.16_09:00:00_TAI,11876,3287,510330.0,8.967752e+20,42.453949,37.269066,6.619207,4.061774,772.113525,39.8615075,5.3404905,0.2742181066624183,0.7300160514490491
2013.10.16_10:00:00_TAI,11876,3287,488407.59375,9.394938e+20,42.954147,37.875423,6.618627,4.098211,736.712158,40.414784999999995,5.358419,0.2872807043025729,0.6965448515328987
2013.10.16_11:00:00_TAI,11876,3287,483106.59375,9.806842e+20,43.446571,38.516907,6.622517,4.126725,707.335449,40.981739000000005,5.374621,0.2998760052215409,0.6687698308728892
2013.10.16_12:00:00_TAI,11876,3287,503223.3125,1.039746e+21,44.02433,39.176357,6.629717,4.127998,696.654602,41.6003435,5.3788575000000005,0.31793606639637534,0.6586713291621835
2013.10.16_13:00:00_TAI,11876,3287,532579.0,1.155397e+21,44.608711,39.755112,6.641245,4.117237,696.457458,42.1819115,5.379241,0.3533001110907596,0.6584849339239356
2013.10.16_14:00:00_TAI,11876,3287,561361.6875,1.273053e+21,45.320862,40.184368,6.662354,4.042383,758.528015,42.752615,5.3523685,0.3892772495725926,0.7171712559027963
2013.10.16_15:00:00_TAI,11876,3287,608690.125,1.362394e+21,46.042751,40.584557,6.716685,3.985453,825.832275,43.313654,5.351069,0.41659615833292307,0.7808059268935683
2013.10.16_16:00:00_TAI,11876,3287,620620.6875,1.383759e+21,46.695667,41.059593,6.811546,3.943227,891.044434,43.877629999999996,5.3773865,0.42312920011289484,0.8424625632277752
2013.10.16_17:00:00_TAI,11876,3287,620916.125,1.448436e+21,47.318932,41.551338,6.848882,3.908608,919.779785,44.435135,5.378745,0.44290629083151106,0.8696311942578073
2013.10.16_18:00:00_TAI,11876,3287,656911.5,1.683003e+21,47.97929,42.0695,6.874675,3.900298,941.733459,45.024395,5.3874865,0.5146327598791426,0.8903879015156937
2013.10.16_19:00:00_TAI,11876,3287,650315.875,1.70038e+21,48.535656,42.600872,6.874115,3.877814,947.660522,45.568264,5.3759645,0.5199463412978447,0.8959918068843371
2013.10.16_20:00:00_TAI,11876,3287,642693.3125,1.742274e+21,49.124481,43.144344,6.872028,3.868602,943.315369,46.134412499999996,5.370315,0.5327567907399292,0.8918835620041533
2013.10.16_21:00:00_TAI,11876,3287,653825.8125,1.823193e+21,49.674213,43.684532,6.89766,3.873976,942.141724,46.6793725,5.385818,0.5575003998105372,0.8907739069327659
2013.10.16_22:00:00_TAI,11876,3287,642703.5,1.858026e+21,50.205204,44.167961,6.957089,3.879025,951.996216,47.1865825,5.418057,0.5681517194605141,0.9000911084917935
2013.10.16_23:00:00_TAI,11876,3287,626095.625,1.866114e+21,50.772911,44.677612,6.966596,3.886939,945.978333,47.7252615,5.4267675,0.5706248878160681,0.8944013348464707
2013.10.17_00:00:00_TAI,11876,3287,604975.1875,1.86988e+21,51.30756,45.23201,6.96126,3.893069,934.903564,48.269785,5.4271645,0.571776464476184,0.8839303887040748
2013.10.17_01:00:00_TAI,11876,3287,603433.125,1.85495e+21,51.880836,45.79623,6.95506,3.885345,920.595703,48.838533,5.4202025,0.5672111326823633,0.8704026264596538
2013.10.17_02:00:00_TAI,11876,3287,617356.3125,1.869502e+21,52.428772,46.368176,6.945049,3.89288,901.73877,49.398474,5.4189644999999995,0.5716608787147598,0.8525738184859828
2013.10.17_03:00:00_TAI,11876,3287,605606.125,1.867637e+21,52.978203,46.97253,6.934654,3.907048,877.793152,49.9753665,5.420851,0.5710905944685791,0.8299337727726697
2013.10.17_04:00:00_TAI,11876,3287,580157.8125,1.919531e+21,53.527695,47.555851,6.932108,3.920218,858.106628,50.541773,5.426163000000001,0.5869588682869671,0.8113206050817697
2013.10.17_05:00:00_TAI,11876,3287,592112.625,2.128277e+21,54.049492,48.101952,6.961937,3.943084,843.808838,51.075722,5.4525105,0.650789729012546,0.7978023647423744
2013.10.17_06:00:00_TAI,11876,3287,570917.0,2.137474e+21,54.599262,48.480793,7.090426,3.975712,864.604248,51.5400275,5.533069,0.6536020100914319,0.8174639593200164
2013.10.17_07:00:00_TAI,11876,3287,552432.375,2.046561e+21,55.127106,48.981499,7.130772,4.001832,859.32959,52.0543025,5.566302,0.6258024113391467,0.812476888272525
2013.10.17_08:00:00_TAI,11876,3287,549872.875,1.89622e+21,55.653091,49.529041,7.168388,4.022632,850.09552,52.591066,5.59551,0.5798307738833667,0.8037462818241996
2013.10.17_09:00:00_TAI,11876,3287,555388.6875,1.910207e+21,56.18721,50.059177,7.242423,4.038274,851.321411,53.1231935,5.6403485,0.5841077528385019,0.804905334318879
2013.10.17_10:00:00_TAI,11876,3287,579237.375,2.078983e+21,56.719353,50.579681,7.254899,4.055903,833.920776,53.649517,5.6554009999999995,0.6357164895319969,0.7884534234999278
2013.10.17_11:00:00_TAI,11876,3287,608581.125,2.343169e+21,57.222996,51.009056,7.366962,3.993311,868.547913,54.116026000000005,5.6801365,0.7164999285998008,0.8211926062849013
2013.10.17_12:00:00_TAI,11876,3287,635542.1875,2.555025e+21,57.734211,51.411419,7.552461,3.913604,949.434265,54.572815000000006,5.7330325,0.7812817727064101,0.8976688411794499
2013.10.17_13:00:00_TAI,11876,3287,656647.0,2.80889e+21,58.250221,51.891094,7.600518,3.749807,989.264648,55.0706575,5.6751625,0.8589092312354314,0.9353275765647202
2013.10.17_14:00:00_TAI,11876,3287,684257.875,2.870653e+21,58.880936,52.422581,7.634835,3.51372,1042.619263,55.6517585,5.5742775,0.877795271930793,0.9857731705191639
2013.10.17_15:00:00_TAI,11876,3287,646762.1875,2.833064e+21,59.465904,52.920574,7.676718,3.466619,1057.666504,56.193239000000005,5.5716685,0.8663012158827067,1.0
2013.10.17_16:00:00_TAI,11876,3287,635585.0,2.871634e+21,60.056263,53.432442,7.692235,3.453136,1056.589233,56.744352500000005,5.5726855,0.8780952445021083,0.9989814643879465
2013.10.17_17:00:00_TAI,11876,3287,604829.6875,3.105884e+21,60.654316,53.998341,7.68066,3.462277,1042.281738,57.3263285,5.5714685,0.9497247805170108,0.9854540481883313
2013.10.17_18:00:00_TAI,11876,3287,596281.6875,3.270299e+21,61.256802,54.569401,7.681929,3.472658,1022.340088,57.913101499999996,5.5772935,1.0,0.9665996645763115
2013.10.17_19:00:00_TAI,11876,3287,588850.6875,3.147558e+21,61.790749,55.170074,7.675732,3.487522,992.227844,58.4804115,5.581627,0.9624679578228168,0.9381292120413033
2013.10.17_20:00:00_TAI,11876,3287,560046.375,3.026472e+21,62.341045,55.761192,7.657675,3.509953,957.786621,59.0511185,5.583814,0.9254419855799118,0.9055658067810002
2013.08.06_16:00:00_TAI,11813,3049,17108.699219,2.232652e+19,-12.266703,-12.851173,-13.141822,-13.438924,14.647456,-12.558938,-13.290372999999999,0.004114753349079832,0.004103530516472404
2013.08.06_17:00:00_TAI,11813,3049,59022.699219,8.213555e+19,-11.397575,-12.424582,-12.993775,-13.58521,44.389412,-11.911078499999999,-13.2894925,0.015137492517464164,0.012435832321344152
2013.08.06_18:00:00_TAI,11813,3049,292322.1875,3.730428e+20,-9.928616,-12.677926,-12.586443,-13.857266,248.685501,-11.303270999999999,-13.2218545,0.06875138224184145,0.06967001930968275
2013.08.06_19:00:00_TAI,11813,3049,327931.59375,4.009868e+20,-9.159062,-12.222728,-12.442199,-13.874675,310.049408,-10.690895000000001,-13.158437,0.0739014310441934,0.08686130938657219
2013.08.06_20:00:00_TAI,11813,3049,350726.09375,3.976604e+20,-8.526178,-11.745021,-12.391354,-13.916528,347.103729,-10.1355995,-13.153941,0.07328837914267095,0.0972421930697636
2013.08.06_21:00:00_TAI,11813,3049,399413.5,4.796368e+20,-7.643898,-11.36341,-12.282986,-14.030455,452.506287,-9.503654000000001,-13.156720499999999,0.08839654048825941,0.1267710486790416
2013.08.06_22:00:00_TAI,11813,3049,407022.5,4.837336e+20,-6.974172,-10.847906,-12.229797,-14.046278,496.18811,-8.911039,-13.1380375,0.0891515762717362,0.13900864773348806
2013.08.06_23:00:00_TAI,11813,3049,405964.0,4.362364e+20,-6.285749,-10.339477,-12.153105,-14.063077,543.321594,-8.312613,-13.108091,0.08039789397947057,0.1522132403905108
2013.08.07_00:00:00_TAI,11813,3049,410930.1875,4.147958e+20,-5.654572,-9.798068,-12.137335,-14.079728,565.346497,-7.72632,-13.1085315,0.07644641472268174,0.15838358571073874
2013.08.07_01:00:00_TAI,11813,3049,401784.8125,3.601631e+20,-5.088118,-9.257627,-12.126663,-14.06945,568.664185,-7.1728724999999995,-13.0980565,0.0663776675424551,0.15931304635920454
2013.08.07_02:00:00_TAI,11813,3049,400794.3125,3.742693e+20,-4.521682,-8.687505,-12.116197,-14.058897,568.277954,-6.6045935,-13.087547,0.0689774248576475,0.15920484253903894
2013.08.07_03:00:00_TAI,11813,3049,412585.09375,3.664233e+20,-3.953786,-8.087163,-12.10644,-14.048279,565.176392,-6.020474500000001,-13.0773595,0.0675314155925726,0.15833593026405196
2013.08.07_04:00:00_TAI,11813,3049,424173.09375,4.074536e+20,-3.326483,-7.516446,-12.128074,-14.065537,571.114868,-5.4214645,-13.0968055,0.07509325524957021,0.15999961285079872
2013.08.07_05:00:00_TAI,11813,3049,437226.0,4.130367e+20,-2.729582,-6.914758,-12.123425,-14.060784,565.735779,-4.82217,-13.0921045,0.0761222145062411,0.15849264427807722
2013.08.07_06:00:00_TAI,11813,3049,453901.90625,4.458036e+20,-2.01162,-6.31461,-12.145884,-14.053175,575.446594,-4.163115,-13.0995295,0.08216111853221397,0.16121315941000988
2013.08.07_07:00:00_TAI,11813,3049,496661.59375,4.063512e+20,-1.192956,-5.778111,-12.013218,-14.17889,691.529724,-3.4855335,-13.096054,0.07489008412876744,0.19373421060160473
2013.08.07_08:00:00_TAI,11813,3049,526310.1875,4.339922e+20,-0.567401,-5.275989,-12.010468,-14.176563,707.358032,-2.921695,-13.093515499999999,0.07998429036072456,0.1981685604915873
2013.08.07_09:00:00_TAI,11813,3049,570624.6875,5.045047e+20,0.186186,-4.709642,-11.97484,-14.173149,750.934143,-2.2617279999999997,-13.073994500000001,0.09297966740681109,0.21037654399928232
2013.08.07_10:00:00_TAI,11813,3049,733111.625,7.100108e+20,1.318275,-4.362183,-11.875649,-14.464635,1022.794983,-1.521954,-13.170141999999998,0.13085421808606318,0.2865392068653679
2013.08.07_11:00:00_TAI,11813,3049,794874.3125,7.491909e+20,2.102776,-4.017729,-11.777813,-14.594794,1213.084106,-0.9574765000000001,-13.186303500000001,0.13807506789571924,0.33984929860985036
2013.08.07_12:00:00_TAI,11813,3049,866135.625,8.406432e+20,2.922438,-3.512137,-11.743463,-14.657651,1316.581543,-0.2948495,-13.200557,0.1549296273033678,0.3688444286246584
2013.08.07_13:00:00_TAI,11813,3049,957807.625,1.019638e+21,3.739271,-2.9805,-11.678638,-14.691575,1444.076538,0.37938549999999993,-13.1851065,0.1879181742317684,0.40456254941505343
2013.08.07_14:00:00_TAI,11813,3049,1043383.625,1.121335e+21,4.490308,-2.480276,-11.613498,-14.722775,1547.665039,1.005016,-13.1681365,0.20666082070517186,0.4335831912936931
2013.08.07_15:00:00_TAI,11813,3049,1153706.0,1.323937e+21,5.218031,-1.977871,-11.609028,-14.820626,1684.67749,1.62008,-13.214827,0.24400014891352104,0.471967657088653
2013.08.07_16:00:00_TAI,11813,3049,1202093.5,1.381311e+21,5.908454,-1.508721,-11.574701,-14.852077,1757.491577,2.1998664999999997,-13.213389,0.25457411470174535,0.49236675083118253
2013.08.07_17:00:00_TAI,11813,3049,1260487.75,1.421151e+21,6.511219,-0.972159,-11.541479,-14.852038,1781.511963,2.7695299999999996,-13.196758500000001,0.26191658336355833,0.49909613694222094
2013.08.07_18:00:00_TAI,11813,3049,1310134.75,1.520425e+21,7.172516,-0.408978,-11.569201,-14.913805,1831.524414,3.381769,-13.241503,0.2802126735727155,0.5131072811902105
2013.08.07_19:00:00_TAI,11813,3049,1324654.25,1.789459e+21,7.838999,0.094608,-11.568215,-14.919108,1872.000488,3.9668035,-13.2436615,0.32979534711594316,0.5244467796564285
2013.08.07_20:00:00_TAI,11813,3049,1325181.25,1.528008e+21,8.475145,0.658009,-11.566908,-14.951821,1906.579468,4.566577,-13.2593645,0.2816102122238833,0.5341341888323625
2013.08.07_21:00:00_TAI,11813,3049,1316809.75,1.555154e+21,9.145235,1.193788,-11.564134,-14.985038,1953.865723,5.1695115,-13.274586,0.2866131904943044,0.5473815807618686
2013.08.07_22:00:00_TAI,11813,3049,1309282.625,1.573912e+21,9.780902,1.694757,-11.562421,-15.018897,1982.427368,5.7378295,-13.290659000000002,0.29007026948924136,0.5553832147560688
2013.08.07_23:00:00_TAI,11813,3049,1301958.75,1.611487e+21,10.356409,2.257948,-11.56409,-15.025208,1999.125,6.307178499999999,-13.294649,0.29699530111493466,0.560061108478011
2013.08.08_00:00:00_TAI,11813,3049,1277692.25,1.591667e+21,10.93066,2.78972,-11.565432,-15.052908,2013.2229,6.860189999999999,-13.30917,0.2933424966752476,0.5640106791657931
2013.08.08_01:00:00_TAI,11813,3049,1292990.375,1.669888e+21,11.508136,3.324801,-11.576042,-15.06469,2032.158081,7.416468500000001,-13.320366,0.30775854188598234,0.5693154292239895
2013.08.08_02:00:00_TAI,11813,3049,1460162.625,1.884597e+21,12.088623,3.86393,-11.602606,-15.135171,2073.528564,7.9762765,-13.3688885,0.34732917702426547,0.5809054991632132
2013.08.08_03:00:00_TAI,11813,3049,1664143.25,2.245304e+21,12.861778,4.335676,-11.59111,-15.273122,2233.24585,8.598727,-13.432116,0.41380708474506295,0.6256507953504248
2013.08.08_04:00:00_TAI,11813,3049,1870417.75,2.670438e+21,13.541285,4.80732,-11.467444,-15.377581,2393.711426,9.1743025,-13.4225125,0.4921588184817898,0.6706057273167213
2013.08.08_05:00:00_TAI,11813,3049,2095318.375,2.912532e+21,14.217028,5.275867,-11.37602,-15.518289,2586.624756,9.7464475,-13.4471545,0.5367764793305083,0.7246509988430063
2013.08.08_06:00:00_TAI,11813,3049,2332784.25,3.346578e+21,14.871891,5.685042,-11.164386,-15.565989,2814.75708,10.2784665,-13.365187500000001,0.616770684972709,0.7885629814649557
2013.08.08_07:00:00_TAI,11813,3049,2441742.75,3.656518e+21,15.525849,6.129621,-11.079311,-15.579112,2925.26123,10.827735,-13.3292115,0.6738922898181485,0.8195210639962734
2013.08.08_08:00:00_TAI,11813,3049,2521787.75,3.671408e+21,16.143763,6.601547,-11.086949,-15.594646,2995.334473,11.372655,-13.3407975,0.6766365006207187,0.8391523017373996
2013.08.08_09:00:00_TAI,11813,3049,2682014.0,3.882636e+21,16.751114,7.133284,-11.009916,-15.60926,3057.267334,11.942199,-13.309588000000002,0.7155655912456542,0.8565029860532252
2013.08.08_10:00:00_TAI,11813,3049,2848386.25,4.071468e+21,17.343054,7.543135,-10.920323,-15.658726,3198.57251,12.443094499999999,-13.289524499999999,0.7503671234330906,0.8960900721555152
2013.08.08_11:00:00_TAI,11813,3049,2999232.5,4.380847e+21,17.934338,8.011029,-10.866296,-15.675621,3288.032471,12.9726835,-13.270958499999999,0.8073853365887892,0.9211525594547384
2013.08.08_12:00:00_TAI,11813,3049,3081733.5,4.610209e+21,18.524412,8.521779,-10.78244,-15.716956,3363.312012,13.5230955,-13.249697999999999,0.8496565036874526,0.9422423578306157
2013.08.08_13:00:00_TAI,11813,3049,3143665.25,4.851134e+21,19.083128,9.033846,-10.701418,-15.738325,3436.600342,14.058487,-13.2198715,0.8940587191078162,0.9627743122298166
2013.08.08_14:00:00_TAI,11813,3049,3185903.75,4.884907e+21,19.662252,9.571801,-10.695137,-15.757699,3477.144775,14.6170265,-13.226418,0.9002830462693475,0.9741329616832487
2013.08.08_15:00:00_TAI,11813,3049,3264470.0,5.048913e+21,20.229568,10.100825,-10.697206,-15.771776,3492.48999,15.1651965,-13.234490999999998,0.9305091736626533,0.9784319715614371
2013.08.08_16:00:00_TAI,11813,3049,3312409.75,5.084444e+21,20.814756,10.612926,-10.708209,-15.784867,3509.38208,15.713840999999999,-13.246538000000001,0.9370574983118218,0.9831643432990274
2013.08.08_17:00:00_TAI,11813,3049,3387980.0,5.198137e+21,21.389093,11.18436,-10.715611,-15.798328,3513.14917,16.2867265,-13.2569695,0.9580109945359058,0.9842197053204801
2013.08.08_18:00:00_TAI,11813,3049,3417225.75,5.271304e+21,21.98171,11.729165,-10.701737,-15.810785,3538.418701,16.8554375,-13.256260999999999,0.9714955930444115,0.9912990433021368
2013.08.08_19:00:00_TAI,11813,3049,3409040.25,5.320753e+21,22.55438,12.250346,-10.689088,-15.825051,3552.412109,17.402363,-13.2570695,0.9806089899534977,0.9952193402299752
2013.08.08_20:00:00_TAI,11813,3049,3381305.5,5.425968e+21,23.133738,12.799539,-10.689543,-15.837229,3568.343994,17.966638500000002,-13.263386,1.0,0.9996827075397953
2013.08.08_21:00:00_TAI,11813,3049,3342234.0,5.32724e+21,23.718353,13.363966,-10.680479,-15.838531,3569.476562,18.5411595,-13.259505,0.9818045369969007,1.0
2013.08.08_22:00:00_TAI,11813,3049,3286679.75,5.324271e+21,24.289961,13.912401,-10.682528,-15.854082,3566.837402,19.101181,-13.268305,0.9812573535265964,0.9992606310885759
2013.09.29_19:00:00_TAI,11855,3244,121916.0,1.5595e+20,-31.825378,-33.709126,-11.045939,-12.010372,107.808609,-32.767252,-11.5281555,0.015847052118053272,0.014458572483115531
2013.09.29_20:00:00_TAI,11855,3244,197146.0,3.848087e+20,-31.024796,-33.46838,-10.974818,-12.235703,180.888031,-32.246588,-11.6052605,0.03910281195498767,0.02425949775069957
2013.09.29_21:00:00_TAI,11855,3244,221496.296875,4.196043e+20,-30.450306,-33.09911,-10.939018,-12.30419,210.164413,-31.774708000000004,-11.621604000000001,0.04263860988175224,0.028185851082930938
2013.09.29_22:00:00_TAI,11855,3244,304415.8125,6.044968e+20,-29.634264,-32.94101,-10.806849,-12.403137,309.3638,-31.287637,-11.604993,0.06142668993136535,0.04148981206085366
2013.09.29_23:00:00_TAI,11855,3244,435579.8125,8.00203e+20,-28.654253,-32.581993,-10.640708,-12.524359,438.47937,-30.618122999999997,-11.5825335,0.08131361748010635,0.058805932219159175
2013.09.30_00:00:00_TAI,11855,3244,528692.375,9.374093e+20,-27.631044,-32.349625,-10.474942,-12.652414,613.305176,-29.990334500000003,-11.563678,0.09525600534176235,0.08225240473574728
2013.09.30_01:00:00_TAI,11855,3244,606650.625,1.060023e+21,-26.796062,-31.985701,-10.354429,-12.753381,760.310791,-29.3908815,-11.553905,0.10771554810731122,0.1019678185567574
2013.09.30_02:00:00_TAI,11855,3244,735420.125,1.251444e+21,-25.811998,-31.579632,-10.220579,-12.874176,936.366699,-28.695815,-11.5473775,0.12716702975841654,0.12557926415938753
2013.09.30_03:00:00_TAI,11855,3244,865477.6875,1.57034e+21,-24.895878,-31.197193,-10.132121,-13.048167,1127.095337,-28.046535499999997,-11.590143999999999,0.1595720411866866,0.15115851856873533
2013.09.30_04:00:00_TAI,11855,3244,1000362.1875,1.67952e+21,-24.09119,-30.885073,-10.063937,-13.190713,1303.542236,-27.4881315,-11.627324999999999,0.17066650191287486,0.1748224012797391
2013.09.30_05:00:00_TAI,11855,3244,1136275.125,1.783174e+21,-23.286674,-30.405085,-10.014589,-13.355942,1469.469482,-26.845879500000002,-11.6852655,0.18119943131489277,0.19707545820596975
2013.09.30_06:00:00_TAI,11855,3244,1203628.375,1.847583e+21,-22.488247,-29.871109,-9.979688,-13.451295,1594.942139,-26.179678000000003,-11.715491499999999,0.18774443150643938,0.21390301513960566
2013.09.30_07:00:00_TAI,11855,3244,1288319.625,2.029984e+21,-21.762951,-29.427383,-9.949922,-13.632051,1720.007324,-25.595167,-11.7909865,0.20627933470223955,0.2306759246429344
2013.09.30_08:00:00_TAI,11855,3244,1343541.875,2.11382e+21,-21.128355,-29.001184,-9.92684,-13.936129,1853.026245,-25.064769499999997,-11.9314845,0.2147984335247411,0.24851553623558856
2013.09.30_09:00:00_TAI,11855,3244,1631035.375,2.430595e+21,-20.40963,-28.541004,-9.902879,-15.398869,2195.010254,-24.475317,-12.650874,0.24698791691490665,0.2943801534313538
2013.09.30_10:00:00_TAI,11855,3244,1788343.625,2.583437e+21,-19.689655,-28.056009,-9.882813,-15.645356,2481.023682,-23.872832,-12.7640845,0.26251914576920293,0.3327383691456698
2013.09.30_11:00:00_TAI,11855,3244,1870652.75,2.672821e+21,-19.07398,-27.762043,-9.887631,-15.712676,2620.593018,-23.4180115,-12.8001535,0.2716020114730828,0.3514564787632079
2013.09.30_12:00:00_TAI,11855,3244,1927441.125,2.83731e+21,-18.453915,-27.264339,-9.86706,-15.754777,2755.265381,-22.859127,-12.8109185,0.28831676463657413,0.3695178389826682
2013.09.30_13:00:00_TAI,11855,3244,2010689.75,2.870556e+21,-17.836794,-26.751652,-9.85666,-15.761932,2821.793457,-22.294223000000002,-12.809296,0.2916950980429018,0.37844014136585
2013.09.30_14:00:00_TAI,11855,3244,2130499.25,2.896222e+21,-17.100134,-26.230581,-9.83501,-15.763714,2909.569092,-21.6653575,-12.799362,0.29430318037481557,0.39021202482368217
2013.09.30_15:00:00_TAI,11855,3244,2214545.0,3.122185e+21,-16.421337,-25.707497,-9.821641,-15.739392,2978.414062,-21.064417,-12.780516500000001,0.3172646900750507,0.39944505359639276
2013.09.30_16:00:00_TAI,11855,3244,2291970.0,3.245451e+21,-15.720736,-25.198622,-9.799528,-15.736548,3044.466553,-20.459679,-12.768038,0.3297905171118186,0.40830357368743525
2013.09.30_17:00:00_TAI,11855,3244,2461375.25,3.481102e+21,-15.07935,-24.681265,-9.787498,-16.007986,3253.609863,-19.8803075,-12.897742,0.35373648491349463,0.4363524812379788
2013.09.30_18:00:00_TAI,11855,3244,2640814.25,3.678951e+21,-14.421909,-24.134153,-9.781103,-16.073233,3456.592285,-19.278031,-12.927167999999998,0.3738411557343008,0.4635751315300844
2013.09.30_19:00:00_TAI,11855,3244,2829920.25,3.888619e+21,-13.777878,-23.643978,-9.783252,-16.08354,3633.331055,-18.710928,-12.933395999999998,0.39514682885701957,0.4872781580353395
2013.09.30_20:00:00_TAI,11855,3244,3009102.5,4.142959e+21,-13.119398,-23.194435,-9.759317,-16.146383,3861.30249,-18.1569165,-12.95285,0.42099190250694374,0.5178521682892642
2013.09.30_21:00:00_TAI,11855,3244,3205002.75,4.510951e+21,-12.488881,-22.691652,-9.709979,-16.257618,4065.895264,-17.5902665,-12.9837985,0.45838586469371295,0.5452907882644156
2013.09.30_22:00:00_TAI,11855,3244,3481675.5,4.92068e+21,-11.862262,-22.166891,-9.683279,-16.501022,4347.996094,-17.0145765,-13.092150499999999,0.5000209837528847,0.5831242723983407
2013.09.30_23:00:00_TAI,11855,3244,3801320.5,5.472232e+21,-11.207704,-21.675154,-9.662975,-16.695414,4599.083496,-16.441429,-13.1791945,0.5560676223538243,0.616798442161668
2013.10.01_00:00:00_TAI,11855,3244,4146309.75,5.864295e+21,-10.548065,-21.182747,-9.646985,-16.88117,4857.810547,-15.865406,-13.2640775,0.5959075889749229,0.6514971907581388
2013.10.01_01:00:00_TAI,11855,3244,4522919.0,6.281117e+21,-9.889211,-20.656788,-9.633878,-17.075705,5111.033203,-15.2729995,-13.3547915,0.6382634720012211,0.6854577265641711
2013.10.01_02:00:00_TAI,11855,3244,4855988.0,6.775654e+21,-9.234845,-20.101929,-9.622632,-17.196438,5343.482422,-14.668387,-13.409535,0.6885164608649961,0.7166322673798782
2013.10.01_03:00:00_TAI,11855,3244,5083594.5,7.116476e+21,-8.614505,-19.584568,-9.610548,-17.263367,5490.250488,-14.0995365,-13.436957499999998,0.7231495098998094,0.7363158227114164
2013.10.01_04:00:00_TAI,11855,3244,5308531.5,7.442302e+21,-8.023698,-19.160168,-9.582367,-17.272495,5622.145508,-13.591933,-13.427430999999999,0.7562587218486189,0.7540047041887016
2013.10.01_05:00:00_TAI,11855,3244,5553585.5,7.724614e+21,-7.401631,-18.672161,-9.571286,-17.406776,5791.36084,-13.036895999999999,-13.489031,0.7849462048723563,0.7766987373060055
2013.10.01_06:00:00_TAI,11855,3244,5722427.0,7.811099e+21,-6.814416,-18.133375,-9.551715,-17.520557,5929.082031,-12.473895500000001,-13.536135999999999,0.7937344851059558,0.7951689860273714
2013.10.01_07:00:00_TAI,11855,3244,5884684.5,8.008362e+21,-6.226431,-17.582144,-9.539688,-17.584791,6023.905762,-11.904287499999999,-13.5622395,0.8137796088120381,0.8078861131705567
2013.10.01_08:00:00_TAI,11855,3244,6018798.0,8.240362e+21,-5.636238,-17.029215,-9.53027,-17.607475,6093.458496,-11.3327265,-13.568872500000001,0.8373545757334127,0.8172140625362503
2013.10.01_09:00:00_TAI,11855,3244,6047913.5,8.452305e+21,-5.049799,-16.510691,-9.520946,-17.622864,6165.109375,-10.780245,-13.571905000000001,0.8588914257946924,0.8268234011327666
2013.10.01_10:00:00_TAI,11855,3244,6129310.0,8.335308e+21,-4.462441,-15.975132,-9.511393,-17.649738,6240.042969,-10.2187865,-13.580565499999999,0.8470026309459853,0.8368729955976145
2013.10.01_11:00:00_TAI,11855,3244,6179365.5,8.38816e+21,-3.876566,-15.440475,-9.502975,-17.702141,6308.712402,-9.6585205,-13.602558,0.8523732522896426,0.8460824825172069
2013.10.01_12:00:00_TAI,11855,3244,6216734.0,8.420014e+21,-3.259531,-14.926374,-9.501082,-17.694948,6369.181641,-9.092952499999999,-13.598015,0.855610135894442,0.8541922140422684
2013.10.01_13:00:00_TAI,11855,3244,6286941.5,8.426518e+21,-2.641088,-14.381543,-9.490206,-17.709085,6412.853516,-8.5113155,-13.599645500000001,0.8562710478981342,0.8600491950015633
2013.10.01_14:00:00_TAI,11855,3244,6410218.5,8.526584e+21,-1.991307,-13.929454,-9.478323,-17.72715,6492.553223,-7.960380499999999,-13.6027365,0.8664393782427647,0.8707379887929995
2013.10.01_15:00:00_TAI,11855,3244,6524772.0,8.662731e+21,-1.375863,-13.460048,-9.485909,-17.744207,6568.793457,-7.417955500000001,-13.615058,0.8802741240248525,0.8809628211105993
2013.10.01_16:00:00_TAI,11855,3244,6623603.0,8.789549e+21,-0.697311,-12.973507,-9.496032,-17.736818,6645.20459,-6.835409,-13.616425,0.8931608919344856,0.891210573263653
2013.10.01_17:00:00_TAI,11855,3244,6731763.0,8.728774e+21,-0.08324,-12.436,-9.482977,-17.727409,6684.63916,-6.25962,-13.605193,0.886985165147216,0.8964992751027194
2013.10.01_18:00:00_TAI,11855,3244,6895368.5,9.021865e+21,0.535926,-11.874229,-9.471505,-17.744991,6755.736328,-5.6691515,-13.608248,0.916767969586667,0.9060343536684047
2013.10.01_19:00:00_TAI,11855,3244,7040554.5,9.074334e+21,1.184895,-11.365591,-9.46395,-17.766251,6866.438965,-5.0903480000000005,-13.6151005,0.9220996719116565,0.9208810539086103
2013.10.01_20:00:00_TAI,11855,3244,7119525.0,9.580446e+21,1.803975,-10.811972,-9.480601,-17.789457,6955.556641,-4.503998500000001,-13.635029,0.973528868715582,0.9328329229654944
2013.10.01_21:00:00_TAI,11855,3244,7126900.5,9.520407e+21,2.449199,-10.28498,-9.472953,-17.780664,7023.958984,-3.9178904999999995,-13.626808500000001,0.9674279314785459,0.9420065895534792
2013.10.01_22:00:00_TAI,11855,3244,7144439.5,9.388049e+21,3.068166,-9.746459,-9.46676,-17.772408,7071.905762,-3.3391465,-13.619584,0.9539782096174282,0.9484368920263073
2013.10.01_23:00:00_TAI,11855,3244,7157254.0,9.328636e+21,3.689183,-9.214553,-9.467278,-17.768747,7133.138184,-2.7626850000000003,-13.6180125,0.9479408841445849,0.9566489765714637
2013.10.02_00:00:00_TAI,11855,3244,7158774.0,9.285038e+21,4.3087,-8.683815,-9.489192,-17.763996,7179.474609,-2.1875574999999996,-13.626593999999999,0.9435106194556278,0.9628633092271327
2013.10.02_01:00:00_TAI,11855,3244,7128039.5,9.185246e+21,4.927937,-8.161423,-9.459571,-17.731752,7209.371582,-1.6167429999999996,-13.5956615,0.9333701319598612,0.9668728920902808
2013.10.02_02:00:00_TAI,11855,3244,7077011.0,9.112905e+21,5.52004,-7.607024,-9.490423,-17.731518,7217.853516,-1.043492,-13.6109705,0.9260191117785719,0.9680104325768296
2013.10.02_03:00:00_TAI,11855,3244,7090510.0,9.017357e+21,6.079932,-7.04915,-9.492852,-17.730438,7211.421875,-0.48460899999999985,-13.611645,0.9163098835914877,0.9671478637296249
2013.10.02_04:00:00_TAI,11855,3244,7093967.0,8.95399e+21,6.694914,-6.489047,-9.495936,-17.700001,7198.061523,0.10293349999999979,-13.5979685,0.9098707675186138,0.9653560623179961
2013.10.02_05:00:00_TAI,11855,3244,7107368.5,8.990518e+21,7.281786,-5.906179,-9.471142,-17.640347,7188.886719,0.6878035000000002,-13.5557445,0.9135826054138896,0.9641255987225297
2013.10.02_06:00:00_TAI,11855,3244,7109368.5,8.406065e+21,7.852792,-5.345766,-9.47333,-17.64146,7189.066406,1.2535129999999999,-13.557395,0.8541926910082943,0.9641496971460032
2013.10.02_07:00:00_TAI,11855,3244,7190007.5,8.531967e+21,8.441817,-4.789499,-9.47639,-17.61141,7198.231934,1.826159,-13.5439,0.8669863784450826,0.9653789167061407
2013.10.02_08:00:00_TAI,11855,3244,7169367.5,8.208873e+21,9.065709,-4.234116,-9.450938,-17.616158,7224.402832,2.4157965,-13.533548,0.8341547820550198,0.9688887832111545
2013.10.02_09:00:00_TAI,11855,3244,7174520.5,8.466086e+21,9.634924,-3.676172,-9.422406,-17.685463,7291.736328,2.979376,-13.5539345,0.8602917991530693,0.9779191031595138
2013.10.02_10:00:00_TAI,11855,3244,7164189.5,8.488319e+21,10.229139,-3.146805,-9.394642,-17.722792,7338.112305,3.5411669999999997,-13.558716999999998,0.8625510329442889,0.9841387402659512
2013.10.02_11:00:00_TAI,11855,3244,7124746.0,8.270838e+21,10.83716,-2.592055,-9.399606,-17.696089,7372.513184,4.1225525,-13.5478475,0.8404514321639981,0.9887523569995127
2013.10.02_12:00:00_TAI,11855,3244,7104986.0,8.21047e+21,11.430992,-2.033937,-9.401959,-17.699217,7387.460449,4.6985275,-13.550588000000001,0.8343170631850776,0.9907569846116436
2013.10.02_13:00:00_TAI,11855,3244,7137713.5,8.35066e+21,12.028004,-1.476021,-9.375882,-17.704258,7404.28418,5.2759915,-13.54007,0.8485626434122652,0.9930132713438093
2013.10.02_14:00:00_TAI,11855,3244,7179711.5,8.520838e+21,12.638583,-0.92044,-9.378046,-17.707659,7418.007324,5.859071500000001,-13.542852499999999,0.8658554913465137,0.9948537280017765
2013.10.02_15:00:00_TAI,11855,3244,7238943.5,8.612662e+21,13.268256,-0.366501,-9.351819,-17.710499,7448.243652,6.4508775,-13.531158999999999,0.8751863006680151,0.9989088228969464
2013.10.02_16:00:00_TAI,11855,3244,7245657.0,8.527851e+21,13.893564,0.188996,-9.324997,-17.71081,7456.379883,7.0412799999999995,-13.5179035,0.8665681260147017,1.0
2013.10.02_17:00:00_TAI,11855,3244,7254461.5,9.840947e+21,14.4786,0.747739,-9.328756,-17.683884,7450.952637,7.6131695,-13.506319999999999,1.0,0.9992721339195213
2013.10.03_01:00:00_TAI,11855,3244,6639508.0,8.347435e+21,19.2488,5.323058,-9.338721,-17.532438,7335.617676,12.285929,-13.4355795,0.8482349310488106,0.9838041772421857
2013.10.03_02:00:00_TAI,11855,3244,6645415.0,8.364587e+21,19.904535,5.968222,-9.343122,-17.407339,7297.287109,12.9363785,-13.3752305,0.8499778527412047,0.9786635369312768
2013.12.08_14:00:00_TAI,11919,3482,55784.398438,1.342162e+19,4.13583,3.56646,-6.300299,-6.628691,17.485313,3.8511450000000003,-6.464494999999999,0.0025498689027824983,0.006984485383694868
2013.12.08_15:00:00_TAI,11919,3482,72868.203125,7.90092e+18,4.734931,4.014099,-6.212703,-6.690336,33.261684,4.374515,-6.4515195,0.00150103416810879,0.01328633612306954
2013.12.08_21:00:00_TAI,11919,3482,76180.0,3.687855e+19,8.192696,7.285594,-6.174228,-6.801054,50.821362,7.739145,-6.487641,0.007006268082743328,0.020300526508645615
2013.12.08_22:00:00_TAI,11919,3482,85180.0,5.063071e+19,8.795035,7.855302,-6.089743,-6.806057,58.669304,8.3251685,-6.447900000000001,0.009618933702101451,0.023435376664950224
2013.12.08_23:00:00_TAI,11919,3482,92525.601562,4.345466e+19,9.400433,8.305548,-5.948976,-6.814487,85.110039,8.8529905,-6.3817315,0.008255611931718117,0.033997093640885934
2013.12.09_00:00:00_TAI,11919,3482,275494.09375,2.27248e+20,10.368981,7.709802,-5.897593,-7.301088,285.370178,9.0393915,-6.5993405,0.043173075114592514,0.11399074395656529
2013.12.09_01:00:00_TAI,11919,3482,406720.8125,2.716653e+20,11.15924,7.890052,-5.755417,-7.487434,426.900146,9.524646,-6.6214255,0.05161157151186505,0.1705247043638398
2013.12.09_02:00:00_TAI,11919,3482,415129.3125,3.024596e+20,11.922089,8.403545,-5.675075,-7.496802,486.903961,10.162817,-6.585938499999999,0.05746194039080479,0.1944931497004163
2013.12.09_03:00:00_TAI,11919,3482,425235.5,3.172874e+20,12.559158,8.946345,-5.654298,-7.505965,503.235565,10.7527515,-6.5801315,0.06027895846438147,0.20101678753465427
2013.12.09_04:00:00_TAI,11919,3482,458924.40625,3.264396e+20,13.327501,9.521413,-5.603022,-7.51457,548.908386,11.424457,-6.558796,0.06201771356041653,0.2192607360820215
2013.12.09_05:00:00_TAI,11919,3482,481101.1875,3.2915e+20,14.06191,10.096537,-5.580157,-7.521598,571.371582,12.0792235,-6.5508775,0.06253264131683503,0.22823363031234345
2013.12.09_06:00:00_TAI,11919,3482,533529.6875,3.288742e+20,14.957775,10.672237,-5.497964,-7.648355,668.134277,12.815006,-6.573159499999999,0.06248024422591848,0.2668853621351838
2013.12.09_07:00:00_TAI,11919,3482,628421.125,3.904455e+20,15.882825,11.163731,-5.325128,-7.804101,842.17749,13.523278000000001,-6.5646145,0.07417769529172813,0.33640669568693626
2013.12.09_08:00:00_TAI,11919,3482,681421.1875,4.494545e+20,16.629175,11.679868,-5.207646,-7.835863,925.932434,14.154521500000001,-6.5217545,0.08538835496502332,0.3698624984043472
2013.12.09_09:00:00_TAI,11919,3482,773424.375,4.91662e+20,17.561487,12.103456,-5.034951,-7.871521,1108.359619,14.8324715,-6.453236,0.09340702869548152,0.4427327985940608
2013.12.09_10:00:00_TAI,11919,3482,900099.8125,6.999476e+20,18.443768,12.531597,-4.918275,-7.933209,1264.044312,15.487682499999998,-6.425742,0.13297758533003043,0.5049208453692899
2013.12.09_11:00:00_TAI,11919,3482,1064427.625,9.007674e+20,19.292908,13.016788,-4.771977,-7.965809,1432.654053,16.154848,-6.368893,0.17112977285158154,0.5722717856448845
2013.12.09_12:00:00_TAI,11919,3482,1193477.875,1.097019e+21,20.050951,13.352664,-4.653985,-8.026613,1607.9552,16.7018075,-6.340299,0.20841408368449962,0.6422955992858782
2013.12.09_13:00:00_TAI,11919,3482,1350136.0,1.24396e+21,20.810175,13.750507,-4.594243,-8.056595,1746.372803,17.280341,-6.325419,0.23633025821810755,0.6975863295690352
2013.12.09_14:00:00_TAI,11919,3482,1511711.75,1.460319e+21,21.489679,14.211286,-4.594925,-8.116904,1829.494751,17.8504825,-6.3559145,0.27743461715071915,0.7307892828630509
2013.12.09_15:00:00_TAI,11919,3482,1639303.25,1.629646e+21,22.195124,14.704235,-4.50822,-8.119604,1932.239624,18.449679500000002,-6.313912,0.3096037332262341,0.7718305878553084
2013.12.09_16:00:00_TAI,11919,3482,1678652.25,1.728614e+21,22.866745,15.19581,-4.418615,-8.148991,2017.081665,19.0312775,-6.283803000000001,0.3284058916520112,0.8057206300459938
2013.12.09_17:00:00_TAI,11919,3482,1720172.75,1.786921e+21,23.602123,15.753346,-4.359131,-8.148909,2092.997314,19.6777345,-6.25402,0.3394831838205079,0.8360450366399285
2013.12.09_18:00:00_TAI,11919,3482,1757500.25,1.911419e+21,24.256721,16.276258,-4.301973,-8.151211,2141.748779,20.2664895,-6.226592,0.3631355878267765,0.8555187455021153
2013.12.09_19:00:00_TAI,11919,3482,1799374.875,2.085699e+21,24.913557,16.806801,-4.27754,-8.156142,2176.739014,20.860179000000002,-6.216841,0.3962456857417029,0.8694955490588804
2013.12.09_20:00:00_TAI,11919,3482,1835535.875,2.138407e+21,25.540171,17.336912,-4.281108,-8.131053,2196.949463,21.4385415,-6.2060805,0.4062592675692214,0.8775685864496556
2013.12.09_21:00:00_TAI,11919,3482,1842929.0,2.143585e+21,26.164663,17.868448,-4.253711,-8.162469,2235.114014,22.016555500000003,-6.20809,0.40724299540376063,0.8928133663763735
2013.12.09_22:00:00_TAI,11919,3482,1864145.25,2.219336e+21,26.799376,18.433849,-4.199827,-8.22857,2311.188232,22.6166125,-6.2141985,0.4216343370789591,0.9232011131497379
2013.12.09_23:00:00_TAI,11919,3482,1890925.375,2.282844e+21,27.435961,18.971239,-4.178628,-8.237456,2348.857666,23.2036,-6.208042,0.4336997266726081,0.9382481192390802
2013.12.10_00:00:00_TAI,11919,3482,1898282.375,2.294371e+21,28.106604,19.512068,-4.153095,-8.241808,2388.60498,23.809336000000002,-6.197451500000001,0.43588965149855113,0.954125131773779
2013.12.10_01:00:00_TAI,11919,3482,1896099.375,2.274875e+21,28.718538,20.080126,-4.1578,-8.277547,2417.626221,24.399332,-6.2176735,0.43218575851628466,0.9657176284926645
2013.12.10_02:00:00_TAI,11919,3482,1893371.5,2.241074e+21,29.358324,20.650953,-4.136431,-8.3167,2471.64502,25.0046385,-6.2265655,0.4257641701548982,0.9872953670244398
2013.12.10_03:00:00_TAI,11919,3482,1873438.125,2.271797e+21,29.949978,21.225206,-4.113449,-8.323981,2489.898926,25.587592,-6.2187149999999995,0.43160099330293744,0.9945868658756378
2013.12.10_04:00:00_TAI,11919,3482,1862377.125,2.231402e+21,30.53278,21.769381,-4.118643,-8.359429,2503.450439,26.1510805,-6.2390360000000005,0.42392666231100806,1.0
2013.12.10_05:00:00_TAI,11919,3482,1828454.25,2.23574e+21,31.122076,22.289442,-4.126314,-8.338128,2498.523682,26.705759,-6.232220999999999,0.42475080509707047,0.9980320133671318
2013.12.10_06:00:00_TAI,11919,3482,1805008.0,2.254222e+21,31.706091,22.838318,-4.101368,-8.342722,2492.518066,27.2722045,-6.222045,0.4282620561279614,0.9956330779193029
2013.12.10_07:00:00_TAI,11919,3482,1775839.125,2.22683e+21,32.302261,23.390404,-4.075647,-8.347383,2494.138672,27.846332500000003,-6.211515,0.4230580636900129,0.9962804268640846
2013.12.10_08:00:00_TAI,11919,3482,1761128.375,2.108311e+21,32.870407,23.905405,-4.07824,-8.349955,2490.475586,28.387906,-6.214097499999999,0.4005415632609381,0.994817211957596
2013.12.10_09:00:00_TAI,11919,3482,1751989.0,1.989858e+21,33.546902,24.433088,-4.049764,-8.34961,2498.810059,28.989995,-6.199687,0.37803760165710076,0.9981464062848179
2013.12.10_10:00:00_TAI,11919,3482,1746484.375,2.030613e+21,34.152298,24.961555,-4.052999,-8.323645,2493.416992,29.556926500000003,-6.188322,0.3857803262412345,0.9959921527330063
2013.12.10_11:00:00_TAI,11919,3482,1716944.5,2.042498e+21,34.735394,25.519897,-4.052823,-8.323016,2473.251221,30.1276455,-6.1879195000000005,0.3880382646949807,0.9879369619108325
2013.12.10_12:00:00_TAI,11919,3482,1687220.75,2.075487e+21,35.34404,26.07905,-4.050846,-8.292798,2463.549561,30.711545,-6.171822,0.39430558750950623,0.984061646526568
2013.12.10_13:00:00_TAI,11919,3482,1666569.25,2.12927e+21,35.930183,26.644878,-4.02203,-8.234912,2444.534424,31.2875305,-6.128470999999999,0.40452340020263505,0.9764660749491273
2013.12.10_14:00:00_TAI,11919,3482,1633888.75,2.081191e+21,36.509701,27.242296,-3.990528,-8.203205,2421.169189,31.8759985,-6.0968665,0.395389245981544,0.9671328624213279
2013.12.10_15:00:00_TAI,11919,3482,1624974.625,2.096326e+21,37.071293,27.813511,-3.991257,-8.175797,2394.521973,32.442402,-6.083527,0.3982646265871351,0.9564886668802952
2013.12.10_16:00:00_TAI,11919,3482,1637915.75,2.19386e+21,37.700455,28.419924,-3.870819,-8.144685,2428.238525,33.0601895,-6.007752,0.41679435053729813,0.9699566994303896
2013.12.10_17:00:00_TAI,11919,3482,1667744.625,2.415358e+21,38.37859,28.997845,-3.812272,-8.115993,2442.230957,33.6882175,-5.9641325,0.4588750279986268,0.9755459580719904
2013.12.10_18:00:00_TAI,11919,3482,1658395.75,2.571606e+21,38.983036,29.610916,-3.752862,-8.05752,2450.470703,34.296976,-5.905191,0.48855936687291773,0.9788373138230917
2013.12.10_19:00:00_TAI,11919,3482,1647703.375,2.703048e+21,39.560871,30.198362,-3.695006,-7.998682,2432.264648,34.8796165,-5.846844,0.513531007279928,0.9715649289911905
2013.12.10_20:00:00_TAI,11919,3482,1684372.5,2.765059e+21,40.17136,30.778551,-3.696572,-7.970934,2404.829346,35.4749555,-5.833753,0.5253119935193271,0.9606059335293275
2013.12.10_21:00:00_TAI,11919,3482,1659852.75,2.78247e+21,40.76524,31.364143,-3.698656,-7.943533,2382.752441,36.064691499999995,-5.8210945,0.5286197736134102,0.9517873427331708
2013.12.10_22:00:00_TAI,11919,3482,1679258.125,2.867197e+21,41.430229,31.926939,-3.642447,-7.916537,2374.59668,36.678584,-5.779492,0.5447163955209037,0.9485295346803548
2013.12.10_23:00:00_TAI,11919,3482,1679288.125,2.84039e+21,42.036221,32.459347,-3.617239,-7.862471,2350.047607,37.247783999999996,-5.739855,0.5396235426702872,0.9387234396134972
2013.12.11_00:00:00_TAI,11919,3482,1683684.75,3.036994e+21,42.791138,33.027653,-3.591091,-7.838578,2368.710938,37.9093955,-5.7148345,0.5769748032306854,0.9461784827448705
2013.12.11_01:00:00_TAI,11919,3482,1695313.625,3.035008e+21,43.439106,33.590439,-3.533888,-7.812778,2373.25708,38.51477250000001,-5.6733329999999995,0.576597498580358,0.9479944332143416
2013.12.11_02:00:00_TAI,11919,3482,1713745.75,3.253972e+21,44.063175,34.138107,-3.508813,-7.816221,2373.632812,39.100640999999996,-5.662516999999999,0.6181967611454483,0.948144518869782
2013.12.11_03:00:00_TAI,11919,3482,1753501.75,3.531475e+21,44.680073,34.716465,-3.457408,-7.796202,2387.358154,39.698268999999996,-5.626805,0.670917391749567,0.9536270887605935
2013.12.11_04:00:00_TAI,11919,3482,1776470.25,3.695791e+21,45.313057,35.2934,-3.459667,-7.798982,2377.699463,40.3032285,-5.6293245,0.7021345070180375,0.9497689372871183
2013.12.11_05:00:00_TAI,11919,3482,1814725.5,3.929718e+21,45.920666,35.84594,-3.460558,-7.8014,2380.370117,40.883303,-5.630979,0.7465764732502213,0.9508357265306341
2013.12.11_06:00:00_TAI,11919,3482,1837368.375,4.233278e+21,46.520168,36.406662,-3.404069,-7.802645,2382.212402,41.463415,-5.603357,0.8042474700545306,0.9515716248617134
2013.12.11_07:00:00_TAI,11919,3482,1834835.75,4.312789e+21,47.13765,36.964142,-3.372311,-7.804241,2394.666016,42.050896,-5.5882760000000005,0.8193531448038633,0.9565462046680445
2013.12.11_08:00:00_TAI,11919,3482,1831145.75,4.270002e+21,47.790447,37.527214,-3.374151,-7.777073,2383.942383,42.6588305,-5.575612,0.8112243763881762,0.9522626635070365
2013.12.11_09:00:00_TAI,11919,3482,1832115.0,4.234675e+21,48.371887,38.095432,-3.345101,-7.776456,2369.506592,43.2336595,-5.5607785,0.8045128751887236,0.9464963056933918
2013.12.11_10:00:00_TAI,11919,3482,1801781.75,4.16551e+21,48.953598,38.665462,-3.316199,-7.746064,2342.91626,43.809529999999995,-5.5311315,0.7913727562864635,0.9358748323916788
2013.12.11_11:00:00_TAI,11919,3482,1749254.25,4.264821e+21,49.545399,39.276123,-3.313526,-7.714945,2318.754395,44.410761,-5.5142355,0.8102400786070353,0.9262234070534359
2013.12.11_12:00:00_TAI,11919,3482,1717948.75,4.219755e+21,50.131039,39.844864,-3.311624,-7.713515,2294.920654,44.9879515,-5.5125695,0.8016783407562545,0.9167030504173683
2013.12.11_13:00:00_TAI,11919,3482,1679978.25,4.339843e+21,50.700123,40.38752,-3.306985,-7.706774,2274.233398,45.5438215,-5.5068795,0.8244929232580199,0.9084395530947436
2013.12.11_14:00:00_TAI,11919,3482,1659720.125,4.410652e+21,51.300968,40.974308,-3.277647,-7.678225,2254.557617,46.137637999999995,-5.477936,0.8379453728980133,0.900580088136508
2013.12.11_15:00:00_TAI,11919,3482,1596456.375,4.294636e+21,51.879337,41.530018,-3.302565,-7.676419,2227.75293,46.7046775,-5.489492,0.8159043979169592,0.8898729910107079
2013.12.11_16:00:00_TAI,11919,3482,1555157.5,4.281816e+21,52.459751,42.091633,-3.30027,-7.672808,2200.036133,47.275692,-5.486539,0.8134688261056823,0.8788015527396665
2013.12.11_17:00:00_TAI,11919,3482,1523960.25,4.560719e+21,53.048214,42.661392,-3.298031,-7.670824,2169.381592,47.854803000000004,-5.4844275,0.8664554317905956,0.8665566364743201
2013.12.11_18:00:00_TAI,11919,3482,1487848.25,4.802708e+21,53.619991,43.239216,-3.295249,-7.669966,2135.122314,48.4296035,-5.4826075,0.9124290345237555,0.8528718127341366
2013.12.11_19:00:00_TAI,11919,3482,1443428.25,5.263651e+21,54.222778,43.838436,-3.294911,-7.639664,2098.4375,49.030607,-5.467287499999999,1.0,0.8382181118145954
2013.12.11_20:00:00_TAI,11919,3482,1387870.375,4.55774e+21,54.804909,44.420143,-3.292259,-7.638749,2060.441895,49.612526,-5.465504,0.8658894748151046,0.8230408171463705
2013.12.11_21:00:00_TAI,11919,3482,1353313.25,4.352149e+21,55.374138,45.008156,-3.293899,-7.608996,2012.865479,50.191147,-5.4514475000000004,0.8268308442182052,0.8040364800686992
2013.01.04_06:00:00_TAI,11651,2348,133199.796875,6.808559e+20,-58.407997,-61.482113,21.435646,19.757025,164.761337,-59.945054999999996,20.5963355,0.17599392343497045,0.04612523307271734
2013.01.04_07:00:00_TAI,11651,2348,130183.5,7.058601e+20,-57.911869,-60.954853,21.458015,19.783506,163.15065,-59.433361000000005,20.6207605,0.18245724006386752,0.045674318345786016
2013.01.04_08:00:00_TAI,11651,2348,136020.09375,6.890904e+20,-57.428967,-60.514885,21.497078,19.82584,169.358002,-58.971925999999996,20.661459,0.17812245307321734,0.04741207771929971
2013.01.04_09:00:00_TAI,11651,2348,138883.0,6.800721e+20,-56.865849,-59.96299,21.499855,19.82303,174.796356,-58.414419499999994,20.6614425,0.17579131956947067,0.04893455471754077
2013.01.04_10:00:00_TAI,11651,2348,136815.796875,7.092708e+20,-56.309319,-59.397057,21.499151,19.823282,176.147995,-57.853188,20.661216500000002,0.18333886931120114,0.049312948490256844
2013.01.04_11:00:00_TAI,11651,2348,156089.90625,7.368812e+20,-55.699429,-58.7976,21.705479,19.824791,202.744553,-57.2485145,20.765135,0.19047586059468555,0.05675870280992496
2013.01.04_12:00:00_TAI,11651,2348,162600.90625,7.491692e+20,-55.176102,-58.229454,21.776705,19.829569,209.102859,-56.702777999999995,20.803137,0.19365217636307194,0.05853872202764749
2013.01.04_13:00:00_TAI,11651,2348,165467.203125,7.517725e+20,-54.56609,-57.667236,21.78248,19.859856,213.587982,-56.116663,20.821168,0.19432510139886625,0.059794340290412654
2013.01.04_14:00:00_TAI,11651,2348,157429.5,7.394418e+20,-54.002975,-57.093483,21.783117,19.861099,214.161285,-55.548229,20.822108,0.19113774813997605,0.05995483749793584
2013.01.04_15:00:00_TAI,11651,2348,166786.40625,7.184925e+20,-53.447826,-56.490429,21.789026,19.861868,214.90596,-54.9691275,20.825447,0.18572257952615306,0.060163310605546194
2013.01.04_16:00:00_TAI,11651,2348,166411.5,7.580104e+20,-52.887508,-55.901402,21.827463,19.862074,219.560349,-54.394454999999994,20.8447685,0.19593753142259812,0.06146631518990504
2013.01.04_17:00:00_TAI,11651,2348,165866.90625,7.520085e+20,-52.332851,-55.295773,21.827736,19.868397,219.54454,-53.814312,20.8480665,0.19438610485926167,0.06146188943187877
2013.01.04_18:00:00_TAI,11651,2348,213396.5,9.77413e+20,-51.778004,-54.809315,22.151524,19.859701,263.966736,-53.293659500000004,21.005612499999998,0.25265074252326336,0.07389796321842453
2013.01.04_19:00:00_TAI,11651,2348,238604.703125,1.040385e+21,-51.216919,-54.57954,22.299267,19.863672,304.483948,-52.8982295,21.0814695,0.26892832687928786,0.0852408297002418
2013.01.04_20:00:00_TAI,11651,2348,251013.0,1.015943e+21,-50.668289,-54.050789,22.331837,19.868687,314.933594,-52.359539,21.100262,0.2626103329005362,0.08816622692057019
2013.01.04_21:00:00_TAI,11651,2348,264732.5,1.028185e+21,-50.06934,-53.500683,22.334148,19.894552,329.979614,-51.785011499999996,21.11435,0.26577475816393026,0.09237838732150677
2013.01.04_22:00:00_TAI,11651,2348,265412.1875,1.043048e+21,-49.497257,-52.973728,22.307558,19.904106,338.322937,-51.2354925,21.105832,0.2696166837226483,0.09471411562392983
2013.01.04_23:00:00_TAI,11651,2348,274525.6875,1.117526e+21,-48.938358,-52.548119,22.305443,19.917068,344.04187,-50.743238500000004,21.1112555,0.2888684452621895,0.09631514121861928
2013.01.05_00:00:00_TAI,11651,2348,272749.3125,1.080532e+21,-48.397869,-52.04784,22.276413,19.916924,345.004639,-50.2228545,21.0966685,0.27930589435596503,0.09658467013437569
2013.01.05_01:00:00_TAI,11651,2348,285073.90625,1.118971e+21,-47.863964,-51.714779,22.248856,19.922905,350.053253,-49.7893715,21.085880500000002,0.28924196221249215,0.09799803871758998
2013.01.05_02:00:00_TAI,11651,2348,295783.3125,1.125567e+21,-47.351486,-51.49094,22.223806,19.95491,366.660522,-49.421213,21.089358,0.2909469572326969,0.10264727358830673
2013.01.05_03:00:00_TAI,11651,2348,298045.6875,1.139284e+21,-46.851448,-51.176849,22.195581,19.966986,375.194733,-49.0141485,21.081283499999998,0.2944926541235625,0.10503644133017051
2013.01.05_04:00:00_TAI,11651,2348,286514.40625,1.049132e+21,-46.381283,-50.662354,22.164982,19.941778,372.337097,-48.5218185,21.053379999999997,0.2711893322525037,0.10423644098459803
2013.01.05_05:00:00_TAI,11651,2348,282195.09375,9.65687e+20,-45.896358,-50.117901,22.133783,19.946339,363.268494,-48.007129500000005,21.040061,0.24961969770717463,0.10169766923975022
2013.01.05_06:00:00_TAI,11651,2348,453463.3125,1.673865e+21,-45.377827,-52.540134,26.028225,19.951725,555.512756,-48.9589805,22.989975,0.4326760899780362,0.15551679667037152
2013.01.05_07:00:00_TAI,11651,2348,554901.3125,2.097345e+21,-44.863953,-52.537472,26.17296,19.982494,704.571533,-48.7007125,23.077727,0.5421411128943997,0.19724606978654682
2013.01.05_08:00:00_TAI,11651,2348,700895.1875,2.73276e+21,-44.347797,-52.277287,26.25058,17.269276,875.980713,-48.312542,21.759928000000002,0.7063890526705429,0.24523237848167087
2013.01.05_09:00:00_TAI,11651,2348,766981.8125,3.094482e+21,-43.857014,-51.763943,26.393648,17.230547,959.449707,-47.8104785,21.8120975,0.7998902971669839,0.268599673702122
2013.01.05_10:00:00_TAI,11651,2348,827917.625,3.321291e+21,-43.378246,-51.705849,26.507305,17.197256,1165.74585,-47.542047499999995,21.8522805,0.8585179829671101,0.32635265052991763
2013.01.05_11:00:00_TAI,11651,2348,874687.375,3.31964e+21,-42.847813,-51.215099,26.555918,17.163404,1289.949707,-47.031456000000006,21.859661,0.8580912172335811,0.3611237440216842
2013.01.05_12:00:00_TAI,11651,2348,902161.875,3.136077e+21,-42.301674,-50.69857,26.563334,17.131145,1379.187134,-46.500122,21.8472395,0.8106421570616805,0.3861059224509877
2013.01.05_13:00:00_TAI,11651,2348,956371.8125,3.109465e+21,-41.75642,-50.153385,26.550362,17.097549,1473.154541,-45.9549025,21.8239555,0.8037632414343775,0.4124122673012598
2013.01.05_14:00:00_TAI,11651,2348,971977.625,3.076226e+21,-41.161484,-49.61375,26.577999,17.067413,1535.477173,-45.387617000000006,21.822705999999997,0.7951713176204619,0.4298596003895145
2013.01.05_15:00:00_TAI,11651,2348,981457.5,3.110932e+21,-40.585529,-49.062435,26.596617,17.034037,1602.63623,-44.823982,21.815327,0.8041424451479373,0.448660899368224
2013.01.05_16:00:00_TAI,11651,2348,1064761.5,3.412467e+21,-40.036804,-48.499271,26.711061,17.003632,1765.046387,-44.2680375,21.8573465,0.8820859978188678,0.4941279153648326
2013.01.05_17:00:00_TAI,11651,2348,1083038.75,3.485248e+21,-39.407948,-47.925266,26.743275,16.973408,1812.50647,-43.666607,21.8583415,0.9008991031198876,0.5074144510890815
2013.01.05_18:00:00_TAI,11651,2348,1133744.75,3.463771e+21,-38.826756,-47.348705,26.750551,16.951618,1877.83374,-43.087730500000006,21.8510845,0.8953475297346635,0.5257029379975989
2013.01.05_19:00:00_TAI,11651,2348,1168799.875,3.292459e+21,-38.218456,-46.792728,26.763659,16.953487,1965.46167,-42.505592,21.858573,0.8510652212293076,0.5502345348426145
2013.01.05_20:00:00_TAI,11651,2348,1209151.5,3.04663e+21,-37.588997,-46.250603,26.839308,16.960203,2047.787109,-41.919799999999995,21.899755499999998,0.7875210701040911,0.573281689780965
2013.01.05_21:00:00_TAI,11651,2348,1227831.625,3.132241e+21,-36.897209,-45.683846,26.845072,16.98922,2112.404053,-41.290527499999996,21.917146,0.8096505923410157,0.591371319646294
2013.01.05_22:00:00_TAI,11651,2348,1319871.875,3.527668e+21,-35.942589,-45.107174,26.8873,16.993019,2332.226074,-40.5248815,21.9401595,0.9118642166367293,0.6529108903839408
2013.01.05_23:00:00_TAI,11651,2348,1355572.75,3.756292e+21,-35.345287,-44.528179,26.89452,16.998117,2394.672119,-39.936733000000004,21.9463185,0.9709610604055748,0.6703927731638456
2013.01.06_00:00:00_TAI,11651,2348,1370519.75,3.868633e+21,-34.584743,-43.945435,26.894934,17.02733,2459.727051,-39.265089,21.961132,1.0,0.6886050185587089
2013.01.06_01:00:00_TAI,11651,2348,1411074.875,3.770924e+21,-33.861919,-43.334095,26.874067,17.04162,2482.487549,-38.598006999999996,21.957843500000003,0.9747432749500923,0.6949768609715993
2013.01.06_02:00:00_TAI,11651,2348,1407412.75,3.660652e+21,-33.274937,-42.862648,26.87443,17.106035,2488.348633,-38.0687925,21.990232499999998,0.946239149591083,0.696617681994791
2013.11.02_10:00:00_TAI,11891,3344,109365.398438,4.825529e+20,-48.156643,-50.44067,-19.409142,-20.503269,108.31218,-49.2986565,-19.9562055,0.06064648983292938,0.023129764303480817
2013.11.02_11:00:00_TAI,11891,3344,139390.59375,5.14109e+20,-47.215244,-50.321156,-19.212111,-20.695911,197.20488,-48.7682,-19.954011,0.06461241087042993,0.04211255275165007
2013.11.02_12:00:00_TAI,11891,3344,140200.703125,5.23318e+20,-46.641056,-49.823429,-19.184544,-20.700809,209.468277,-48.2322425,-19.942676499999997,0.06576978351262408,0.0447313670176912
2013.11.02_13:00:00_TAI,11891,3344,138746.203125,4.956299e+20,-46.084877,-49.279945,-19.157351,-20.703398,215.063522,-47.682411,-19.9303745,0.0622899866340992,0.045926216000236185
2013.11.02_14:00:00_TAI,11891,3344,140110.703125,4.858946e+20,-45.536327,-48.807819,-19.15283,-20.695555,220.399475,-47.172073,-19.9241925,0.061066469435320535,0.0470656938985155
2013.11.02_15:00:00_TAI,11891,3344,140481.59375,4.950251e+20,-45.013634,-48.311333,-19.119673,-20.67185,227.555496,-46.6624835,-19.8957615,0.06221397632092741,0.04859384224785866
2013.11.02_16:00:00_TAI,11891,3344,141611.203125,5.297506e+20,-44.485886,-47.78474,-19.093596,-20.729656,239.299515,-46.135313,-19.911626,0.06657822256769826,0.05110174478888037
2013.11.02_17:00:00_TAI,11891,3344,142770.59375,4.996917e+20,-43.863777,-47.218212,-19.093273,-20.75985,248.10585,-45.5409945,-19.9265615,0.0628004672723948,0.05298231309548719
2013.11.02_18:00:00_TAI,11891,3344,149419.203125,4.511155e+20,-43.249012,-46.645218,-19.096834,-20.775427,257.611755,-44.947115,-19.9361305,0.05669548682481621,0.055012272626735484
2013.11.02_19:00:00_TAI,11891,3344,150286.0,4.110706e+20,-42.674461,-46.059235,-19.108728,-20.779907,262.454041,-44.366848000000005,-19.9443175,0.051662706748868734,0.05604632931241981
2013.11.02_20:00:00_TAI,11891,3344,151696.09375,4.354302e+20,-42.117916,-45.478386,-19.099461,-20.782375,264.189026,-43.798151000000004,-19.940918,0.054724182980250266,0.05641683052585744
2013.11.02_21:00:00_TAI,11891,3344,153855.40625,4.647171e+20,-41.589905,-44.918278,-19.105396,-20.759851,262.386353,-43.2540915,-19.9326235,0.05840491452924317,0.056031874728584695
2013.11.02_22:00:00_TAI,11891,3344,159463.796875,4.53038e+20,-41.056179,-44.388615,-19.101152,-20.75564,263.702698,-42.722397,-19.928396,0.05693710360238362,0.0563129765362675
2013.11.02_23:00:00_TAI,11891,3344,163113.90625,4.726222e+20,-40.483868,-43.840656,-19.091131,-20.761133,267.881714,-42.162262,-19.926132000000003,0.05939841506934622,0.05720539376118602
2013.11.03_00:00:00_TAI,11891,3344,166292.796875,4.707911e+20,-39.918842,-43.279514,-19.090208,-20.782301,278.550323,-41.599177999999995,-19.9362545,0.05916828530008553,0.05948364549257942
2013.11.03_01:00:00_TAI,11891,3344,167731.40625,4.521851e+20,-39.37064,-42.778019,-19.097969,-20.825541,288.791473,-41.074329500000005,-19.961755,0.05682991247125892,0.061670614545335935
2013.11.03_02:00:00_TAI,11891,3344,174233.796875,4.730182e+20,-38.826054,-42.366673,-19.112253,-20.835808,302.406464,-40.596363499999995,-19.974030499999998,0.05944818372678013,0.06457805794481339
2013.11.03_03:00:00_TAI,11891,3344,176104.59375,4.428872e+20,-38.275043,-41.872959,-19.125912,-20.824524,305.977081,-40.074000999999996,-19.975217999999998,0.055661367016827716,0.06534055325815673
2013.11.03_04:00:00_TAI,11891,3344,178671.203125,3.936393e+20,-37.735615,-41.356129,-19.160696,-20.863522,309.800934,-39.545872,-20.012109000000002,0.04947196836925327,0.06615712641383653
2013.11.03_05:00:00_TAI,11891,3344,182199.5,4.092474e+20,-37.197456,-40.812279,-19.174181,-20.876984,309.461609,-39.0048675,-20.0255825,0.05143356983918816,0.06608466450537638
2013.11.03_06:00:00_TAI,11891,3344,185055.59375,4.114412e+20,-36.675129,-40.251694,-19.186951,-20.92359,314.740692,-38.4634115,-20.0552705,0.05170928317423492,0.06721199797358386
2013.11.03_07:00:00_TAI,11891,3344,184002.703125,4.291129e+20,-36.111515,-39.663704,-19.195286,-20.936165,315.767151,-37.887609499999996,-20.0657255,0.05393023464790874,0.06743119543352961
2013.11.03_08:00:00_TAI,11891,3344,184204.0,3.916757e+20,-35.52607,-39.110626,-19.20715,-20.922541,314.100891,-37.318348,-20.064845499999997,0.04922518620830068,0.06707537025238823
2013.11.03_09:00:00_TAI,11891,3344,187416.90625,3.352319e+20,-34.985176,-38.74691,-19.221975,-20.926908,328.699554,-36.866043000000005,-20.0744415,0.042131418161663936,0.07019287406715721
2013.11.03_10:00:00_TAI,11891,3344,189269.90625,3.04762e+20,-34.434147,-38.369316,-19.198418,-20.906857,341.640015,-36.4017315,-20.0526375,0.03830200903250861,0.0729562734642369
2013.11.03_11:00:00_TAI,11891,3344,194172.90625,2.880792e+20,-33.897858,-37.948841,-19.17417,-20.885941,354.747864,-35.9233495,-20.0300555,0.03620534095614891,0.07575541810240793
2013.11.03_12:00:00_TAI,11891,3344,210314.796875,3.019129e+20,-33.393478,-37.510551,-19.151251,-20.862877,364.041626,-35.452014500000004,-20.007064,0.03794393862368297,0.07774007508699311
2013.11.03_13:00:00_TAI,11891,3344,218915.90625,3.274661e+20,-32.866024,-37.045063,-19.128201,-20.838032,370.219025,-34.955543500000005,-19.9831165,0.041155424626562256,0.07905924143447646
2013.11.03_14:00:00_TAI,11891,3344,214341.0,3.377171e+20,-32.366249,-36.505299,-19.103252,-20.789454,365.843414,-34.435774,-19.946353000000002,0.04244375419059008,0.07812484189498128
2013.11.03_15:00:00_TAI,11891,3344,206672.796875,3.42069e+20,-32.037384,-35.944572,-19.082508,-20.771605,351.792175,-33.990978,-19.9270565,0.042990694140808854,0.0751242389504013
2013.11.03_16:00:00_TAI,11891,3344,223027.09375,3.85368e+20,-31.466656,-35.377338,-19.087147,-20.81111,364.469452,-33.421997000000005,-19.9491285,0.04843244438886665,0.07783143613745762
2013.11.03_17:00:00_TAI,11891,3344,219126.203125,3.506478e+20,-30.864754,-34.794521,-19.10088,-20.83989,369.547211,-32.829637500000004,-19.970385,0.04406886423776348,0.07891577742631248
2013.11.03_18:00:00_TAI,11891,3344,214461.0,3.119167e+20,-30.237646,-34.208824,-19.077774,-20.831547,377.227905,-32.223235,-19.954660500000003,0.03920120048034295,0.08055596823317426
2013.11.03_19:00:00_TAI,11891,3344,208050.59375,2.339287e+20,-29.643652,-33.61956,-19.057819,-20.832975,380.510498,-31.631605999999998,-19.945397,0.029399791248131323,0.08125695682369341
2013.11.03_20:00:00_TAI,11891,3344,201669.203125,2.198762e+20,-29.065283,-32.99305,-19.037506,-20.823988,379.309967,-31.0291665,-19.930747,0.027633695140580748,0.08100058677307655
2013.11.03_21:00:00_TAI,11891,3344,200563.796875,2.31776e+20,-28.517061,-32.322815,-19.018358,-20.804688,371.114136,-30.419938000000002,-19.911523,0.029129243296469758,0.07925038989493079
2013.11.03_22:00:00_TAI,11891,3344,199872.296875,2.255064e+20,-27.972519,-31.64352,-19.004642,-20.789551,361.195862,-29.8080195,-19.8970965,0.028341289825137318,0.07713237011250797
2013.11.03_23:00:00_TAI,11891,3344,187709.09375,2.163907e+20,-27.432528,-30.85227,-19.021193,-20.772161,343.240143,-29.142399,-19.896677,0.027195642980262835,0.07329797634100847
2013.11.04_00:00:00_TAI,11891,3344,183136.0,2.129221e+20,-26.893654,-30.251448,-19.010342,-20.730881,332.289246,-28.572551,-19.870611500000003,0.026759714785375806,0.07095944279361154
2013.11.04_01:00:00_TAI,11891,3344,180379.09375,2.326591e+20,-26.367323,-29.665539,-19.025404,-20.682806,318.223389,-28.016430999999997,-19.854105,0.029240229916115936,0.0679557182158543
2013.11.04_02:00:00_TAI,11891,3344,173934.90625,2.144157e+20,-25.765692,-29.107134,-19.040482,-20.635839,306.659546,-27.436413,-19.8381605,0.026947428085232594,0.06548629175769921
2013.11.04_03:00:00_TAI,11891,3344,181611.296875,2.205986e+20,-25.203505,-28.56336,-19.062784,-20.62425,301.058228,-26.883432499999998,-19.843517,0.027724485236869274,0.06429014590292235
2013.11.04_04:00:00_TAI,11891,3344,176455.703125,1.671865e+20,-24.641575,-28.019974,-19.085609,-20.616705,300.38208,-26.3307745,-19.851157,0.021011736479986023,0.064145756381132
2013.11.04_06:00:00_TAI,11891,3344,166074.59375,1.568628e+20,-23.563185,-26.908636,-19.119595,-20.594822,290.957153,-25.235910500000003,-19.8572085,0.01971427009425254,0.06213308947619563
2013.11.04_07:00:00_TAI,11891,3344,168136.296875,1.716043e+20,-23.041821,-26.306559,-19.112835,-20.555815,279.87323,-24.67419,-19.834325,0.021566958638601,0.05976614859708184
2013.11.04_08:00:00_TAI,11891,3344,161068.296875,1.660697e+20,-22.503244,-25.708082,-19.134893,-20.541723,266.704834,-24.105663,-19.838308,0.020871378811748165,0.05695407431573233
2013.11.04_12:00:00_TAI,11891,3344,115948.5,8.3999e+19,-20.408115,-23.360369,-19.206219,-20.466713,222.220993,-21.884242,-19.836466,0.010556862262098591,0.04745467399303994
2013.11.04_13:00:00_TAI,11891,3344,94326.703125,7.478748e+19,-20.082708,-22.846853,-19.329752,-20.446728,182.765945,-21.4647805,-19.88824,0.009399172910266231,0.039029158406311625
2013.11.04_14:00:00_TAI,11891,3344,95997.296875,8.141351e+19,-19.577719,-22.346819,-19.351267,-20.405945,180.581192,-20.962269,-19.878605999999998,0.010231921943642024,0.0385626104894354
2013.11.04_15:00:00_TAI,11891,3344,96425.5,8.339541e+19,-19.175694,-21.853136,-19.333862,-20.471123,188.513367,-20.514415,-19.9024925,0.010481004019824514,0.0402565043632727
2013.11.04_16:00:00_TAI,11891,3344,102896.601562,8.494026e+19,-18.828379,-21.359037,-19.319092,-20.557348,197.137222,-20.093708,-19.93822,0.010675158339109304,0.04209810457423139
2013.11.04_17:00:00_TAI,11891,3344,119709.203125,9.119576e+19,-18.256617,-20.867264,-19.306433,-20.583281,220.371567,-19.5619405,-19.944857,0.011461339744608867,0.047059734222861464
2013.11.04_18:00:00_TAI,11891,3344,139276.09375,1.112685e+20,-17.624422,-20.377619,-19.29583,-20.703003,252.942245,-19.0010205,-19.9994165,0.013984050150719855,0.054015111774532644
2013.11.04_19:00:00_TAI,11891,3344,143023.296875,8.877383e+19,-17.061819,-19.890127,-19.28384,-20.692169,263.052032,-18.475973,-19.988004500000002,0.01115695538981364,0.05617402862458953
2013.11.04_20:00:00_TAI,11891,3344,148565.796875,8.910985e+19,-16.523958,-19.403933,-19.275644,-20.682678,269.884827,-17.9639455,-19.979160999999998,0.0111991858551443,0.057633152962074025
2013.11.04_21:00:00_TAI,11891,3344,160043.40625,1.15058e+20,-15.97017,-18.908348,-19.267885,-20.701296,276.638824,-17.439259,-19.9845905,0.014460308553108248,0.0590754502061736
2013.11.04_22:00:00_TAI,11891,3344,166576.09375,1.154185e+20,-15.438101,-18.417856,-19.261843,-20.729433,290.142059,-16.927978500000002,-19.995638,0.014505615626353007,0.061959028423180344
2013.11.04_23:00:00_TAI,11891,3344,171666.09375,1.045218e+20,-14.914836,-17.913921,-19.261084,-20.750856,297.254303,-16.414378499999998,-20.005969999999998,0.013136135501453785,0.06347782831612724
2013.11.05_00:00:00_TAI,11891,3344,175307.0,9.885058e+19,-14.40327,-17.416946,-19.25856,-20.721462,301.950775,-15.910108,-19.990011,0.012423385487786256,0.06448074682831947
2013.11.05_01:00:00_TAI,11891,3344,222253.796875,1.969033e+20,-13.876344,-17.490236,-19.255453,-20.741714,348.750427,-15.68329,-19.998583500000002,0.02474649718511741,0.07447468213868738
2013.11.05_02:00:00_TAI,11891,3344,222947.796875,2.197735e+20,-13.326049,-17.023756,-19.253012,-20.713861,357.945404,-15.174902499999998,-19.9834365,0.027620787966039177,0.0764382438617173
2013.11.05_03:00:00_TAI,11891,3344,220151.0,2.1284e+20,-12.805585,-16.523537,-19.254446,-20.713724,361.863159,-14.664561,-19.984085,0.02674939658644822,0.07727486952790538
2013.11.05_04:00:00_TAI,11891,3344,214075.796875,2.052115e+20,-12.254694,-15.993463,-19.254055,-20.710651,357.384277,-14.1240785,-19.982353,0.025790658699492198,0.07631841675405204
2013.11.05_05:00:00_TAI,11891,3344,221126.296875,1.687686e+20,-11.764527,-15.437262,-19.240326,-20.709259,363.96402,-13.600894499999999,-19.9747925,0.021210572320708727,0.07772350254188752
2013.11.05_06:00:00_TAI,11891,3344,221834.296875,1.763931e+20,-11.277598,-14.942204,-19.236269,-20.739573,369.842682,-13.109901,-19.987921,0.0221688074939533,0.07897887443524088
2013.11.05_07:00:00_TAI,11891,3344,218354.59375,1.807037e+20,-10.925652,-14.417878,-19.235067,-20.737671,351.1539,-12.671765,-19.986369,0.02271055692510131,0.07498793710225454
2013.11.05_08:00:00_TAI,11891,3344,214127.0,1.734087e+20,-10.441367,-13.858645,-19.232145,-20.734055,337.555206,-12.150006,-19.9831,0.02179373279383774,0.072083973881727
2013.11.05_09:00:00_TAI,11891,3344,211374.59375,1.851214e+20,-9.930272,-13.307168,-19.25934,-20.763769,339.428131,-11.61872,-20.011554500000003,0.0232657665158735,0.07248393179789207
2013.11.05_10:00:00_TAI,11891,3344,208637.09375,1.541273e+20,-9.413823,-12.816685,-19.254559,-20.791557,347.687836,-11.115254,-20.023058,0.019370476754832177,0.07424776879079797
2013.11.05_11:00:00_TAI,11891,3344,202786.09375,1.435726e+20,-8.907852,-12.265026,-19.25382,-20.788845,342.542877,-10.586439,-20.0213325,0.018043978652262243,0.07314907712914853
2013.11.05_12:00:00_TAI,11891,3344,201469.09375,1.275345e+20,-8.391572,-11.710644,-19.281282,-20.786043,330.916351,-10.051108,-20.0336625,0.016028335458346085,0.07066626489096543
2013.11.05_13:00:00_TAI,11891,3344,202595.0,1.341422e+20,-7.84356,-11.157024,-19.307611,-20.809702,318.512848,-9.500292,-20.0586565,0.01685878080613914,0.06801753137893089
2013.11.05_14:00:00_TAI,11891,3344,203511.5,1.306026e+20,-7.329856,-10.573712,-19.368216,-20.805151,307.669434,-8.951784,-20.0866835,0.016413929442873815,0.06570195052675837
2013.11.05_15:00:00_TAI,11891,3344,225361.203125,1.6538e+20,-6.846572,-9.9908,-19.365679,-20.93091,321.975464,-8.418686000000001,-20.1482945,0.020784698400050775,0.06875696337959288
2013.11.05_16:00:00_TAI,11891,3344,244685.796875,2.022479e+20,-6.336242,-9.555665,-19.391523,-21.092123,362.027557,-7.9459535,-20.241823,0.025418198110676197,0.07730997626282628
2013.11.05_17:00:00_TAI,11891,3344,268831.6875,2.122944e+20,-5.599304,-9.162968,-19.318243,-21.217522,447.860962,-7.381136,-20.2678825,0.026680826436205944,0.09563946078631395
2013.11.05_18:00:00_TAI,11891,3344,298544.90625,2.302841e+20,-4.677386,-8.780117,-19.213284,-21.375057,584.142639,-6.7287515,-20.2941705,0.028941743649940333,0.12474203325686255
2013.11.05_19:00:00_TAI,11891,3344,332688.90625,2.675685e+20,-3.941139,-8.42365,-19.113974,-21.373571,673.792847,-6.1823945,-20.2437725,0.03362758842577086,0.14388658542816987
2013.11.05_20:00:00_TAI,11891,3344,344659.0,2.759212e+20,-3.333163,-7.905909,-19.111237,-21.370941,690.998596,-5.619536,-20.241089,0.03467734263018557,0.14756082519543198
2013.11.05_21:00:00_TAI,11891,3344,342666.09375,2.84173e+20,-2.761319,-7.361183,-19.079615,-21.371233,699.752991,-5.0612509999999995,-20.225424,0.03571441588122886,0.14943030185973297
2013.11.05_22:00:00_TAI,11891,3344,329527.3125,2.537013e+20,-2.217608,-6.814895,-18.985674,-21.37355,711.552307,-4.5162515,-20.179612,0.03188478053090338,0.15195001292105859
2013.11.05_23:00:00_TAI,11891,3344,315614.5,2.549557e+20,-1.677334,-6.240037,-18.953291,-21.374861,713.253174,-3.9586855,-20.164076,0.032042431550815244,0.15231322833064195
2013.11.06_00:00:00_TAI,11891,3344,471814.1875,3.896184e+20,-1.136222,-5.662601,-17.411823,-21.411509,975.027344,-3.3994115000000003,-19.411665999999997,0.04896662797865729,0.20821437308499294
2013.11.06_01:00:00_TAI,11891,3344,641066.875,5.36166e+20,-0.563929,-5.058724,-17.097605,-21.418352,1195.028809,-2.8113265,-19.2579785,0.06738449995381318,0.25519507305678263
2013.11.06_02:00:00_TAI,11891,3344,892119.0,7.637346e+20,0.638901,-4.481871,-16.883989,-21.657251,1611.057251,-1.9214849999999999,-19.27062,0.09598496383289042,0.34403678787596864
2013.11.06_03:00:00_TAI,11891,3344,1089211.25,9.844297e+20,1.396348,-3.875678,-16.72854,-21.726702,1766.218872,-1.239665,-19.227621,0.12372157703804852,0.3771711197920654
2013.11.06_04:00:00_TAI,11891,3344,1266937.75,1.143756e+21,2.340727,-3.470643,-16.417589,-21.701944,2061.105713,-0.5649580000000001,-19.059766500000002,0.14374545593934257,0.4401433831933562
2013.11.06_05:00:00_TAI,11891,3344,1384359.5,1.177655e+21,3.068275,-2.994636,-16.330553,-21.776962,2193.135498,0.036819500000000005,-19.0537575,0.1480058289654843,0.46833797597220395
2013.11.06_06:00:00_TAI,11891,3344,1541035.75,1.219291e+21,3.884765,-2.549159,-16.053413,-21.81995,2454.487305,0.6678029999999999,-18.9366815,0.15323857598800525,0.5241489262845216
2013.11.06_07:00:00_TAI,11891,3344,1638288.875,1.426456e+21,4.672776,-2.263288,-15.963675,-21.826368,2649.7146,1.2047439999999998,-18.8950215,0.17927474749632863,0.5658391712685679
2013.11.06_08:00:00_TAI,11891,3344,1777541.125,1.586904e+21,5.364543,-1.821287,-15.905902,-21.865677,2761.805908,1.7716280000000002,-18.8857895,0.19943959989015705,0.5897759578285731
2013.11.06_09:00:00_TAI,11891,3344,1905712.125,1.77524e+21,6.089657,-1.412623,-15.850569,-21.874729,2903.188232,2.338517,-18.862648999999998,0.22310937228024028,0.6199677592566153
2013.11.06_10:00:00_TAI,11891,3344,2024093.625,1.977056e+21,6.816014,-0.908092,-15.759856,-22.044785,3060.799072,2.953961,-18.902320500000002,0.24847328987792225,0.6536251150671403
2013.11.06_11:00:00_TAI,11891,3344,2070409.625,2.073772e+21,7.481394,-0.435864,-15.697866,-22.079998,3185.23877,3.522765,-18.888932,0.26062840470715987,0.6801988659115636
2013.11.06_12:00:00_TAI,11891,3344,2160012.75,2.161984e+21,8.175488,0.068936,-15.673261,-22.087458,3257.54834,4.122212,-18.8803595,0.27171475018584695,0.6956403731454319
2013.11.06_13:00:00_TAI,11891,3344,2305715.0,2.32843e+21,8.871718,0.448351,-15.644504,-22.058403,3367.988281,4.6600345,-18.851453499999998,0.2926334217900002,0.719224514882957
2013.11.06_14:00:00_TAI,11891,3344,2405846.5,2.444862e+21,9.511687,0.920125,-15.582971,-22.061697,3498.634033,5.215906,-18.822333999999998,0.3072664125029927,0.7471235512702867
2013.11.06_15:00:00_TAI,11891,3344,2515608.5,2.566697e+21,10.176273,1.423191,-15.586812,-22.066046,3548.682617,5.7997320000000006,-18.826429,0.3225784437617313,0.7578112869583964
2013.11.06_16:00:00_TAI,11891,3344,2647821.0,2.692859e+21,10.8679,1.926512,-15.49251,-22.066458,3669.309082,6.397206000000001,-18.779484,0.33843428557783484,0.7835707325185549
2013.11.06_17:00:00_TAI,11891,3344,2765792.75,2.957076e+21,11.507557,2.428304,-15.437719,-22.107721,3774.128174,6.9679305,-18.77272,0.3716406627526215,0.8059545576106624
2013.11.06_18:00:00_TAI,11891,3344,2888982.0,3.252936e+21,12.139319,2.961927,-15.408886,-22.146996,3856.515137,7.550623,-18.777941000000002,0.40882388242029,0.8235480640461307
2013.11.06_20:00:00_TAI,11891,3344,3149375.5,4.015602e+21,13.407487,3.973747,-15.328564,-22.126925,3967.069336,8.690617,-18.7277445,0.5046745462851656,0.8471566052612564
2013.11.06_21:00:00_TAI,11891,3344,3293080.5,4.276672e+21,14.057562,4.41494,-15.274095,-22.136894,4060.082275,9.236251,-18.7054945,0.5374854134474661,0.8670192592697349
2013.11.06_22:00:00_TAI,11891,3344,3445886.5,4.643546e+21,14.706216,4.856315,-15.251998,-22.148397,4122.697266,9.7812655,-18.7001975,0.5835935609914269,0.880390516165262
2013.11.06_23:00:00_TAI,11891,3344,3612752.75,4.933724e+21,15.340087,5.362258,-15.262799,-22.133379,4159.407227,10.3511725,-18.698089,0.6200626758319755,0.8882298260703896
2013.11.07_00:00:00_TAI,11891,3344,3778731.0,5.313196e+21,15.935966,5.832931,-15.21221,-22.14677,4233.20166,10.884448500000001,-18.67949,0.6677541202101595,0.903988421661384
2013.11.07_01:00:00_TAI,11891,3344,3937420.5,5.610142e+21,16.619377,6.275665,-15.138204,-22.161959,4334.29834,11.447521,-18.6500815,0.7050738266504877,0.9255773360407682
2013.11.07_02:00:00_TAI,11891,3344,4061016.25,5.81771e+21,17.242609,6.68301,-15.114993,-22.178909,4420.539062,11.9628095,-18.646951,0.73116064656524,0.9439938019749041
2013.11.07_03:00:00_TAI,11891,3344,4136232.75,5.93805e+21,17.835209,7.160679,-15.098446,-22.162249,4452.219238,12.497944,-18.6303475,0.7462847885743228,0.9507590153052312
2013.11.07_04:00:00_TAI,11891,3344,4199389.5,6.037697e+21,18.442249,7.693763,-15.112393,-22.144659,4452.104492,13.068006,-18.628526,0.758808266875628,0.9507345116165902
2013.11.07_05:00:00_TAI,11891,3344,4227209.0,6.159824e+21,19.037584,8.082741,-15.102502,-22.162636,4475.178711,13.5601625,-18.632569,0.7741569962353027,0.9556619468039983
2013.11.07_06:00:00_TAI,11891,3344,4303471.5,6.144516e+21,19.612238,8.523877,-15.115767,-22.212206,4499.263184,14.068057500000002,-18.6639865,0.7722331108615696,0.9608051189187463
2013.11.07_07:00:00_TAI,11891,3344,4439049.5,6.254389e+21,20.209612,9.001856,-15.131446,-22.297153,4532.10791,14.605734,-18.714299500000003,0.7860417767662061,0.9678190186573757
2013.11.07_08:00:00_TAI,11891,3344,4527882.5,6.478414e+21,20.795094,9.505275,-15.127995,-22.407759,4591.404785,15.150184499999998,-18.767877,0.8141968865683066,0.9804817011246936
2013.11.07_09:00:00_TAI,11891,3344,4562662.5,6.401755e+21,21.397356,9.98204,-15.131778,-22.422096,4639.986816,15.689698,-18.776937,0.8045625039667254,0.9908562585051691
2013.11.07_10:00:00_TAI,11891,3344,4584331.0,6.524455e+21,21.962328,10.435786,-15.145019,-22.435677,4658.890625,16.199057,-18.790347999999998,0.8199832470655658,0.9948931142549844
2013.11.07_11:00:00_TAI,11891,3344,4620920.5,6.624646e+21,22.530817,10.948348,-15.156767,-22.448265,4660.452148,16.739582499999997,-18.802516,0.8325750944316287,0.9952265731415516
2013.11.07_12:00:00_TAI,11891,3344,4641832.0,6.702521e+21,23.137133,11.454108,-15.140254,-22.459869,4682.805176,17.2956205,-18.8000615,0.8423623020014918,1.0
2013.11.07_13:00:00_TAI,11891,3344,4635132.0,6.678561e+21,23.73859,11.998775,-15.123683,-22.440769,4681.741699,17.8686825,-18.782226,0.8393510468698845,0.9997728974492789
2013.11.07_14:00:00_TAI,11891,3344,4681168.5,6.707577e+21,24.314371,12.550996,-15.134748,-22.423714,4657.480469,18.4326835,-18.779231,0.8429977321327692,0.9945919793695898
2013.11.07_15:00:00_TAI,11891,3344,4749046.5,6.894172e+21,24.884031,13.102602,-15.144936,-22.400129,4625.702148,18.9933165,-18.7725325,0.8664486983799422,0.9878058074479246
2013.11.07_16:00:00_TAI,11891,3344,4768087.5,7.072979e+21,25.460812,13.672873,-15.154768,-22.37693,4586.95459,19.5668425,-18.765849000000003,0.888920881030915,0.9795313743797742
2013.11.07_17:00:00_TAI,11891,3344,4748626.5,7.074365e+21,26.043888,14.193568,-15.139868,-22.359632,4568.161621,20.118728,-18.74975,0.8890950713319338,0.9755181882031815
2013.11.07_18:00:00_TAI,11891,3344,4691125.0,7.18419e+21,26.612204,14.747486,-15.152428,-22.372808,4565.090332,20.679845,-18.762618,0.9028977046720327,0.9748623229932126
2013.11.07_19:00:00_TAI,11891,3344,4673425.5,7.376867e+21,27.19631,15.306959,-15.144146,-22.420752,4580.671387,21.2516345,-18.782449,0.927113047117471,0.9781896138828391
2013.11.07_20:00:00_TAI,11891,3344,4664210.5,7.31092e+21,27.795668,15.884312,-15.157896,-22.568043,4652.472168,21.83999,-18.8629695,0.9188249318351627,0.9935224706431393
2013.11.07_21:00:00_TAI,11891,3344,4628125.0,7.415061e+21,28.367521,16.448025,-15.171912,-22.585161,4654.001465,22.407773,-18.8785365,0.9319132089912862,0.9938490477571814
2013.11.07_22:00:00_TAI,11891,3344,4568925.5,7.430389e+21,28.944105,17.031704,-15.182378,-22.603043,4654.678711,22.9879045,-18.8927105,0.9338396079335766,0.9939936717538128
2013.11.07_23:00:00_TAI,11891,3344,4560754.5,7.514472e+21,29.51811,17.600155,-15.180753,-22.625677,4641.183594,23.5591325,-18.903215,0.9444070271836156,0.9911118271130911
2013.11.08_00:00:00_TAI,11891,3344,4527157.0,7.47217e+21,30.095675,18.183231,-15.192566,-22.648907,4635.383301,24.139453,-18.9207365,0.9390905783281376,0.9898731907013678
2013.11.08_01:00:00_TAI,11891,3344,4501563.5,7.563268e+21,30.653366,18.720303,-15.19785,-22.669647,4622.106445,24.6868345,-18.9337485,0.9505396317496386,0.9870379550891657
2013.11.08_02:00:00_TAI,11891,3344,4474636.5,7.581324e+21,31.213421,19.243252,-15.208603,-22.661709,4607.475586,25.228336499999997,-18.935156,0.9528088814431402,0.983913575908288
2013.11.08_03:00:00_TAI,11891,3344,4469916.0,7.719734e+21,31.758453,19.775682,-15.228027,-22.652451,4601.922852,25.7670675,-18.940239,0.9702040326437149,0.982727805031366
2013.11.08_04:00:00_TAI,11891,3344,4456388.0,7.744966e+21,32.33886,20.33139,-15.248981,-22.641777,4585.046387,26.335124999999998,-18.945379000000003,0.9733751507355644,0.9791238829449864
2013.11.08_05:00:00_TAI,11891,3344,4446201.5,7.956815e+21,32.904331,20.853737,-15.271429,-22.665894,4571.607422,26.879033999999997,-18.9686615,1.0,0.9762540294074366
2013.11.08_06:00:00_TAI,11891,3344,4400789.0,7.782474e+21,33.456215,21.37258,-15.285707,-22.656527,4545.620117,27.4143975,-18.971117,0.9780890972078652,0.9707045128199885
2013.11.08_07:00:00_TAI,11891,3344,4342594.0,7.626522e+21,34.007214,21.907776,-15.279096,-22.650333,4533.70752,27.957494999999998,-18.9647145,0.9584892950257108,0.9681606109166905
2013.02.23_20:00:00_TAI,11682,2501,25516.300781,3.692083e+19,-37.245667,-37.763374,-15.341687,-15.600305,9.033897,-37.5045205,-15.470996,0.002450079101533986,0.0014149679920864313
2013.02.23_21:00:00_TAI,11682,2501,82309.703125,1.622295e+20,-36.32325,-37.520878,-15.025575,-15.742709,53.087406,-36.922064000000006,-15.384142,0.010765605962875369,0.008315014026936235
2013.02.23_22:00:00_TAI,11682,2501,106719.203125,2.038682e+20,-35.597126,-36.973591,-14.963618,-15.783483,68.0644,-36.2853585,-15.3735505,0.013528764556142181,0.010660841871516545
2013.02.23_23:00:00_TAI,11682,2501,129857.601562,2.254986e+20,-34.974491,-36.534412,-14.866488,-15.799935,93.115257,-35.7544515,-15.3332115,0.014964165412456104,0.014584526282500457
2013.02.24_00:00:00_TAI,11682,2501,152726.203125,2.413937e+20,-34.283722,-36.160118,-14.75534,-15.842936,132.375595,-35.22192,-15.299138,0.016018969768880183,0.02073382393649127
2013.02.24_01:00:00_TAI,11682,2501,163706.90625,2.351045e+20,-33.640141,-35.769199,-14.682296,-15.88118,163.81723,-34.70467,-15.281738,0.015601616272618924,0.02565848791526637
2013.02.24_02:00:00_TAI,11682,2501,170358.203125,2.233607e+20,-32.974796,-35.2896,-14.660212,-15.926128,191.825775,-34.132198,-15.29317,0.014822293625955923,0.030045431299711916
2013.02.24_03:00:00_TAI,11682,2501,170771.203125,2.110052e+20,-32.347572,-34.756519,-14.641992,-15.969748,207.440536,-33.5520455,-15.305869999999999,0.01400237835484736,0.03249115179210623
2013.02.24_05:00:00_TAI,11682,2501,168618.5,2.053616e+20,-31.151295,-33.618282,-14.653412,-16.044924,224.808487,-32.3847885,-15.349168,0.013627867098805249,0.03521147224219832
2013.02.25_00:00:00_TAI,11682,2501,115321.296875,1.384584e+20,-23.692169,-25.215607,-17.857344,-18.628958,78.53273,-24.453888,-18.243151,0.009188147511088814,0.012300483310930583
2013.02.25_01:00:00_TAI,11682,2501,167140.09375,2.290531e+20,-23.001936,-24.800156,-17.73555,-18.690083,115.147667,-23.901046,-18.212816500000002,0.015200043266946444,0.018035435113819324
2013.02.25_02:00:00_TAI,11682,2501,200809.203125,2.728462e+20,-22.327663,-24.287949,-17.64015,-18.71866,143.76384,-23.307806,-18.179405,0.018106168592443947,0.02251755051219147
2013.02.25_03:00:00_TAI,11682,2501,268703.5,3.167105e+20,-21.753487,-24.203314,-17.472902,-18.748472,210.293777,-22.9784005,-18.110687,0.02101701877466946,0.03293805136254728
2013.02.25_04:00:00_TAI,11682,2501,321941.40625,3.709368e+20,-20.797125,-23.798132,-17.265348,-18.830206,315.960907,-22.297628500000002,-18.047777,0.02461549487565398,0.049488561819511306
2013.02.25_05:00:00_TAI,11682,2501,432645.59375,4.807707e+20,-19.690601,-23.523224,-17.036995,-19.008835,505.582458,-21.6069125,-18.022915,0.03190411062535337,0.07918874827003036
2013.02.25_06:00:00_TAI,11682,2501,521778.8125,6.16248e+20,-18.827396,-23.144545,-16.855864,-19.072727,645.672241,-20.9859705,-17.9642955,0.04089443130509568,0.10113083582796178
2013.02.25_07:00:00_TAI,11682,2501,711745.625,7.968005e+20,-17.681923,-23.03326,-16.578566,-19.317184,989.769531,-20.357591499999998,-17.947875,0.052875957911613335,0.1550263641380236
2013.02.25_08:00:00_TAI,11682,2501,881018.6875,9.94849e+20,-16.733749,-22.646441,-16.498623,-19.452234,1181.304321,-19.690095,-17.9754285,0.06601852515455325,0.1850262188210022
2013.02.25_09:00:00_TAI,11682,2501,1027944.125,1.219102e+21,-16.020811,-22.149117,-16.419767,-19.474379,1269.371704,-19.084964,-17.947073,0.0809000321184081,0.19882010291020719
2013.02.25_10:00:00_TAI,11682,2501,1192330.0,1.43911e+21,-15.23971,-21.866516,-15.899108,-19.492058,1476.839966,-18.553113,-17.695583,0.09549983940795953,0.23131559739102778
2013.02.25_11:00:00_TAI,11682,2501,1379110.375,1.728501e+21,-14.329534,-21.428827,-15.762311,-19.507448,1671.650146,-17.8791805,-17.6348795,0.11470392667447064,0.26182847231450723
2013.02.25_12:00:00_TAI,11682,2501,1514015.75,1.921668e+21,-13.624717,-20.927013,-15.688956,-19.525705,1800.389771,-17.275865,-17.6073305,0.12752255588204847,0.28199279881592854
2013.02.25_13:00:00_TAI,11682,2501,1678143.0,2.129361e+21,-12.68506,-20.452578,-15.677988,-19.588886,1968.365601,-16.568818999999998,-17.633437,0.14130513549455714,0.30830264304972393
2013.02.25_14:00:00_TAI,11682,2501,1878661.375,2.315714e+21,-11.911088,-19.980629,-15.49073,-19.67293,2204.334229,-15.9458585,-17.58183,0.15367158529560881,0.34526211422329944
2013.02.25_15:00:00_TAI,11682,2501,2019459.625,2.445586e+21,-11.207931,-19.546093,-15.47853,-19.72994,2338.195312,-15.377012,-17.604235,0.16228993632061076,0.3662286082879345
2013.02.25_16:00:00_TAI,11682,2501,2246534.5,2.591841e+21,-10.502976,-19.20546,-15.278419,-19.829384,2588.413086,-14.854218,-17.553901500000002,0.17199546891548614,0.40541990538387407
2013.02.25_17:00:00_TAI,11682,2501,2388950.25,2.612916e+21,-9.831746,-18.721119,-15.237301,-19.864687,2710.756592,-14.276432500000002,-17.550994,0.17339401323490766,0.424582415763352
2013.02.25_18:00:00_TAI,11682,2501,2524964.25,2.762811e+21,-9.198251,-18.293339,-15.017306,-19.910103,2878.109619,-13.745795000000001,-17.4637045,0.18334109749396785,0.45079471114194397
2013.02.25_19:00:00_TAI,11682,2501,2689977.0,2.934158e+21,-8.598817,-17.799736,-14.968629,-19.971893,2986.391357,-13.1992765,-17.470261,0.194711743923383,0.46775474438092035
2013.02.25_20:00:00_TAI,11682,2501,2848900.75,3.361012e+21,-7.958934,-17.272459,-14.803829,-20.079481,3189.515137,-12.6156965,-17.441655,0.22303792361127703,0.49956976807795894
2013.02.25_21:00:00_TAI,11682,2501,2975339.5,3.429114e+21,-7.327018,-16.794159,-14.792038,-20.129299,3284.247314,-12.0605885,-17.4606685,0.2275571959833409,0.5144075505184348
2013.02.25_22:00:00_TAI,11682,2501,3052538.25,3.515234e+21,-6.634643,-16.272038,-14.805317,-20.147444,3349.564453,-11.4533405,-17.4763805,0.23327214909311952,0.5246380923344041
2013.02.25_23:00:00_TAI,11682,2501,3125996.25,3.645606e+21,-5.934958,-15.743862,-14.819355,-20.164602,3426.708496,-10.83941,-17.4919785,0.2419236802917732,0.5367210673367911
2013.02.26_00:00:00_TAI,11682,2501,3222520.25,3.86384e+21,-5.271704,-15.193195,-14.833529,-20.204592,3476.869385,-10.2324495,-17.519060500000002,0.2564057643252082,0.5445777046650229
2013.02.26_01:00:00_TAI,11682,2501,3340298.5,4.019369e+21,-4.643907,-14.681469,-14.847195,-20.225353,3533.509033,-9.662688,-17.536274,0.26672672278097637,0.5534491019150736
2013.02.26_02:00:00_TAI,11682,2501,3567236.5,4.395005e+21,-3.954632,-14.172562,-14.861027,-20.304323,3651.912354,-9.063597,-17.582675000000002,0.291654058200679,0.5719944660443896
2013.02.26_03:00:00_TAI,11682,2501,3772728.5,4.597999e+21,-3.29122,-13.721304,-14.897054,-20.403328,3778.202393,-8.506262,-17.650191,0.30512481054120844,0.5917751169533326
2013.02.26_04:00:00_TAI,11682,2501,3895999.25,4.737544e+21,-2.634355,-13.249385,-14.97048,-20.439524,3854.689209,-7.94187,-17.705002,0.31438506520567727,0.6037551513124364
2013.02.26_05:00:00_TAI,11682,2501,4042281.0,4.785527e+21,-2.006751,-12.77217,-15.003293,-20.455137,3961.638672,-7.389460499999999,-17.729215,0.31756923375034174,0.6205065119838976
2013.02.26_06:00:00_TAI,11682,2501,4194882.0,4.912303e+21,-1.379962,-12.31452,-14.97547,-20.489351,4063.989502,-6.847241,-17.7324105,0.325982133140092,0.6365375945182102
2013.02.26_07:00:00_TAI,11682,2501,4324033.0,5.162542e+21,-0.752733,-11.834126,-14.953214,-20.498436,4164.880371,-6.293429499999999,-17.725825,0.342588080088976,0.652340005186473
2013.02.26_08:00:00_TAI,11682,2501,4471733.5,5.098783e+21,-0.128103,-11.363062,-14.956392,-20.523989,4253.775879,-5.745582499999999,-17.7401905,0.33835701070525126,0.6662635974590284
2013.02.26_09:00:00_TAI,11682,2501,4620198.0,5.228273e+21,0.503635,-10.879678,-14.960393,-20.53013,4330.646973,-5.1880215,-17.745261499999998,0.34695001207758325,0.6783038208008119
2013.02.26_10:00:00_TAI,11682,2501,4758983.5,5.288252e+21,1.130475,-10.36639,-14.963435,-20.534079,4403.380371,-4.6179575,-17.748756999999998,0.35093023934850065,0.6896959619914502
2013.02.26_11:00:00_TAI,11682,2501,4959321.0,5.687165e+21,1.759299,-9.910322,-14.967558,-20.573425,4525.205566,-4.0755115,-17.7704915,0.37740224457238725,0.7087772899670389
2013.02.26_12:00:00_TAI,11682,2501,5065363.5,5.886613e+21,2.359602,-9.415262,-14.964435,-20.578127,4603.114746,-3.52783,-17.771281,0.3906376831213784,0.7209801074210902
2013.02.26_13:00:00_TAI,11682,2501,5225988.5,6.069958e+21,2.955444,-8.931531,-14.909999,-20.581327,4679.806152,-2.9880435,-17.745663,0.4028045209977411,0.7329921864560963
2013.02.26_14:00:00_TAI,11682,2501,5367830.0,6.342405e+21,3.582571,-8.453341,-14.886164,-20.587154,4750.945801,-2.435385,-17.736659000000003,0.4208841985395415,0.7441347007335187
2013.02.26_15:00:00_TAI,11682,2501,5497052.0,6.521389e+21,4.151393,-7.942561,-14.916984,-20.590044,4819.513184,-1.8955840000000004,-17.753514,0.4327616389413136,0.7548743242034489
2013.02.26_16:00:00_TAI,11682,2501,5620513.5,6.419943e+21,4.750376,-7.443106,-14.892214,-20.597969,4888.466309,-1.346365,-17.7450915,0.42602964714876135,0.7656743659605483
2013.02.26_17:00:00_TAI,11682,2501,5721998.5,6.531801e+21,5.382203,-6.932465,-14.864499,-20.601835,4969.654297,-0.775131,-17.733167,0.43345258287743776,0.7783907390121667
2013.02.26_18:00:00_TAI,11682,2501,5816908.5,6.725288e+21,5.983789,-6.452538,-14.840726,-20.605949,5023.500977,-0.23437449999999993,-17.7233375,0.4462924473961527,0.7868246771764075
2013.02.26_19:00:00_TAI,11682,2501,5855451.0,6.955284e+21,6.613674,-5.94952,-14.844902,-20.639444,5083.918457,0.33207699999999996,-17.742173,0.4615550618345716,0.7962877915292191
2013.02.26_20:00:00_TAI,11682,2501,5895675.5,7.104744e+21,7.221407,-5.411819,-14.848492,-20.674017,5137.834473,0.9047939999999999,-17.7612545,0.4714732793425548,0.8047325897044496
2013.02.26_21:00:00_TAI,11682,2501,5867479.5,7.025793e+21,7.823228,-4.870465,-14.852397,-20.67767,5159.225586,1.4763815,-17.7650335,0.46623406356259506,0.8080830529884679
2013.02.26_22:00:00_TAI,11682,2501,5840851.5,7.046569e+21,8.40153,-4.306243,-14.854715,-20.706768,5192.538086,2.0476434999999995,-17.7807415,0.46761276613817293,0.8133007482130625
2013.02.26_23:00:00_TAI,11682,2501,5780707.5,6.974206e+21,9.002308,-3.770092,-14.880019,-20.712132,5229.954102,2.6161079999999997,-17.7960755,0.4628107323262487,0.8191611720181374
2013.02.27_00:00:00_TAI,11682,2501,5709179.0,6.983617e+21,9.582803,-3.236371,-14.879325,-20.74008,5272.23584,3.173216,-17.8097025,0.46343524955472204,0.8257837077764912
2013.02.27_01:00:00_TAI,11682,2501,5703251.0,7.07136e+21,10.187485,-2.702177,-14.875298,-20.740179,5300.741699,3.7426540000000004,-17.8077385,0.4692579055081743,0.8302485448309682
2013.02.27_02:00:00_TAI,11682,2501,5794422.5,7.151592e+21,10.760339,-2.169215,-14.872983,-20.766752,5320.157227,4.295562,-17.8198675,0.4745821288930298,0.8332895747064978
2013.02.27_03:00:00_TAI,11682,2501,5902654.5,7.237756e+21,11.344687,-1.664493,-14.869657,-20.795088,5374.858887,4.840097,-17.832372499999998,0.48030000185808974,0.8418574273191627
2013.02.27_04:00:00_TAI,11682,2501,6106075.0,7.385199e+21,11.921778,-1.102949,-14.88806,-20.838892,5400.921875,5.4094145,-17.863476,0.4900843705455617,0.8459396405432157
2013.02.27_05:00:00_TAI,11682,2501,6208421.0,7.469646e+21,12.50637,-0.565161,-14.884081,-20.910976,5481.633789,5.9706045,-17.8975285,0.49568830279430154,0.8585814467194465
2013.02.27_06:00:00_TAI,11682,2501,6266307.0,7.353461e+21,13.122285,-0.031293,-14.903451,-20.9751,5565.362793,6.545496,-17.9392755,0.48797822584284284,0.871695815930129
2013.02.27_07:00:00_TAI,11682,2501,6322127.0,7.517443e+21,13.757227,0.501081,-14.912741,-21.008659,5599.258301,7.129154,-17.960700000000003,0.49886012831436755,0.8770048269688323
2013.02.27_08:00:00_TAI,11682,2501,6356707.0,7.358368e+21,14.369842,1.005238,-14.903415,-21.053564,5646.035156,7.68754,-17.978489500000002,0.4883038560670611,0.8843314272826801
2013.02.27_09:00:00_TAI,11682,2501,6382721.0,7.257437e+21,14.935092,1.508409,-14.893518,-21.081844,5690.725098,8.221750499999999,-17.987681000000002,0.4816060398533702,0.8913311570225918
2013.02.27_10:00:00_TAI,11682,2501,6409704.5,7.192423e+21,15.517727,2.043099,-14.882048,-21.098816,5726.220703,8.780413000000001,-17.990432,0.4772916882337796,0.8968907892538142
2013.02.27_11:00:00_TAI,11682,2501,6463744.0,7.209389e+21,16.078905,2.579175,-14.877256,-21.118282,5746.126465,9.329039999999999,-17.997768999999998,0.47841755788613094,0.9000086038678274
2013.02.27_12:00:00_TAI,11682,2501,6471888.5,7.410723e+21,16.653278,3.141938,-14.867119,-21.13126,5756.523438,9.897608,-17.9991895,0.4917781520501366,0.9016370687495486
2013.02.27_13:00:00_TAI,11682,2501,6491849.0,7.544107e+21,17.217587,3.678972,-14.858768,-21.14603,5758.69043,10.448279500000002,-18.002399,0.5006295606148684,0.9019764819971323
2013.02.27_14:00:00_TAI,11682,2501,6517736.0,7.555437e+21,17.790098,4.242238,-14.87793,-21.139444,5772.5,11.016168,-18.008687000000002,0.5013814233498173,0.9041394576802154
2013.02.27_15:00:00_TAI,11682,2501,6592288.5,7.506007e+21,18.376873,4.775983,-14.869514,-21.218994,5851.135254,11.576428,-18.044254,0.4981012313826046,0.9164559991970809
2013.02.27_16:00:00_TAI,11682,2501,6682681.0,7.560661e+21,18.958778,5.285466,-14.891923,-21.287262,5921.397461,12.122122,-18.0895925,0.5017280898041309,0.9274610808311035
2013.02.27_17:00:00_TAI,11682,2501,6799269.0,7.828514e+21,19.557306,5.785622,-14.889461,-21.32321,5975.043945,12.671464,-18.1063355,0.5195029079104189,0.9358636625461682
2013.02.27_18:00:00_TAI,11682,2501,6916121.5,7.981112e+21,20.132933,6.293478,-14.878751,-21.346495,6015.421875,13.2132055,-18.112623,0.5296293641882405,0.9421880072378007
2013.02.27_20:00:00_TAI,11682,2501,7075767.5,8.741428e+21,21.254124,7.369461,-14.840818,-21.373756,6037.270508,14.311792500000001,-18.107287,0.5800841980086587,0.9456101313073848
2013.02.27_21:00:00_TAI,11682,2501,7084281.5,8.870922e+21,21.8435,7.847691,-14.830009,-21.386259,6079.824707,14.8455955,-18.108134,0.5886774648223799,0.9522753422915123
2013.02.27_22:00:00_TAI,11682,2501,7063310.0,8.935403e+21,22.450336,8.388576,-14.820038,-21.396721,6092.445312,15.419456,-18.108379499999998,0.5929564463768577,0.9542520918732007
2013.02.27_23:00:00_TAI,11682,2501,7005164.5,9.062104e+21,23.03441,8.909971,-14.806646,-21.431997,6117.515137,15.9721905,-18.119321499999998,0.6013643687405603,0.9581787472183091
2013.02.28_00:00:00_TAI,11682,2501,6998674.0,9.429708e+21,23.595438,9.395654,-14.799111,-21.454378,6138.279297,16.495546,-18.1267445,0.6257586978507211,0.9614310116378127
2013.02.28_01:00:00_TAI,11682,2501,6997470.0,9.504835e+21,24.160566,9.878671,-14.811662,-21.483767,6170.563477,17.0196185,-18.1477145,0.6307441516625922,0.9664876423865092
2013.02.28_02:00:00_TAI,11682,2501,7074668.0,9.658558e+21,24.722162,10.357368,-14.841866,-21.495855,6181.424316,17.539765,-18.1688605,0.6409452633311302,0.9681887620198417
2013.02.28_03:00:00_TAI,11682,2501,7210616.5,9.885584e+21,25.267666,10.887936,-14.854752,-21.505526,6208.726074,18.077801,-18.180139,0.6560107875380576,0.9724650022401686
2013.02.28_04:00:00_TAI,11682,2501,7422621.0,9.878477e+21,25.813234,11.375113,-14.866571,-21.505079,6211.061035,18.5941735,-18.185825,0.6555391645497717,0.9728307242622118
2013.02.28_05:00:00_TAI,11682,2501,7626591.5,1.031262e+22,26.358892,11.921623,-14.876382,-21.530186,6204.811035,19.1402575,-18.203284,0.6843490448091609,0.9718517945765468
2013.02.28_06:00:00_TAI,11682,2501,7827100.0,1.082053e+22,26.90299,12.469732,-14.898659,-21.574526,6231.902832,19.686360999999998,-18.2365925,0.7180541288080885,0.9760951488679565
2013.02.28_07:00:00_TAI,11682,2501,8161999.0,1.155517e+22,27.446276,12.919842,-14.872865,-21.630167,6312.522949,20.183059,-18.251516,0.7668050943511419,0.9887225769948506
2013.02.28_08:00:00_TAI,11682,2501,8337864.5,1.203303e+22,27.982464,13.407385,-14.849042,-21.664646,6368.507324,20.6949245,-18.256844,0.7985160499135988,0.997491339654195
2013.02.28_09:00:00_TAI,11682,2501,8441228.0,1.182903e+22,28.516661,13.936119,-14.826499,-21.671883,6384.523926,21.22639,-18.249191,0.7849785390636821,1.0
2013.02.28_10:00:00_TAI,11682,2501,8532165.0,1.210459e+22,29.056816,14.473129,-14.814067,-21.683344,6383.427734,21.7649725,-18.2487055,0.8032647963666383,0.9998283048176019
2013.02.28_11:00:00_TAI,11682,2501,8589497.0,1.226421e+22,29.597809,15.015424,-14.796097,-21.712276,6384.388672,22.3066165,-18.2541865,0.8138572350032252,0.9999788153350873
2013.02.28_12:00:00_TAI,11682,2501,8619537.0,1.238777e+22,30.144159,15.569489,-14.798338,-21.719034,6378.097656,22.856824,-18.258686,0.8220567195160473,0.9989934613646242
2013.02.28_13:00:00_TAI,11682,2501,8630005.0,1.264783e+22,30.687681,16.089777,-14.802886,-21.725409,6380.36377,23.388729,-18.2641475,0.839314391435799,0.9993483999671364
2013.02.28_14:00:00_TAI,11682,2501,8592193.0,1.280092e+22,31.228317,16.620953,-14.807154,-21.729982,6383.963379,23.924635000000002,-18.268568000000002,0.849473497004494,0.9999122022242383
2013.02.28_15:00:00_TAI,11682,2501,8529303.0,1.284836e+22,31.774939,17.147005,-14.80444,-21.719635,6368.99707,24.460971999999998,-18.262037499999998,0.8526216318805726,0.9975680479578487
2013.02.28_16:00:00_TAI,11682,2501,8562416.0,1.296365e+22,32.31892,17.648815,-14.786641,-21.716379,6353.975098,24.9838675,-18.25151,0.8602723163211947,0.9952151752653641
2013.02.28_17:00:00_TAI,11682,2501,8522173.0,1.292392e+22,32.864124,18.190781,-14.791018,-21.711903,6338.113281,25.5274525,-18.2514605,0.8576358197228261,0.9927307587005822
2013.02.28_18:00:00_TAI,11682,2501,8504231.0,1.313684e+22,33.420177,18.744158,-14.80927,-21.706907,6309.12207,26.0821675,-18.2580885,0.8717652648706903,0.9881899015691777
2013.02.28_19:00:00_TAI,11682,2501,8405269.0,1.353444e+22,33.982925,19.291725,-14.799656,-21.711199,6280.151855,26.637325,-18.2554275,0.8981501389585673,0.983652333015002
2013.02.28_20:00:00_TAI,11682,2501,8309617.0,1.323637e+22,34.535767,19.858578,-14.805111,-21.708124,6247.344238,27.1971725,-18.2566175,0.8783701102378091,0.9785137169834455
2013.02.28_21:00:00_TAI,11682,2501,8179116.5,1.319044e+22,35.105495,20.426159,-14.824252,-21.706059,6211.848633,27.765826999999998,-18.2651555,0.8753221794861585,0.972954084752223
2013.02.28_22:00:00_TAI,11682,2501,7984977.5,1.319568e+22,35.663067,20.976461,-14.837646,-21.707779,6173.371094,28.319764,-18.272712499999997,0.8756699077060289,0.9669273959268737
2013.02.28_23:00:00_TAI,11682,2501,7765970.5,1.348576e+22,36.216827,21.522587,-14.868206,-21.725508,6141.942383,28.869707000000002,-18.296857000000003,0.8949197172518323,0.9620047562180597
2013.03.01_00:00:00_TAI,11682,2501,7555499.5,1.368953e+22,36.774212,22.053568,-14.903802,-21.732313,6108.592773,29.41389,-18.318057500000002,0.9084419652218693,0.9567812485005637
2013.03.01_01:00:00_TAI,11682,2501,7424560.5,1.339086e+22,37.340778,22.525539,-14.917617,-21.733875,6095.331543,29.933158499999998,-18.325746000000002,0.8886221202927288,0.9547041586260946
2013.03.01_02:00:00_TAI,11682,2501,7431057.0,1.375993e+22,37.929127,22.932482,-14.929944,-21.731787,6112.229004,30.4308045,-18.3308655,0.9131137336720366,0.9573507868157373
2013.03.01_03:00:00_TAI,11682,2501,7435821.5,1.392327e+22,38.497715,23.446947,-14.947112,-21.727293,6093.911133,30.972331,-18.3372025,0.9239530328005925,0.954481681583724
2013.03.01_04:00:00_TAI,11682,2501,7511623.0,1.394497e+22,39.052567,23.970613,-14.969766,-21.769165,6080.025391,31.51159,-18.3694655,0.9253930523370788,0.9523067751755184
2013.03.01_05:00:00_TAI,11682,2501,7529530.0,1.358632e+22,39.620037,24.521852,-14.992435,-21.795877,6052.799805,32.0709445,-18.394156000000002,0.9015929137766735,0.9480424656803141
2013.03.01_06:00:00_TAI,11682,2501,7599891.0,1.38383e+22,40.189194,25.048752,-15.022443,-21.816631,6043.14209,32.618973,-18.419537000000002,0.918314394090213,0.9465297898548435
2013.03.01_07:00:00_TAI,11682,2501,7598130.5,1.415958e+22,40.754681,25.514149,-15.039021,-21.827499,6044.735352,33.134415,-18.43326,0.9396346464718859,0.9467793404898581
2013.03.01_08:00:00_TAI,11682,2501,7562513.5,1.450506e+22,41.326542,26.037815,-15.031106,-21.844814,6028.026855,33.6821785,-18.43796,0.9625608192583037,0.944162309495275
2013.03.01_09:00:00_TAI,11682,2501,7510067.0,1.379001e+22,41.882069,26.541637,-14.971621,-21.870745,6036.133789,34.211853000000005,-18.421183,0.9151098529189263,0.9454320884316474
2013.03.01_10:00:00_TAI,11682,2501,7429988.5,1.351675e+22,42.43372,27.065269,-14.929961,-21.905827,6036.087402,34.7494945,-18.417894,0.8969762244147682,0.9454248228938347
2013.03.01_11:00:00_TAI,11682,2501,7297948.5,1.348875e+22,43.007492,27.599882,-14.893414,-21.926708,6024.726562,35.303687,-18.410061,0.8951181346902697,0.9436453887290202
2013.03.01_12:00:00_TAI,11682,2501,7179844.5,1.355478e+22,43.568146,28.139425,-14.884637,-21.92474,5991.59082,35.8537855,-18.4046885,0.8994999084227208,0.9384553788889662
2013.03.01_13:00:00_TAI,11682,2501,7099049.5,1.374015e+22,44.119972,28.693741,-14.880228,-21.939829,5950.050293,36.406856499999996,-18.4100285,0.9118011260023731,0.9319489380828112
2013.03.01_14:00:00_TAI,11682,2501,7014202.5,1.374213e+22,44.66951,29.260178,-14.888433,-21.942205,5907.442383,36.964844,-18.415319,0.9119325194900341,0.9252753144119081
2013.03.01_15:00:00_TAI,11682,2501,6903608.5,1.360263e+22,45.231548,29.766579,-14.844856,-21.957661,5879.775879,37.4990635,-18.4012585,0.9026752510411938,0.9209419444816409
2013.03.01_16:00:00_TAI,11682,2501,6800427.0,1.347625e+22,45.797417,30.30879,-14.81179,-21.956131,5849.466797,38.0531035,-18.3839605,0.8942886303489758,0.916194670863232
2013.03.01_17:00:00_TAI,11682,2501,6705611.5,1.347014e+22,46.363426,30.858032,-14.77667,-21.975012,5824.91748,38.610729,-18.375841,0.8938831686269514,0.9123495420353759
2013.03.01_18:00:00_TAI,11682,2501,6622084.5,1.402205e+22,46.90797,31.407028,-14.7696,-21.992203,5779.870117,39.157499,-18.3809015,0.9305081079072336,0.9052938298911154
2013.03.01_19:00:00_TAI,11682,2501,6480856.5,1.396334e+22,47.453552,31.968636,-14.785747,-21.986429,5723.685059,39.711094,-18.386088,0.9266120919170442,0.8964936345043937
2013.03.01_20:00:00_TAI,11682,2501,6300529.0,1.34944e+22,47.997395,32.529823,-14.784213,-21.981766,5663.168457,40.263609,-18.3829895,0.8954930706525346,0.8870149947966535
2013.03.01_21:00:00_TAI,11682,2501,6123672.0,1.315444e+22,48.538239,33.08057,-14.804595,-21.984037,5604.62793,40.8094045,-18.394316,0.8729332069832322,0.8778458652454896
2013.03.01_22:00:00_TAI,11682,2501,5932979.0,1.384232e+22,49.080059,33.551567,-14.841112,-21.994383,5553.888672,41.315813,-18.4177475,0.918581162686373,0.8698986387039189
2013.03.01_23:00:00_TAI,11682,2501,5779429.0,1.390479e+22,49.617542,34.1007,-14.865108,-21.992441,5490.505371,41.859121,-18.4287745,0.9227266935824235,0.8599709915160243
2013.03.02_00:00:00_TAI,11682,2501,5597091.0,1.363854e+22,50.153111,34.596058,-14.903451,-22.002428,5428.713867,42.3745845,-18.4529395,0.905058251112863,0.8502926655020261
2013.03.02_01:00:00_TAI,11682,2501,5437450.0,1.367011e+22,50.670609,35.116718,-14.940433,-22.00742,5364.749512,42.8936635,-18.4739265,0.907153247277235,0.8402740085525996
2013.03.02_02:00:00_TAI,11682,2501,5397922.0,1.371762e+22,51.181293,35.65538,-15.018106,-22.009283,5279.12793,43.418336499999995,-18.5136945,0.910306027377625,0.8268632072160551
2013.03.02_03:00:00_TAI,11682,2501,5381472.5,1.400641e+22,51.691513,36.178001,-15.098032,-22.008068,5194.71582,43.934757000000005,-18.55305,0.9294702320754067,0.8136418439666758
2013.03.02_04:00:00_TAI,11682,2501,5372186.0,1.408477e+22,52.221451,36.698826,-15.149599,-22.018423,5128.783203,44.4601385,-18.584011,0.93467022889011,0.8033149006010946
2013.03.02_05:00:00_TAI,11682,2501,5402627.0,1.39386e+22,52.745834,37.237389,-15.202921,-22.067902,5095.55127,44.991611500000005,-18.6354115,0.9249703369247554,0.7981098244849776
2013.03.02_06:00:00_TAI,11682,2501,5416653.5,1.354133e+22,53.364777,37.775654,-15.282825,-22.097338,5082.367188,45.5702155,-18.6900815,0.8986073617514886,0.7960448182052909
2013.03.02_07:00:00_TAI,11682,2501,5354493.5,1.388747e+22,54.028015,38.309898,-15.334404,-22.112858,5074.114746,46.1689565,-18.723630999999997,0.9215773323671267,0.7947522485328063
2013.03.02_08:00:00_TAI,11682,2501,5281922.0,1.408516e+22,54.659222,38.855919,-15.319715,-22.118473,5053.638672,46.7575705,-18.719094000000002,0.9346961094255584,0.7915451066632905
2013.03.02_09:00:00_TAI,11682,2501,5201452.5,1.421353e+22,55.219967,39.393711,-15.323711,-22.118975,5011.499023,47.306839,-18.721342999999997,0.9432147872089104,0.7849448261273538
2013.03.02_10:00:00_TAI,11682,2501,5107574.0,1.330266e+22,55.771233,39.94389,-15.333199,-22.111109,4958.177246,47.8575615,-18.722154,0.882769137660559,0.7765931028637202
2013.03.02_11:00:00_TAI,11682,2501,5031806.5,1.331069e+22,56.3232,40.493011,-15.350436,-22.099171,4894.563965,48.408105500000005,-18.7248035,0.8833020112494061,0.7666294341959681
2013.03.02_12:00:00_TAI,11682,2501,4946334.0,1.346296e+22,56.880867,41.024883,-15.383411,-22.119625,4852.518066,48.952875000000006,-18.751518,0.8934067013333121,0.7600438376053162
2013.03.02_13:00:00_TAI,11682,2501,4793909.5,1.34412e+22,57.453667,41.567097,-15.414304,-22.145969,4803.75,49.510382,-18.7801365,0.8919627001759878,0.7524053564021369
2013.03.02_14:00:00_TAI,11682,2501,4702256.0,1.353096e+22,58.034241,42.114265,-15.418278,-22.150761,4754.183594,50.074253,-18.784519500000002,0.897919204949951,0.7446418322029169
2013.03.02_15:00:00_TAI,11682,2501,4603207.0,1.327518e+22,58.60865,42.662441,-15.430265,-22.156267,4697.342285,50.6355455,-18.793266,0.8809455553166584,0.7357388490425715
2013.03.02_16:00:00_TAI,11682,2501,4572788.5,1.328154e+22,59.1744,43.224689,-15.45222,-22.146095,4626.567383,51.1995445,-18.7991575,0.8813676071255088,0.7246534646317182
2013.03.02_17:00:00_TAI,11682,2501,4467094.0,1.385537e+22,59.744549,43.790318,-15.477261,-22.134981,4550.224121,51.767433499999996,-18.806121,0.919447165218684,0.7126959149561499
2013.03.02_18:00:00_TAI,11682,2501,4396651.5,1.460338e+22,60.309174,44.356831,-15.515965,-22.12933,4471.462891,52.3330025,-18.8226475,0.9690853686051852,0.7003596419759114
2013.03.02_19:00:00_TAI,11682,2501,4302335.0,1.445783e+22,60.860004,44.919487,-15.57774,-22.122307,4387.412109,52.889745500000004,-18.8500235,0.9594266200551588,0.6871948730794059
2013.03.02_20:00:00_TAI,11682,2501,4222369.0,1.41281e+22,61.431618,45.500103,-15.659528,-22.119812,4297.053223,53.465860500000005,-18.88967,0.9375456227387712,0.6730420737403624
2013.03.02_21:00:00_TAI,11682,2501,4067811.0,1.435992e+22,61.998295,46.066257,-15.689157,-22.10446,4210.009766,54.032275999999996,-18.8968085,0.9529292784506718,0.6594085659003293
2013.03.02_22:00:00_TAI,11682,2501,3931329.75,1.504901e+22,62.559547,46.628048,-15.72885,-22.08086,4124.513672,54.5937975,-18.904855,0.9986575301740499,0.6460174195923282
2013.03.02_23:00:00_TAI,11682,2501,3804984.0,1.487303e+22,63.102695,47.196217,-15.763659,-22.055773,4035.388672,55.149456,-18.909716,0.9869794362555776,0.6320578822747449
2013.03.03_00:00:00_TAI,11682,2501,3670379.0,1.463752e+22,63.644321,47.765541,-15.818946,-22.011045,3943.288574,55.704931,-18.9149955,0.9713509108621271,0.6176323590771676
2013.03.03_01:00:00_TAI,11682,2501,3567628.0,1.442948e+22,64.185326,48.331764,-15.852521,-21.964846,3848.649902,56.258545,-18.908683500000002,0.9575453042091041,0.6028092222079332
2013.03.03_02:00:00_TAI,11682,2501,3496042.5,1.431544e+22,64.723778,48.914131,-15.852588,-21.925449,3759.276123,56.8189545,-18.8890185,0.9499775702026115,0.5888107189466267
2013.03.03_03:00:00_TAI,11682,2501,3438813.0,1.454264e+22,65.273232,49.492638,-15.84115,-21.897472,3674.568359,57.382934999999996,-18.869311,0.9650546411099697,0.5755430477808816
2013.03.03_04:00:00_TAI,11682,2501,3387069.5,1.500633e+22,65.829552,50.08049,-15.775954,-21.874376,3621.432129,57.955021,-18.825165000000002,0.995825270551136,0.5672203865118697
2013.03.03_05:00:00_TAI,11682,2501,3341149.0,1.506924e+22,66.381142,50.666466,-15.723687,-21.84993,3567.081055,58.523804,-18.7868085,1.0,0.5587074457460496
2013.03.03_06:00:00_TAI,11682,2501,3326713.0,1.435335e+22,66.9403,51.261475,-15.697657,-21.827679,3509.493408,59.1008875,-18.762667999999998,0.9524932909688877,0.5496875645979058
2013.03.17_00:00:00_TAI,11699,2573,44111.300781,7.729849e+19,32.861664,31.566963,-15.507786,-16.073538,47.252457,32.2143135,-15.790662,0.011830371805392856,0.02330323463389265
2013.03.17_01:00:00_TAI,11699,2573,383022.8125,7.793395e+20,34.612488,31.166845,-15.009427,-16.516232,317.767883,32.8896665,-15.762829499999999,0.11927627625881133,0.15671184117821316
2013.03.17_02:00:00_TAI,11699,2573,512126.1875,1.093649e+21,35.850368,31.057158,-14.712111,-16.781084,604.909485,33.453763,-15.7465975,0.16738068615048096,0.29831988760335076
2013.03.17_03:00:00_TAI,11699,2573,640522.625,1.341196e+21,36.804802,31.255234,-14.515223,-16.885838,797.587036,34.030018,-15.7005305,0.2052672354130809,0.39334161694192926
2013.03.17_04:00:00_TAI,11699,2573,741263.8125,1.603745e+21,37.479034,31.509268,-14.448549,-16.970819,909.585999,34.494151,-15.709684,0.24544980931761756,0.4485755302502184
2013.03.17_05:00:00_TAI,11699,2573,844554.8125,1.823926e+21,38.378361,31.881815,-14.341561,-17.075678,1057.382812,35.130088,-15.708619500000001,0.2791480496646567,0.521463672584924
2013.03.17_06:00:00_TAI,11699,2573,933418.125,1.990778e+21,39.268696,32.275642,-14.251666,-17.170671,1217.185547,35.772169,-15.7111685,0.30468439838858924,0.6002727095169669
2013.03.17_08:00:00_TAI,11699,2573,921394.8125,2.086575e+21,40.542103,33.245758,-14.222963,-17.203251,1265.667114,36.893930499999996,-15.713107,0.31934592835950093,0.6241820975773547
2013.03.17_09:00:00_TAI,11699,2573,1038270.0,2.280953e+21,41.212681,33.628258,-14.200521,-17.242834,1353.98938,37.4204695,-15.721677499999998,0.34909507366348624,0.6677395042958049
2013.03.17_11:00:00_TAI,11699,2573,1116851.5,2.322254e+21,42.528671,34.52718,-14.156935,-17.324398,1466.729736,38.5279255,-15.7406665,0.35541610510840227,0.7233390463170078
2013.03.17_12:00:00_TAI,11699,2573,1161323.75,2.406274e+21,43.155918,34.972916,-14.158369,-17.352402,1509.334473,39.064417,-15.755385500000001,0.36827518992479535,0.7443501904110871
2013.03.17_13:00:00_TAI,11699,2573,1209292.125,2.557268e+21,43.797333,35.420063,-14.109075,-17.360847,1556.07666,39.608698000000004,-15.734961,0.3913845050017585,0.767401777992285
2013.03.17_14:00:00_TAI,11699,2573,1294856.0,2.86886e+21,44.448589,35.899101,-14.043556,-17.36792,1618.130127,40.173845,-15.705738,0.4390730072168208,0.7980043454174565
2013.03.17_15:00:00_TAI,11699,2573,1355473.125,2.972018e+21,45.113323,36.353325,-13.982657,-17.394073,1694.977173,40.733323999999996,-15.688365,0.45486112280227037,0.8359025809284595
2013.03.17_16:00:00_TAI,11699,2573,1367333.375,3.142131e+21,45.813541,36.856003,-13.936613,-17.41412,1751.467407,41.334772,-15.675366499999999,0.4808965607381316,0.8637615592970447
2013.03.17_17:00:00_TAI,11699,2573,1414735.0,3.308799e+21,46.44339,37.375038,-13.897216,-17.419424,1782.924194,41.909214000000006,-15.65832,0.5064047486478983,0.8792749301316952
2013.03.17_18:00:00_TAI,11699,2573,1452822.375,3.710056e+21,47.122143,37.90942,-13.864594,-17.427679,1807.736206,42.5157815,-15.6461365,0.5678162910922141,0.8915113337831491
2013.03.17_19:00:00_TAI,11699,2573,1499025.75,3.862491e+21,47.741119,38.339268,-13.858077,-17.431145,1841.150635,43.0401935,-15.644611000000001,0.5911461481975089,0.9079901441684914
2013.03.17_20:00:00_TAI,11699,2573,1504764.125,3.897434e+21,48.387039,38.803738,-13.837846,-17.459103,1873.230103,43.5953885,-15.648474499999999,0.5964941010746717,0.9238105991711689
2013.03.17_21:00:00_TAI,11699,2573,1510453.75,4.060718e+21,48.978909,39.191158,-13.84135,-17.458485,1898.339722,44.0850335,-15.6499175,0.6214843748804313,0.9361937720318869
2013.03.17_22:00:00_TAI,11699,2573,1536460.75,4.303744e+21,49.586277,39.652859,-13.831743,-17.469032,1923.35022,44.619568,-15.650387499999999,0.6586789945732274,0.9485280619335635
2013.03.17_23:00:00_TAI,11699,2573,1498500.5,4.278965e+21,50.234261,40.113503,-13.840709,-17.521923,1969.209106,45.173882,-15.681316,0.6548866205829227,0.9711440368130694
2013.03.18_00:00:00_TAI,11699,2573,1489775.75,4.204185e+21,50.872223,40.653767,-13.827587,-17.535446,1992.566528,45.762995000000004,-15.6815165,0.6434416983909461,0.9826630883051187
2013.03.18_01:00:00_TAI,11699,2573,1502786.0,4.225556e+21,51.523663,41.198986,-13.821253,-17.543062,2006.837646,46.361324499999995,-15.682157499999999,0.64671248512757,0.9897010971697576
2013.03.18_02:00:00_TAI,11699,2573,1522894.375,4.384436e+21,52.145592,41.756153,-13.827294,-17.546608,2002.195923,46.9508725,-15.686951,0.6710287359681856,0.9874119641374893
2013.03.18_03:00:00_TAI,11699,2573,1516496.25,4.459723e+21,52.808502,42.291527,-13.841488,-17.557779,2008.412109,47.5500145,-15.699633500000001,0.6825512534470214,0.9904775664380411
2013.03.18_04:00:00_TAI,11699,2573,1561384.25,4.608792e+21,53.403214,42.780865,-13.857446,-17.576855,2017.227661,48.0920395,-15.717150499999999,0.7053659513105645,0.9948250837890071
2013.03.18_05:00:00_TAI,11699,2573,1584619.125,4.49598e+21,53.996723,43.315834,-13.870636,-17.590754,2016.92749,48.6562785,-15.730695,0.6881003112688253,0.9946770501059483
2013.03.18_06:00:00_TAI,11699,2573,1606836.375,4.493669e+21,54.653984,43.837845,-13.880891,-17.622156,2027.720947,49.2459145,-15.751523500000001,0.687746617564818,1.0
2013.03.18_09:00:00_TAI,11699,2573,1641013.25,5.15046e+21,56.343586,45.507889,-13.931129,-17.638208,1950.382568,50.9257375,-15.784668499999999,0.7882671028735967,0.9618594564925604
2013.03.18_11:00:00_TAI,11699,2573,1658307.25,5.027445e+21,57.658482,46.578667,-13.937501,-17.752394,1998.703979,52.1185745,-15.8449475,0.7694399150767796,0.9856898612982568
2013.03.18_12:00:00_TAI,11699,2573,1646243.625,5.287283e+21,58.2966,47.126541,-13.910501,-17.761065,1999.805176,52.7115705,-15.835783,0.8092075761160789,0.9862329325732413
2013.03.18_13:00:00_TAI,11699,2573,1628379.625,5.323533e+21,58.91938,47.680656,-13.894889,-17.782639,2002.518921,53.300017999999994,-15.838764,0.8147555626025611,0.9875712552867365
2013.03.18_14:00:00_TAI,11699,2573,1640431.125,5.552259e+21,59.596737,48.240314,-13.823879,-17.783255,2012.54248,53.9185255,-15.803567000000001,0.8497615972813795,0.9925145188136186
2013.03.18_15:00:00_TAI,11699,2573,1635692.875,5.66551e+21,60.241394,48.804638,-13.775222,-17.800638,2017.88208,54.523016,-15.78793,0.8670944253525686,0.995147820012139
2013.03.18_16:00:00_TAI,11699,2573,1617360.0,5.795746e+21,60.865067,49.374748,-13.771147,-17.809877,2002.684814,55.1199075,-15.790512,0.8870267720574934,0.9876530678262012
2013.03.18_17:00:00_TAI,11699,2573,1580610.75,6.124374e+21,61.457302,49.946678,-13.749244,-17.811848,1983.469238,55.701989999999995,-15.780546000000001,0.9373225983493477,0.9781766277724406
2013.03.18_18:00:00_TAI,11699,2573,1576017.75,6.322047e+21,62.035439,50.517643,-13.740349,-17.814348,1958.845093,56.276540999999995,-15.777348499999999,0.9675760364939664,0.9660328734573159
2013.03.18_19:00:00_TAI,11699,2573,1526278.75,6.220338e+21,62.602371,51.088871,-13.738904,-17.803005,1925.318726,56.845620999999994,-15.770954499999998,0.952009687320073,0.9494988592234531
2013.03.18_20:00:00_TAI,11699,2573,1494499.25,6.09816e+21,63.174809,51.686657,-13.745417,-17.793961,1884.884155,57.430733000000004,-15.769689,0.9333106006181299,0.9295579639736296
2013.03.18_21:00:00_TAI,11699,2573,1436683.125,6.333712e+21,63.755981,52.273552,-13.754203,-17.789089,1851.830688,58.0147665,-15.771646,0.9693613402833405,0.9132571672348562
2013.03.18_22:00:00_TAI,11699,2573,1403155.25,6.273133e+21,64.333931,52.852451,-13.769521,-17.786228,1816.488403,58.593191000000004,-15.7778745,0.9600898513629375,0.8958276066968105
2013.03.18_23:00:00_TAI,11699,2573,1367641.25,6.34349e+21,64.887985,53.444099,-13.751008,-17.781487,1783.196777,59.166042000000004,-15.766247499999999,0.9708578426796116,0.8794093583923509
2013.03.19_00:00:00_TAI,11699,2573,1355934.625,6.533902e+21,65.489983,54.030506,-13.739359,-17.770576,1753.312134,59.7602445,-15.7549675,1.0,0.8646713131774931
2013.04.21_13:00:00_TAI,11729,2683,40628.398438,2.489743e+19,-28.143431,-29.184071,-14.327949,-14.85384,36.316853,-28.663750999999998,-14.590894500000001,0.007956189148043854,0.012348038360643257
2013.04.21_14:00:00_TAI,11729,2683,180290.09375,1.980268e+20,-26.888027,-29.175892,-13.919569,-15.087568,175.263214,-28.0319595,-14.5035685,0.0632811771006827,0.05959098079565507
2013.04.21_15:00:00_TAI,11729,2683,212271.59375,2.409483e+20,-26.251417,-28.66678,-13.877714,-15.10823,197.266342,-27.4590985,-14.492972,0.07699711374626277,0.06707223112861051
2013.04.21_16:00:00_TAI,11729,2683,243711.296875,2.467362e+20,-25.490589,-28.32547,-13.788035,-15.225926,265.342224,-26.908029499999998,-14.506980500000001,0.07884668726328693,0.0902186089926458
2013.04.21_17:00:00_TAI,11729,2683,273971.5,2.752983e+20,-24.865034,-27.79726,-13.770815,-15.286036,297.467987,-26.331147,-14.5284255,0.0879739534134616,0.10114164116971615
2013.04.21_18:00:00_TAI,11729,2683,331004.40625,2.840619e+20,-24.145313,-27.588366,-13.741647,-15.431499,389.518585,-25.8668395,-14.586573000000001,0.09077443760872984,0.13243962602606235
2013.04.21_19:00:00_TAI,11729,2683,373226.09375,3.452222e+20,-23.528419,-27.061895,-13.689037,-15.451459,421.664581,-25.295157,-14.570248,0.11031874058100877,0.14336953759491675
2013.04.21_20:00:00_TAI,11729,2683,490393.1875,4.928228e+20,-22.473742,-26.530991,-13.527886,-15.47703,533.901855,-24.5023665,-14.502458,0.1574857892267831,0.18153116368201266
2013.04.21_21:00:00_TAI,11729,2683,588239.3125,6.132955e+20,-21.634224,-26.253412,-13.39976,-15.644256,691.181763,-23.943818,-14.522008,0.1959838827398703,0.23500766775417012
2013.04.21_22:00:00_TAI,11729,2683,619018.125,6.467844e+20,-20.926577,-25.868845,-13.304663,-15.689604,789.464294,-23.397711,-14.4971335,0.20668555045255896,0.2684245627414398
2013.04.21_23:00:00_TAI,11729,2683,667097.0,6.69645e+20,-20.058102,-25.353071,-13.227586,-15.704716,879.085449,-22.705586500000003,-14.466151,0.21399085295316933,0.2988965163511084
2013.04.22_00:00:00_TAI,11729,2683,681547.0,6.612915e+20,-19.425909,-24.80246,-13.208065,-15.717417,915.53479,-22.1141845,-14.462741,0.21132141976074004,0.31128960175661335
2013.04.22_01:00:00_TAI,11729,2683,680913.5,6.264535e+20,-18.796631,-24.269979,-13.190527,-15.729967,945.074768,-21.533305,-14.460246999999999,0.20018863547177723,0.32133344507961703
2013.04.22_02:00:00_TAI,11729,2683,692481.6875,6.256686e+20,-18.174036,-23.756929,-13.167176,-15.733541,978.170654,-20.9654825,-14.4503585,0.19993781388648513,0.3325863273133138
2013.04.22_03:00:00_TAI,11729,2683,708958.875,6.557436e+20,-17.587811,-23.248453,-13.152514,-15.736469,1003.703979,-20.418132,-14.4444915,0.2095485403199933,0.34126787459866836
2013.04.22_04:00:00_TAI,11729,2683,720946.5,6.318261e+20,-17.030334,-22.718092,-13.15441,-15.747161,1019.187317,-19.874212999999997,-14.4507855,0.20190549628097645,0.3465323409767107
2013.04.22_05:00:00_TAI,11729,2683,730520.375,6.116759e+20,-16.442097,-22.180847,-13.163579,-15.754307,1029.75708,-19.311472000000002,-14.458943000000001,0.19546632554845852,0.3501261501370724
2013.04.22_06:00:00_TAI,11729,2683,723642.0,5.550456e+20,-15.857745,-21.676468,-13.172204,-15.760137,1045.006104,-18.7671065,-14.4661705,0.177369623265915,0.3553109477657207
2013.04.22_07:00:00_TAI,11729,2683,721413.6875,4.756353e+20,-15.219795,-21.210329,-13.155671,-15.790908,1092.577148,-18.215062,-14.4732895,0.15199337491004425,0.3714855066177184
2013.04.22_08:00:00_TAI,11729,2683,707485.1875,4.64703e+20,-14.603178,-20.707792,-13.161248,-15.79765,1117.978271,-17.655485,-14.479449,0.14849986386801461,0.3801221041006395
2013.04.22_09:00:00_TAI,11729,2683,695926.6875,4.486927e+20,-14.047503,-20.171356,-13.169214,-15.809142,1129.396118,-17.1094295,-14.489177999999999,0.14338363399541626,0.38400426902148094
2013.04.22_10:00:00_TAI,11729,2683,698380.375,4.308758e+20,-13.46953,-19.607748,-13.176886,-15.81612,1132.964478,-16.538639,-14.496503,0.13769008946364,0.3852175417178951
2013.04.22_11:00:00_TAI,11729,2683,687393.0,4.869999e+20,-12.923613,-19.071268,-13.187465,-15.826027,1133.836914,-15.9974405,-14.506746,0.1556250311569685,0.3855141773651304
2013.04.22_12:00:00_TAI,11729,2683,685885.125,4.66868e+20,-12.378991,-18.536869,-13.173016,-15.831276,1131.334595,-15.45793,-14.502146,0.14919170834776674,0.38466336765971443
2013.04.22_13:00:00_TAI,11729,2683,673893.375,4.263416e+20,-11.862109,-17.955595,-13.210189,-15.813932,1112.914673,-14.908852,-14.5120605,0.13624114662756973,0.37840043778921995
2013.04.22_14:00:00_TAI,11729,2683,662038.5,3.89741e+20,-11.320828,-17.38879,-13.222274,-15.794143,1091.663452,-14.354809,-14.5082085,0.12454510826007983,0.3711748422201736
2013.04.22_15:00:00_TAI,11729,2683,652444.6875,3.714546e+20,-10.814306,-16.80439,-13.23433,-15.773811,1063.77478,-13.809348,-14.504070500000001,0.11870153094158595,0.361692456957238
2013.04.22_16:00:00_TAI,11729,2683,642625.0,3.468853e+20,-10.30332,-16.274456,-13.270867,-15.753737,1038.840454,-13.288888,-14.512302,0.11085019857374583,0.3532145744175591
2013.04.22_17:00:00_TAI,11729,2683,642054.3125,3.350135e+20,-9.766118,-15.762353,-13.312168,-15.736285,1021.486877,-12.7642355,-14.524226500000001,0.10705646217895541,0.34731421090064385
2013.04.22_18:00:00_TAI,11729,2683,615300.125,3.138798e+20,-9.231122,-15.243901,-13.328321,-15.717386,1011.360413,-12.2375115,-14.5228535,0.10030300551302586,0.3438711271640196
2013.04.22_19:00:00_TAI,11729,2683,578351.875,2.75321e+20,-8.722321,-14.724583,-13.366395,-15.692822,990.152771,-11.723452000000002,-14.5296085,0.08798120739484284,0.33666034882497164
2013.04.22_20:00:00_TAI,11729,2683,541094.125,1.891646e+20,-8.21609,-14.205927,-13.401013,-15.670596,971.111389,-11.2110085,-14.535804500000001,0.060449184422410526,0.33018611727810104
2013.04.22_21:00:00_TAI,11729,2683,513819.40625,1.526895e+20,-7.741487,-13.654772,-13.43873,-15.677022,947.29541,-10.6981295,-14.557876,0.04879325066564068,0.3220884822135134
2013.04.22_22:00:00_TAI,11729,2683,511988.8125,1.577605e+20,-7.270305,-13.202433,-13.500687,-15.682324,939.226807,-10.236369,-14.5915055,0.0504137325856513,0.3193450886887275
2013.04.22_23:00:00_TAI,11729,2683,520286.6875,2.157053e+20,-6.796051,-12.687059,-13.540656,-15.656682,915.986694,-9.741555,-14.598669000000001,0.06893049471513903,0.31144325295340974
2013.04.23_00:00:00_TAI,11729,2683,511048.1875,2.272553e+20,-6.325943,-12.174673,-13.564739,-15.655914,892.123718,-9.250308,-14.6103265,0.07262139713598754,0.3033296385098039
2013.04.23_01:00:00_TAI,11729,2683,618952.3125,2.774329e+20,-4.984753,-11.633839,-13.562242,-15.635227,1018.371521,-8.309296,-14.598734499999999,0.08865608331021858,0.34625496341036544
2013.04.23_02:00:00_TAI,11729,2683,717101.8125,3.992033e+20,-4.04349,-11.063033,-13.542726,-15.666602,1113.00708,-7.5532615000000005,-14.604664,0.12756886808491058,0.3784318569537823
2013.04.23_03:00:00_TAI,11729,2683,743639.1875,4.18957e+20,-3.258924,-10.488995,-13.540594,-15.66431,1157.594604,-6.8739595,-14.602452,0.13388133381224523,0.39359199367482745
2013.04.23_04:00:00_TAI,11729,2683,772703.5,3.882862e+20,-2.351818,-9.915997,-13.53819,-15.661411,1196.66333,-6.1339075,-14.5998005,0.12408021433437852,0.4068756922196728
2013.04.23_05:00:00_TAI,11729,2683,824088.3125,4.036847e+20,-1.351454,-9.315016,-13.517806,-15.66069,1301.412231,-5.333235,-14.589248000000001,0.1290009382241998,0.44249120790830426
2013.04.23_06:00:00_TAI,11729,2683,866254.3125,4.436006e+20,-0.508594,-8.742188,-13.426441,-15.656343,1372.080933,-4.6253910000000005,-14.541392,0.14175640938786624,0.46651916658613535
2013.04.23_07:00:00_TAI,11729,2683,894988.6875,4.362589e+20,0.271016,-8.114052,-13.362293,-15.654257,1439.246582,-3.9215179999999994,-14.508275,0.13941030563867632,0.48935605750202776
2013.04.23_08:00:00_TAI,11729,2683,897808.6875,3.787984e+20,0.929282,-7.481699,-13.357376,-15.622615,1447.937744,-3.2762085,-14.4899955,0.1210483057639433,0.49231112637252067
2013.04.23_09:00:00_TAI,11729,2683,908007.125,3.433274e+20,1.553494,-6.850693,-13.351231,-15.617439,1445.921143,-2.6485995,-14.484335,0.1097132408487989,0.4916254649109917
2013.04.23_10:00:00_TAI,11729,2683,929962.375,3.593438e+20,2.241876,-6.220227,-13.256734,-15.590109,1469.64856,-1.9891755000000002,-14.4234215,0.11483142002916932,0.4996929881436622
2013.04.23_11:00:00_TAI,11729,2683,937116.625,4.348629e+20,2.866836,-5.591927,-13.251894,-15.586432,1480.555054,-1.3625455,-14.419163000000001,0.13896420176166294,0.503401288702968
2013.04.23_12:00:00_TAI,11729,2683,930151.125,4.80598e+20,3.492517,-4.963093,-13.249693,-15.585049,1465.124878,-0.7352879999999999,-14.417371,0.1535792486281347,0.49815489785628647
2013.04.23_13:00:00_TAI,11729,2683,943311.8125,4.715605e+20,4.152773,-4.299809,-13.186872,-15.584802,1478.845093,-0.07351799999999997,-14.385836999999999,0.15069123731831494,0.5028198874449018
2013.04.23_14:00:00_TAI,11729,2683,952003.375,4.975629e+20,4.904541,-3.672346,-13.150654,-15.581969,1512.653809,0.6160975,-14.3663115,0.15900052918912633,0.5143151379307325
2013.04.23_15:00:00_TAI,11729,2683,920612.375,5.004477e+20,5.531731,-3.045823,-13.11834,-15.581186,1519.734375,1.242954,-14.349763,0.15992239198598032,0.5167225904867969
2013.04.23_16:00:00_TAI,11729,2683,911644.0,5.032047e+20,6.127494,-2.420283,-13.114399,-15.578423,1521.325684,1.8536055000000002,-14.346411,0.16080341518721664,0.5172636490574731
2013.04.23_17:00:00_TAI,11729,2683,900285.6875,5.160387e+20,6.696577,-1.791906,-13.10996,-15.574286,1507.769165,2.4523355,-14.342123,0.1649046309161491,0.5126543174986844
2013.04.23_18:00:00_TAI,11729,2683,888561.1875,5.281854e+20,7.290206,-1.168582,-13.136076,-15.569989,1492.121704,3.0608120000000003,-14.3530325,0.16878621398414223,0.5073340479071902
2013.04.23_19:00:00_TAI,11729,2683,884091.625,5.331397e+20,7.955982,-0.540166,-13.131792,-15.566252,1489.669434,3.7079079999999998,-14.349022000000001,0.170369403409563,0.5065002552867046
2013.04.23_20:00:00_TAI,11729,2683,882235.375,5.864367e+20,8.554569,0.08398,-13.126227,-15.560923,1473.140137,4.319274500000001,-14.343575000000001,0.18740092084020918,0.5008801539681663
2013.04.23_21:00:00_TAI,11729,2683,886425.0,5.82636e+20,9.222306,0.774102,-13.145077,-15.551746,1458.417725,4.998203999999999,-14.348411500000001,0.18618637427476165,0.495874408890607
2013.04.23_22:00:00_TAI,11729,2683,867349.6875,5.434223e+20,9.887691,1.586799,-13.141743,-15.54879,1420.711548,5.737245,-14.345266500000001,0.17365529719593675,0.48305398857419896
2013.04.23_23:00:00_TAI,11729,2683,872731.1875,5.887533e+20,10.491132,2.337363,-13.160262,-15.564507,1370.670044,6.4142475,-14.362384500000001,0.1881412104114765,0.46603945234727745
2013.04.24_00:00:00_TAI,11729,2683,894854.125,6.157817e+20,11.097382,2.963354,-13.171961,-15.613209,1369.703369,7.030367999999999,-14.392585,0.19677836945837365,0.4657107746399256
2013.04.24_01:00:00_TAI,11729,2683,958313.125,6.952586e+20,11.674787,3.623271,-13.158232,-15.667689,1380.126465,7.6490290000000005,-14.4129605,0.22217590042041135,0.4692547157750418
2013.04.24_02:00:00_TAI,11729,2683,1027330.625,8.009187e+20,12.316493,4.377114,-13.168468,-15.779797,1438.486084,8.3468035,-14.4741325,0.2559404994573894,0.4890974817251786
2013.04.24_03:00:00_TAI,11729,2683,1129347.625,9.318485e+20,13.079481,4.814957,-13.122355,-15.922432,1647.697632,8.947219,-14.5223935,0.2977802497414771,0.5602311843120619
2013.04.24_20:00:00_TAI,11729,2683,2056575.875,2.46851e+21,24.010389,13.128635,-12.965023,-16.418983,2732.25,18.569512,-14.692003,0.788833725964396,0.9289881975970643
2013.04.24_21:00:00_TAI,11729,2683,2088024.75,2.408674e+21,24.575504,13.648952,-12.946424,-16.451441,2779.215088,19.112227999999998,-14.6989325,0.7697126145138428,0.9449567262643193
2013.04.24_22:00:00_TAI,11729,2683,2098306.5,2.468578e+21,25.175035,14.177191,-12.926243,-16.520639,2840.740234,19.676113,-14.723441,0.7888554559526747,0.9658757982707009
2013.04.24_23:00:00_TAI,11729,2683,2132489.5,2.507949e+21,25.765659,14.682202,-12.917282,-16.542486,2882.49585,20.2239305,-14.729884,0.8014367996073264,0.9800730622280236
2013.04.25_00:00:00_TAI,11729,2683,2132496.5,2.470474e+21,26.346571,15.194602,-12.930673,-16.538054,2904.80957,20.7705865,-14.7343635,0.7894613391552658,0.9876599164779956
2013.04.25_01:00:00_TAI,11729,2683,2134444.25,2.444388e+21,26.93552,15.685181,-12.936968,-16.564674,2941.103027,21.3103505,-14.750821,0.7811253321812178,1.0
2013.04.25_02:00:00_TAI,11729,2683,2080267.625,2.415399e+21,27.512493,16.215067,-12.949611,-16.575336,2937.122559,21.86378,-14.7624735,0.7718616464428649,0.998646607084669
2013.04.25_03:00:00_TAI,11729,2683,2077158.375,2.45552e+21,28.079126,16.780155,-12.963389,-16.581276,2930.089844,22.429640499999998,-14.7723325,0.7846826590858833,0.9962554242748736
2013.04.25_04:00:00_TAI,11729,2683,2014121.25,2.441395e+21,28.639822,17.352346,-12.978047,-16.61327,2930.224121,22.996084,-14.7956585,0.7801688931383087,0.9963010795949244
2013.04.25_05:00:00_TAI,11729,2683,1960083.0,2.56981e+21,29.195766,17.883183,-12.982014,-16.619694,2915.992676,23.539474499999997,-14.800854,0.8212050173264701,0.9914622674658176
2013.04.25_06:00:00_TAI,11729,2683,1939255.75,2.66768e+21,29.7572,18.439154,-12.976145,-16.62369,2900.898682,24.098177,-14.7999175,0.85248022251508,0.9863301813534191
2013.04.25_07:00:00_TAI,11729,2683,1924993.25,2.833428e+21,30.294958,19.006603,-12.982333,-16.612141,2867.727295,24.6507805,-14.797237,0.9054464298268375,0.975051628138697
2013.04.25_08:00:00_TAI,11729,2683,1899094.75,2.687308e+21,30.841734,19.596416,-12.97423,-16.605309,2837.358398,25.219075,-14.789769499999998,0.8587525197199645,0.9647259453179298
2013.04.25_09:00:00_TAI,11729,2683,1865976.0,2.600241e+21,31.456419,20.166735,-12.980822,-16.616264,2816.767334,25.811577,-14.798543,0.8309295066397897,0.9577248087338084
2013.04.25_10:00:00_TAI,11729,2683,1821817.75,2.527024e+21,32.040401,20.741648,-12.986774,-16.6488,2795.120605,26.3910245,-14.817787000000001,0.8075323808781216,0.9503647370867842
2013.04.25_11:00:00_TAI,11729,2683,1790134.375,2.538122e+21,32.593086,21.327267,-12.996145,-16.647505,2771.76001,26.9601765,-14.821825,0.8110788427886477,0.9424219364485391
2013.04.25_12:00:00_TAI,11729,2683,1770290.0,2.508463e+21,33.14859,21.847853,-13.018383,-16.674894,2737.620605,27.4982215,-14.8466385,0.8016010527540204,0.9308142488950626
2013.04.25_13:00:00_TAI,11729,2683,1730437.125,2.487624e+21,33.713478,22.392225,-13.031097,-16.697821,2719.754883,28.052851500000003,-14.864459,0.7949417700225864,0.9247397517298873
2013.04.25_14:00:00_TAI,11729,2683,1692564.625,2.418772e+21,34.251961,22.948687,-13.043461,-16.731567,2708.207031,28.600324,-14.887514,0.772939517773213,0.9208133840052656
2013.04.25_15:00:00_TAI,11729,2683,1662336.625,2.454066e+21,34.834824,23.521158,-13.058908,-16.74065,2691.306396,29.177991,-14.899778999999999,0.784218020807103,0.9150670246139595
2013.04.25_16:00:00_TAI,11729,2683,1647884.375,2.577015e+21,35.427502,24.089899,-13.078754,-16.728662,2677.097168,29.758700499999996,-14.903708,0.8235074374080471,0.9102357664534816
2013.04.25_17:00:00_TAI,11729,2683,1618468.0,2.793901e+21,36.031593,24.665102,-13.10243,-16.74041,2662.838379,30.348347500000003,-14.921420000000001,0.8928152350226057,0.9053876571322164
2013.04.25_18:00:00_TAI,11729,2683,1588675.5,2.620012e+21,36.600796,25.255527,-13.140671,-16.739258,2631.002197,30.9281615,-14.939964499999999,0.8372475007317894,0.8945630849537729
2013.04.25_19:00:00_TAI,11729,2683,1570560.625,2.441377e+21,37.165577,25.84514,-13.175599,-16.805475,2614.175049,31.5053585,-14.990537,0.7801631410825881,0.8888417117663929
2013.04.25_20:00:00_TAI,11729,2683,1567053.25,2.318039e+21,37.750587,26.421654,-13.198072,-16.840322,2589.866943,32.0861205,-15.019197,0.7407494161663444,0.880576749343504
2013.04.25_21:00:00_TAI,11729,2683,1537279.625,2.208709e+21,38.359978,26.993517,-13.233088,-16.845139,2547.113525,32.6767475,-15.0391135,0.70581206883549,0.8660402242345522
2013.04.25_22:00:00_TAI,11729,2683,1546289.125,2.465419e+21,38.963993,27.508047,-13.267263,-16.847803,2518.293945,33.23602,-15.057533,0.7878459701736737,0.8562413223479368
2013.04.25_23:00:00_TAI,11729,2683,1550174.5,2.578546e+21,39.541435,28.017019,-13.274337,-16.88018,2522.093262,33.779227,-15.0772585,0.8239966817029665,0.857533122385243
2013.04.26_00:00:00_TAI,11729,2683,1571722.25,2.55744e+21,40.143749,28.551083,-13.266191,-17.018175,2551.788818,34.347415999999996,-15.142183,0.8172520768116739,0.8676298635491493
2013.04.26_01:00:00_TAI,11729,2683,1550417.75,2.630782e+21,40.725075,29.050968,-13.241385,-17.081549,2592.653564,34.8880215,-15.161466999999998,0.8406891474047363,0.8815242241427267
2013.04.26_02:00:00_TAI,11729,2683,1548841.625,2.711368e+21,41.33868,29.590717,-13.231326,-17.134605,2621.057373,35.4646985,-15.1829655,0.8664411008667708,0.8911817603593252
2013.04.26_03:00:00_TAI,11729,2683,1495994.75,2.583664e+21,41.945602,30.133936,-13.199349,-17.139023,2640.802979,36.039769,-15.169186,0.8256321828795814,0.8978954340452624
2013.04.26_04:00:00_TAI,11729,2683,1442799.875,2.432668e+21,42.550282,30.690859,-13.193892,-17.153519,2636.016602,36.6205705,-15.1737055,0.777380104789673,0.8962680252275297
2013.04.26_05:00:00_TAI,11729,2683,1406695.5,2.705349e+21,43.118645,31.262566,-13.186509,-17.134029,2611.475342,37.190605500000004,-15.160269,0.8645176773454647,0.8879237884650955
2013.04.26_06:00:00_TAI,11729,2683,1356960.75,2.955128e+21,43.67815,31.829514,-13.190667,-17.12294,2573.134277,37.753832,-15.156803499999999,0.9443367176724883,0.8748875008383037
2013.04.26_07:00:00_TAI,11729,2683,1326492.125,3.129316e+21,44.236107,32.409554,-13.199602,-17.098703,2520.10083,38.322830499999995,-15.1491525,1.0,0.856855678588916
2013.04.26_08:00:00_TAI,11729,2683,1293254.625,3.089993e+21,44.78154,32.994652,-13.213369,-17.070305,2461.732666,38.888096000000004,-15.141837,0.9874339951606038,0.8370100072662295
2013.04.26_09:00:00_TAI,11729,2683,1258900.5,2.853195e+21,45.309578,33.591808,-13.234535,-17.049019,2408.907715,39.450693,-15.141777000000001,0.9117631456842327,0.8190490754270335
2013.09.11_05:00:00_TAI,11842,3179,219354.203125,4.181968e+20,37.843555,35.373909,5.516812,4.054181,225.807907,36.608732,4.7854965,0.14468975538871398,0.21641972390761433
2013.09.11_06:00:00_TAI,11842,3179,275734.8125,5.428019e+20,38.584206,35.643925,5.694336,3.928526,318.70929,37.1140655,4.811431,0.18780123170605129,0.3054586416612585
2013.09.11_08:00:00_TAI,11842,3179,245117.40625,5.724345e+20,39.749081,36.763802,5.701965,3.925544,321.045898,38.256441499999994,4.8137545,0.19805366224959345,0.30769810291378374
2013.09.11_09:00:00_TAI,11842,3179,238759.0,5.447075e+20,40.337334,37.279739,5.737742,3.879658,347.837738,38.8085365,4.8087,0.18846054042832924,0.3333760461391154
2013.09.11_10:00:00_TAI,11842,3179,224894.203125,3.738223e+20,40.927086,37.848835,5.758913,3.854857,354.212677,39.387960500000005,4.806884999999999,0.12933685084593294,0.3394859408573189
2013.09.11_11:00:00_TAI,11842,3179,243598.90625,4.056809e+20,41.525818,38.454479,5.765112,3.806712,358.973877,39.990148500000004,4.785912,0.14035944365636785,0.3440491893420982
2013.09.11_12:00:00_TAI,11842,3179,243807.90625,3.982783e+20,42.132328,39.0368,5.750392,3.788612,358.291656,40.584564,4.769502,0.13779825623637684,0.34339533234291003
2013.09.11_13:00:00_TAI,11842,3179,260223.09375,4.488214e+20,42.704723,39.622829,5.738024,3.796311,350.118805,41.163776,4.7671675,0.15528540289935303,0.33556227556267043
2013.09.11_14:00:00_TAI,11842,3179,285999.3125,5.004617e+20,43.321728,40.21389,5.723306,3.794957,341.057281,41.767809,4.7591315000000005,0.17315216413521087,0.32687749322569837
2013.09.11_15:00:00_TAI,11842,3179,435724.1875,9.536312e+20,45.052151,40.755177,5.695733,3.416464,541.474426,42.903664000000006,4.5560985,0.32994194374286406,0.5189621007290677
2013.09.11_16:00:00_TAI,11842,3179,515487.09375,1.124902e+21,45.958569,40.794975,5.812019,3.258403,711.651794,43.376772,4.535211,0.3891990450818254,0.6820641793373445
2013.09.11_17:00:00_TAI,11842,3179,563553.6875,1.233506e+21,46.739086,41.274734,5.885929,3.209858,781.732361,44.006910000000005,4.5478935,0.4267743832820122,0.749231078685245
2013.09.11_18:00:00_TAI,11842,3179,641377.1875,1.620535e+21,47.630554,41.63258,5.925865,3.06922,909.694641,44.631567,4.4975425,0.5606805521918139,0.8718732025865522
2013.09.11_19:00:00_TAI,11842,3179,669369.375,1.738464e+21,48.312725,42.121155,5.987405,3.012717,968.325073,45.21694,4.500061,0.6014821990796803,0.9280660174201981
2013.09.11_20:00:00_TAI,11842,3179,678110.125,1.787066e+21,48.904755,42.661282,5.997742,2.998346,967.347229,45.7830185,4.498044,0.6182977545583503,0.927128828234415
2013.09.11_21:00:00_TAI,11842,3179,708078.1875,1.962469e+21,49.543106,43.047951,5.991224,2.940545,1002.190186,46.2955285,4.4658845,0.6789845344773898,0.9605231554492937
2013.09.11_23:00:00_TAI,11842,3179,743478.1875,2.098643e+21,50.777248,44.092823,6.001326,2.869242,1027.103638,47.4350355,4.435283999999999,0.7260986748780404,0.9844008064804668
2013.09.12_00:00:00_TAI,11842,3179,736240.375,2.277072e+21,51.36198,44.605335,6.016286,2.817085,1035.681519,47.9836575,4.4166855,0.7878324049406635,0.992622053744994
2013.09.12_01:00:00_TAI,11842,3179,708771.625,2.272509e+21,51.944195,45.130344,6.031467,2.758544,1043.379517,48.5372695,4.3950055,0.7862536760889872,1.0
2013.09.12_02:00:00_TAI,11842,3179,724959.3125,2.357733e+21,52.538544,45.70026,6.031805,2.73243,1035.04895,49.119402,4.3821175,0.8157398885928796,0.9920157844156721
2013.09.12_03:00:00_TAI,11842,3179,712908.0,2.330907e+21,53.245541,46.277367,6.03054,2.72366,1031.952515,49.761454,4.3771,0.8064584991177386,0.9890480867087981
2013.09.12_04:00:00_TAI,11842,3179,715784.8125,2.314087e+21,53.814678,46.884697,6.029683,2.712375,1016.013428,50.3496875,4.371029,0.8006390340103102,0.9737716827346917
2013.09.12_05:00:00_TAI,11842,3179,692882.125,2.228464e+21,54.440166,47.47258,6.025484,2.707242,1001.914429,50.956373,4.366363,0.7710147735529184,0.9602588633144501
2013.09.12_06:00:00_TAI,11842,3179,673735.6875,2.355901e+21,55.016197,48.016182,6.016375,2.709915,987.245483,51.516189499999996,4.363145,0.8151060443552572,0.9461997929944028
2013.09.12_08:00:00_TAI,11842,3179,599174.375,2.8903e+21,56.139515,49.15675,6.007344,2.719976,952.638428,52.6481325,4.363659999999999,1.0,0.9130315599247094
2013.09.12_09:00:00_TAI,11842,3179,627077.625,2.652575e+21,56.863174,49.691341,5.974956,2.747462,945.037415,53.277257500000005,4.361209,0.9177507525170396,0.9057465664241134
2013.09.12_11:00:00_TAI,11842,3179,595284.1875,2.416223e+21,58.08527,50.770451,6.051961,2.775241,950.030884,54.4278605,4.413601,0.8359765422274503,0.9105324270995824
2013.08.30_23:00:00_TAI,11837,3149,66060.898438,1.433368e+20,-31.728626,-32.803955,-13.955047,-14.474655,30.454535,-32.2662905,-14.214851,0.007515743353709245,0.005952861650355124
2013.08.31_00:00:00_TAI,11837,3149,76873.796875,1.773219e+20,-30.989004,-32.342693,-13.902369,-14.600081,53.03241,-31.6658485,-14.251225,0.009297723204313863,0.01036609489243259
2013.08.31_01:00:00_TAI,11837,3149,81170.0,1.694271e+20,-30.255932,-31.809074,-13.852931,-14.725552,79.916733,-31.032503,-14.2892415,0.008883766072378006,0.01562109732088734
2013.08.31_02:00:00_TAI,11837,3149,88353.601562,1.657861e+20,-29.222317,-31.279675,-13.596535,-14.85362,124.011238,-30.250996,-14.2250775,0.008692853330145337,0.024240125252388917
2013.08.31_03:00:00_TAI,11837,3149,230205.59375,4.530329e+20,-27.705715,-30.751211,-13.117733,-14.8841,267.856903,-29.228463,-14.000916499999999,0.0237543952926717,0.052357229741041594
2013.08.31_04:00:00_TAI,11837,3149,247471.703125,4.564281e+20,-26.93417,-30.215067,-13.022563,-14.883482,305.166412,-28.5746185,-13.9530225,0.02393241972069377,0.05965001373264348
2013.08.31_05:00:00_TAI,11837,3149,257967.296875,4.293944e+20,-26.296864,-29.676199,-12.986338,-14.880723,326.073608,-27.986531499999998,-13.9335305,0.02251493062437538,0.06373668408518238
2013.08.31_06:00:00_TAI,11837,3149,264809.09375,4.30623e+20,-25.714043,-29.132185,-12.956024,-14.870637,334.424255,-27.423113999999998,-13.9133305,0.022579351221768146,0.0653689613891029
2013.08.31_07:00:00_TAI,11837,3149,263544.59375,4.571233e+20,-25.160944,-28.577696,-12.952204,-14.840963,331.468079,-26.869320000000002,-13.8965835,0.023968871942171423,0.06479112604398597
2013.08.31_08:00:00_TAI,11837,3149,275094.40625,4.627096e+20,-24.528799,-28.037165,-12.959418,-14.810176,329.038696,-26.282982,-13.884796999999999,0.02426178483751181,0.0643162614336833
2013.08.31_09:00:00_TAI,11837,3149,273508.5,4.771733e+20,-23.91552,-27.469578,-12.958326,-14.717222,323.461853,-25.692549,-13.837774,0.02502017666114011,0.06322617173686962
2013.08.31_10:00:00_TAI,11837,3149,273208.3125,4.283343e+20,-23.330927,-26.903177,-12.930375,-14.576632,307.9263,-25.117052,-13.7535035,0.022459345181354,0.06018948121866734
2013.08.31_11:00:00_TAI,11837,3149,266945.8125,4.059646e+20,-22.778822,-26.303272,-12.934204,-14.50943,294.355927,-24.541047,-13.721817,0.021286408963303437,0.05753691886587769
2013.08.31_12:00:00_TAI,11837,3149,265346.3125,3.987817e+20,-22.175825,-25.704271,-12.924181,-14.446682,283.113983,-23.940047999999997,-13.6854315,0.020909779703159787,0.05533948793110755
2013.08.31_13:00:00_TAI,11837,3149,323004.09375,4.612968e+20,-21.448835,-25.003038,-12.657909,-14.409125,346.490204,-23.2259365,-13.533517,0.024187705869583683,0.06772745824604853
2013.08.31_14:00:00_TAI,11837,3149,426269.90625,5.548809e+20,-20.405018,-24.620243,-12.323678,-14.406178,555.205872,-22.5126305,-13.364927999999999,0.029094708660129177,0.10852451838390491
2013.08.31_15:00:00_TAI,11837,3149,486093.1875,6.302473e+20,-19.667385,-24.468412,-12.168124,-14.522554,707.803284,-22.0678985,-13.345339,0.03304648182579907,0.1383523020567878
2013.08.31_16:00:00_TAI,11837,3149,519756.5,6.821707e+20,-19.007437,-23.989618,-12.13688,-14.596613,771.186157,-21.4985275,-13.3667465,0.03576904119960947,0.15074157261931748
2013.08.31_17:00:00_TAI,11837,3149,538431.375,7.263753e+20,-18.355654,-23.658121,-12.11004,-14.737525,862.773621,-21.0068875,-13.4237825,0.038086871851984685,0.16864391465471157
2013.08.31_18:00:00_TAI,11837,3149,543442.375,6.985227e+20,-17.747877,-23.139101,-12.079491,-14.737922,898.331055,-20.443489,-13.408706500000001,0.03662644442976288,0.17559422551132564
2013.08.31_19:00:00_TAI,11837,3149,564378.0,7.097233e+20,-17.098713,-22.59086,-12.054322,-14.739325,925.143555,-19.844786499999998,-13.3968235,0.03721373837665967,0.18083518890151193
2013.08.31_20:00:00_TAI,11837,3149,573044.8125,7.111323e+20,-16.511541,-22.017006,-12.050904,-14.738483,941.874146,-19.2642735,-13.394693499999999,0.03728761809481562,0.18410547011091724
2013.08.31_21:00:00_TAI,11837,3149,591054.0,7.615279e+20,-15.933014,-21.44161,-12.03032,-14.725806,957.748108,-18.687312,-13.378063000000001,0.03993006857338212,0.18720830847732128
2013.08.31_22:00:00_TAI,11837,3149,593727.625,7.620817e+20,-15.313051,-20.840361,-12.037044,-14.76181,972.756287,-18.076706,-13.399427,0.039959106605968894,0.19014191469428585
2013.08.31_23:00:00_TAI,11837,3149,588762.1875,7.135897e+20,-14.732833,-20.237654,-12.045702,-14.770246,972.841797,-17.4852435,-13.407974,0.03741646977643127,0.1901586290916563
2013.09.01_00:00:00_TAI,11837,3149,574921.875,6.675827e+20,-14.097771,-19.59959,-12.05557,-14.776851,975.457642,-16.8486805,-13.4162105,0.03500413181106507,0.19066994090067826
2013.09.01_01:00:00_TAI,11837,3149,589908.8125,6.11973e+20,-8.911179,-18.962183,-12.087872,-16.053688,988.472778,-13.936681,-14.070780000000001,0.032088284428001095,0.19321397265058204
2013.09.01_02:00:00_TAI,11837,3149,792508.625,7.429024e+20,-7.50382,-18.365498,-12.099654,-16.508266,1191.818237,-12.934659,-14.30396,0.03895345630190326,0.23296133325401797
2013.09.01_03:00:00_TAI,11837,3149,835013.8125,7.629298e+20,-6.803583,-17.761728,-12.092209,-16.597609,1235.842041,-12.2826555,-14.344909,0.04000357600906901,0.24156654146141143
2013.09.01_04:00:00_TAI,11837,3149,868570.375,7.846593e+20,-6.137585,-17.150768,-12.106527,-16.619177,1248.061401,-11.6441765,-14.362852,0.04114294388392337,0.24395502513177061
2013.09.01_05:00:00_TAI,11837,3149,904689.6875,7.875636e+20,-5.38026,-16.54999,-12.124165,-16.647734,1281.931396,-10.965125,-14.385949499999999,0.04129522838742965,0.25057549706914284
2013.09.01_06:00:00_TAI,11837,3149,921282.6875,7.837568e+20,-4.549911,-15.892406,-12.142489,-16.673325,1329.651489,-10.2211585,-14.407906999999998,0.04109562206303214,0.25990320841233294
2013.09.01_07:00:00_TAI,11837,3149,934953.5,7.193618e+20,-3.9217,-15.342376,-12.150673,-16.70211,1367.023071,-9.632038,-14.426391500000001,0.037719124936947936,0.26720812563733415
2013.09.01_08:00:00_TAI,11837,3149,939006.125,7.076633e+20,-3.320658,-14.830964,-12.135362,-16.728569,1406.128662,-9.075811,-14.4319655,0.037105724026481345,0.274851984687501
2013.09.01_09:00:00_TAI,11837,3149,906861.375,6.352502e+20,-2.75117,-14.31563,-12.124314,-16.724747,1427.093994,-8.5334,-14.4245305,0.033308804637695755,0.2789500187192064
2013.09.01_10:00:00_TAI,11837,3149,879684.875,5.608634e+20,-2.213019,-13.798398,-12.111914,-16.719778,1447.734131,-8.0057085,-14.415846000000002,0.02940839596592619,0.2829844878058424
2013.09.01_11:00:00_TAI,11837,3149,858642.875,4.71367e+20,-1.6761,-13.251402,-12.10083,-16.714636,1447.634766,-7.463751,-14.407733,0.02471572825267388,0.2829650652108861
2013.09.01_12:00:00_TAI,11837,3149,917719.875,5.054552e+20,-0.602996,-12.698213,-12.08893,-16.902359,1542.43689,-6.6506045,-14.495644500000001,0.026503114064202474,0.3014957677263509
2013.09.01_13:00:00_TAI,11837,3149,962248.125,5.562649e+20,0.155421,-12.123291,-12.077862,-16.997744,1598.858765,-5.983935,-14.537803,0.02916727752452083,0.3125243917368187
2013.09.01_14:00:00_TAI,11837,3149,1008036.5,5.868583e+20,1.076407,-11.540017,-12.095317,-17.124847,1673.446045,-5.2318050000000005,-14.610081999999998,0.030771416466630386,0.32710375598310576
2013.09.01_15:00:00_TAI,11837,3149,1103298.75,6.764756e+20,2.186612,-10.937349,-12.086443,-17.420467,1853.996094,-4.3753684999999995,-14.753454999999999,0.03547042346868685,0.36239536239449377
2013.09.01_16:00:00_TAI,11837,3149,1168029.125,7.497943e+20,3.136096,-10.302279,-12.107876,-17.587152,1959.244507,-3.5830915,-14.847514,0.03931482722423045,0.38296797141671124
2013.09.01_17:00:00_TAI,11837,3149,1221841.75,8.032567e+20,3.995738,-9.636248,-12.122584,-17.721127,2057.00708,-2.8202550000000004,-14.9218555,0.04211808275577117,0.40207734450849353
2013.09.01_18:00:00_TAI,11837,3149,1254720.25,8.509642e+20,4.695321,-8.796385,-12.111887,-17.785629,2108.376953,-2.0505320000000005,-14.948758,0.04461958499418505,0.41211846800505364
2013.09.01_19:00:00_TAI,11837,3149,1291315.0,9.217791e+20,5.49279,-8.124064,-12.128798,-17.948427,2161.865479,-1.3156370000000002,-15.0386125,0.04833270412352647,0.42257371859940435
2013.09.01_20:00:00_TAI,11837,3149,1348774.5,1.102249e+21,6.258647,-7.389109,-12.121594,-18.020481,2215.807373,-0.5652310000000003,-15.0710375,0.057795490033841004,0.43311758775190073
2013.09.01_21:00:00_TAI,11837,3149,1370985.5,1.186129e+21,7.062568,-6.603685,-12.111562,-18.089762,2253.189453,0.22944150000000008,-15.100662,0.062193666583820716,0.44042455699121125
2013.09.01_22:00:00_TAI,11837,3149,1406691.375,1.314278e+21,7.704319,-5.65841,-12.104103,-18.191582,2256.628906,1.0229545,-15.1478425,0.06891305054547248,0.4410968571219438
2013.09.01_23:00:00_TAI,11837,3149,1414895.0,1.422598e+21,8.345811,-4.99907,-12.09726,-18.231028,2240.281738,1.6733704999999999,-15.164144,0.07459271773543197,0.43790152251975367
2013.09.02_00:00:00_TAI,11837,3149,1419221.625,1.345955e+21,8.983701,-4.341056,-12.090649,-18.237087,2263.892334,2.3213225,-15.163868,0.07057400713314185,0.4425166188090396
2013.09.02_01:00:00_TAI,11837,3149,1454505.5,1.384888e+21,9.694301,-3.716463,-12.0848,-18.242929,2304.71875,2.9889189999999997,-15.163864499999999,0.07261542591736168,0.4504968426452546
2013.09.02_02:00:00_TAI,11837,3149,1577053.0,1.630674e+21,10.436139,-3.15388,-12.051068,-18.321392,2519.498291,3.6411295000000004,-15.18623,0.0855030060498523,0.4924791908538145
2013.09.02_03:00:00_TAI,11837,3149,1655928.75,1.840038e+21,11.148562,-2.561226,-11.986808,-18.370441,2631.893066,4.293668,-15.1786245,0.09648082955020938,0.5144486790038648
2013.09.02_04:00:00_TAI,11837,3149,1732279.5,2.037694e+21,11.797068,-1.967299,-11.925241,-18.414352,2695.9021,4.914884499999999,-15.1697965,0.10684475401566944,0.5269603434825665
2013.09.02_05:00:00_TAI,11837,3149,1799421.75,2.141514e+21,12.482575,-1.343639,-11.925051,-18.429422,2761.475098,5.5694680000000005,-15.1772365,0.1122884675280549,0.5397777115721799
2013.09.02_06:00:00_TAI,11837,3149,1881572.125,2.303758e+21,13.130034,-0.750911,-11.928567,-18.444464,2831.892334,6.1895615,-15.186515499999999,0.12079559385345914,0.55354196913541
2013.09.02_08:00:00_TAI,11837,3149,1936622.75,2.578573e+21,14.470711,5.114847,-14.086072,-18.474371,2630.776611,9.792779,-16.2802215,0.13520528494290449,0.5142304487089728
2013.09.02_09:00:00_TAI,11837,3149,2182772.5,2.655324e+21,15.090082,0.992866,-11.972788,-18.483242,3004.7229,8.041474000000001,-15.228015,0.13922965843345636,0.5873246700812813
2013.09.02_10:00:00_TAI,11837,3149,2158578.0,2.92371e+21,15.814922,6.096661,-14.012174,-18.528255,2791.955811,10.9557915,-16.2702145,0.15330225036887424,0.5457356901620083
2013.09.02_11:00:00_TAI,11837,3149,2283760.0,3.136387e+21,16.482862,6.604159,-13.990755,-18.577618,2868.846436,11.5435105,-16.2841865,0.16445378821007636,0.5607652827279213
2013.09.02_12:00:00_TAI,11837,3149,2386265.0,3.316784e+21,17.102505,7.143667,-13.945961,-18.649258,2963.22583,12.123086,-16.2976095,0.17391275167081421,0.5792133554082743
2013.09.02_13:00:00_TAI,11837,3149,2613960.5,3.375222e+21,17.707993,3.300174,-12.025221,-18.707178,3313.477783,10.5040835,-15.3661995,0.176976898561941,0.6476761120708103
2013.09.02_14:00:00_TAI,11837,3149,2547643.25,3.601418e+21,18.364294,8.228209,-13.875467,-18.722179,3081.962891,13.2962515,-16.298823,0.18883729368472604,0.6024225522291347
2013.09.02_15:00:00_TAI,11837,3149,2660262.5,3.847771e+21,18.974442,8.776823,-13.852179,-18.823641,3171.592285,13.8756325,-16.33791,0.201754603980591,0.6199421558706668
2013.09.02_16:00:00_TAI,11837,3149,2826482.5,4.060944e+21,19.610363,9.246196,-13.821616,-18.872742,3287.87207,14.428279499999999,-16.347179,0.21293214916047684,0.6426710359155612
2013.09.02_17:00:00_TAI,11837,3149,2969702.75,4.339134e+21,20.229504,9.69238,-13.771115,-18.891668,3394.291748,14.960942,-16.3313915,0.22751880550810266,0.6634725887880428
2013.09.02_18:00:00_TAI,11837,3149,3079510.0,4.592339e+21,20.905098,10.139816,-13.748432,-19.013399,3528.972168,15.522457,-16.3809155,0.24079539460368696,0.6897981888102307
2013.09.02_19:00:00_TAI,11837,3149,3120989.5,4.677732e+21,21.581015,10.620457,-13.708185,-19.064114,3623.071533,16.100736,-16.386149500000002,0.24527290402348212,0.7081915250155371
2013.09.02_20:00:00_TAI,11837,3149,3157350.5,5.074429e+21,22.215887,11.135602,-13.677352,-19.083176,3689.056885,16.6757445,-16.380264,0.2660733742529445,0.721089494772947
2013.09.02_21:00:00_TAI,11837,3149,3309776.0,5.233134e+21,22.892603,7.952276,-12.450815,-19.125204,3844.762207,15.422439500000001,-15.788009500000001,0.2743949361194744,0.751524772805923
2013.09.02_22:00:00_TAI,11837,3149,3335095.0,5.478222e+21,23.615728,12.101532,-13.638255,-19.151398,3850.64917,17.85863,-16.3948265,0.28724591721486575,0.7526754807802775
2013.09.02_23:00:00_TAI,11837,3149,3411619.75,5.628288e+21,24.249023,12.619328,-13.614511,-19.177826,3909.610596,18.434175500000002,-16.3961685,0.2951145004546041,0.7642005036277992
2013.09.03_00:00:00_TAI,11837,3149,3424678.5,5.81438e+21,24.832685,13.165012,-13.573937,-19.238173,3961.115479,18.9988485,-16.406055000000002,0.3048720764028495,0.7742680171464502
2013.09.03_01:00:00_TAI,11837,3149,3463692.75,5.860539e+21,25.396244,13.690348,-13.551406,-19.263302,3991.843262,19.543295999999998,-16.407353999999998,0.30729238435910267,0.7802742898089989
2013.09.03_02:00:00_TAI,11837,3149,3585157.75,6.150371e+21,26.018896,14.203347,-13.527763,-19.289108,4040.656982,20.111121500000003,-16.4084355,0.3224894790876877,0.789815769322614
2013.09.03_03:00:00_TAI,11837,3149,3703848.5,6.339512e+21,26.618513,14.686444,-13.459359,-19.285851,4100.54248,20.6524785,-16.372605,0.3324069267610272,0.8015214179052181
2013.09.03_04:00:00_TAI,11837,3149,3790489.5,6.457969e+21,27.237301,15.140349,-13.386099,-19.279461,4176.386719,21.188825,-16.33278,0.3386181189353351,0.8163464763650984
2013.09.03_05:00:00_TAI,11837,3149,3873336.0,6.656893e+21,27.855751,15.626204,-13.335536,-19.279364,4248.75,21.7409775,-16.30745,0.34904852990372043,0.8304911218295185
2013.09.03_06:00:00_TAI,11837,3149,3955880.0,6.780513e+21,28.460379,13.528063,-12.612276,-19.280212,4333.963379,20.994221,-15.946244,0.3555304395974316,0.8471475395336887
2013.09.03_08:00:00_TAI,11837,3149,4142415.0,7.393122e+21,29.733492,17.203751,-13.278181,-19.30271,4355.095703,23.468621499999998,-16.2904455,0.3876520721451965,0.8512782150183901
2013.09.03_09:00:00_TAI,11837,3149,4281273.0,8.414397e+21,30.422798,17.689487,-13.256733,-19.310802,4439.343262,24.0561425,-16.2837675,0.44120175927062005,0.8677458466242293
2013.09.03_10:00:00_TAI,11837,3149,4277222.5,7.361512e+21,31.018694,18.188444,-13.165076,-19.325928,4505.368164,24.603569,-16.245502000000002,0.3859946286456154,0.8806515471080572
2013.09.03_11:00:00_TAI,11837,3149,4336819.5,7.677754e+21,31.612293,16.278097,-12.618147,-19.350943,4604.523926,23.945195,-15.984545,0.4025765092908072,0.9000332429054659
2013.09.03_12:00:00_TAI,11837,3149,4279752.0,7.442211e+21,32.211391,16.768612,-12.640143,-19.373341,4653.118652,24.490001499999998,-16.006742,0.3902260121626256,0.9095319162825152
2013.09.03_13:00:00_TAI,11837,3149,4290651.5,7.469647e+21,32.827019,17.320524,-12.660051,-19.375479,4671.664062,25.0737715,-16.017764999999997,0.3916645955177191,0.913156935018776
2013.09.03_14:00:00_TAI,11837,3149,4299896.5,7.607227e+21,33.433178,20.239983,-13.063568,-19.400356,4633.228027,26.836580499999997,-16.231962,0.3988784859534154,0.9056439521824527
2013.09.03_15:00:00_TAI,11837,3149,4343148.5,7.722995e+21,34.056225,20.776558,-13.041653,-19.4016,4646.800781,27.4163915,-16.2216265,0.4049486826968352,0.9082969799425648
2013.09.03_16:00:00_TAI,11837,3149,4388174.0,7.958627e+21,34.645554,21.31279,-12.978054,-19.42964,4672.256836,27.979172,-16.203847,0.41730384646441765,0.9132728028726745
2013.09.03_17:00:00_TAI,11837,3149,4466942.5,8.115913e+21,35.297401,21.820787,-12.949202,-19.451927,4714.27832,28.559094,-16.2005645,0.42555100427128595,0.9214866232641077
2013.09.03_18:00:00_TAI,11837,3149,4528346.5,8.278077e+21,35.95153,22.345592,-12.906219,-19.433445,4754.924805,29.148561,-16.169832,0.4340539358646444,0.9294316764976649
2013.09.03_19:00:00_TAI,11837,3149,4550587.5,8.853717e+21,36.549629,22.888411,-12.886426,-19.430317,4768.295898,29.71902,-16.1583715,0.4642371302999129,0.9320452861536007
2013.09.03_20:00:00_TAI,11837,3149,4560266.0,9.18844e+21,37.150539,23.438049,-12.84935,-19.422621,4783.027832,30.294294,-16.1359855,0.4817880464818258,0.9349248955432748
2013.09.03_21:00:00_TAI,11837,3149,4588949.5,9.238528e+21,37.729218,23.996229,-12.810863,-19.41955,4809.89502,30.8627235,-16.1152065,0.48441436821567635,0.9401765486418391
2013.09.03_22:00:00_TAI,11837,3149,4592714.5,9.276974e+21,38.3325,24.518522,-12.793336,-19.421217,4807.173828,31.425511,-16.107276499999998,0.4864302515685677,0.9396446449532734
2013.09.03_23:00:00_TAI,11837,3149,4669400.0,9.68241e+21,38.924149,23.098896,-12.716721,-19.413754,4863.411621,31.011522499999998,-16.065237500000002,0.5076889438398787,0.9506372869768771
2013.09.04_00:00:00_TAI,11837,3149,4681538.0,9.940877e+21,39.494011,23.603586,-12.669679,-19.406424,4896.756348,31.5487985,-16.0380515,0.521241441435773,0.9571550862668633
2013.09.04_01:00:00_TAI,11837,3149,4810182.5,1.056787e+22,40.047501,24.103136,-12.575875,-19.399456,4942.69873,32.075318499999995,-15.9876655,0.5541172868053655,0.9661353134787963
2013.09.04_02:00:00_TAI,11837,3149,5012791.5,1.122432e+22,40.594242,24.608385,-12.477036,-19.387506,4981.768555,32.6013135,-15.932271,0.5885376849483577,0.9737721814503015
2013.09.04_03:00:00_TAI,11837,3149,5098071.5,1.135877e+22,41.167728,25.125484,-12.474616,-19.380255,4997.773438,33.146606,-15.927435499999998,0.5955874564927636,0.9769006105735544
2013.09.04_04:00:00_TAI,11837,3149,5234641.5,1.167031e+22,41.753883,25.653076,-12.456312,-19.411373,5017.148926,33.7034795,-15.9338425,0.6119227917619658,0.9806878823040902
2013.09.04_05:00:00_TAI,11837,3149,5305602.5,1.234062e+22,42.314037,26.212006,-12.473148,-19.411043,5039.437012,34.2630215,-15.9420955,0.6470699272318858,0.9850444713115802
2013.09.04_06:00:00_TAI,11837,3149,5317366.0,1.263352e+22,42.888245,26.798149,-12.489944,-19.41328,5059.973633,34.843196999999996,-15.951612,0.6624278899344259,0.9890587064190535
2013.09.04_08:00:00_TAI,11837,3149,5291076.5,1.366304e+22,44.124973,27.923306,-12.501549,-19.423521,5041.351562,36.0241395,-15.962535,0.7164098966313156,0.9854187029743747
2013.09.04_09:00:00_TAI,11837,3149,5322903.5,1.412817e+22,44.756943,28.553297,-12.502872,-19.500122,5091.246582,36.65512,-16.001497,0.7407985930868719,0.9951715411346587
2013.09.04_10:00:00_TAI,11837,3149,5272954.5,1.284716e+22,45.389858,29.16626,-12.426784,-19.529369,5115.94873,37.278059,-15.9780765,0.6736299218626288,1.0
2013.09.04_11:00:00_TAI,11837,3149,5142977.0,1.290361e+22,45.986824,30.418066,-12.401413,-19.543985,5058.966797,38.202445,-15.972698999999999,0.6765898296624185,0.9888619030394388
2013.09.04_12:00:00_TAI,11837,3149,5107599.5,1.321645e+22,46.59124,31.030323,-12.355778,-19.565802,5052.219727,38.8107815,-15.960790000000001,0.6929933293273642,0.9875430723872793
2013.09.04_13:00:00_TAI,11837,3149,5023424.0,1.32495e+22,47.188995,31.653748,-12.325621,-19.59717,5033.471191,39.4213715,-15.961395499999998,0.6947262780037691,0.9838783491874438
2013.09.04_14:00:00_TAI,11837,3149,4963514.0,1.350134e+22,47.804256,32.355507,-12.316135,-19.601234,5000.711426,40.0798815,-15.9586845,0.7079312944838225,0.9774748907618548
2013.09.04_15:00:00_TAI,11837,3149,4966056.0,1.374297e+22,48.414631,32.944794,-12.311738,-19.614925,4990.442383,40.6797125,-15.963331499999999,0.7206009582865359,0.9754676300284189
2013.09.04_16:00:00_TAI,11837,3149,4872029.0,1.366946e+22,48.985931,33.535717,-12.272799,-19.637043,4985.650879,41.260824,-15.954920999999999,0.7167465238779879,0.9745310483203375
2013.09.04_17:00:00_TAI,11837,3149,4796855.5,1.347491e+22,49.538086,34.134613,-12.274898,-19.657953,4967.44043,41.8363495,-15.9664255,0.7065454598842045,0.9709715034614899
2013.09.04_18:00:00_TAI,11837,3149,4732688.5,1.384895e+22,50.085705,34.744564,-12.254283,-19.675711,4938.195801,42.41513449999999,-15.964997,0.7261579295641569,0.9652551387081629
2013.09.04_19:00:00_TAI,11837,3149,4727675.5,1.605377e+22,50.629967,35.362595,-12.234654,-19.702553,4897.679199,42.996280999999996,-15.9686035,0.8417657934283231,0.957335473336536
2013.09.04_20:00:00_TAI,11837,3149,4646440.0,1.510197e+22,51.181194,36.039566,-12.220834,-19.710178,4849.23877,43.61038,-15.965506,0.7918589689138896,0.9478669599568094
2013.09.04_21:00:00_TAI,11837,3149,4597929.5,1.47093e+22,51.726982,36.590984,-12.221138,-19.700346,4788.000488,44.158983,-15.960742,0.7712696510087808,0.9358968865194237
2013.09.04_22:00:00_TAI,11837,3149,4512066.0,1.469796e+22,52.281536,37.148151,-12.216311,-19.702169,4739.603027,44.7148435,-15.959240000000001,0.7706750477412941,0.9264367719728888
2013.09.04_23:00:00_TAI,11837,3149,4465860.5,1.514241e+22,52.805809,37.711914,-12.219042,-19.691885,4719.691406,45.2588615,-15.9554635,0.7939794059630214,0.9225447038442076
2013.09.05_00:00:00_TAI,11837,3149,4426938.0,1.555102e+22,53.332977,38.285316,-12.211728,-19.6915,4682.580566,45.8091465,-15.951614000000001,0.815404524228248,0.9152907531190211
2013.09.05_01:00:00_TAI,11837,3149,4382625.5,1.577621e+22,53.870609,38.80278,-12.201626,-19.686235,4637.393555,46.3366945,-15.9439305,0.8272121705955576,0.9064581761357877
2013.09.05_02:00:00_TAI,11837,3149,4344244.0,1.601012e+22,54.402275,39.358349,-12.197777,-19.683529,4590.498047,46.880312,-15.940653000000001,0.8394770427558551,0.8972916440857295
2013.09.05_03:00:00_TAI,11837,3149,4285985.5,1.598824e+22,54.937889,39.89801,-12.205016,-19.702078,4544.709961,47.4179495,-15.953547,0.8383297835413396,0.8883415766756521
2013.09.05_04:00:00_TAI,11837,3149,4287594.0,1.571903e+22,55.493782,40.457878,-12.217573,-19.715296,4499.11377,47.97583,-15.966434499999998,0.8242139858658504,0.8794290184374072
2013.09.05_05:00:00_TAI,11837,3149,4254907.0,1.58463e+22,56.058331,41.010712,-12.235172,-19.727074,4450.689941,48.5345215,-15.981123,0.8308872802091494,0.8699637498126374
2013.09.05_06:00:00_TAI,11837,3149,4227157.5,1.657857e+22,56.678192,41.558933,-12.253916,-19.735504,4394.353027,49.1185625,-15.99471,0.8692832356485108,0.8589517328880659
2013.09.05_09:00:00_TAI,11837,3149,4103799.0,1.789293e+22,58.44524,43.244904,-12.308632,-19.72032,4214.843262,50.845072,-16.014476000000002,0.9382005857943302,0.8238634678420634
2013.09.05_10:00:00_TAI,11837,3149,4056401.5,1.653511e+22,59.056534,43.797081,-12.323917,-19.764271,4178.871582,51.426807499999995,-16.044094,0.8670044474646516,0.8168321854937745
2013.09.05_11:00:00_TAI,11837,3149,3971513.5,1.738725e+22,59.678234,44.311024,-12.313263,-19.783978,4142.549316,51.994629,-16.0486205,0.9116856845330792,0.8097323750936025
2013.09.05_12:00:00_TAI,11837,3149,3918442.5,1.764474e+22,60.292484,44.850925,-12.304862,-19.790096,4109.644043,52.571704499999996,-16.047479,0.9251869539638645,0.8033004746316135
2013.09.05_13:00:00_TAI,11837,3149,3847053.75,1.777488e+22,60.895161,45.399792,-12.306911,-19.795994,4070.436035,53.147476499999996,-16.0514525,0.9320107343193051,0.7956365964206995
2013.09.05_14:00:00_TAI,11837,3149,3816012.0,1.764326e+22,61.480179,45.947327,-12.306494,-19.791634,4015.871094,53.713753,-16.049064,0.9251093514210179,0.7849709420367862
2013.09.05_15:00:00_TAI,11837,3149,3731755.25,1.784719e+22,62.077263,46.500278,-12.322682,-19.797207,3960.484863,54.2887705,-16.0599445,0.9358022477471667,0.7741447524240533
2013.09.05_16:00:00_TAI,11837,3149,3637865.0,1.72983e+22,62.650448,47.022923,-12.346084,-19.804829,3898.26416,54.8366855,-16.0754565,0.9070216668396994,0.7619826479379124
2013.09.05_17:00:00_TAI,11837,3149,3540814.0,1.691147e+22,63.232269,47.569595,-12.374771,-19.825605,3834.035889,55.400932,-16.100188,0.8867385643739311,0.7494281298241235
2013.09.05_18:00:00_TAI,11837,3149,3462200.0,1.794182e+22,63.805939,48.123974,-12.421868,-19.829645,3762.920654,55.9649565,-16.1257565,0.9407640914157955,0.7355274363744454
2013.09.05_19:00:00_TAI,11837,3149,3375430.25,1.856744e+22,64.388039,48.677841,-12.474073,-19.825167,3690.418945,56.53294,-16.14962,0.9735679446966528,0.7213557327811609
2013.09.05_20:00:00_TAI,11837,3149,3339164.5,1.806556e+22,64.995659,49.238529,-12.514962,-19.809034,3611.823975,57.117094,-16.161998,0.9472522932075753,0.7059929967280966
2013.09.05_21:00:00_TAI,11837,3149,3250632.0,1.767166e+22,65.591339,49.804722,-12.567733,-19.786406,3528.790771,57.6980305,-16.1770695,0.9265984812972629,0.6897627316527075
2013.09.05_22:00:00_TAI,11837,3149,3172463.5,1.844908e+22,66.180824,50.376602,-12.611779,-19.758652,3445.330078,58.278712999999996,-16.1852155,0.9673618386349503,0.6734489065139634
2013.09.05_23:00:00_TAI,11837,3149,3087943.5,1.879893e+22,66.747589,50.887585,-12.643995,-19.73983,3371.966553,58.817587,-16.1919125,0.985705926212566,0.6591087461894873
2013.09.06_00:00:00_TAI,11837,3149,3045102.25,1.873451e+22,67.305527,51.411331,-12.652584,-19.732855,3297.3125,59.358429,-16.1927195,0.9823281182327175,0.6445163300141203
2013.09.06_01:00:00_TAI,11837,3149,2966390.5,1.907154e+22,67.888596,51.959408,-12.674865,-19.726248,3225.429932,59.924002,-16.200556499999998,1.0,0.6304656481575022
2013.03.28_12:00:00_TAI,11707,2598,309004.3125,5.535418e+20,-37.289482,-40.081821,-10.152048,-11.610279,237.845428,-38.6856515,-10.8811635,0.18781700845536842,0.05431212712189771
2013.03.28_13:00:00_TAI,11707,2598,441353.09375,8.700486e+20,-36.175903,-40.191219,-9.790651,-11.863786,490.70163,-38.183561,-10.8272185,0.2952079233452315,0.11205197228967721
2013.03.28_14:00:00_TAI,11707,2598,537393.125,1.060786e+21,-35.29755,-39.925976,-9.616603,-11.985008,652.93927,-37.611762999999996,-10.8008055,0.3599252181702203,0.14909902171892533
2013.03.28_16:00:00_TAI,11707,2598,653320.0,1.410141e+21,-33.881111,-39.070026,-9.453458,-12.053668,812.274353,-36.475568499999994,-10.753563,0.47846154368154614,0.18548327074840057
2013.03.28_17:00:00_TAI,11707,2598,738916.375,1.388207e+21,-33.182896,-38.60968,-9.406625,-12.092942,877.818298,-35.896288,-10.7497835,0.4710193265563714,0.20045026466055882
2013.03.28_19:00:00_TAI,11707,2598,915191.1875,1.636745e+21,-31.593454,-37.821926,-9.307342,-12.274591,1136.559448,-34.70769,-10.7909665,0.5553483937514421,0.25953394076328384
2013.03.28_20:00:00_TAI,11707,2598,1031849.8125,2.091147e+21,-30.900827,-37.529209,-9.19353,-12.400237,1321.903564,-34.215018,-10.7968835,0.7095272186859571,0.30185736599846535
2013.03.28_21:00:00_TAI,11707,2598,1131039.5,2.197206e+21,-30.230145,-37.084854,-9.084785,-12.443171,1436.559204,-33.6574995,-10.763978,0.7455130902132165,0.3280390409933807
2013.03.28_22:00:00_TAI,11707,2598,1241703.25,2.271679e+21,-29.587954,-36.570469,-9.065865,-12.474626,1490.936768,-33.0792115,-10.770245500000001,0.7707818162077062,0.34045618599962035
2013.03.28_23:00:00_TAI,11707,2598,1342745.125,2.451375e+21,-28.855667,-36.122318,-8.987072,-12.508922,1603.365234,-32.4889925,-10.747997,0.8317527585130495,0.3661292846538941
2013.03.29_00:00:00_TAI,11707,2598,1421172.25,2.57623e+21,-28.161665,-35.600723,-8.940017,-12.510903,1693.587402,-31.881194,-10.72546,0.8741161222024675,0.3867315636164698
2013.03.29_01:00:00_TAI,11707,2598,1504149.5,2.737588e+21,-27.497583,-35.119522,-8.897986,-12.580722,1799.365601,-31.3085525,-10.739353999999999,0.9288649719737789,0.4108860703443157
2013.03.29_02:00:00_TAI,11707,2598,1584995.0,2.853342e+21,-26.888271,-34.583511,-8.874846,-12.607629,1850.303223,-30.735891000000002,-10.7412375,0.9681403618300511,0.42251770280668605
2013.03.29_03:00:00_TAI,11707,2598,1677800.875,2.922529e+21,-26.194454,-34.077549,-8.868411,-12.638081,1921.407227,-30.1360015,-10.753246,0.9916155453916208,0.43875433908175426
2013.03.29_04:00:00_TAI,11707,2598,1735505.5,2.826692e+21,-25.513521,-33.567562,-8.834598,-12.653126,1997.390869,-29.540541500000003,-10.743862,0.9590980035558693,0.4561052432306823
2013.03.29_05:00:00_TAI,11707,2598,1785139.375,2.94724e+21,-24.878578,-33.03619,-8.817134,-12.718558,2073.964111,-28.957383999999998,-10.767845999999999,1.0,0.47359078284609935
2013.03.29_06:00:00_TAI,11707,2598,1820307.0,2.820778e+21,-24.276325,-32.527508,-8.779868,-12.769081,2143.290283,-28.4019165,-10.7744745,0.9570913804101465,0.4894214502598053
2013.03.29_07:00:00_TAI,11707,2598,1846231.625,2.741587e+21,-23.69816,-31.989595,-8.746638,-12.792421,2199.137695,-27.8438775,-10.7695295,0.9302218346656533,0.5021742358209094
2013.05.13_19:00:00_TAI,11749,2749,164715.703125,1.418474e+20,10.202926,7.886432,-21.704075,-22.84251,177.002731,9.044679,-22.2732925,0.014966346995391422,0.06278819099995882
2013.05.13_20:00:00_TAI,11749,2749,256107.703125,1.9745e+20,11.076099,8.192632,-21.631519,-23.030312,261.388519,9.6343655,-22.3309155,0.020832988227066807,0.09272236740894332
2013.05.13_21:00:00_TAI,11749,2749,412776.3125,3.979276e+20,12.118877,8.363687,-21.428858,-23.252056,442.828613,10.241282,-22.340457,0.041985419123955176,0.15708462449255003
2013.05.13_22:00:00_TAI,11749,2749,447210.1875,4.462438e+20,12.925981,8.863046,-21.323328,-23.337662,522.144531,10.8945135,-22.330495,0.04708327086250471,0.1852203655660653
2013.05.13_23:00:00_TAI,11749,2749,512888.8125,4.861293e+20,13.638906,9.014834,-21.245457,-23.589384,674.658569,11.32687,-22.4174205,0.05129159779048988,0.23932168080576618
2013.05.14_00:00:00_TAI,11749,2749,539010.5,5.242036e+20,14.244182,9.42,-21.233709,-23.678019,722.149353,11.832091,-22.455864,0.055308824651233414,0.25616808989608575
2013.05.14_01:00:00_TAI,11749,2749,581737.3125,5.432135e+20,14.793425,9.533932,-21.222094,-23.895744,825.785034,12.1636785,-22.558919,0.05731456292876047,0.2929307821792845
2013.05.14_02:00:00_TAI,11749,2749,644048.1875,5.837403e+20,15.451223,9.776286,-21.210005,-24.020042,939.596863,12.6137545,-22.6150235,0.06159055354552771,0.3333032601457778
2013.05.14_03:00:00_TAI,11749,2749,680040.625,6.271298e+20,16.189266,10.237422,-21.192677,-24.103848,1032.488525,13.213344,-22.6482625,0.06616858820077366,0.36625472582660745
2013.05.14_04:00:00_TAI,11749,2749,699700.625,6.476452e+20,17.04142,10.741466,-21.082962,-24.092108,1123.765747,13.891442999999999,-22.587535,0.06833317207858357,0.3986335010946661
2013.05.14_05:00:00_TAI,11749,2749,700461.3125,5.878858e+20,17.799944,11.280843,-21.002575,-24.11157,1194.99585,14.5403935,-22.5570725,0.06202794606360978,0.42390096045443576
2013.05.14_06:00:00_TAI,11749,2749,712336.875,6.335998e+20,18.497837,11.83104,-20.951424,-24.097589,1238.618896,15.1644385,-22.5245065,0.06685123916977403,0.43937536657672316
2013.05.14_07:00:00_TAI,11749,2749,748128.3125,6.386896e+20,19.251053,12.396751,-20.875181,-24.0851,1284.910278,15.823902,-22.4801405,0.0673882649660674,0.4557963117126943
2013.05.14_08:00:00_TAI,11749,2749,783823.125,7.446409e+20,19.943399,12.969255,-20.824125,-24.072052,1330.178467,16.456327,-22.448088499999997,0.07856720740993887,0.47185429952506447
2013.05.14_09:00:00_TAI,11749,2749,851095.0,7.854791e+20,20.600883,13.548473,-20.749659,-24.060369,1387.546021,17.074678,-22.405014,0.08287605390178289,0.4922042959200492
2013.05.14_10:00:00_TAI,11749,2749,934727.3125,9.824563e+20,21.340641,14.125305,-20.672371,-24.047207,1467.424072,17.732973,-22.359789,0.10365915690811656,0.5205394424715024
2013.05.14_11:00:00_TAI,11749,2749,1024240.0,1.16817e+21,22.043482,14.741257,-20.569283,-24.019375,1569.182861,18.3923695,-22.294328999999998,0.12325384582027162,0.5566363447258327
2013.05.14_12:00:00_TAI,11749,2749,1094312.25,1.350112e+21,22.740339,15.368208,-20.550842,-24.047232,1638.941406,19.0542735,-22.299037,0.14245058192566026,0.5813817982145656
2013.05.14_13:00:00_TAI,11749,2749,1138816.125,1.41986e+21,23.365679,15.869145,-20.54038,-24.101795,1670.328125,19.617412,-22.321087499999997,0.1498097070857588,0.5925156112145133
2013.05.14_14:00:00_TAI,11749,2749,1239621.375,1.546263e+21,23.973173,16.159451,-20.528429,-24.19272,1778.044312,20.066312,-22.3605745,0.1631465124079463,0.6307257816730882
2013.05.14_15:00:00_TAI,11749,2749,1283427.375,1.58162e+21,24.634651,16.599705,-20.517721,-24.281981,1864.76709,20.617178000000003,-22.399850999999998,0.1668770364127293,0.6614889587062778
2013.05.14_16:00:00_TAI,11749,2749,1275706.75,1.470187e+21,25.199301,17.115986,-20.480648,-24.273285,1880.738525,21.1576435,-22.3769665,0.15511971872669875,0.6671545069475838
2013.05.14_17:00:00_TAI,11749,2749,1273840.875,1.50648e+21,25.821667,17.638262,-20.465178,-24.263636,1904.385376,21.7299645,-22.364407,0.1589490002750651,0.6755427560370036
2013.05.14_18:00:00_TAI,11749,2749,1278672.25,1.62176e+21,26.500687,18.192015,-20.450489,-24.28241,1928.43335,22.346351,-22.3664495,0.17111221568563112,0.6840732955159343
2013.05.14_19:00:00_TAI,11749,2749,1293223.25,1.633036e+21,27.147648,18.748732,-20.405954,-24.307739,1977.678223,22.94819,-22.356846500000003,0.17230194865726145,0.7015419327184457
2013.05.14_20:00:00_TAI,11749,2749,1289503.5,1.542871e+21,27.729971,19.306517,-20.391306,-24.360844,1998.325684,23.518244,-22.376075,0.16278862182265277,0.7088662079858832
2013.05.14_21:00:00_TAI,11749,2749,1250126.375,1.513073e+21,28.3696,19.874212,-20.37833,-24.373264,2018.493652,24.121906,-22.375797,0.1596446289981902,0.716020392668294
2013.05.14_22:00:00_TAI,11749,2749,1228248.375,1.485759e+21,28.941866,20.440479,-20.359854,-24.365154,2018.946777,24.6911725,-22.362504,0.1567627235009296,0.7161811297308586
2013.05.14_23:00:00_TAI,11749,2749,1219616.75,1.513687e+21,29.510351,21.003611,-20.345293,-24.35251,2013.860962,25.256981,-22.3489015,0.15970941225861773,0.7143770382244373
2013.05.15_00:00:00_TAI,11749,2749,1236077.75,1.554823e+21,30.076664,21.535381,-20.327993,-24.35931,2007.443115,25.8060225,-22.3436515,0.16404967968687106,0.712100434914602
2013.05.15_01:00:00_TAI,11749,2749,1271319.0,1.653579e+21,30.643114,22.071659,-20.308676,-24.344063,2017.483643,26.3573865,-22.3263695,0.1744694446164847,0.7156621121059241
2013.05.15_02:00:00_TAI,11749,2749,1293078.375,1.744537e+21,31.207783,22.633373,-20.28911,-24.332741,2015.293945,26.920578,-22.3109255,0.18406644103662925,0.714885360383058
2013.05.15_03:00:00_TAI,11749,2749,1299856.0,1.830549e+21,31.756807,23.166079,-20.269861,-24.345129,2023.420288,27.461443,-22.307495,0.1931415840266848,0.7177680185970445
2013.05.15_04:00:00_TAI,11749,2749,1322178.5,1.973888e+21,32.396423,23.713902,-20.253462,-24.361713,2040.138184,28.0551625,-22.3075875,0.20826531003063278,0.7236983590004671
2013.05.15_05:00:00_TAI,11749,2749,1322782.375,2.004219e+21,32.985622,24.247105,-20.260054,-24.435831,2073.896484,28.6163635,-22.347942500000002,0.2114655397896359,0.7356734430924403
2013.05.15_06:00:00_TAI,11749,2749,1343484.75,2.189475e+21,33.567631,24.761318,-20.241505,-24.450956,2089.986328,29.164474499999997,-22.3462305,0.2310119366850195,0.7413809945664994
2013.05.15_07:00:00_TAI,11749,2749,1373379.875,2.201974e+21,34.156639,25.305212,-20.222778,-24.438791,2092.806152,29.730925499999998,-22.3307845,0.23233070862652422,0.7423812709288923
2013.05.15_08:00:00_TAI,11749,2749,1389285.75,2.195909e+21,34.747566,25.849604,-20.156284,-24.451399,2117.223389,30.298585,-22.303841499999997,0.23169078928695894,0.7510427990973321
2013.05.15_09:00:00_TAI,11749,2749,1395145.125,2.151667e+21,35.320271,26.393074,-20.133972,-24.464909,2131.888672,30.8566725,-22.2994405,0.227022807189507,0.7562450159494124
2013.05.15_10:00:00_TAI,11749,2749,1399518.625,2.076945e+21,35.888966,26.91062,-20.117016,-24.480368,2140.756836,31.399793000000003,-22.298692,0.21913887431382767,0.7593908203779947
2013.05.15_11:00:00_TAI,11749,2749,1418270.75,2.248674e+21,36.461319,27.433447,-20.102161,-24.471378,2141.944824,31.947383000000002,-22.2867695,0.23725803478607863,0.7598122354433343
2013.05.15_12:00:00_TAI,11749,2749,1435688.25,2.245797e+21,37.008492,27.958723,-20.086864,-24.456591,2138.989746,32.4836075,-22.271727499999997,0.23695448195179517,0.7587639804201745
2013.05.15_13:00:00_TAI,11749,2749,1512867.25,2.496065e+21,37.567005,28.471521,-20.095461,-24.469858,2157.490723,33.019263,-22.2826595,0.2633603077183769,0.7653268332699523
2013.05.15_14:00:00_TAI,11749,2749,1544332.75,2.632528e+21,38.161194,28.956076,-20.080202,-24.460728,2176.989502,33.558635,-22.270465,0.27775854561369323,0.7722436364921467
2013.05.15_15:00:00_TAI,11749,2749,1610607.5,2.811451e+21,38.753723,29.40859,-20.066154,-24.51,2226.609619,34.0811565,-22.288077,0.2966367464369471,0.7898453840247104
2013.05.15_16:00:00_TAI,11749,2749,1651100.625,3.584294e+21,39.378983,29.920149,-20.048452,-24.560446,2276.624756,34.649566,-22.304448999999998,0.37817956294933497,0.8075872570291734
2013.05.15_17:00:00_TAI,11749,2749,1675122.375,3.473999e+21,40.002747,30.446745,-20.004711,-24.579004,2301.975342,35.224745999999996,-22.2918575,0.36654231586650726,0.8165798721528852
2013.05.15_19:00:00_TAI,11749,2749,1783063.875,3.975103e+21,41.37434,31.435034,-19.873125,-24.723694,2476.273682,36.404686999999996,-22.298409499999998,0.4194138971910759,0.8784087343465184
2013.05.15_20:00:00_TAI,11749,2749,1785263.5,4.025191e+21,42.018707,31.980259,-19.852638,-24.740313,2511.242432,36.999483,-22.2964755,0.42469869189513937,0.8908132014506437
2013.05.15_21:00:00_TAI,11749,2749,1748345.75,3.936431e+21,42.666374,32.528687,-19.814821,-24.815859,2548.432861,37.5975305,-22.31534,0.4153336068861019,0.9040057648999748
2013.05.15_22:00:00_TAI,11749,2749,1719987.875,3.993276e+21,43.246181,33.056751,-19.793715,-24.866678,2574.888672,38.151466,-22.3301965,0.42133133398545675,0.9133904365643166
2013.05.15_23:00:00_TAI,11749,2749,1745783.75,4.226004e+21,43.814651,33.60273,-19.76833,-24.879707,2585.592285,38.7086905,-22.3240185,0.44588651091181175,0.9171873299435135
2013.05.16_00:00:00_TAI,11749,2749,1776245.375,4.571722e+21,44.362591,34.148075,-19.601467,-24.925119,2634.874756,39.255333,-22.263292999999997,0.48236328489958125,0.9346693042871631
2013.05.16_01:00:00_TAI,11749,2749,1798915.875,4.634151e+21,44.90995,34.693893,-19.54826,-24.924582,2636.444336,39.801921500000006,-22.236421,0.48895018093415993,0.9352260815090339
2013.05.16_02:00:00_TAI,11749,2749,1812123.625,4.684597e+21,45.495144,35.24498,-19.456694,-24.919481,2658.68457,40.370062000000004,-22.1880875,0.49427274828844003,0.9431153612528349
2013.05.16_03:00:00_TAI,11749,2749,1804971.5,4.708444e+21,46.092125,35.737072,-19.400747,-24.928991,2679.007812,40.9145985,-22.164869,0.4967888499356969,0.9503246262919963
2013.05.16_04:00:00_TAI,11749,2749,1849087.875,4.858488e+21,46.660198,36.222416,-19.358791,-24.910622,2686.618408,41.441307,-22.1347065,0.5126200218047372,0.9530243335370304
2013.05.16_05:00:00_TAI,11749,2749,1862350.875,5.112371e+21,47.243855,36.753891,-19.33625,-24.92168,2689.942139,41.998873,-22.128965,0.5394072669303508,0.9542033608643574
2013.05.16_06:00:00_TAI,11749,2749,1881743.125,5.415934e+21,47.824677,37.265114,-19.313911,-24.970261,2719.552979,42.544895499999996,-22.142086,0.5714362586000042,0.9647072161839073
2013.05.16_07:00:00_TAI,11749,2749,1896531.125,5.719962e+21,48.415501,37.757973,-19.295357,-25.011402,2738.131348,43.086737,-22.1533795,0.6035143125108611,0.9712975223031937
2013.05.16_08:00:00_TAI,11749,2749,1897665.25,5.812979e+21,48.990505,38.223923,-19.258307,-25.025036,2760.930908,43.607214,-22.1416715,0.6133285544248498,0.9793852117976287
2013.05.16_09:00:00_TAI,11749,2749,1928278.25,5.678691e+21,49.54401,38.722012,-19.185728,-25.044573,2791.237305,44.133010999999996,-22.1151505,0.5991598012061293,0.9901358020998574
2013.05.16_10:00:00_TAI,11749,2749,1905400.375,5.696274e+21,50.089214,39.227978,-19.163378,-25.059471,2795.848145,44.658596,-22.1114245,0.6010149869847897,0.991771405691704
2013.05.16_11:00:00_TAI,11749,2749,1895134.25,5.593708e+21,50.622406,39.757629,-19.145182,-25.075928,2782.154785,45.190017499999996,-22.110554999999998,0.5901932282078978,0.9869139591525814
2013.05.16_12:00:00_TAI,11749,2749,1929671.0,5.947456e+21,51.146904,40.301262,-19.129185,-25.121765,2772.935547,45.724083,-22.125475,0.6275172490706399,0.983643618219717
2013.05.16_13:00:00_TAI,11749,2749,1928311.25,6.190956e+21,51.718796,40.831059,-19.137777,-25.136438,2777.905762,46.274927500000004,-22.1371075,0.6532089818297727,0.9854067029301493
2013.05.16_14:00:00_TAI,11749,2749,1963720.0,6.426473e+21,52.286411,41.317593,-19.142185,-25.151457,2789.913574,46.802002,-22.146821000000003,0.6780584266931512,0.9896662349107469
2013.05.16_15:00:00_TAI,11749,2749,1988102.75,6.677369e+21,52.816559,41.761143,-19.149187,-25.204939,2816.133057,47.288850999999994,-22.177063,0.7045305128629064,0.9989670739273164
2013.05.16_16:00:00_TAI,11749,2749,2003577.25,7.230732e+21,53.367706,42.269943,-19.138325,-25.220181,2818.146484,47.8188245,-22.179253,0.7629159515273498,0.9996812970261706
2013.05.16_17:00:00_TAI,11749,2749,1992901.25,7.683536e+21,53.904728,42.807743,-19.117273,-25.268755,2819.044922,48.3562355,-22.193013999999998,0.8106913903785463,1.0
2013.05.16_18:00:00_TAI,11749,2749,1960847.5,7.66896e+21,54.43713,43.32782,-19.095957,-25.317118,2811.209961,48.882475,-22.2065375,0.8091534737596671,0.9972207037430104
2013.05.16_19:00:00_TAI,11749,2749,1980813.25,7.712684e+21,54.959072,43.839901,-19.02412,-25.363686,2815.842529,49.399486499999995,-22.193903,0.8137668015755205,0.9988640149097986
2013.05.16_20:00:00_TAI,11749,2749,1985397.875,7.736659e+21,55.505119,44.321373,-18.995083,-25.378466,2815.876953,49.913246,-22.1867745,0.8162964085278828,0.9988762261376976
2013.05.16_21:00:00_TAI,11749,2749,1943764.5,8.091546e+21,56.039738,44.856239,-18.975151,-25.372501,2797.633057,50.4479885,-22.173826,0.8537406055040239,0.9924045676488159
2013.05.16_22:00:00_TAI,11749,2749,1908093.0,8.442083e+21,56.583313,45.399593,-18.954433,-25.425047,2785.12793,50.991453,-22.18974,0.8907258331269731,0.9879686230838999
2013.05.16_23:00:00_TAI,11749,2749,1840139.875,8.500996e+21,57.133053,45.929779,-18.926559,-25.464886,2777.965332,51.531416,-22.195722500000002,0.8969417553119373,0.9854278342003662
2013.05.17_00:00:00_TAI,11749,2749,1819342.5,8.471768e+21,57.694939,46.42078,-18.886038,-25.488855,2764.958252,52.0578595,-22.1874465,0.8938579032992723,0.980813831813071
2013.05.17_01:00:00_TAI,11749,2749,1799745.25,8.684937e+21,58.239094,46.959011,-18.857082,-25.493208,2735.799072,52.5990525,-22.175145,0.916349406299402,0.9704701938765344
2013.05.17_02:00:00_TAI,11749,2749,1774185.5,8.746557e+21,58.774731,47.520531,-18.834148,-25.487528,2703.908203,53.147631000000004,-22.160838,0.9228509445853065,0.9591575437122459
2013.05.17_03:00:00_TAI,11749,2749,1755562.75,8.773608e+21,59.297504,48.072895,-18.81056,-25.480814,2666.77124,53.6851995,-22.145687,0.9257051009009832,0.9459839462607896
2013.05.17_04:00:00_TAI,11749,2749,1714058.125,8.543746e+21,59.818943,48.627338,-18.788298,-25.463339,2622.313477,54.2231405,-22.1258185,0.9014523161967543,0.9302134409194066
2013.05.17_05:00:00_TAI,11749,2749,1663741.875,8.581328e+21,60.331684,49.201569,-18.797668,-25.454208,2565.534424,54.7666265,-22.125938,0.90541760038794,0.910072203524822
2013.05.17_06:00:00_TAI,11749,2749,1615334.75,8.892678e+21,60.846634,49.751968,-18.806581,-25.432949,2508.983154,55.299301,-22.119765,0.938268199954905,0.8900117676095691
2013.05.17_07:00:00_TAI,11749,2749,1573947.875,9.37229e+21,61.352608,50.323387,-18.813156,-25.418787,2454.059326,55.8379975,-22.1159715,0.9888721561441173,0.8705286343074458
2013.05.17_08:00:00_TAI,11749,2749,1536269.75,9.477757e+21,61.863937,50.869682,-18.81395,-25.399488,2398.350098,56.3668095,-22.106719,1.0,0.8507668960090449
2013.05.17_09:00:00_TAI,11749,2749,1477739.75,9.152133e+21,62.376629,51.436684,-18.797949,-25.378832,2343.664795,56.9066565,-22.0883905,0.9656433478933888,0.8313683746966556
2013.05.17_10:00:00_TAI,11749,2749,1417991.5,8.825283e+21,62.883873,52.012543,-18.805658,-25.356409,2285.878906,57.448208,-22.0810335,0.9311573402863146,0.8108699822982104
2013.12.02_21:00:00_TAI,11915,3461,2478.699951,3.623077e+18,-6.182028,-6.633398,-29.547512,-29.754213,6.406632,-6.407712999999999,-29.650862500000002,0.00042903880889137095,0.0017752017393467558
2013.12.02_22:00:00_TAI,11915,3461,64708.398438,1.295138e+20,-5.079312,-6.633773,-29.245064,-29.967318,67.401237,-5.8565425,-29.606191,0.015336810806669368,0.018676083339346308
2013.12.02_23:00:00_TAI,11915,3461,119564.398438,2.247129e+20,-4.188662,-6.393898,-29.0835,-30.080408,129.002609,-5.29128,-29.581954,0.02661013137687268,0.03574509287829697
2013.12.03_00:00:00_TAI,11915,3461,144385.0,2.408012e+20,-3.570835,-6.019662,-29.022438,-30.157068,160.965881,-4.7952485000000005,-29.589753,0.028515281355492247,0.04460173643915912
2013.12.03_01:00:00_TAI,11915,3461,144086.5,2.218864e+20,-3.027127,-5.54357,-28.99836,-30.167395,174.053131,-4.2853485,-29.582877500000002,0.026275421903866322,0.0482280581887564
2013.12.03_02:00:00_TAI,11915,3461,156510.90625,2.119504e+20,-2.414521,-5.03099,-28.940189,-30.177542,196.02916,-3.7227555,-29.5588655,0.025098817154603565,0.05431735517112322
2013.12.03_03:00:00_TAI,11915,3461,181555.296875,1.843935e+20,-1.7693,-4.519567,-28.880381,-30.185961,221.851547,-3.1444335000000003,-29.533171,0.02183557445986133,0.06147243233436361
2013.12.03_04:00:00_TAI,11915,3461,188552.90625,1.913523e+20,-1.217584,-4.004639,-28.890434,-30.230612,230.837418,-2.6111115,-29.560523,0.022659624090413836,0.06396231060874327
2013.12.03_05:00:00_TAI,11915,3461,203803.5,2.152557e+20,-0.676864,-3.565488,-28.898289,-30.34219,245.461273,-2.121176,-29.620239499999997,0.025490225334730193,0.06801440737845858
2013.12.03_06:00:00_TAI,11915,3461,264742.1875,2.966682e+20,-0.134629,-3.499738,-28.905754,-30.522827,301.190521,-1.8171834999999998,-29.7142905,0.035130959447990474,0.08345632100516395
2013.12.03_07:00:00_TAI,11915,3461,309579.6875,3.734605e+20,0.482793,-3.154603,-28.913004,-30.633938,352.807434,-1.335905,-29.773471,0.04422457708957768,0.09775875537899878
2013.12.03_08:00:00_TAI,11915,3461,329536.59375,3.877966e+20,1.098025,-2.77887,-28.917627,-30.673212,383.133698,-0.8404225,-29.7954195,0.045922234431154355,0.10616180343930393
2013.12.03_09:00:00_TAI,11915,3461,502083.3125,5.827493e+20,2.361984,-2.709468,-28.887438,-30.850634,574.795959,-0.17374200000000006,-29.869036,0.0690082119574826,0.15926914269249218
2013.12.03_10:00:00_TAI,11915,3461,615652.8125,7.341055e+20,3.461447,-2.639804,-28.583956,-31.062223,866.140564,0.4108215000000002,-29.823089500000002,0.08693156378421002,0.23999727715460795
2013.12.03_11:00:00_TAI,11915,3461,739944.3125,9.337417e+20,4.448838,-2.50875,-28.345934,-31.201107,1141.788818,0.9700440000000001,-29.7735205,0.11057215366391711,0.316376138926081
2013.12.03_12:00:00_TAI,11915,3461,813358.0,9.994908e+20,5.272813,-1.991911,-28.18012,-31.204376,1249.316406,1.640451,-29.692248,0.11835805375648474,0.3461707581964498
2013.12.03_13:00:00_TAI,11915,3461,899606.3125,1.068771e+21,6.102839,-1.475865,-28.147478,-31.170439,1335.289551,2.3134870000000003,-29.658958499999997,0.12656210089314673,0.36999289696469984
2013.12.03_14:00:00_TAI,11915,3461,1013096.6875,1.2599e+21,6.785789,-0.964214,-28.079042,-31.204433,1421.077759,2.9107875,-29.6417375,0.14919528216547379,0.39376379188375266
2013.12.03_15:00:00_TAI,11915,3461,1178434.5,1.529063e+21,7.614906,-0.581194,-27.910549,-31.309538,1630.448364,3.516856,-29.6100435,0.18106912114754012,0.4517779032240142
2013.12.03_16:00:00_TAI,11915,3461,1407185.0,1.919306e+21,8.500272,-0.310703,-27.641731,-31.380304,1925.122803,4.0947845,-29.5110175,0.22728105423596062,0.5334286951929972
2013.12.03_17:00:00_TAI,11915,3461,1563929.0,2.25201e+21,9.187007,0.032746,-27.509659,-31.452404,2086.652344,4.6098764999999995,-29.4810315,0.266679313746701,0.5781866151326914
2013.12.03_18:00:00_TAI,11915,3461,1698310.875,2.527129e+21,9.918745,0.405999,-27.444132,-31.48983,2250.945312,5.1623719999999995,-29.466981,0.29925845243555166,0.6237102479175994
2013.12.03_19:00:00_TAI,11915,3461,1827529.0,2.83367e+21,10.538179,0.849738,-27.414824,-31.529099,2322.644531,5.6939585,-29.4719615,0.33555853259293444,0.6435772510915923
2013.12.03_20:00:00_TAI,11915,3461,1894933.375,3.071802e+21,11.096055,1.291169,-27.350636,-31.532196,2380.302002,6.193612,-29.441416,0.3637577316822499,0.6595534524413085
2013.12.03_21:00:00_TAI,11915,3461,1994559.25,3.202619e+21,11.872414,1.734977,-27.323685,-31.539007,2498.561768,6.8036955,-29.431346,0.37924886528574286,0.6923218309431391
2013.12.03_22:00:00_TAI,11915,3461,2074666.875,3.252856e+21,12.511244,2.175534,-27.231268,-31.547266,2614.670898,7.343389,-29.389267,0.3851978480543332,0.7244942937176575
2013.12.03_23:00:00_TAI,11915,3461,2173299.25,3.324086e+21,13.160277,2.684759,-27.138922,-31.556635,2729.564209,7.922518,-29.3477785,0.39363278729446866,0.7563298674678758
2013.12.04_00:00:00_TAI,11915,3461,2246991.5,3.431259e+21,13.875634,3.130076,-27.014013,-31.565983,2854.996582,8.502855,-29.289997999999997,0.40632403737425304,0.7910856902964682
2013.12.04_01:00:00_TAI,11915,3461,2234318.75,3.402482e+21,14.440172,3.64196,-26.991493,-31.577669,2894.538574,9.041066,-29.284581,0.4029163124477701,0.8020423072795626
2013.12.04_02:00:00_TAI,11915,3461,2243416.5,3.468336e+21,15.002087,4.155181,-26.970072,-31.589792,2909.890869,9.578634,-29.279932,0.41071463462550256,0.8062962461333885
2013.12.04_03:00:00_TAI,11915,3461,2286409.0,3.539182e+21,15.536725,4.659177,-26.978537,-31.598534,2911.036133,10.097951,-29.288535500000002,0.4191041012183235,0.8066135852040283
2013.12.04_04:00:00_TAI,11915,3461,2304587.75,3.569788e+21,16.09551,5.172636,-26.9214,-31.608765,2944.945557,10.634073,-29.2650825,0.4227284133113123,0.8160094844011487
2013.12.04_05:00:00_TAI,11915,3461,2332453.0,3.633479e+21,16.786861,5.68049,-26.864168,-31.617767,3007.093018,11.233675499999999,-29.2409675,0.4302705965928435,0.8332298087249409
2013.12.04_06:00:00_TAI,11915,3461,2342423.0,3.493229e+21,17.376785,6.193584,-26.839504,-31.626505,3051.476318,11.785184500000002,-29.2330045,0.4136624226713357,0.8455278947329945
2013.12.04_07:00:00_TAI,11915,3461,2332995.75,3.424087e+21,17.962503,6.710845,-26.781218,-31.634813,3083.138916,12.336674,-29.208015500000002,0.4054747409509728,0.8543012250946942
2013.12.04_08:00:00_TAI,11915,3461,2329660.75,3.459142e+21,18.564133,7.19371,-26.786737,-31.640232,3096.037109,12.8789215,-29.2134845,0.4096258962937069,0.8578751613919608
2013.12.04_09:00:00_TAI,11915,3461,2341201.75,3.560105e+21,19.125696,7.707633,-26.793865,-31.647364,3101.33252,13.416664500000001,-29.2206145,0.421581768405202,0.8593424569721902
2013.12.04_10:00:00_TAI,11915,3461,2326129.0,3.543116e+21,19.667919,8.223683,-26.829418,-31.649721,3098.449707,13.945801,-29.2395695,0.41956995901659244,0.8585436636823913
2013.12.04_11:00:00_TAI,11915,3461,2295962.25,3.424953e+21,20.215403,8.734094,-26.798223,-31.616404,3098.667969,14.4747485,-29.207313499999998,0.40557729124413516,0.8586041414938269
2013.12.04_12:00:00_TAI,11915,3461,2279613.25,3.409371e+21,20.756741,9.250749,-26.800499,-31.618349,3101.418213,15.003745000000002,-29.209424,0.4037320964773264,0.8593662014861018
2013.12.04_13:00:00_TAI,11915,3461,2217506.75,3.285548e+21,21.324116,9.762357,-26.802475,-31.585445,3094.165039,15.543236499999999,-29.19396,0.38906918083038977,0.8573564329992299
2013.12.04_14:00:00_TAI,11915,3461,2180913.0,3.212435e+21,21.874826,10.284722,-26.803463,-31.552666,3084.519287,16.079774,-29.178064499999998,0.38041125983271984,0.8546837095264743
2013.12.04_15:00:00_TAI,11915,3461,2144993.25,3.224104e+21,22.404333,10.805234,-26.804312,-31.553251,3077.477783,16.6047835,-29.1787815,0.38179308358665975,0.8527325922860245
2013.12.04_16:00:00_TAI,11915,3461,2129089.25,3.193787e+21,23.03841,11.358204,-26.804468,-31.519203,3066.714844,17.198307,-29.161835500000002,0.3782029943975093,0.8497503095463131
2013.12.04_17:00:00_TAI,11915,3461,2144584.0,3.159734e+21,23.61244,11.910011,-26.808264,-31.522001,3055.757568,17.761225500000002,-29.1651325,0.3741704942438615,0.8467141783288962
2013.12.04_18:00:00_TAI,11915,3461,2130692.75,3.163537e+21,24.174505,12.438082,-26.812483,-31.492403,3029.419922,18.3062935,-29.152442999999998,0.3746208392379684,0.8394163290081456
2013.12.04_20:00:00_TAI,11915,3461,2064864.25,3.361214e+21,25.30356,13.526051,-26.822021,-31.467344,2991.325439,19.4148055,-29.144682500000002,0.3980294238816896,0.8288607996003201
2013.12.04_21:00:00_TAI,11915,3461,2042883.25,3.263587e+21,25.854944,14.00883,-26.860109,-31.440502,2968.536621,19.931887,-29.1503055,0.38646859539373923,0.8225462884263902
2013.12.04_22:00:00_TAI,11915,3461,2029953.125,3.203346e+21,26.429811,14.537817,-26.87134,-31.452364,2959.147217,20.483814000000002,-29.161852,0.3793349554279243,0.8199445959439393
2013.12.04_23:00:00_TAI,11915,3461,2012172.5,3.24161e+21,27.00613,15.066943,-26.879572,-31.460627,2940.398682,21.0365365,-29.1700995,0.3838661152634506,0.8147495992682752
2013.12.05_00:00:00_TAI,11915,3461,2036190.75,3.302503e+21,27.585762,15.597723,-26.919525,-31.468298,2922.103271,21.5917425,-29.1939115,0.3910769639950184,0.8096801578785927
2013.12.05_01:00:00_TAI,11915,3461,2050084.375,3.380999e+21,28.161531,16.126959,-26.931921,-31.514706,2920.979736,22.144244999999998,-29.2233135,0.40037233098355796,0.8093688396561294
2013.12.05_02:00:00_TAI,11915,3461,2058458.0,3.484597e+21,28.748365,16.618977,-26.940947,-31.52409,2946.248047,22.683671,-29.2325185,0.4126402354535784,0.8163703889315607
2013.12.05_03:00:00_TAI,11915,3461,2090250.5,3.662556e+21,29.323725,17.150106,-26.985512,-31.53614,2955.3396,23.236915500000002,-29.260826,0.43371384702504084,0.818889550434666
2013.12.05_04:00:00_TAI,11915,3461,2140421.25,3.861745e+21,29.877308,17.640188,-26.997858,-31.548399,2981.471191,23.758747999999997,-29.2731285,0.45730148021756295,0.8261303043588962
2013.12.05_05:00:00_TAI,11915,3461,2144259.5,4.019306e+21,30.46183,18.161747,-26.973412,-31.557934,3027.802246,24.3117885,-29.265673,0.4759595942371472,0.8389680901754953
2013.12.05_06:00:00_TAI,11915,3461,2173415.5,4.028373e+21,31.043005,18.624821,-26.945736,-31.562826,3049.19873,24.833913000000003,-29.254281,0.4770332934381904,0.8448968021122361
2013.12.05_07:00:00_TAI,11915,3461,2218222.0,3.992099e+21,31.603657,19.152306,-26.95318,-31.570236,3048.483154,25.377981499999997,-29.261708,0.4727377861239032,0.8446985244899479
2013.12.05_08:00:00_TAI,11915,3461,2246750.0,4.024056e+21,32.127419,19.636055,-26.895447,-31.579067,3079.197266,25.881737,-29.237257,0.4765220814109594,0.8532090406308611
2013.12.05_09:00:00_TAI,11915,3461,2268793.5,4.175635e+21,32.667671,20.099445,-26.866249,-31.616772,3130.27417,26.383558,-29.2415105,0.4944718168465974,0.8673618449157409
2013.12.05_10:00:00_TAI,11915,3461,2265483.25,4.45746e+21,33.208183,20.637131,-26.836529,-31.620783,3147.279541,26.922657,-29.228656,0.5278450690065185,0.8720738315223442
2013.12.05_11:00:00_TAI,11915,3461,2276666.0,4.60035e+21,33.740433,21.155209,-26.838419,-31.622517,3138.188477,27.447821,-29.230468,0.5447658673783136,0.8695548055153389
2013.12.05_12:00:00_TAI,11915,3461,2288836.0,4.699906e+21,34.289692,21.696966,-26.808311,-31.624929,3151.707031,27.993329000000003,-29.21662,0.556555124868008,0.8733006364877207
2013.12.05_13:00:00_TAI,11915,3461,2305371.0,4.774188e+21,34.827805,22.1681,-26.842388,-31.660574,3171.260254,28.497952499999997,-29.251481,0.5653514769196119,0.8787186026639323
2013.12.05_14:00:00_TAI,11915,3461,2347514.5,5.018757e+21,35.355068,22.637516,-26.841625,-31.727087,3202.866943,28.996292000000004,-29.284356000000002,0.5943129349432071,0.8874764413048583
2013.12.05_15:00:00_TAI,11915,3461,2395953.75,5.177478e+21,35.8857,23.171434,-26.813002,-31.732067,3224.509521,29.528567000000002,-29.2725345,0.6131084142515539,0.8934733429701245
2013.12.05_16:00:00_TAI,11915,3461,2398586.75,5.176351e+21,36.421719,23.708733,-26.814926,-31.733774,3212.016846,30.065226000000003,-29.27435,0.6129749567684201,0.8900117709008853
2013.12.05_17:00:00_TAI,11915,3461,2485066.5,5.428602e+21,36.963703,24.250763,-26.817589,-31.769836,3221.291504,30.607233,-29.2937125,0.6428461045750102,0.8925816686277168
2013.12.05_18:00:00_TAI,11915,3461,2584895.25,6.049229e+21,37.51099,24.775755,-26.821882,-31.84267,3237.452881,31.143372499999998,-29.332276,0.716339731358494,0.8970597945073739
2013.12.05_19:00:00_TAI,11915,3461,2715813.5,6.733464e+21,38.059284,25.285376,-26.825111,-31.949526,3295.424316,31.67233,-29.3873185,0.7973657127002617,0.9131229915576223
2013.12.05_20:00:00_TAI,11915,3461,2834324.0,7.209797e+21,38.632965,25.740898,-26.762718,-32.057648,3374.043701,32.1869315,-29.410183,0.853772281745207,0.9349074906514321
2013.12.05_21:00:00_TAI,11915,3461,2937555.25,7.507812e+21,39.204353,26.1982,-26.735434,-32.097809,3422.361816,32.7012765,-29.416621499999998,0.889062727030185,0.9482958672258874
2013.12.05_22:00:00_TAI,11915,3461,3056082.0,7.676315e+21,39.745472,26.562469,-26.712385,-32.144566,3504.891846,33.1539705,-29.428475499999998,0.9090165746615277,0.9711639596657747
2013.12.05_23:00:00_TAI,11915,3461,3110895.25,7.924139e+21,40.331722,27.022848,-26.718849,-32.184952,3536.287842,33.677285,-29.4519005,0.9383634844221249,0.9798634177753905
2013.12.06_00:00:00_TAI,11915,3461,3098245.75,7.989591e+21,40.9286,27.44804,-26.728712,-32.195671,3570.626465,34.188320000000004,-29.4621915,0.9461142024222,0.9893782429247626
2013.12.06_01:00:00_TAI,11915,3461,3106285.0,8.128989e+21,41.494015,27.915813,-26.704872,-32.204945,3596.447754,34.704914,-29.454908500000002,0.9626214839074788,0.9965330158452261
2013.12.06_02:00:00_TAI,11915,3461,3077533.5,8.26331e+21,42.044476,28.414806,-26.683119,-32.21669,3608.959961,35.229641,-29.449904500000002,0.9785275554177166,1.0
2013.12.06_03:00:00_TAI,11915,3461,3071064.75,8.352885e+21,42.591118,28.908924,-26.690258,-32.223942,3597.350098,35.750021000000004,-29.4571,0.989134879332291,0.9967830446650943
2013.12.06_04:00:00_TAI,11915,3461,3003259.0,8.395081e+21,43.12178,29.427738,-26.699535,-32.23394,3582.100342,36.274759,-29.4667375,0.9941316601293816,0.9925575181519727
2013.12.06_05:00:00_TAI,11915,3461,2949777.25,8.444637e+21,43.664883,29.941759,-26.707794,-32.242405,3565.257324,36.803321000000004,-29.4750995,1.0,0.987890517636031
2013.12.06_06:00:00_TAI,11915,3461,2874720.75,8.444489e+21,44.209419,30.427664,-26.715136,-32.214764,3540.804199,37.318541499999995,-29.46495,0.9999824740838476,0.9811148467324324
2013.12.06_07:00:00_TAI,11915,3461,2772030.5,8.293952e+21,44.757645,30.972881,-26.721729,-32.186737,3512.7771,37.865263,-29.454233000000002,0.9821561305713911,0.9733488700236649
2013.06.27_21:00:00_TAI,11781,2912,103347.0,1.39542e+20,-10.883165,-12.048069,22.484171,21.92701,49.681156,-11.465617,22.2055905,0.009322389447692753,0.009113901001223942
2013.06.27_22:00:00_TAI,11781,2912,219792.90625,3.024184e+20,-9.615839,-12.046821,22.792479,21.74856,169.214157,-10.83133,22.2705195,0.020203681335713448,0.031041972431228557
2013.06.27_23:00:00_TAI,11781,2912,277237.90625,3.640365e+20,-8.807559,-11.812907,22.904289,21.598923,264.603516,-10.310233,22.251606,0.024320204857139805,0.04854094476786682
2013.06.28_00:00:00_TAI,11781,2912,379699.8125,4.710409e+20,-7.935539,-11.612601,23.014584,21.448792,390.168823,-9.77407,22.231688,0.0314688532168931,0.071575629733456
2013.06.28_01:00:00_TAI,11781,2912,466456.8125,5.25181e+20,-6.96749,-11.340044,23.128313,21.27161,543.111023,-9.153767,22.1999615,0.03508579361431488,0.09963254672043982
2013.06.28_02:00:00_TAI,11781,2912,516884.90625,5.720048e+20,-6.203464,-10.899427,23.176107,21.18891,623.757812,-8.5514455,22.182508499999997,0.03821395358780585,0.11442702636202857
2013.06.28_03:00:00_TAI,11781,2912,565630.625,6.63292e+20,-5.340626,-10.556269,23.287245,21.072014,770.207092,-7.9484475,22.179629499999997,0.04431258217267218,0.14129283116778885
2013.06.28_04:00:00_TAI,11781,2912,635295.1875,7.093505e+20,-4.577124,-10.087752,23.330807,20.985474,871.058228,-7.332438,22.158140500000002,0.04738961471037808,0.1597937547244986
2013.06.28_05:00:00_TAI,11781,2912,715675.625,7.960634e+20,-3.815037,-9.751898,23.377148,20.804405,1027.727051,-6.7834675,22.090776499999997,0.05318264780391863,0.18853431266965345
2013.06.28_06:00:00_TAI,11781,2912,832631.375,9.864918e+20,-2.954876,-9.284198,23.449068,20.557402,1207.107178,-6.119537,22.003235,0.06590460754866226,0.22144121038888076
2013.06.28_07:00:00_TAI,11781,2912,1002409.6875,1.11639e+21,-2.060133,-8.944664,23.491346,20.24193,1488.279663,-5.5023985,21.866638000000002,0.07458272316227166,0.27302169681230704
2013.06.28_08:00:00_TAI,11781,2912,1081122.625,1.090432e+21,-1.337177,-8.539552,23.528919,20.085781,1634.450317,-4.9383645000000005,21.80735,0.07284854574412365,0.29983638827882925
2013.06.28_09:00:00_TAI,11781,2912,1136632.75,1.171479e+21,-0.675726,-8.069991,23.534138,19.99621,1736.671875,-4.3728584999999995,21.765174000000002,0.07826305676995929,0.31858871279806694
2013.06.28_10:00:00_TAI,11781,2912,1209940.625,1.230077e+21,-0.01808,-7.675047,23.53701,19.967621,1821.767822,-3.8465635000000002,21.7523155,0.08217781631802294,0.3341993808864544
2013.06.28_11:00:00_TAI,11781,2912,1285407.25,1.382598e+21,0.575928,-7.301989,23.569288,19.937508,1901.177734,-3.3630305,21.753398,0.0923672944747897,0.3487669581079648
2013.06.28_12:00:00_TAI,11781,2912,1413582.75,1.496365e+21,1.267758,-6.93437,23.571461,19.811455,2050.07666,-2.8333060000000003,21.691457999999997,0.0999677321945849,0.3760821451932365
2013.06.28_13:00:00_TAI,11781,2912,1523018.625,1.618345e+21,1.929518,-6.535198,23.574553,19.749695,2180.37915,-2.30284,21.662124,0.1081168562205381,0.3999858561711569
2013.06.28_14:00:00_TAI,11781,2912,1587220.875,1.74991e+21,2.522668,-6.045141,23.605734,19.748775,2235.047852,-1.7612365,21.6772545,0.11690632582600238,0.4100147117375091
2013.06.28_15:00:00_TAI,11781,2912,1646408.125,1.855732e+21,3.117113,-5.544288,23.606714,19.686852,2279.738525,-1.2135875,21.646783,0.12397598152918667,0.4182131193872842
2013.06.28_16:00:00_TAI,11781,2912,1679007.375,1.919294e+21,3.6783,-5.075807,23.60532,19.685984,2310.072998,-0.6987535,21.645652,0.12822237127617503,0.4237779130858507
2013.06.28_17:00:00_TAI,11781,2912,1738341.0,2.00299e+21,4.239305,-4.579772,23.608013,19.625292,2362.493408,-0.17023350000000015,21.6166525,0.13381385417891464,0.43339432433005703
2013.06.28_18:00:00_TAI,11781,2912,1804119.25,2.096964e+21,4.833579,-4.05301,23.612749,19.565844,2417.516846,0.39028450000000037,21.5892965,0.14009197994719572,0.443488255451124
2013.06.28_19:00:00_TAI,11781,2912,1848296.75,2.092313e+21,5.431196,-3.549987,23.616615,19.473314,2493.281982,0.9406045000000001,21.5449645,0.13978126035509286,0.4573872063702264
2013.06.28_20:00:00_TAI,11781,2912,1925436.25,2.19665e+21,6.024474,-3.02152,23.590883,19.4151,2574.111816,1.5014769999999997,21.5029915,0.14675170758821204,0.47221526522258817
2013.06.28_21:00:00_TAI,11781,2912,1962782.25,2.231399e+21,6.648581,-2.486969,23.597189,19.357002,2631.572021,2.080806,21.4770955,0.1490731857877353,0.4827562159983719
2013.06.28_22:00:00_TAI,11781,2912,1984814.25,2.175276e+21,7.250819,-2.023197,23.603064,19.298048,2698.805176,2.613811,21.450556,0.14532377368978014,0.4950899933901448
2013.06.28_23:00:00_TAI,11781,2912,2004014.875,2.263092e+21,7.847249,-1.53024,23.614334,19.244873,2763.848633,3.1585045,21.4296035,0.15119050164078116,0.507022075402797
2013.06.29_00:00:00_TAI,11781,2912,1976131.75,2.167394e+21,8.412771,-1.036069,23.592733,19.22294,2795.783203,3.688351,21.407836500000002,0.1447972005173538,0.5128804034476729
2013.06.29_01:00:00_TAI,11781,2912,1948898.75,2.083112e+21,8.974457,-0.509478,23.600342,19.229492,2801.774902,4.2324895,21.414917000000003,0.13916656868299254,0.513979567716619
2013.06.29_02:00:00_TAI,11781,2912,1972911.25,2.044245e+21,9.532075,0.018968,23.607994,19.23608,2799.598145,4.7755215,21.422037000000003,0.13656997904930895,0.5135802463360593
2013.06.29_03:00:00_TAI,11781,2912,2025764.25,2.116074e+21,10.097281,0.575392,23.582668,19.241846,2789.969727,5.336336500000001,21.412257,0.14136866268318493,0.5118139338039918
2013.06.29_04:00:00_TAI,11781,2912,2129823.0,2.240331e+21,10.707012,1.069435,23.589022,19.21571,2837.216553,5.8882235000000005,21.402366,0.14966990636323796,0.520481262212897
2013.06.29_05:00:00_TAI,11781,2912,2249740.5,2.422706e+21,11.374859,1.591779,23.658327,19.187387,2941.131836,6.483319000000001,21.422857,0.1618538422070912,0.539544296933268
2013.06.29_06:00:00_TAI,11781,2912,2331360.0,2.663714e+21,12.061178,2.117836,23.695538,19.156912,3028.209473,7.089507,21.426225,0.1779548758457773,0.5555185017814506
2013.06.29_07:00:00_TAI,11781,2912,2447334.5,2.81957e+21,12.748816,2.611799,23.761116,19.126976,3134.120117,7.6803075,21.444046,0.18836715551612457,0.5749475811771045
2013.06.29_08:00:00_TAI,11781,2912,2510765.75,2.850125e+21,13.347339,3.135524,23.764681,19.128386,3166.861328,8.241431500000001,21.4465335,0.19040844494564582,0.5809538857750528
2013.06.29_09:00:00_TAI,11781,2912,2612436.75,3.005446e+21,14.142805,3.640216,23.765417,19.12361,3261.529053,8.891510499999999,21.4445135,0.20078498284394944,0.5983204759095717
2013.06.29_10:00:00_TAI,11781,2912,2742168.25,3.259118e+21,14.87427,4.159538,23.82563,19.11928,3373.736572,9.516904,21.472455,0.21773206097078662,0.6189047034536923
2013.06.29_11:00:00_TAI,11781,2912,2886637.5,3.486546e+21,15.622591,4.68309,23.88978,19.112707,3497.059082,10.1528405,21.5012435,0.23292585486301887,0.6415279521430435
2013.06.29_12:00:00_TAI,11781,2912,3050868.75,3.739046e+21,16.406116,5.214197,23.946005,19.073154,3618.404297,10.810156500000002,21.5095795,0.24979463512661274,0.663788470325878
2013.06.29_13:00:00_TAI,11781,2912,3215527.5,3.991935e+21,17.071632,5.743913,24.008511,19.039066,3729.489258,11.4077725,21.5237885,0.26668940333287017,0.6841667670241033
2013.06.29_14:00:00_TAI,11781,2912,3349569.75,4.329106e+21,17.768858,6.298223,24.035109,18.965885,3844.721924,12.0335405,21.500497,0.28921480337348887,0.7053059512659334
2013.06.29_15:00:00_TAI,11781,2912,3439135.25,4.560127e+21,18.4582,6.804838,24.069267,18.957973,3943.865234,12.631519,21.51362,0.3046486349983432,0.7234935778234486
2013.06.29_16:00:00_TAI,11781,2912,3620918.5,4.973916e+21,19.071894,7.303425,24.098154,18.888052,4017.923584,13.1876595,21.493102999999998,0.3322926576379165,0.7370794225291152
2013.06.29_17:00:00_TAI,11781,2912,3693226.0,5.027139e+21,19.822996,7.835131,24.096834,18.830097,4105.567871,13.8290635,21.463465499999998,0.3358483292892799,0.7531575780986205
2013.06.29_18:00:00_TAI,11781,2912,3724538.0,5.095729e+21,20.465481,8.375737,24.123777,18.843784,4139.977539,14.420609,21.4837805,0.34043062488642806,0.7594699575375568
2013.06.29_19:00:00_TAI,11781,2912,3716690.0,5.28995e+21,21.113949,8.940007,24.155237,18.836044,4173.977051,15.026978,21.4956405,0.35340595705108335,0.7657070947422128
2013.06.29_20:00:00_TAI,11781,2912,3691701.5,5.279099e+21,21.713078,9.503984,24.15659,18.799763,4217.36084,15.608531,21.4781765,0.3526810337455774,0.7736657573386304
2013.06.29_21:00:00_TAI,11781,2912,3724685.75,5.284361e+21,22.291756,10.048309,24.164349,18.795603,4235.341797,16.170032499999998,21.479976,0.3530325724455657,0.7769643251498396
2013.06.29_22:00:00_TAI,11781,2912,3793476.5,5.47093e+21,22.940104,10.550853,24.203587,18.663599,4343.081055,16.7454785,21.433593000000002,0.3654966970594209,0.79672885984298
2013.06.29_23:00:00_TAI,11781,2912,3799446.0,5.445894e+21,23.623499,11.053746,24.237247,18.566525,4431.494629,17.3386225,21.401885999999998,0.36382411574187895,0.8129481394547585
2013.06.30_00:00:00_TAI,11781,2912,3845036.5,5.506161e+21,24.199436,11.533221,24.276926,18.501772,4500.272949,17.866328499999998,21.389349,0.3678503762573087,0.825565374035824
2013.06.30_01:00:00_TAI,11781,2912,3903394.5,5.666372e+21,24.776217,11.956802,24.379696,18.472425,4559.964844,18.3665095,21.4260605,0.3785536006327964,0.8365157235326323
2013.06.30_02:00:00_TAI,11781,2912,4009695.0,5.918049e+21,25.383823,12.411374,24.417742,18.405703,4624.044434,18.8975985,21.4117225,0.39536739869378856,0.8482709862213471
2013.06.30_03:00:00_TAI,11781,2912,4009316.5,5.971581e+21,25.994661,12.91795,24.513144,18.339134,4672.670898,19.4563055,21.426139,0.3989437137237716,0.857191406248119
2013.06.30_04:00:00_TAI,11781,2912,3995508.25,5.932921e+21,26.592197,13.406262,24.578045,18.331726,4713.425781,19.9992295,21.4548855,0.3963609531495516,0.8646678017043451
2013.06.30_05:00:00_TAI,11781,2912,4060466.0,6.092641e+21,27.170782,13.916899,24.615837,18.327503,4723.61084,20.5438405,21.47167,0.40703137526321975,0.8665362288282557
2013.06.30_06:00:00_TAI,11781,2912,4134811.25,6.225786e+21,27.82066,14.413379,24.646229,18.263519,4789.333984,21.1170195,21.454874,0.41592640000855136,0.8785929979562763
2013.06.30_07:00:00_TAI,11781,2912,4288858.0,6.620872e+21,28.399857,14.921258,24.675894,18.191982,4848.588379,21.6605575,21.433937999999998,0.4423209303817088,0.8894630890209331
2013.06.30_08:00:00_TAI,11781,2912,4408338.0,6.949811e+21,28.983532,15.35631,24.73436,18.151793,4928.086914,22.169921000000002,21.4430765,0.4642963747822091,0.9040469239408038
2013.06.30_09:00:00_TAI,11781,2912,4488680.5,7.017141e+21,29.574177,15.762163,24.800556,18.142832,4997.371582,22.66817,21.471694,0.4687944934956656,0.9167570469712474
2013.06.30_10:00:00_TAI,11781,2912,4504928.5,7.043391e+21,30.138891,16.238527,24.859482,18.123232,5057.71875,23.188709000000003,21.491357,0.4705481785725739,0.9278276048877385
2013.06.30_11:00:00_TAI,11781,2912,4531065.5,7.101614e+21,30.704102,16.736509,24.853956,18.086912,5088.469238,23.720305500000002,21.470434,0.4744378854766817,0.9334687156415085
2013.06.30_12:00:00_TAI,11781,2912,4588004.0,7.142499e+21,31.271318,17.179127,24.876013,18.005344,5139.172852,24.2252225,21.4406785,0.4771692917383729,0.9427701843593513
2013.06.30_13:00:00_TAI,11781,2912,4670199.5,7.399863e+21,31.866062,17.607073,24.872766,17.993706,5163.60498,24.7365675,21.433236,0.4943630214958366,0.9472522055877067
2013.06.30_14:00:00_TAI,11781,2912,4704223.0,7.506106e+21,32.438473,18.102795,24.863571,17.98163,5162.683105,25.270634,21.4226005,0.501460802967302,0.9470830896056731
2013.06.30_15:00:00_TAI,11781,2912,4702002.0,7.540602e+21,33.016857,18.628544,24.88098,17.966721,5179.930664,25.822700500000003,21.4238505,0.5037653789830364,0.9502471171343154
2013.06.30_16:00:00_TAI,11781,2912,4732735.5,7.72508e+21,33.620583,19.06794,24.910694,17.957994,5232.618164,26.3442615,21.434344,0.516089810054194,0.9599125254634209
2013.06.30_17:00:00_TAI,11781,2912,4762538.0,7.784963e+21,34.254009,19.541676,24.929823,17.945019,5254.125977,26.897842500000003,21.437421,0.5200904166622129,0.9638580874071653
2013.06.30_18:00:00_TAI,11781,2912,4738560.0,7.905233e+21,34.846668,20.013968,24.987173,17.962305,5325.539062,27.430318,21.474739,0.5281253006317275,0.9769586639493454
2013.06.30_19:00:00_TAI,11781,2912,4730401.0,8.344209e+21,35.434105,20.547346,24.982391,17.955957,5324.992188,27.990725500000003,21.469174000000002,0.5574519924534757,0.9768583410926039
2013.06.30_20:00:00_TAI,11781,2912,4761029.0,8.447819e+21,35.995586,21.083868,24.976446,17.946383,5316.787109,28.539727,21.4614145,0.5643738709608457,0.9753531370326738
2013.06.30_21:00:00_TAI,11781,2912,4745512.5,8.509526e+21,36.540092,21.623596,25.003841,17.943214,5313.348633,29.081844,21.473527500000003,0.5684963336290659,0.9747223560206723
2013.06.30_22:00:00_TAI,11781,2912,4715021.0,8.666827e+21,37.086655,22.163244,25.000341,17.961617,5282.870605,29.6249495,21.480978999999998,0.5790051494874563,0.9691312274667286
2013.06.30_23:00:00_TAI,11781,2912,4710624.0,8.855981e+21,37.666122,22.718256,25.028244,17.92061,5296.306641,30.192189,21.474427,0.5916419703269804,0.9715960393151662
2013.07.01_00:00:00_TAI,11781,2912,4736717.0,9.136057e+21,38.253998,23.239037,25.026564,17.884041,5332.925293,30.746517500000003,21.455302500000002,0.6103530218165104,0.9783136521083604
2013.07.01_01:00:00_TAI,11781,2912,4775336.5,9.229639e+21,38.837837,23.701527,25.056463,17.882593,5357.789062,31.269682,21.469528,0.6166049592209764,0.9828748569479437
2013.07.01_02:00:00_TAI,11781,2912,4810826.5,9.618129e+21,39.408615,24.173494,25.080818,17.8325,5396.21582,31.7910545,21.456659000000002,0.6425588302887133,0.9899241628902209
2013.07.01_03:00:00_TAI,11781,2912,4875658.0,9.712866e+21,39.982891,24.72551,25.116692,17.777075,5417.818359,32.354200500000005,21.4468835,0.6488879298365633,0.993887102114523
2013.07.01_04:00:00_TAI,11781,2912,4924108.0,1.006334e+22,40.545429,25.283493,25.140608,17.71806,5451.140625,32.914461,21.429334,0.6723020640706339,1.0
2013.07.01_05:00:00_TAI,11781,2912,4929211.0,1.032349e+22,41.103088,25.837894,25.136295,17.706379,5446.023926,33.470490999999996,21.421337,0.6896819182709267,0.999061352595357
2013.07.01_06:00:00_TAI,11781,2912,4916171.0,1.036855e+22,41.65284,26.393433,25.12739,17.693295,5429.320801,34.0231365,21.4103425,0.6926922439686596,0.9959972003107148
2013.07.01_07:00:00_TAI,11781,2912,4974189.0,1.066109e+22,42.197083,26.952978,25.18746,17.682518,5422.783691,34.5750305,21.434989,0.7122359785362309,0.9947979815692243
2013.07.01_08:00:00_TAI,11781,2912,4977806.0,1.091273e+22,42.743114,27.512783,25.246159,17.668476,5443.474121,35.1279485,21.4573175,0.7290473047363527,0.9985935963631465
2013.07.01_09:00:00_TAI,11781,2912,4978352.0,1.105897e+22,43.285973,28.063244,25.261932,17.684669,5416.09668,35.6746085,21.4733005,0.7388171678086218,0.9935712638123327
2013.07.01_10:00:00_TAI,11781,2912,4971865.5,1.0702e+22,43.819981,28.5919,25.255733,17.701141,5389.775879,36.2059405,21.478437,0.7149690549741858,0.9887427695923732
2013.07.01_11:00:00_TAI,11781,2912,4950635.0,1.079837e+22,44.346161,29.129379,25.277576,17.7159,5358.188965,36.73777,21.496738,0.7214072504355821,0.98294821829147
2013.07.01_12:00:00_TAI,11781,2912,4920429.0,1.103925e+22,44.897331,29.673481,25.322863,17.731882,5323.13916,37.285406,21.5273725,0.7374997327717979,0.9765184070994315
2013.07.01_13:00:00_TAI,11781,2912,4839618.0,1.10384e+22,45.44025,30.221502,25.337973,17.750147,5275.066895,37.830876,21.54406,0.7374429467788313,0.9676996536848652
2013.07.01_14:00:00_TAI,11781,2912,4777528.0,1.126955e+22,45.975815,30.775387,25.324059,17.760727,5213.382324,38.375600999999996,21.542392999999997,0.7528853965132064,0.9563837520702376
2013.07.01_15:00:00_TAI,11781,2912,4738884.5,1.116766e+22,46.518295,31.330801,25.309397,17.781382,5148.587402,38.924548,21.5453895,0.7460784261327804,0.9444972632677221
2013.07.01_16:00:00_TAI,11781,2912,4658341.0,1.110219e+22,47.058796,31.895599,25.313179,17.807112,5098.98584,39.4771975,21.5601455,0.7417045685333448,0.9353979636142665
2013.07.01_17:00:00_TAI,11781,2912,4639509.5,1.133481e+22,47.60487,32.462837,25.310034,17.828213,5049.813965,40.0338535,21.569123500000003,0.7572452246320268,0.9263774891149502
2013.07.01_18:00:00_TAI,11781,2912,4610143.5,1.190381e+22,48.14381,33.030972,25.317438,17.828688,5003.657227,40.587391,21.573062999999998,0.7952584363943433,0.9179101350004155
2013.07.01_19:00:00_TAI,11781,2912,4576421.0,1.243885e+22,48.682365,33.597778,25.304888,17.828362,4967.867188,41.1400715,21.566625,0.8310028807200197,0.9113445294763425
2013.07.01_20:00:00_TAI,11781,2912,4533786.0,1.238726e+22,49.225136,34.168098,25.293991,17.814684,4928.661621,41.696617,21.5543375,0.8275563049822027,0.9041523527014129
2013.07.01_21:00:00_TAI,11781,2912,4453970.0,1.211319e+22,49.761982,34.71508,25.282406,17.803478,4881.968262,42.238531,21.542942,0.8092464966382693,0.8955865566208907
2013.07.01_22:00:00_TAI,11781,2912,4359905.0,1.18728e+22,50.297016,35.284,25.269123,17.793627,4829.118164,42.790508,21.531375,0.7931867497568224,0.8858913200390974
2013.07.01_23:00:00_TAI,11781,2912,4250015.0,1.196205e+22,50.828751,35.84692,25.256014,17.806883,4767.347168,43.3378355,21.5314485,0.7991492790183105,0.8745595639444727
2013.07.02_00:00:00_TAI,11781,2912,4175036.75,1.216293e+22,51.36562,36.431419,25.223698,17.825356,4699.391113,43.8985195,21.524527,0.8125694793325708,0.8620931721056085
2013.07.02_01:00:00_TAI,11781,2912,4146610.25,1.241645e+22,51.903675,36.991074,25.182398,17.841745,4632.851562,44.447374499999995,21.512071499999998,0.8295064027877246,0.849886634872862
2013.07.02_02:00:00_TAI,11781,2912,4138162.75,1.298182e+22,52.448017,37.491734,25.167843,17.862923,4567.314941,44.9698755,21.515383,0.8672771049565488,0.8378640829872188
2013.07.02_03:00:00_TAI,11781,2912,4137597.0,1.32094e+22,52.966686,37.99469,25.222141,17.877497,4536.21582,45.480688,21.549819,0.8824810535204644,0.8321590162609317
2013.07.02_04:00:00_TAI,11781,2912,4125903.75,1.337968e+22,53.508266,38.470905,25.27672,17.891102,4532.717285,45.989585500000004,21.583911,0.8938569580879289,0.8315172175548121
2013.07.02_05:00:00_TAI,11781,2912,4103160.75,1.349205e+22,54.03894,38.955742,25.29063,17.907652,4513.349609,46.497341,21.599141,0.9013640663581073,0.8279642591315464
2013.07.02_06:00:00_TAI,11781,2912,4063963.75,1.386334e+22,54.559898,39.488609,25.285063,17.945448,4480.506348,47.0242535,21.6152555,0.9261688561564034,0.8219392336810243
2013.07.02_07:00:00_TAI,11781,2912,3985635.5,1.420367e+22,55.095219,40.015491,25.293131,17.965971,4434.936523,47.555355,21.629551,0.9489052996697059,0.8135795474914941
2013.07.02_08:00:00_TAI,11781,2912,3884599.5,1.449894e+22,55.606991,40.564934,25.279182,17.97879,4375.888184,48.0859625,21.628985999999998,0.9686314174852758,0.8027472569559697
2013.07.02_09:00:00_TAI,11781,2912,3829476.0,1.447024e+22,56.147831,41.054085,25.264126,17.99148,4318.257324,48.600958,21.627803,0.9667140551345228,0.7921749998882115
2013.07.02_10:00:00_TAI,11781,2912,3744483.0,1.383421e+22,56.689468,41.57959,25.248096,18.002666,4251.454102,49.134529,21.625381,0.9242227667739144,0.7799200927787475
2013.07.02_11:00:00_TAI,11781,2912,3639665.0,1.323854e+22,57.241959,42.053478,25.251638,18.034189,4194.26416,49.647718499999996,21.6429135,0.8844278109734589,0.7694287211678748
2013.07.02_12:00:00_TAI,11781,2912,3579561.0,1.319893e+22,57.776577,42.584808,25.231865,18.05987,4124.489746,50.180692500000006,21.6458675,0.8817815837012176,0.7566287552891741
2013.07.02_13:00:00_TAI,11781,2912,3504951.75,1.332658e+22,58.295536,43.075359,25.212584,18.092535,4058.577637,50.685447499999995,21.652559500000002,0.890309503703783,0.7445373209391383
2013.07.02_14:00:00_TAI,11781,2912,3389628.25,1.323096e+22,58.831417,43.60001,25.191088,18.126745,3986.120361,51.2157135,21.6589165,0.8839214135302984,0.7312451898083256
2013.07.02_15:00:00_TAI,11781,2912,3344053.0,1.350252e+22,59.365097,44.153282,25.170549,18.164267,3910.236328,51.7591895,21.667408000000002,0.902063536177354,0.717324427490806
2013.07.02_16:00:00_TAI,11781,2912,3269473.5,1.366769e+22,59.925751,44.716465,25.152348,18.185669,3832.752197,52.321107999999995,21.6690085,0.9130980567165138,0.7031101306435292
2013.07.02_17:00:00_TAI,11781,2912,3171312.5,1.436671e+22,60.475044,45.260708,25.278971,18.211626,3783.503906,52.867875999999995,21.745298499999997,0.9597975211911965,0.6940756377936956
2013.07.02_18:00:00_TAI,11781,2912,3089995.75,1.496848e+22,61.034004,45.784439,25.316341,18.221439,3726.9646,53.4092215,21.76889,1.0,0.6837036239548488
2013.07.02_19:00:00_TAI,11781,2912,3009268.25,1.477994e+22,61.564354,46.337448,25.393383,18.221275,3681.404785,53.950901,21.807329,0.9874041986895129,0.6753457740782463
2013.07.02_20:00:00_TAI,11781,2912,2952937.75,1.444934e+22,62.087929,46.911598,25.380253,18.236914,3613.425537,54.4997635,21.808583499999997,0.965317787778051,0.6628751275335151
2013.10.02_15:00:00_TAI,11859,3250,51202.699219,7.585936e+19,-23.552935,-24.944632,-16.618286,-17.323309,61.092304,-24.248783500000002,-16.9707975,0.029810657891324182,0.018162304701256297
2013.10.02_16:00:00_TAI,11859,3250,64248.5,9.845388e+19,-22.861523,-24.441896,-16.58215,-17.460346,91.010895,-23.6517095,-17.021248,0.03868968753168342,0.027056887658452745
2013.10.02_17:00:00_TAI,11859,3250,92818.601562,1.754838e+20,-22.042318,-24.123365,-16.452543,-17.565784,145.833084,-23.0828415,-17.0091635,0.06896034355245753,0.043355132049560687
2013.10.03_01:00:00_TAI,11859,3250,430222.90625,3.824706e+20,-16.555826,-21.153746,-15.907173,-17.9863,598.703735,-18.854786,-16.9467365,0.15030050622743843,0.1779903350976942
2013.10.03_02:00:00_TAI,11859,3250,480475.0,4.426395e+20,-15.904572,-20.889978,-15.887416,-18.074865,678.551208,-18.397275,-16.9811405,0.17394524161140815,0.20172841729952662
2013.10.03_03:00:00_TAI,11859,3250,544839.625,5.441895e+20,-15.210463,-20.577658,-15.805726,-18.248434,827.444153,-17.894060500000002,-17.027079999999998,0.21385161979419232,0.24599322412294247
2013.10.03_04:00:00_TAI,11859,3250,612561.375,5.75301e+20,-14.594128,-20.48057,-15.734956,-18.295124,943.848633,-17.537349,-17.01504,0.2260775901027466,0.28059944284324634
2013.10.03_05:00:00_TAI,11859,3250,694092.1875,6.301138e+20,-13.977164,-20.378162,-15.638531,-18.48341,1117.658813,-17.177663,-17.0609705,0.24761752438199144,0.3322719652830647
2013.10.03_06:00:00_TAI,11859,3250,783714.875,7.177793e+20,-13.199307,-19.878479,-15.516194,-18.545858,1256.478027,-16.538892999999998,-17.031026,0.2820676730435657,0.37354192398452246
2013.10.03_07:00:00_TAI,11859,3250,884133.3125,8.295471e+20,-12.460203,-19.344719,-15.342797,-18.647224,1441.046753,-15.902461,-16.9950105,0.32598936773049614,0.4284128851441259
2013.10.03_08:00:00_TAI,11859,3250,979930.0,9.96811e+20,-11.743902,-18.995768,-15.085558,-18.661562,1618.067139,-15.369835000000002,-16.87356,0.3917195149459309,0.48103977885018095
2013.10.03_09:00:00_TAI,11859,3250,1091730.5,1.185589e+21,-11.071501,-18.762964,-14.941325,-18.733637,1814.460327,-14.9172325,-16.837481,0.4659041162318947,0.5394260679269052
2013.10.03_10:00:00_TAI,11859,3250,1210204.25,1.275807e+21,-10.393871,-18.26042,-14.797972,-18.736605,1937.766479,-14.3271455,-16.7672885,0.501357327722731,0.576084104332987
2013.10.03_11:00:00_TAI,11859,3250,1324881.125,1.378181e+21,-9.758214,-17.820534,-14.662501,-18.804224,2098.844727,-13.789373999999999,-16.733362500000002,0.5415875154143543,0.6239715145200464
2013.10.03_12:00:00_TAI,11859,3250,1450500.875,1.513074e+21,-9.140812,-17.447811,-14.484222,-18.848471,2278.153809,-13.294311500000001,-16.6663465,0.5945967824966812,0.6772788211651936
2013.10.03_13:00:00_TAI,11859,3250,1586650.875,1.736738e+21,-8.504816,-16.947544,-14.340116,-18.870884,2396.320312,-12.72618,-16.6055,0.6824906295658515,0.7124088767114357
2013.10.03_14:00:00_TAI,11859,3250,1674396.125,1.823478e+21,-7.891012,-16.389011,-14.169629,-18.896009,2511.891602,-12.1400115,-16.532819,0.7165770819890391,0.7467673940084305
2013.10.03_15:00:00_TAI,11859,3250,1790900.0,2.077089e+21,-7.253113,-15.825457,-14.063223,-18.940962,2604.094238,-11.539285,-16.5020925,0.8162392826519055,0.7741785777361063
2013.10.03_16:00:00_TAI,11859,3250,1882170.0,2.285532e+21,-6.59031,-15.305261,-13.98229,-19.019577,2746.015869,-10.9477855,-16.500933500000002,0.8981516921797645,0.8163708628056178
2013.10.03_17:00:00_TAI,11859,3250,1954388.125,2.232151e+21,-5.987252,-14.826701,-13.938931,-19.074139,2851.387207,-10.406976499999999,-16.506535,0.8771744162193982,0.8476970073808014
2013.10.03_18:00:00_TAI,11859,3250,2089714.0,2.337407e+21,-5.387591,-14.335391,-13.856897,-19.119781,2982.899658,-9.861491,-16.488339,0.9185371512465486,0.8867947177416847
2013.10.03_19:00:00_TAI,11859,3250,2126035.5,2.318375e+21,-4.756397,-13.80878,-13.842358,-19.116062,3051.25,-9.2825885,-16.479210000000002,0.9110580947268564,0.9071147851897724
2013.10.03_20:00:00_TAI,11859,3250,2173322.5,2.538396e+21,-4.155596,-13.287671,-13.799395,-19.163332,3124.397705,-8.7216335,-16.4813635,0.9975203422320692,0.9288610743198665
2013.10.03_21:00:00_TAI,11859,3250,2217152.5,2.544706e+21,-3.558747,-12.73906,-13.757731,-19.193018,3193.069092,-8.1489035,-16.4753745,1.0,0.9492765861485234
2013.10.03_22:00:00_TAI,11859,3250,2198187.5,2.409836e+21,-2.963719,-12.224552,-13.745275,-19.246559,3254.802734,-7.5941355,-16.495917,0.9469997712898858,0.9676295560467002
2013.10.03_23:00:00_TAI,11859,3250,2175447.75,2.287582e+21,-2.394984,-11.737489,-13.739852,-19.267466,3289.885498,-7.0662365000000005,-16.503659,0.8989572862248133,0.978059410673402
2013.09.17_08:00:00_TAI,11843,3195,447160.1875,5.016565e+20,-13.770341,-17.228024,1.749992,-0.052213,462.438934,-15.4991825,0.8488895,0.12700183848380528,0.13734212060803758
2013.09.17_09:00:00_TAI,11843,3195,702524.625,7.295891e+20,-12.669729,-17.310534,2.096481,-0.29204,819.747742,-14.9901315,0.9022204999999999,0.18470638183247873,0.2434611036663502
2013.09.17_10:00:00_TAI,11843,3195,854790.6875,7.41207e+20,-11.843686,-16.971489,2.242119,-0.385276,985.952515,-14.407587499999998,0.9284215000000001,0.18764762680652175,0.29282311516817044
2013.09.17_11:00:00_TAI,11843,3195,1022648.625,9.536614e+20,-10.94443,-16.808834,2.380435,-0.530721,1259.033569,-13.876632,0.9248569999999999,0.24143363255741657,0.3739268637860107
2013.09.17_12:00:00_TAI,11843,3195,1162781.375,1.204092e+21,-10.201613,-16.457441,2.505342,-0.619377,1451.719482,-13.329526999999999,0.9429825000000001,0.30483388076032525,0.43115364543652773
2013.09.17_13:00:00_TAI,11843,3195,1305712.875,1.378866e+21,-9.557466,-15.954222,2.562321,-0.635408,1530.574097,-12.755844,0.9634564999999999,0.3490805302489067,0.4545730836532726
2013.09.17_14:00:00_TAI,11843,3195,1485897.625,1.651765e+21,-8.819767,-15.605643,2.693895,-0.709227,1724.825195,-12.212705,0.9923339999999999,0.4181689896237817,0.5122647176577739
2013.09.17_15:00:00_TAI,11843,3195,1626362.0,1.820684e+21,-8.151026,-15.201211,2.818484,-0.754948,1872.881714,-11.676118500000001,1.031768,0.46093335837978494,0.5562367857391007
2013.09.17_16:00:00_TAI,11843,3195,1731132.25,1.949402e+21,-7.480222,-14.763388,2.896773,-0.777564,2008.944946,-11.121805,1.0596045,0.4935202433218886,0.5966469057478615
2013.09.17_17:00:00_TAI,11843,3195,1797389.625,1.947093e+21,-6.868949,-14.261672,2.914115,-0.819633,2078.926025,-10.5653105,1.0472409999999999,0.4929356854719273,0.6174309468085103
2013.09.17_18:00:00_TAI,11843,3195,1837627.0,1.998697e+21,-6.259647,-13.73142,2.955653,-0.83151,2124.917969,-9.9955335,1.0620715,0.5060000091139379,0.6310903311194473
2013.09.17_19:00:00_TAI,11843,3195,1871115.25,2.027233e+21,-5.681619,-13.202126,3.003574,-0.818235,2171.791992,-9.4418725,1.0926695,0.513224323885049,0.6450116886153755
2013.09.17_20:00:00_TAI,11843,3195,1904540.125,2.059031e+21,-5.103979,-12.674064,3.041876,-0.828247,2201.444336,-8.8890215,1.1068145,0.5212744626953864,0.6538182909719994
2013.09.17_21:00:00_TAI,11843,3195,1876854.75,2.042928e+21,-4.527104,-12.116958,3.054486,-0.811827,2222.108643,-8.322030999999999,1.1213294999999999,0.5171977476421483,0.6599554899308473
2013.09.17_22:00:00_TAI,11843,3195,1937385.25,2.097707e+21,-3.918873,-11.559404,3.067573,-0.803446,2248.640625,-7.7391385,1.1320635,0.5310658699734734,0.6678353599069645
2013.09.17_23:00:00_TAI,11843,3195,1972253.875,2.135858e+21,-3.313095,-11.004866,3.078185,-0.8511,2287.11792,-7.1589805,1.1135424999999999,0.5407243656572642,0.6792629299103178
2013.09.18_00:00:00_TAI,11843,3195,2028832.25,2.22818e+21,-2.739614,-10.453357,3.085598,-0.877875,2332.999512,-6.5964855,1.1038615,0.5640970593879383,0.6928895402124529
2013.09.18_01:00:00_TAI,11843,3195,2098656.75,2.388544e+21,-2.100834,-9.958318,3.093116,-0.929386,2403.321533,-6.0295760000000005,1.081865,0.604695602069269,0.7137748393935615
2013.09.18_02:00:00_TAI,11843,3195,2127157.0,2.348201e+21,-1.496393,-9.438265,3.10152,-0.927118,2452.275391,-5.467328999999999,1.0872009999999999,0.5944821688336742,0.7283138977974647
2013.09.18_03:00:00_TAI,11843,3195,2184824.0,2.377781e+21,-0.893189,-8.889114,3.132611,-0.949846,2483.253174,-4.891151499999999,1.0913825,0.6019707878037283,0.7375141491088207
2013.09.18_04:00:00_TAI,11843,3195,2254465.75,2.431169e+21,-0.285955,-8.336295,3.166834,-0.946297,2514.736084,-4.311125,1.1102685,0.6154867577014042,0.7468644206893534
2013.09.18_05:00:00_TAI,11843,3195,2304481.0,2.552336e+21,0.317538,-7.788518,3.141258,-0.946389,2543.121094,-3.73549,1.0974345,0.6461619941701178,0.7552946309944407
2013.09.18_08:00:00_TAI,11843,3195,2564678.25,2.950254e+21,2.103639,-6.111887,3.231178,-0.974057,2643.320557,-2.004124,1.1285604999999999,0.7469008813684274,0.7850533855464668
2013.09.18_09:00:00_TAI,11843,3195,2669493.5,3.249337e+21,2.727166,-5.576705,3.257782,-1.036267,2722.479004,-1.4247694999999998,1.1107575,0.8226182115719669,0.8085630603936519
2013.09.18_10:00:00_TAI,11843,3195,2717126.75,3.091572e+21,3.379533,-5.013248,3.287508,-1.035717,2767.88916,-0.8168575,1.1258955,0.7826776445736373,0.8220496564902121
2013.09.18_11:00:00_TAI,11843,3195,2723511.0,2.991908e+21,3.985949,-4.466049,3.285737,-1.097522,2813.640137,-0.24004999999999987,1.0941075,0.7574462138423501,0.8356374747708188
2013.09.18_12:00:00_TAI,11843,3195,2743894.75,2.985254e+21,4.595116,-3.886639,3.282345,-1.161402,2871.568115,0.3542384999999999,1.0604714999999998,0.7557616543215002,0.8528418032909945
2013.09.18_13:00:00_TAI,11843,3195,2781055.75,3.002024e+21,5.17342,-3.36926,3.309819,-1.195382,2923.131592,0.90208,1.0572185,0.7600072303907297,0.8681559058814649
2013.09.18_14:00:00_TAI,11843,3195,2830164.0,3.027486e+21,5.748955,-2.855389,3.305292,-1.229856,2950.22998,1.4467829999999997,1.037718,0.7664533161316194,0.8762039956925606
2013.09.18_15:00:00_TAI,11843,3195,2921544.5,3.198235e+21,6.327743,-2.308913,3.275542,-1.262308,2973.199219,2.0094149999999997,1.006617,0.8096809767305976,0.883025748276682
2013.09.18_16:00:00_TAI,11843,3195,2982517.0,3.241829e+21,6.933896,-1.736246,3.272934,-1.326135,3010.57251,2.5988249999999997,0.9733994999999999,0.820717449191062,0.8941254344463618
2013.09.18_17:00:00_TAI,11843,3195,3094290.5,3.340954e+21,7.541864,-1.193108,3.299778,-1.385041,3074.898926,3.174378,0.9573685,0.8458124240188719,0.9132300680206508
2013.09.18_18:00:00_TAI,11843,3195,3175979.5,3.498262e+21,8.152368,-0.648519,3.330744,-1.424445,3131.793213,3.7519244999999994,0.9531495000000001,0.8856372946389286,0.9301273953271407
2013.09.18_19:00:00_TAI,11843,3195,3205591.75,3.949994e+21,8.764771,-0.102707,3.332015,-1.425791,3158.658447,4.3310319999999995,0.9531120000000001,1.0,0.9381062395310138
2013.09.18_20:00:00_TAI,11843,3195,3201029.25,3.727219e+21,9.347373,0.441989,3.361457,-1.429924,3198.047119,4.894680999999999,0.9657665000000001,0.9436011801536913,0.9498044840832651
2013.09.18_21:00:00_TAI,11843,3195,3204754.75,3.654729e+21,9.930942,0.987015,3.384908,-1.433936,3209.083008,5.4589785,0.9754859999999999,0.9252492535431699,0.9530820895931311
2013.03.02_07:00:00_TAI,11686,2519,206837.0,2.10131e+20,9.389268,7.561059,-12.735153,-13.737343,137.285355,8.4751635,-13.236248,0.01579638969304197,0.04130642274715185
2013.03.02_08:00:00_TAI,11686,2519,309117.59375,2.55071e+20,10.414503,7.687571,-12.539675,-14.029457,298.248657,9.051037,-13.284566000000002,0.019174709659183595,0.08973706707326712
2013.03.02_09:00:00_TAI,11686,2519,413495.40625,2.769821e+20,11.295832,7.906336,-12.40449,-14.226694,453.328766,9.601084,-13.315591999999999,0.020821854888603393,0.13639757606949898
2013.03.02_10:00:00_TAI,11686,2519,445691.3125,3.072046e+20,12.011256,8.337605,-12.326365,-14.297454,524.750732,10.1744305,-13.311909499999999,0.023093801376736806,0.15788701987090598
2013.03.02_11:00:00_TAI,11686,2519,492358.0,3.803867e+20,12.632756,8.895268,-12.311319,-14.320362,544.234009,10.764012000000001,-13.3158405,0.028595193223514132,0.16374914898338022
2013.03.02_12:00:00_TAI,11686,2519,602930.125,4.69687e+20,13.458241,9.122769,-12.263782,-14.491727,686.528748,11.290505,-13.3777545,0.0353082547827584,0.2065627953758132
2013.03.02_13:00:00_TAI,11686,2519,688426.8125,5.755085e+20,14.301289,9.611535,-12.128514,-14.534388,809.520813,11.956412,-13.331451,0.04326328118011166,0.2435686524931669
2013.03.02_14:00:00_TAI,11686,2519,736190.875,6.650413e+20,15.04232,10.112058,-12.11002,-14.576776,873.927612,12.577189,-13.343398,0.04999382069645713,0.2629473725852323
2013.03.02_15:00:00_TAI,11686,2519,777306.375,6.985554e+20,15.703982,10.612153,-12.094004,-14.623164,920.972961,13.1580675,-13.358584,0.0525132099527381,0.27710237895194423
2013.03.02_16:00:00_TAI,11686,2519,813055.125,7.40496e+20,16.339277,11.139902,-12.077738,-14.645329,954.547363,13.7395895,-13.3615335,0.055666052996172895,0.2872042462814552
2013.03.02_17:00:00_TAI,11686,2519,848360.6875,7.672819e+20,17.112165,11.618569,-12.066221,-14.724772,1032.167969,14.365367,-13.3954965,0.0576796564848483,0.31055873711790394
2013.03.02_18:00:00_TAI,11686,2519,857001.3125,7.741747e+20,17.782196,12.031402,-12.051691,-14.834045,1111.455933,14.906799,-13.442868,0.05819781589434143,0.3344149026917552
2013.03.02_19:00:00_TAI,11686,2519,935258.875,9.868064e+20,18.430386,12.345578,-12.039048,-14.913068,1193.537598,15.387982,-13.476058,0.07418219323178327,0.35911163712697663
2013.03.02_20:00:00_TAI,11686,2519,1011294.6875,1.089212e+21,19.1119,12.573111,-12.040147,-15.010701,1328.239746,15.8425055,-13.525424,0.08188043273166562,0.3996408244553513
2013.03.02_21:00:00_TAI,11686,2519,1114204.5,1.279402e+21,19.802452,13.010531,-12.006538,-15.100225,1439.250977,16.4064915,-13.5533815,0.0961777775104924,0.43304188779067737
2013.03.02_22:00:00_TAI,11686,2519,1199598.375,1.373344e+21,20.455381,13.479432,-11.944998,-15.147696,1534.799072,16.9674065,-13.546347,0.10323977426748566,0.46179040218797074
2013.03.02_23:00:00_TAI,11686,2519,1318373.0,1.552686e+21,21.180452,13.866276,-11.83571,-15.18746,1671.337646,17.523364,-13.511585,0.11672163139627453,0.5028721334399114
2013.03.03_00:00:00_TAI,11686,2519,1410156.625,1.712761e+21,21.804974,14.247781,-11.797482,-15.23491,1773.568726,18.026377500000002,-13.516196,0.12875511089293945,0.5336314246139621
2013.03.03_01:00:00_TAI,11686,2519,1487172.375,1.84974e+21,22.444717,14.694201,-11.768349,-15.300447,1863.860474,18.569459000000002,-13.534398,0.1390523714768761,0.5607984091292973
2013.03.03_02:00:00_TAI,11686,2519,1591744.875,1.980684e+21,23.149055,15.13848,-11.717433,-15.344177,1972.164185,19.1437675,-13.530805,0.14889595691627194,0.5933848337457567
2013.03.03_03:00:00_TAI,11686,2519,1650060.5,2.030301e+21,23.881731,15.617024,-11.655629,-15.385254,2083.323975,19.7493775,-13.5204415,0.15262586572268158,0.626830595518559
2013.03.03_04:00:00_TAI,11686,2519,1737801.75,2.092461e+21,24.515713,16.083252,-11.536066,-15.421955,2197.09082,20.299482500000003,-13.479010500000001,0.15729868212444756,0.6610607680972708
2013.03.03_05:00:00_TAI,11686,2519,1783860.25,2.124483e+21,25.092827,16.533236,-11.503829,-15.447975,2257.342041,20.8130315,-13.475902,0.1597059042418438,0.6791891577252691
2013.03.03_06:00:00_TAI,11686,2519,1816259.375,2.11386e+21,25.697641,17.026707,-11.476848,-15.468351,2302.753906,21.362174,-13.472599500000001,0.1589073307438393,0.6928526813649654
2013.03.03_08:00:00_TAI,11686,2519,1773573.75,2.148862e+21,26.862167,18.089497,-11.444042,-15.497211,2334.333496,22.475832,-13.4706265,0.16153857140816708,0.7023543495853064
2013.03.03_09:00:00_TAI,11686,2519,1923481.875,2.520295e+21,27.585928,18.596483,-11.302449,-15.502204,2452.306885,23.0912055,-13.402326500000001,0.18946067910696285,0.7378501872800713
2013.03.03_10:00:00_TAI,11686,2519,1918710.75,2.130411e+21,28.285955,19.08353,-11.275479,-15.584878,2568.892334,23.6847425,-13.4301785,0.16015153576741764,0.7729284215357246
2013.03.03_11:00:00_TAI,11686,2519,1921763.375,2.089207e+21,28.907068,19.627447,-11.247192,-15.613001,2615.973877,24.2672575,-13.430096500000001,0.1570540658990398,0.7870943179545101
2013.03.03_12:00:00_TAI,11686,2519,1915688.25,2.115606e+21,29.492807,20.181002,-11.231172,-15.617624,2628.486816,24.8369045,-13.424398,0.15903858456361863,0.7908592115088395
2013.03.03_13:00:00_TAI,11686,2519,1910336.75,2.144306e+21,30.058289,20.68008,-11.228921,-15.654854,2660.828369,25.3691845,-13.4418875,0.16119607862299257,0.8005901391851195
2013.03.03_14:00:00_TAI,11686,2519,1893150.0,2.127065e+21,30.675426,21.234924,-11.230296,-15.68218,2671.97583,25.955175,-13.456237999999999,0.15990000353317843,0.8039441876677372
2013.03.03_15:00:00_TAI,11686,2519,1922263.875,2.187278e+21,31.256363,21.793776,-11.23441,-15.703425,2679.252441,26.5250695,-13.4689175,0.16442645613934856,0.8061335746575773
2013.03.03_16:00:00_TAI,11686,2519,1918984.375,2.183521e+21,31.939959,22.359009,-11.259088,-15.846566,2772.252686,27.149484,-13.552827,0.16414402738739498,0.8341154918515757
2013.03.03_17:00:00_TAI,11686,2519,1893253.75,2.167806e+21,32.520119,22.896154,-11.26724,-15.853865,2766.740723,27.708136500000002,-13.5605525,0.16296266783537194,0.8324570522179772
2013.03.03_18:00:00_TAI,11686,2519,1870095.25,2.285344e+21,33.09668,23.433092,-11.291089,-15.853423,2757.355713,28.264885999999997,-13.572256,0.17179847050961214,0.8296332900581587
2013.03.03_19:00:00_TAI,11686,2519,1847860.5,2.485337e+21,33.652649,23.995129,-11.318357,-15.879238,2752.638184,28.823888999999998,-13.5987975,0.18683274609903272,0.8282138797561935
2013.03.03_20:00:00_TAI,11686,2519,1856422.75,2.289514e+21,34.22654,24.514782,-11.354324,-15.882129,2740.080322,29.370661,-13.6182265,0.17211194612729816,0.8244354697679439
2013.03.03_21:00:00_TAI,11686,2519,1878111.25,2.443243e+21,34.905704,25.083996,-11.389836,-15.902097,2735.301758,29.99485,-13.6459665,0.1836683713626116,0.8229976952528959
2013.03.03_22:00:00_TAI,11686,2519,1892834.0,2.673784e+21,35.501289,25.640724,-11.431422,-15.936181,2734.784668,30.5710065,-13.6838015,0.20099906258010733,0.8228421131943556
2013.03.03_23:00:00_TAI,11686,2519,1915098.875,2.920022e+21,36.115501,26.199224,-11.470367,-15.962977,2722.683838,31.1573625,-13.716671999999999,0.21950976021746338,0.81920121501136
2013.03.04_00:00:00_TAI,11686,2519,1951329.75,3.198984e+21,36.820869,26.778645,-11.508956,-16.009914,2725.834473,31.799757,-13.759435,0.24048045212655994,0.8201491781880001
2013.03.04_01:00:00_TAI,11686,2519,2057287.625,3.493657e+21,37.514725,27.360342,-11.546463,-16.045692,2732.077148,32.4375335,-13.796077499999999,0.2626322028916434,0.8220274744754889
2013.03.04_02:00:00_TAI,11686,2519,2133446.5,3.731904e+21,38.118942,27.939899,-11.60814,-16.121258,2747.555176,33.0294205,-13.864699000000002,0.2805421850227815,0.8266845041190386
2013.03.04_03:00:00_TAI,11686,2519,2219761.5,4.033247e+21,38.728268,28.526197,-11.639568,-16.167728,2756.101807,33.6272325,-13.903648,0.30319534642814455,0.82925601477398
2013.03.04_04:00:00_TAI,11686,2519,2362679.25,4.289437e+21,39.336178,29.109249,-11.635768,-16.249176,2798.160889,34.2227135,-13.942471999999999,0.32245417580344105,0.8419107529392355
2013.03.04_05:00:00_TAI,11686,2519,2496818.25,4.363526e+21,39.989834,29.704287,-11.632794,-16.268618,2832.216064,34.8470605,-13.950706,0.3280237429590144,0.8521572752669684
2013.03.04_06:00:00_TAI,11686,2519,2680044.0,4.756136e+21,40.604004,30.2183,-11.572783,-16.328691,2920.852295,35.411152,-13.950737,0.3575378106471956,0.8788261477654239
2013.03.04_08:00:00_TAI,11686,2519,2730413.0,5.380235e+21,41.903069,31.277157,-11.542098,-16.365593,2969.7229,36.590113,-13.9538455,0.40445383451343997,0.8935303372256841
2013.03.04_09:00:00_TAI,11686,2519,2978195.0,5.97297e+21,42.526405,31.833282,-11.519337,-16.38483,3026.728027,37.1798435,-13.9520835,0.4490121007602348,0.9106820419695518
2013.03.04_10:00:00_TAI,11686,2519,3059895.75,5.562025e+21,43.153183,32.392441,-11.527276,-16.440109,3083.005371,37.772812,-13.9836925,0.41811971761635247,0.9276147713371591
2013.03.04_11:00:00_TAI,11686,2519,3083691.75,5.760654e+21,43.780346,32.960781,-11.521463,-16.475063,3116.666504,38.3705635,-13.998263,0.4330514558574461,0.937742734293194
2013.03.04_12:00:00_TAI,11686,2519,3079657.25,6.018032e+21,44.43417,33.53521,-11.540433,-16.491959,3137.284668,38.98469,-14.016196,0.452399591955479,0.9439463282486753
2013.03.04_13:00:00_TAI,11686,2519,3068848.75,6.237458e+21,45.074181,34.090107,-11.580694,-16.50321,3151.955566,39.582144,-14.041951999999998,0.4688947240625237,0.9483605085876368
2013.03.04_14:00:00_TAI,11686,2519,3026871.0,6.201139e+21,45.722771,34.620647,-11.594524,-16.511538,3157.871338,40.171709,-14.053031,0.46616447922829374,0.9501404462882587
2013.03.04_15:00:00_TAI,11686,2519,3030103.5,6.354855e+21,46.360073,35.183762,-11.579648,-16.517536,3152.745605,40.7719175,-14.048592,0.4777199272014897,0.9485982155515059
2013.03.04_16:00:00_TAI,11686,2519,3048198.5,6.433994e+21,46.974579,35.738369,-11.569632,-16.521423,3144.279297,41.356474,-14.045527499999999,0.483669123102702,0.9460508724838087
2013.03.04_17:00:00_TAI,11686,2519,3073190.5,6.785523e+21,47.60939,36.306946,-11.569917,-16.516417,3150.944336,41.958168,-14.043167,0.510094967325617,0.9480562496674148
2013.03.04_18:00:00_TAI,11686,2519,3098774.0,7.43248e+21,48.235172,36.863644,-11.477552,-16.519339,3174.388428,42.549408,-13.998445499999999,0.5587293186904387,0.9551101089452315
2013.03.04_19:00:00_TAI,11686,2519,3106112.0,7.549044e+21,48.870216,37.419029,-11.428334,-16.528744,3203.119141,43.1446225,-13.978539,0.5674919018798764,0.9637546069472587
2013.03.04_20:00:00_TAI,11686,2519,3107799.0,7.618261e+21,49.474705,37.973545,-11.39933,-16.544935,3206.739502,43.724125,-13.9721325,0.5726952212634195,0.9648439013003475
2013.03.04_21:00:00_TAI,11686,2519,3121657.75,7.779173e+21,50.065334,38.534821,-11.387223,-16.562006,3197.949463,44.3000775,-13.974614500000001,0.5847916214056488,0.9621991540372622
2013.03.04_22:00:00_TAI,11686,2519,3124903.75,8.475737e+21,50.663853,39.10276,-11.386469,-16.578245,3192.428711,44.8833065,-13.982357,0.6371551298367897,0.9605380699690148
2013.03.04_23:00:00_TAI,11686,2519,3072662.5,8.692257e+21,51.303848,39.680187,-11.353114,-16.596819,3204.683594,45.4920175,-13.9749665,0.6534318062735718,0.9642253196244124
2013.03.05_00:00:00_TAI,11686,2519,3068829.75,8.780523e+21,51.952141,40.263817,-11.304249,-16.61195,3204.349365,46.107979,-13.9580995,0.6600671153552686,0.9641247567903916
2013.03.05_01:00:00_TAI,11686,2519,3095683.5,9.075265e+21,52.573269,40.851784,-11.285014,-16.63925,3196.556641,46.7125265,-13.962132,0.6822240531269756,0.9617800817018078
2013.03.05_02:00:00_TAI,11686,2519,3195634.75,9.442599e+21,53.308044,41.44302,-11.220543,-16.653587,3211.612793,47.375532,-13.937065,0.7098380225627271,0.9663101772786985
2013.03.05_03:00:00_TAI,11686,2519,3358149.25,1.026163e+22,54.034737,42.034393,-11.044701,-16.659622,3292.558838,48.034565,-13.8521615,0.7714078663586538,0.9906652263258454
2013.03.05_04:00:00_TAI,11686,2519,3475632.25,1.123602e+22,54.719112,42.619484,-11.000143,-16.670574,3306.528076,48.669298,-13.835358499999998,0.8446566690246249,0.9948682911777634
2013.03.05_05:00:00_TAI,11686,2519,3526605.5,1.115418e+22,55.316097,43.188644,-10.996743,-16.748228,3322.951416,49.2523705,-13.8724855,0.8385044281250024,0.9998097463312298
2013.03.05_06:00:00_TAI,11686,2519,3562021.5,1.108614e+22,55.913578,43.771633,-10.986014,-16.801573,3323.58374,49.842605500000005,-13.893793500000001,0.8333895885500964,1.0
2013.03.05_09:00:00_TAI,11686,2519,3562478.5,1.304234e+22,57.912796,45.487652,-10.993986,-16.875378,3313.469482,51.700224,-13.934682,0.980444985029096,0.9969568216746661
2013.03.05_10:00:00_TAI,11686,2519,3493124.75,1.188387e+22,58.496357,46.029087,-11.013944,-16.939518,3314.444824,52.262722,-13.976731000000001,0.8933581507795169,0.997250282612106
2013.03.05_11:00:00_TAI,11686,2519,3426707.25,1.177033e+22,59.061211,46.596889,-11.036378,-16.955975,3294.099365,52.829049999999995,-13.996176499999999,0.8848228937934083,0.9911287401472243
2013.03.05_12:00:00_TAI,11686,2519,3354997.75,1.151317e+22,59.665039,47.155212,-11.056728,-16.970455,3268.842773,53.4101255,-14.0135915,0.8654911456293456,0.9835295358016163
2013.03.05_13:00:00_TAI,11686,2519,3277539.5,1.16827e+22,60.322205,47.683197,-11.077327,-16.959927,3241.623291,54.002701,-14.018627,0.8782353953814592,0.9753397370393923
2013.03.05_14:00:00_TAI,11686,2519,3220342.75,1.168421e+22,61.000065,48.242039,-11.100954,-16.983393,3226.054688,54.621052,-14.0421735,0.8783489081351057,0.9706554551864549
2013.03.05_15:00:00_TAI,11686,2519,3138673.5,1.169643e+22,61.639404,48.804451,-11.118211,-16.992302,3196.802246,55.2219275,-14.055256499999999,0.879267534525543,0.961853979343394
2013.03.05_16:00:00_TAI,11686,2519,3055121.5,1.188431e+22,62.269127,49.366894,-11.142042,-17.001125,3160.037354,55.8180105,-14.0715835,0.8933912273434933,0.9507921572633521
2013.03.05_17:00:00_TAI,11686,2519,3017743.5,1.253022e+22,62.884403,49.93605,-11.168127,-16.996151,3113.676514,56.4102265,-14.082139000000002,0.941946871520853,0.9368431059901624
2013.03.05_18:00:00_TAI,11686,2519,2932656.75,1.303522e+22,63.463997,50.504143,-11.193784,-16.992949,3069.855713,56.98407,-14.0933665,0.9799097460847497,0.923658301746295
2013.03.05_19:00:00_TAI,11686,2519,2849052.25,1.259617e+22,64.080154,51.063477,-11.217184,-16.995792,3021.382812,57.5718155,-14.106488,0.9469045974168707,0.9090737734804298
2013.03.05_20:00:00_TAI,11686,2519,2760168.5,1.230045e+22,64.654198,51.651707,-11.236124,-16.978224,2961.87207,58.1529525,-14.107174,0.9246741394643251,0.8911681792016469
2013.03.05_21:00:00_TAI,11686,2519,2697275.25,1.292092e+22,65.249176,52.228645,-11.262321,-16.967991,2900.554443,58.7389105,-14.115156,0.9713173568517727,0.8727189292964829
2013.03.05_22:00:00_TAI,11686,2519,2646679.75,1.330247e+22,65.903091,52.811214,-11.28496,-16.947943,2861.910156,59.3571525,-14.1164515,1.0,0.8610916347785478
2013.03.05_23:00:00_TAI,11686,2519,2654154.25,1.328489e+22,66.490349,53.386082,-11.263139,-16.928204,2826.205078,59.9382155,-14.095671500000002,0.9986784409211221,0.8503486895744652
2013.03.21_11:00:00_TAI,11703,2583,161530.09375,2.9914e+20,39.787994,37.77993,-23.265097,-24.280081,108.74736,38.783962,-23.772589,0.033696624716542944,0.048390674067603445
2013.03.21_12:00:00_TAI,11703,2583,340106.8125,8.026692e+20,41.182816,37.534481,-22.908289,-24.717611,347.849609,39.3586485,-23.81295,0.09041667046843534,0.15478699486279296
2013.03.21_13:00:00_TAI,11703,2583,408707.90625,9.970354e+20,42.249592,37.786415,-22.777321,-24.977381,514.031372,40.0180035,-23.877351,0.11231105068833415,0.22873497419132768
2013.03.21_14:00:00_TAI,11703,2583,420500.8125,9.87043e+20,42.889355,38.172718,-22.731102,-25.053202,566.314331,40.5310365,-23.892152,0.11118545680982382,0.25199997693032633
2013.03.21_15:00:00_TAI,11703,2583,428755.6875,9.906604e+20,43.462879,38.710747,-22.698929,-25.078846,577.590149,41.086813,-23.8888875,0.11159293882576828,0.2570175188153304
2013.03.21_16:00:00_TAI,11703,2583,443279.6875,9.943216e+20,44.099926,39.253708,-22.695061,-25.081953,583.203369,41.676817,-23.888506999999997,0.11200535469262728,0.259515303584448
2013.03.21_17:00:00_TAI,11703,2583,438820.59375,1.043089e+21,44.708275,39.816631,-22.692396,-25.073034,587.870361,42.262453,-23.882714999999997,0.117498758370509,0.2615920334356197
2013.03.21_18:00:00_TAI,11703,2583,421959.3125,1.030702e+21,45.270084,40.388069,-22.678692,-25.060335,583.401245,42.8290765,-23.8695135,0.1161034247796692,0.25960335494515974
2013.03.21_19:00:00_TAI,11703,2583,399447.59375,9.36703e+20,45.823223,40.959953,-22.673796,-25.042351,573.72113,43.391588,-23.8580735,0.10551490760800937,0.25529587299891365
2013.03.21_20:00:00_TAI,11703,2583,382743.0,8.375785e+20,46.418175,41.513615,-22.682915,-25.082985,580.896362,43.965895,-23.88295,0.09434902849884656,0.2584887258007788
2013.03.21_21:00:00_TAI,11703,2583,412308.8125,9.306064e+20,46.988129,42.066498,-22.680246,-25.093773,581.023682,44.527313500000005,-23.887009499999998,0.10482815611290047,0.25854538097495766
2013.03.21_22:00:00_TAI,11703,2583,419936.6875,1.073803e+21,47.65638,42.63134,-22.680466,-25.159929,592.074402,45.143860000000004,-23.9201975,0.12095853684060294,0.2634627581851478
2013.03.21_23:00:00_TAI,11703,2583,423597.6875,1.061579e+21,48.289722,43.19532,-22.693127,-25.204361,598.872681,45.742520999999996,-23.948743999999998,0.11958156438444521,0.2664878734919436
2013.03.22_00:00:00_TAI,11703,2583,491251.5,1.277068e+21,49.003586,43.779739,-22.708302,-25.431025,644.512451,46.391662499999995,-24.0696635,0.1438553223691451,0.28679677326284736
2013.03.22_01:00:00_TAI,11703,2583,552071.1875,1.610112e+21,49.668518,44.17276,-22.734966,-25.615217,692.533508,46.920638999999994,-24.1750915,0.18137106309956003,0.3081653041188498
2013.03.22_02:00:00_TAI,11703,2583,627337.625,1.950493e+21,50.483295,44.304836,-22.722576,-25.859032,801.843689,47.394065499999996,-24.290804,0.21971328018066455,0.35680642369215937
2013.03.22_03:00:00_TAI,11703,2583,663645.875,2.095641e+21,51.128063,44.722832,-22.614717,-26.016857,865.082458,47.9254475,-24.315787,0.23606347635756092,0.38494657035057445
2013.03.22_04:00:00_TAI,11703,2583,707128.625,2.284012e+21,51.713444,45.053413,-22.571375,-26.182024,937.150635,48.3834285,-24.3766995,0.25728252728515305,0.41701564921238177
2013.03.22_05:00:00_TAI,11703,2583,766928.3125,2.373217e+21,52.609695,45.446098,-22.415514,-26.298203,1039.853149,49.0278965,-24.3568585,0.2673310243361633,0.4627164724865972
2013.03.22_06:00:00_TAI,11703,2583,833850.1875,2.630413e+21,53.470371,45.917442,-22.272552,-26.343941,1142.289429,49.6939065,-24.308246500000003,0.2963028672545159,0.5082988262851423
2013.03.22_08:00:00_TAI,11703,2583,968084.375,3.393929e+21,54.686337,46.781551,-22.122124,-26.427862,1236.013306,50.733944,-24.274993000000002,0.3823091255853175,0.5500043130598021
2013.03.22_09:00:00_TAI,11703,2583,1052155.125,3.786882e+21,55.47683,47.002464,-21.944082,-26.690014,1438.272827,51.239647000000005,-24.317048,0.42657331550388305,0.6400062639833058
2013.03.22_10:00:00_TAI,11703,2583,1167861.375,3.640378e+21,56.188854,47.467106,-21.824419,-26.737898,1526.49231,51.82798,-24.2811585,0.4100703727096315,0.6792623916563407
2013.03.22_11:00:00_TAI,11703,2583,1203828.5,3.865666e+21,56.869911,47.907642,-21.759886,-26.777027,1606.607788,52.388776500000006,-24.2684565,0.43544793903021894,0.7149123787794144
2013.03.22_12:00:00_TAI,11703,2583,1253786.25,4.092819e+21,57.569088,48.205391,-21.658085,-26.833315,1688.942749,52.8872395,-24.2457,0.46103558827216873,0.7515499970362607
2013.03.22_13:00:00_TAI,11703,2583,1371850.125,4.642812e+21,58.176842,48.583893,-21.604939,-26.935997,1770.015503,53.380367500000006,-24.270468,0.5229895486844359,0.787625955244138
2013.03.22_14:00:00_TAI,11703,2583,1467293.0,5.191566e+21,58.855679,49.001854,-21.536766,-27.058842,1862.674194,53.9287665,-24.297804,0.5848039419441198,0.8288574528704875
2013.03.22_15:00:00_TAI,11703,2583,1583826.375,5.517387e+21,59.504059,49.320972,-21.473452,-27.159199,1966.766479,54.4125155,-24.3163255,0.6215060478536227,0.875176699943585
2013.03.22_16:00:00_TAI,11703,2583,1593393.625,5.708504e+21,60.140671,49.805687,-21.417721,-27.202175,2015.88623,54.973179,-24.309948,0.643034421945859,0.8970341304221074
2013.03.22_17:00:00_TAI,11703,2583,1648323.25,6.468158e+21,60.760571,50.221722,-21.382729,-27.324127,2070.981201,55.4911465,-24.353428,0.7286056452941932,0.9215504293412267
2013.03.22_18:00:00_TAI,11703,2583,1671160.875,6.897762e+21,61.357483,50.715584,-21.329699,-27.369865,2107.831543,56.036533500000004,-24.349782,0.7769983870362729,0.9379481873098036
2013.03.22_19:00:00_TAI,11703,2583,1696162.125,6.901969e+21,61.993382,51.241215,-21.293152,-27.395061,2125.029053,56.6172985,-24.3441065,0.7774722845430674,0.9456007786111866
2013.03.22_20:00:00_TAI,11703,2583,1724996.25,7.191222e+21,62.642925,51.718307,-21.233618,-27.410347,2147.432373,57.180616,-24.3219825,0.8100551881638944,0.9555698643540701
2013.03.22_21:00:00_TAI,11703,2583,1752204.375,7.8052e+21,63.267227,52.170502,-21.183353,-27.448578,2180.144775,57.718864499999995,-24.3159655,0.8792167387763621,0.9701263113625347
2013.03.22_22:00:00_TAI,11703,2583,1749775.25,8.048917e+21,63.845303,52.6278,-21.156206,-27.491823,2194.516113,58.236551500000004,-24.3240145,0.9066702397660048,0.9765213055313436
2013.03.22_23:00:00_TAI,11703,2583,1735005.75,8.238317e+21,64.445175,53.09108,-21.094719,-27.544556,2228.510742,58.768127500000006,-24.3196375,0.9280052023965899,0.9916483211387854
2013.03.23_00:00:00_TAI,11703,2583,1789766.25,8.53845e+21,65.037674,53.610806,-21.059929,-27.578718,2235.732178,59.324239999999996,-24.3193235,0.961813683596196,0.9948617339129077
2013.03.23_01:00:00_TAI,11703,2583,1817753.0,8.877447e+21,65.719078,54.079639,-21.018383,-27.581255,2247.279297,59.8993585,-24.299819,1.0,1.0
2013.03.26_19:00:00_TAI,11709,2594,34774.601562,3.613017e+19,-20.202919,-21.298038,-33.369545,-33.946423,34.459053,-20.7504785,-33.657984,0.02250956480674449,0.01843708946820848
2013.03.26_20:00:00_TAI,11709,2594,279242.40625,4.197419e+20,-18.821259,-21.584141,-32.885448,-34.384003,226.355499,-20.2027,-33.6347255,0.26150465110338716,0.12111001967128857
2013.03.26_21:00:00_TAI,11709,2594,393316.09375,6.610405e+20,-17.925709,-21.384335,-32.671967,-34.601757,361.5159,-19.655022000000002,-33.636862,0.411836810472599,0.19342670248308652
2013.03.26_22:00:00_TAI,11709,2594,397200.8125,6.338188e+20,-17.352974,-20.913284,-32.627483,-34.622753,383.164246,-19.133129,-33.625118,0.39487733808982983,0.2050095075021546
2013.03.26_23:00:00_TAI,11709,2594,409742.5,6.590726e+20,-16.793272,-20.375641,-32.589169,-34.643551,399.66861,-18.5844565,-33.61636,0.4106107832332256,0.2138400588142838
2013.03.27_00:00:00_TAI,11709,2594,399065.1875,6.104363e+20,-16.233135,-19.826864,-32.543163,-34.662201,412.679413,-18.029999500000002,-33.602682,0.3803097371321342,0.22080140331101838
2013.03.27_01:00:00_TAI,11709,2594,426308.1875,5.980227e+20,-15.504629,-19.273218,-32.426487,-34.646645,446.00354,-17.3889235,-33.536566,0.37257590322864015,0.23863125809399635
2013.03.27_02:00:00_TAI,11709,2594,406057.09375,5.055939e+20,-14.838597,-18.705418,-32.308659,-34.657581,480.393158,-16.7720075,-33.48312,0.31499156128921324,0.2570311968225364
2013.03.27_03:00:00_TAI,11709,2594,386310.6875,4.542192e+20,-14.28519,-18.139347,-32.321045,-34.642849,480.287964,-16.2122685,-33.481947,0.28298445644921233,0.2569749134653147
2013.03.27_04:00:00_TAI,11709,2594,353465.09375,3.918152e+20,-13.732521,-17.574333,-32.303974,-34.623661,481.400208,-15.653427,-33.4638175,0.24410595457113968,0.2575700122957579
2013.03.27_05:00:00_TAI,11709,2594,359362.09375,4.377152e+20,-13.188066,-17.012642,-32.313801,-34.698708,489.772797,-15.100354,-33.5062545,0.2727022502605752,0.26204971092454893
2013.03.27_06:00:00_TAI,11709,2594,335775.0,3.667363e+20,-12.648967,-16.449743,-32.32436,-34.709057,487.358429,-14.549355000000002,-33.5167085,0.2284814743975932,0.2607579192196179
2013.03.27_07:00:00_TAI,11709,2594,300363.5,2.701241e+20,-12.11902,-15.882287,-32.364292,-34.720379,482.0336,-14.0006535,-33.5423355,0.1682908199660707,0.2579089045158211
2013.03.27_08:00:00_TAI,11709,2594,291883.3125,2.505958e+20,-11.592911,-15.321964,-32.377594,-34.761459,477.130157,-13.457437500000001,-33.5695265,0.1561244356281186,0.2552853496173954
2013.03.27_09:00:00_TAI,11709,2594,271969.1875,2.134168e+20,-11.092015,-14.776896,-32.417789,-34.769997,461.523682,-12.9344555,-33.593892999999994,0.1329614361196758,0.24693520790403034
2013.03.27_10:00:00_TAI,11709,2594,258515.296875,1.878208e+20,-10.606434,-14.367486,-32.466171,-34.779797,444.678497,-12.48696,-33.622984,0.11701479593521413,0.23792230255943123
2013.03.27_11:00:00_TAI,11709,2594,254734.40625,1.872721e+20,-10.310354,-13.913544,-32.405804,-34.787621,433.167999,-12.111949,-33.5967125,0.11667294871419466,0.23176368637663494
2013.03.27_12:00:00_TAI,11709,2594,246052.5,1.837118e+20,-9.763443,-13.35965,-32.382648,-34.798534,443.365692,-11.5615465,-33.590591,0.11445483560868057,0.23721989488620496
2013.03.27_13:00:00_TAI,11709,2594,250981.296875,1.907685e+20,-9.218138,-12.812257,-32.388325,-34.838081,446.994141,-11.0151975,-33.613203,0.11885125129041563,0.23916127263804948
2013.03.27_14:00:00_TAI,11709,2594,250815.796875,1.878726e+20,-8.673427,-12.255155,-32.399696,-34.85022,447.904236,-10.464291,-33.624958,0.11704706800747366,0.23964821297676306
2013.03.27_20:00:00_TAI,11709,2594,235003.5,1.401936e+20,-5.446619,-8.992414,-32.396526,-34.879848,441.606659,-7.2195165,-33.638187,0.0873424322302058,0.23627873585903922
2013.03.27_22:00:00_TAI,11709,2594,197602.203125,1.062463e+20,-4.700267,-7.793108,-32.342991,-34.860218,379.10498,-6.2466875,-33.6016045,0.06619282376271181,0.20283762395047208
2013.03.28_01:00:00_TAI,11709,2594,119122.398438,8.266603e+19,-3.015518,-5.301208,-32.189533,-34.399872,165.949875,-4.158363,-33.2947025,0.051502009528360496,0.08879038819241532
2013.03.28_02:00:00_TAI,11709,2594,163182.703125,1.459875e+20,-2.334295,-4.776913,-32.124645,-34.402466,207.582001,-3.555604,-33.263555499999995,0.09095210712334349,0.11106538314987188
2013.03.28_03:00:00_TAI,11709,2594,205929.5,1.828172e+20,-1.656886,-4.268205,-32.025928,-34.371319,247.032089,-2.9625455,-33.1986235,0.11389748819857667,0.1321728930394994
2013.03.28_04:00:00_TAI,11709,2594,223397.796875,2.21564e+20,-1.018748,-3.760008,-31.989702,-34.368744,278.692291,-2.389378,-33.179223,0.13803724745390172,0.14911247570462813
2013.03.28_05:00:00_TAI,11709,2594,215249.90625,2.488131e+20,-0.483814,-3.250273,-31.987701,-34.233482,276.356201,-1.8670435,-33.1105915,0.15501379039226768,0.14786256612830323
2013.03.28_06:00:00_TAI,11709,2594,255266.40625,2.884654e+20,0.188947,-2.7488,-31.951916,-34.299297,320.014526,-1.2799265,-33.1256065,0.17971768789915663,0.17122166552250664
2013.03.28_07:00:00_TAI,11709,2594,309568.8125,3.562207e+20,0.760009,-2.300192,-31.949167,-34.331314,366.558899,-0.7700914999999999,-33.1402405,0.22193011912631155,0.19612492590063332
2013.03.28_08:00:00_TAI,11709,2594,340922.3125,3.812974e+20,1.327067,-2.232077,-31.942232,-34.359997,418.172241,-0.45250499999999994,-33.1511145,0.2375532286713065,0.22374030477384965
2013.03.28_09:00:00_TAI,11709,2594,456021.59375,5.26642e+20,1.935912,-2.229862,-31.737459,-34.524532,604.278564,-0.14697499999999986,-33.1309955,0.3281048007511045,0.32331526778140257
2013.03.28_10:00:00_TAI,11709,2594,553239.6875,6.057063e+20,2.785321,-1.871428,-31.531445,-34.519333,746.796631,0.45694650000000003,-33.025389000000004,0.377362885746273,0.39956862135194704
2013.03.28_11:00:00_TAI,11709,2594,577762.8125,6.692159e+20,3.463271,-1.398247,-31.460258,-34.516243,807.971497,1.032512,-32.9882505,0.416930190772804,0.4322998306991008
2013.03.28_12:00:00_TAI,11709,2594,630434.8125,7.724365e+20,4.180237,-1.285353,-31.356022,-34.614639,978.626648,1.4474420000000001,-32.985330499999996,0.48123796416803166,0.5236077458410993
2013.03.28_13:00:00_TAI,11709,2594,637534.6875,7.472998e+20,4.748194,-0.7838,-31.35108,-34.646221,1009.433289,1.9821969999999998,-32.9986505,0.4655774738443577,0.5400906363120584
2013.03.28_14:00:00_TAI,11709,2594,653000.8125,7.934372e+20,5.283731,-0.244005,-31.345615,-34.676125,1014.83667,2.5198630000000004,-33.01087,0.4943216728147664,0.5429816797463577
2013.03.28_16:00:00_TAI,11709,2594,659041.375,8.090137e+20,6.356093,0.728298,-31.335958,-34.704758,1039.336426,3.5421955,-33.020358,0.504026034466324,0.5560901129154665
2013.03.28_17:00:00_TAI,11709,2594,661810.125,7.874987e+20,6.921592,1.23118,-31.331032,-34.737347,1056.972046,4.076386,-33.0341895,0.49062191024501234,0.5655259353034853
2013.03.28_19:00:00_TAI,11709,2594,648457.3125,7.804925e+20,7.999102,2.310447,-31.323589,-34.734219,1061.255737,5.1547745,-33.028904,0.4862569567186655,0.5678178959740573
2013.03.28_20:00:00_TAI,11709,2594,650847.6875,7.24257e+20,8.568399,2.851777,-31.320045,-34.732849,1059.466797,5.710088,-33.026447000000005,0.4512215103952831,0.5668607354034155
2013.03.28_21:00:00_TAI,11709,2594,657403.375,7.180923e+20,9.14494,3.357871,-31.311258,-34.729458,1070.238403,6.2514055,-33.020358,0.4473808222899091,0.5726240122856413
2013.03.28_22:00:00_TAI,11709,2594,714850.8125,7.928184e+20,9.802708,3.891904,-31.204958,-34.721951,1137.273926,6.847306000000001,-32.9634545,0.49393615238399036,0.6084909275807061
2013.03.28_23:00:00_TAI,11709,2594,803802.875,1.034292e+21,10.773356,4.214525,-31.029678,-34.749493,1340.488281,7.4939405,-32.8895855,0.6443773390243492,0.7172194304899205
2013.03.29_00:00:00_TAI,11709,2594,881511.875,1.203143e+21,11.470266,4.655005,-30.9221,-34.810768,1463.523682,8.0626355,-32.866434,0.7495737033698149,0.7830487118690086
2013.03.29_01:00:00_TAI,11709,2594,969852.8125,1.267983e+21,12.173611,5.153039,-30.817339,-34.83577,1549.811523,8.663325,-32.8265545,0.789969864862255,0.8292164531744807
2013.03.29_02:00:00_TAI,11709,2594,1017151.375,1.359079e+21,12.764372,5.650219,-30.73464,-34.857544,1622.969971,9.2072955,-32.796092,0.8467238551046257,0.8683593991843804
2013.03.29_03:00:00_TAI,11709,2594,1073230.75,1.493814e+21,13.485616,6.121947,-30.687271,-34.87933,1695.529419,9.8037815,-32.7833005,0.9306655086932117,0.907181854187419
2013.03.29_04:00:00_TAI,11709,2594,1139847.625,1.594324e+21,14.083904,6.567571,-30.63954,-34.90538,1759.387085,10.3257375,-32.77246,0.9932845431103176,0.9413484780140511
2013.03.29_05:00:00_TAI,11709,2594,1169276.25,1.605103e+21,14.667641,7.003296,-30.620287,-34.957588,1814.543213,10.8354685,-32.7889375,1.0,0.9708594012148701
2013.03.29_06:00:00_TAI,11709,2594,1170811.25,1.493579e+21,15.222098,7.498352,-30.604155,-34.977585,1839.661133,11.360225,-32.79087,0.9305191006433856,0.9842985789628862
2013.03.29_07:00:00_TAI,11709,2594,1156971.0,1.507193e+21,15.770111,8.039242,-30.584185,-34.992722,1853.40979,11.9046765,-32.7884535,0.9390007993256508,0.9916547073851243
