T_REC,NOAA_ARS,HARPNUM,MTOT,USFLUX,LON_MAX,LON_MIN,LAT_MAX,LAT_MIN,SIZE,LON,LAT,NormF,NormS
2012.03.11_22:00:00_TAI,11435,1471,42831.601562,7.175316e+19,-46.618923,-47.924248,-24.924107,-25.49856,35.048859,-47.2715855,-25.211333500000002,0.004275419002402471,0.007592006805974581
2012.03.11_23:00:00_TAI,11435,1471,199141.296875,6.587195e+20,-45.520927,-48.113064,-24.571928,-25.779449,146.199844,-46.816995500000004,-25.1756885,0.039249865337680656,0.03166865462525961
2012.03.12_00:00:00_TAI,11435,1471,236588.90625,7.381554e+20,-44.625172,-47.728275,-24.55603,-26.026411,211.651871,-46.176723499999994,-25.2912205,0.043983061148609996,0.04584635537291682
2012.03.12_01:00:00_TAI,11435,1471,261240.203125,7.052128e+20,-44.051071,-47.233467,-24.547237,-26.066452,224.61795,-45.642269,-25.3068445,0.04202017313045799,0.048654964920371815
2012.03.12_02:00:00_TAI,11435,1471,286465.3125,7.832734e+20,-43.496098,-46.711788,-24.55541,-26.135834,239.412338,-45.103943,-25.345622,0.046671421557411434,0.05185960831222171
2012.03.12_03:00:00_TAI,11435,1471,348769.5,9.449943e+20,-42.498089,-46.532589,-24.425129,-26.35129,368.984131,-44.515339,-25.3882095,0.05630757707928155,0.07992642596007522
2012.03.12_04:00:00_TAI,11435,1471,375564.90625,9.954016e+20,-41.703846,-46.256783,-24.3318,-26.510286,473.841339,-43.9803145,-25.421043,0.05931110094192121,0.10263976555242807
2012.03.12_05:00:00_TAI,11435,1471,386610.8125,1.020055e+21,-41.090759,-45.788193,-24.284508,-26.550749,513.669983,-43.439476,-25.4176285,0.06078007617358808,0.1112671316050787
2012.03.12_06:00:00_TAI,11435,1471,391436.6875,9.299745e+20,-40.509781,-45.28014,-24.257942,-26.574545,536.382568,-42.894960499999996,-25.4162435,0.05541262083857682,0.11618695224464007
2012.03.12_09:00:00_TAI,11435,1471,387633.5,1.125977e+21,-38.852806,-43.661762,-24.246758,-26.612274,564.669312,-41.257284,-25.429516,0.06709144882355184,0.12231420314792513
2012.03.12_10:00:00_TAI,11435,1471,386203.40625,8.107749e+20,-38.307808,-43.119061,-24.254576,-26.646799,577.759583,-40.713434500000005,-25.4506875,0.048310101103992684,0.1251497141847909
2012.03.12_11:00:00_TAI,11435,1471,387664.90625,7.011587e+20,-37.776978,-42.577461,-24.275984,-26.660494,581.968933,-40.1772195,-25.468239,0.04177860918849864,0.12606151031055718
2012.03.12_12:00:00_TAI,11435,1471,379053.1875,6.061174e+20,-37.226028,-42.024132,-24.295158,-26.678085,582.082031,-39.62508,-25.4866215,0.036115564104030815,0.1260860087053763
2012.03.12_13:00:00_TAI,11435,1471,374919.0,5.563028e+20,-36.661289,-41.455074,-24.323841,-26.691141,579.492432,-39.0581815,-25.507491,0.033147356328413986,0.12552507023851367
2012.03.12_14:00:00_TAI,11435,1471,369271.1875,5.265537e+20,-36.106495,-40.868423,-24.357628,-26.693352,570.997009,-38.487459,-25.525489999999998,0.031374753317698206,0.12368485885714936
2012.03.12_15:00:00_TAI,11435,1471,351834.90625,5.24674e+20,-35.579819,-40.266979,-24.40321,-26.678993,554.698364,-37.923399,-25.5411015,0.03126275121076917,0.12015437520379665
2012.03.12_16:00:00_TAI,11435,1471,356537.1875,5.870139e+20,-34.897839,-39.636757,-24.449862,-26.66259,540.92627,-37.267298,-25.556226000000002,0.03497728020249399,0.11717117305788596
2012.03.12_17:00:00_TAI,11435,1471,349442.3125,5.622093e+20,-34.279556,-39.021496,-24.540663,-26.652431,526.821838,-36.650526,-25.596547,0.03349929570415284,0.11411598248125673
2012.03.12_18:00:00_TAI,11435,1471,349131.6875,4.496271e+20,-33.697769,-38.402168,-24.613121,-26.694828,514.908325,-36.049968500000006,-25.6539745,0.02679107439080197,0.11153537146110723
2012.03.12_19:00:00_TAI,11435,1471,338069.3125,3.715057e+20,-33.143295,-37.786907,-24.69636,-26.728476,504.403076,-35.465101000000004,-25.712418,0.022136203189947756,0.1092598074575413
2012.03.12_20:00:00_TAI,11435,1471,321522.90625,4.086836e+20,-32.603554,-37.200817,-24.733461,-26.725067,493.915161,-34.9021855,-25.729264,0.024351451969644968,0.10698799820804525
2012.03.12_21:00:00_TAI,11435,1471,344679.90625,5.606224e+20,-32.071327,-36.798981,-24.759909,-26.918747,525.972046,-34.435154,-25.839328000000002,0.033404740113640696,0.11393190725507997
2012.03.12_22:00:00_TAI,11435,1471,352936.6875,5.735398e+20,-31.544968,-36.637829,-24.781055,-27.136013,598.503906,-34.091398500000004,-25.958534,0.03417442464630287,0.12964318546730355
2012.03.12_23:00:00_TAI,11435,1471,349641.90625,4.942303e+20,-31.033421,-36.144127,-24.817589,-27.174562,604.482849,-33.588774,-25.996075500000003,0.029448760391640925,0.1309382968416434
2012.03.13_00:00:00_TAI,11435,1471,351590.0,4.679547e+20,-30.532726,-35.605381,-24.854801,-27.203596,593.283997,-33.0690535,-26.0291985,0.027883126215535983,0.12851249003854312
2012.03.13_01:00:00_TAI,11435,1471,336715.8125,4.524524e+20,-30.054705,-35.050808,-24.956873,-27.204603,564.288208,-32.5527565,-26.080738,0.026959420165503567,0.12223165141173925
2012.03.13_02:00:00_TAI,11435,1471,316425.6875,4.276611e+20,-29.773441,-34.524281,-25.03467,-27.209581,537.285461,-32.148861,-26.1221255,0.02548222814895321,0.11638252978971984
2012.03.13_03:00:00_TAI,11435,1471,310274.1875,4.398127e+20,-29.386209,-34.043213,-25.067472,-27.21973,533.632385,-31.714711,-26.143600999999997,0.0262062824142928,0.11559122934097363
2012.03.13_04:00:00_TAI,11435,1471,322563.40625,4.785845e+20,-28.881353,-33.626423,-25.070044,-27.277542,558.988464,-31.253888000000003,-26.173793,0.02851650388018152,0.12108366275630476
2012.03.13_05:00:00_TAI,11435,1471,326037.8125,4.326155e+20,-28.374607,-33.145523,-25.070896,-27.309248,574.86499,-30.760064999999997,-26.190072,0.025777436553788658,0.12452271032835932
2012.03.13_06:00:00_TAI,11435,1471,334373.59375,4.097523e+20,-27.87771,-32.60236,-25.071875,-27.338892,586.385315,-30.240035,-26.2053835,0.02441513056286466,0.1270181520717564
2012.03.13_09:00:00_TAI,11435,1471,351675.40625,6.279921e+20,-26.211208,-31.127306,-25.111914,-27.366558,624.174561,-28.669257,-26.239236,0.0374189702265187,0.13520375984930627
2012.03.13_10:00:00_TAI,11435,1471,358722.09375,4.452288e+20,-25.655172,-30.625963,-25.131102,-27.412296,643.426758,-28.1405675,-26.271698999999998,0.02652900125843725,0.13937401859165113
2012.03.13_11:00:00_TAI,11435,1471,363137.8125,4.496866e+20,-25.142994,-30.229631,-25.139637,-27.447884,672.748413,-27.6863125,-26.293760499999998,0.026794619704076574,0.14572544373568902
2012.03.13_12:00:00_TAI,11435,1471,358369.6875,3.825085e+20,-24.624851,-29.771666,-25.167385,-27.477152,688.839172,-27.1982585,-26.3222685,0.022791806095793767,0.1492108967668789
2012.03.13_13:00:00_TAI,11435,1471,351281.40625,3.940658e+20,-24.145554,-29.230999,-25.193714,-27.504919,688.844055,-26.6882765,-26.3493165,0.02348044893795523,0.14921195448374305
2012.03.13_14:00:00_TAI,11435,1471,345003.90625,3.78172e+20,-23.670311,-28.662281,-25.206493,-27.510628,684.41272,-26.166296000000003,-26.3585605,0.022533415322426878,0.14825207372187424
2012.03.13_15:00:00_TAI,11435,1471,342356.0,4.031216e+20,-23.151358,-28.106184,-25.227713,-27.527466,680.341675,-25.628771,-26.3775895,0.0240200396598406,0.14737023613202777
2012.03.13_16:00:00_TAI,11435,1471,343349.59375,4.200585e+20,-22.641047,-27.549086,-25.236414,-27.530842,673.583801,-25.0950665,-26.383628,0.025029226490104105,0.14590639888123683
2012.03.13_17:00:00_TAI,11435,1471,340269.09375,3.874383e+20,-22.135757,-26.976019,-25.262104,-27.545269,661.979492,-24.555888000000003,-26.4036865,0.023085548707241735,0.14339276518757987
2012.03.13_18:00:00_TAI,11435,1471,338371.3125,3.384639e+20,-21.660578,-26.393681,-25.288151,-27.568413,651.616943,-24.0271295,-26.428282,0.020167404330168174,0.14114811173009512
2012.03.13_19:00:00_TAI,11435,1471,329429.5,3.111423e+20,-21.159901,-25.817284,-25.31456,-27.563711,635.979614,-23.488592500000003,-26.4391355,0.01853944414254662,0.13776087712153728
2012.03.13_20:00:00_TAI,11435,1471,325966.8125,3.492425e+20,-20.651281,-25.244884,-25.342081,-27.558512,618.803589,-22.948082499999998,-26.4502965,0.020809648257255082,0.13404034234750686
2012.03.13_21:00:00_TAI,11435,1471,319066.09375,3.429424e+20,-20.144148,-24.661762,-25.367601,-27.552967,599.651733,-22.402955,-26.460284,0.020434256187316476,0.12989181867947405
2012.03.13_22:00:00_TAI,11435,1471,308929.0,3.546477e+20,-19.623228,-24.0811,-25.391884,-27.543077,580.949036,-21.852164000000002,-26.4674805,0.021131717623841664,0.12584058828381178
2012.03.13_23:00:00_TAI,11435,1471,303116.40625,3.502317e+20,-19.099224,-23.493046,-25.418148,-27.508156,554.792664,-21.296135,-26.463152,0.020868589835259122,0.12017480172443754
2012.03.14_00:00:00_TAI,11435,1471,294280.90625,2.97195e+20,-18.575266,-22.86627,-25.460903,-27.471012,523.596985,-20.720768,-26.465957500000002,0.017708392918430387,0.11341744031404191
2012.03.14_01:00:00_TAI,11435,1471,285138.90625,2.980497e+20,-18.083298,-22.238943,-25.519386,-27.465176,485.973633,-20.1611205,-26.492281,0.017759320300880906,0.10526776718352494
2012.03.14_02:00:00_TAI,11435,1471,267798.6875,3.131888e+20,-17.645964,-21.537683,-25.629467,-27.453461,429.825836,-19.5918235,-26.541464,0.01866138504366396,0.09310547519665943
2012.03.14_03:00:00_TAI,11435,1471,249851.40625,2.425696e+20,-17.407412,-20.684153,-25.7453,-27.43919,343.497437,-19.0457825,-26.592245,0.014453533157914807,0.07440569975584155
2012.03.14_04:00:00_TAI,11435,1471,234058.703125,2.214077e+20,-16.90802,-20.084127,-25.799881,-27.402561,318.681854,-18.4960735,-26.601221,0.013192599292605727,0.0690303443118818
2012.03.14_05:00:00_TAI,11435,1471,230047.796875,1.87914e+20,-16.234316,-19.512657,-25.863998,-27.418167,327.761536,-17.8734865,-26.6410825,0.011196873927468253,0.07099711325976923
2012.03.14_06:00:00_TAI,11435,1471,221990.5,1.833004e+20,-15.623879,-18.911932,-25.848501,-27.438164,327.352417,-17.2679055,-26.6433325,0.010921972123708195,0.07090849313571745
2012.03.14_09:00:00_TAI,11435,1471,469945.09375,5.349879e+20,-10.026595,-17.267815,-24.450401,-27.483574,568.265503,-13.647205,-25.966987500000002,0.03187730594325592,0.12309318161759754
2012.03.14_10:00:00_TAI,11435,1471,516974.1875,3.873241e+20,-9.297275,-16.748014,-24.35881,-27.489717,691.433533,-13.022644500000002,-25.9242635,0.02307874408915837,0.1497728667405421
2012.03.14_11:00:00_TAI,11435,1471,564980.6875,4.072716e+20,-8.537269,-16.199003,-24.215815,-27.479069,818.06134,-12.368136,-25.847442,0.024267317812607252,0.17720198141071256
2012.03.14_12:00:00_TAI,11435,1471,563396.125,3.633515e+20,-7.962566,-15.638108,-24.19039,-27.458836,857.013184,-11.800337,-25.824613,0.02165033439156466,0.18563942197770106
2012.03.14_13:00:00_TAI,11435,1471,580979.875,3.897359e+20,-7.335066,-15.043178,-24.16715,-27.439383,879.769043,-11.189122,-25.8032665,0.023222451426228884,0.19056861628909927
2012.03.14_14:00:00_TAI,11435,1471,606432.125,4.086822e+20,-6.769362,-14.450644,-24.176315,-27.420137,872.703674,-10.610003,-25.798226,0.0243513685505091,0.18903817190188762
2012.03.14_15:00:00_TAI,11435,1471,671266.8125,4.481063e+20,-5.901501,-13.541209,-24.121197,-27.366297,982.450806,-9.721354999999999,-25.743747,0.026700457375204975,0.21281072818054397
2012.03.14_16:00:00_TAI,11435,1471,700852.0,4.834714e+20,-5.144536,-12.948832,-24.0406,-27.349249,1063.244507,-9.046683999999999,-25.6949245,0.028807690290965943,0.2303116210875535
2012.03.14_17:00:00_TAI,11435,1471,741722.3125,4.962226e+20,-4.44413,-12.326119,-23.98741,-27.330036,1097.918823,-8.3851245,-25.658723000000002,0.029567471780498036,0.23782249734930316
2012.03.14_18:00:00_TAI,11435,1471,797050.3125,4.946074e+20,-3.647493,-11.736417,-23.869896,-27.310064,1183.626465,-7.691955,-25.58998,0.029471229931739312,0.2563878093153228
2012.03.14_20:00:00_TAI,11435,1471,940168.625,7.824531e+20,-1.994902,-10.436907,-23.63578,-27.207767,1406.77832,-6.2159045,-25.4217735,0.04662254390229951,0.30472520032499445
2012.03.14_21:00:00_TAI,11435,1471,897386.6875,7.667288e+20,-1.36435,-8.384624,-23.640352,-26.615435,1306.332397,-4.874487,-25.1278935,0.045685609960721504,0.2829673984219882
2012.03.14_22:00:00_TAI,11435,1471,959594.375,8.179146e+20,-0.637038,-7.996552,-23.617868,-26.722012,1441.425659,-4.316795,-25.16994,0.048735520821416314,0.31223023304223385
2012.03.14_23:00:00_TAI,11435,1471,1007659.125,8.931426e+20,0.022932,-7.882211,-23.622028,-26.939875,1587.013916,-3.9296395,-25.2809515,0.05321798850245967,0.3437664105256143
2012.03.15_00:00:00_TAI,11435,1471,1059477.5,1.032995e+21,0.59075,-7.374935,-23.62476,-26.977432,1628.611572,-3.3920925,-25.301096,0.06155110732944362,0.3527769659752108
2012.03.15_01:00:00_TAI,11435,1471,1119931.75,1.064175e+21,1.250589,-6.871399,-23.628584,-26.98366,1675.313843,-2.8104050000000003,-25.306122000000002,0.0634089706555314,0.36289324277858603
2012.03.15_02:00:00_TAI,11435,1471,1144411.75,1.084458e+21,1.947596,-6.33377,-23.658566,-26.960665,1715.316772,-2.1930870000000002,-25.3096155,0.0646175351790413,0.371558361070366
2012.03.15_03:00:00_TAI,11435,1471,1195250.5,1.084168e+21,2.641272,-5.854319,-23.659431,-26.995554,1777.592773,-1.6065235000000002,-25.327492499999998,0.06460025550089615,0.3850480961696136
2012.03.15_04:00:00_TAI,11435,1471,1277886.75,1.140123e+21,3.30764,-5.59387,-23.656614,-27.122305,1925.977173,-1.1431149999999999,-25.3894595,0.06793433960645236,0.4171899520485869
2012.03.15_05:00:00_TAI,11435,1471,1394479.25,1.319188e+21,3.938628,-5.19052,-23.683289,-27.216753,2040.762573,-0.6259460000000001,-25.450021,0.07860394501010562,0.442053858118297
2012.03.15_06:00:00_TAI,11435,1471,1494715.75,1.389234e+21,4.569498,-4.687391,-23.675402,-27.308733,2134.884521,-0.05894649999999979,-25.492067499999997,0.08277764271822445,0.4624418105422999
2012.03.15_09:00:00_TAI,11435,1471,1679242.875,1.943207e+21,6.370413,-3.145694,-23.59602,-27.397211,2304.040527,1.6123595,-25.496615499999997,0.1157861776875262,0.49908304753159755
2012.03.15_11:00:00_TAI,11435,1471,1731218.75,1.541407e+21,7.523984,-2.293585,-23.556255,-27.553877,2457.063721,2.6151994999999997,-25.555066,0.0918448856919498,0.5322297223012374
2012.03.15_12:00:00_TAI,11435,1471,1715512.5,1.474058e+21,8.151426,-1.792249,-23.573854,-27.548937,2486.922607,3.1795885000000004,-25.5613955,0.08783188899058078,0.5386975181781537
2012.03.15_13:00:00_TAI,11435,1471,1685481.0,1.38787e+21,8.722118,-1.257017,-23.567129,-27.546131,2502.783936,3.7325505,-25.55663,0.08269636864584526,0.5421332738961873
2012.03.15_14:00:00_TAI,11435,1471,1680889.75,1.392555e+21,9.288238,-0.719702,-23.561518,-27.544083,2502.726074,4.284268,-25.5528005,0.08297552482553484,0.5421207402870959
2012.03.15_15:00:00_TAI,11435,1471,1699582.125,1.379937e+21,9.891611,-0.286938,-23.577692,-27.634663,2563.038086,4.8023365,-25.6061775,0.0822236800709301,0.5551850516127804
2012.03.15_16:00:00_TAI,11435,1471,1726648.75,1.313025e+21,10.483962,0.216277,-23.574268,-27.631668,2576.502197,5.3501195,-25.602968,0.0782367220569729,0.5581015409155675
2012.03.15_17:00:00_TAI,11435,1471,1744105.875,1.337513e+21,11.093835,0.749792,-23.569603,-27.62912,2618.7229,5.9218135,-25.5993615,0.07969584191358732,0.567247055881662
2012.03.15_18:00:00_TAI,11435,1471,1750523.125,1.367052e+21,11.715304,1.283764,-23.590609,-27.657997,2667.04541,6.499534,-25.624303,0.08145592609541243,0.5777142960506437
2012.03.15_19:00:00_TAI,11435,1471,1740049.75,1.596519e+21,12.293133,1.820158,-23.598038,-27.687538,2679.279785,7.056645499999999,-25.642788,0.095128739560691,0.5803644096610995
2012.03.15_20:00:00_TAI,11435,1471,1741580.5,1.464125e+21,12.854217,2.354033,-23.58848,-27.712675,2686.575928,7.604125,-25.6505775,0.08724003022156122,0.5819448424881243
2012.03.15_21:00:00_TAI,11435,1471,1712460.625,1.395354e+21,13.414117,2.920543,-23.578581,-27.708466,2694.842529,8.16733,-25.6435235,0.08314230351218396,0.5837354882564865
2012.03.15_22:00:00_TAI,11435,1471,1707039.875,1.319588e+21,13.996294,3.461658,-23.568594,-27.731705,2719.38501,8.728976,-25.6501495,0.07862777904892651,0.5890516865038389
2012.03.15_23:00:00_TAI,11435,1471,1708841.875,1.458398e+21,14.551254,4.031654,-23.561634,-27.757736,2730.431152,9.291454,-25.659685000000003,0.08689878637074325,0.5914444144737783
2012.03.16_00:00:00_TAI,11435,1471,1735998.0,1.556184e+21,15.124599,4.602109,-23.551067,-27.777224,2732.835938,9.863354,-25.6641455,0.09272537467109027,0.5919653202093662
2012.03.16_01:00:00_TAI,11435,1471,1743358.375,1.521353e+21,15.684792,5.172503,-23.566601,-27.837311,2750.144531,10.4286475,-25.701956,0.09064996615566488,0.5957145708157224
2012.03.16_02:00:00_TAI,11435,1471,1786908.125,1.614801e+21,16.253506,5.779649,-23.577927,-27.853903,2741.912842,11.0165775,-25.715915,0.09621807430499943,0.5939314874088514
2012.03.16_03:00:00_TAI,11435,1471,1845849.375,1.69703e+21,16.888388,6.406266,-23.579943,-27.906019,2779.378174,11.647326999999999,-25.742981,0.10111769725050529,0.6020469314959783
2012.03.16_04:00:00_TAI,11435,1471,1924684.75,1.743421e+21,17.475616,6.941594,-23.540375,-27.963106,2839.646484,12.208604999999999,-25.7517405,0.10388190948785417,0.6151017764398489
2012.03.16_05:00:00_TAI,11435,1471,1991349.875,1.911637e+21,18.141546,7.479612,-23.509155,-27.980713,2901.767822,12.810579,-25.744934,0.11390507617358807,0.6285580096625124
2012.03.16_06:00:00_TAI,11435,1471,2055947.125,1.951675e+21,18.760485,7.992004,-23.487272,-27.999374,2950.039062,13.376244499999999,-25.743323,0.1162907442893643,0.6390141441293385
2012.03.16_09:00:00_TAI,11435,1471,2189814.0,2.960541e+21,20.403666,9.627117,-23.458139,-28.055519,2976.651123,15.0153915,-25.756829,0.17640412281203524,0.6447786384380695
2012.03.16_12:00:00_TAI,11435,1471,2263828.75,2.490881e+21,22.139942,11.210502,-23.39534,-28.101238,3047.989258,16.675222,-25.748289,0.14841938613049613,0.6602313413761461
2012.03.16_13:00:00_TAI,11435,1471,2288498.25,2.58532e+21,22.681496,11.749127,-23.399805,-28.176481,3074.938965,17.2153115,-25.788142999999998,0.1540465431110094,0.6660689738926003
2012.03.16_14:00:00_TAI,11435,1471,2288235.5,2.559835e+21,23.245094,12.294554,-23.387079,-28.221899,3099.619629,17.769824,-25.804489,0.15252801691263396,0.6714151042491969
2012.03.16_15:00:00_TAI,11435,1471,2314640.0,2.682001e+21,23.808296,12.803418,-23.394772,-28.215462,3100.573486,18.305857,-25.805117,0.15980728987911377,0.6716217212131308
2012.03.16_16:00:00_TAI,11435,1471,2374139.75,2.734955e+21,24.370316,13.192622,-23.391634,-28.223051,3148.464111,18.781469,-25.8073425,0.16296255910841628,0.681995409867086
2012.03.16_17:00:00_TAI,11435,1471,2393039.0,2.745659e+21,24.991343,13.699954,-23.397291,-28.24057,3184.055176,19.3456485,-25.8189305,0.16360035798726308,0.689704865051116
2012.03.16_18:00:00_TAI,11435,1471,2411629.0,2.863961e+21,25.62323,14.218745,-23.396822,-28.29006,3223.501465,19.9209875,-25.843441,0.17064939413873317,0.6982494083858487
2012.03.16_19:00:00_TAI,11435,1471,2385407.0,3.014865e+21,26.176777,14.767534,-23.371309,-28.301332,3245.84375,20.4721555,-25.8363205,0.1796410236242993,0.703089017566308
2012.03.16_20:00:00_TAI,11435,1471,2384362.0,2.896349e+21,26.732977,15.286881,-23.35178,-28.307392,3240.55127,21.009929,-25.829586,0.17257923626206004,0.701942602381138
2012.03.16_21:00:00_TAI,11435,1471,2389254.0,2.927021e+21,27.276236,15.768683,-23.327761,-28.299318,3260.333008,21.5224595,-25.813539499999997,0.1744068303588453,0.706227566109344
2012.03.16_22:00:00_TAI,11435,1471,2373267.25,2.991682e+21,27.826214,16.28809,-23.331167,-28.303432,3255.893066,22.057152000000002,-25.8172995,0.17825966231933799,0.7052658209671661
2012.03.16_23:00:00_TAI,11435,1471,2390885.0,3.144423e+21,28.369164,16.808788,-23.307652,-28.285816,3259.794434,22.588976000000002,-25.796734,0.187360749628189,0.7061109044664209
2012.03.17_00:00:00_TAI,11435,1471,2415372.0,3.329311e+21,28.916208,17.34376,-23.272476,-28.29248,3263.498535,23.129984,-25.782478,0.19837731905197725,0.7069132575473591
2012.03.17_01:00:00_TAI,11435,1471,2528412.75,3.671631e+21,29.470575,17.90073,-23.216536,-28.272133,3275.953125,23.6856525,-25.7443345,0.21877448947488845,0.7096110723905077
2012.03.17_02:00:00_TAI,11435,1471,2666800.5,3.985099e+21,30.131432,18.464443,-23.126057,-28.270247,3340.39502,24.2979375,-25.698152,0.2374525106776494,0.7235699663285357
2012.03.17_03:00:00_TAI,11435,1471,2816247.75,4.253148e+21,30.759296,19.03166,-23.04423,-28.246679,3408.641357,24.895477999999997,-25.6454545,0.2534242363573962,0.738352948421814
2012.03.17_04:00:00_TAI,11435,1471,3000589.75,4.546658e+21,31.407024,19.535685,-22.990097,-28.223042,3490.250977,25.4713545,-25.6065695,0.27091305819318917,0.7560305792534767
2012.03.17_05:00:00_TAI,11435,1471,3289706.75,4.911967e+21,32.043552,19.869829,-22.939564,-28.245363,3648.536621,25.9566905,-25.5924635,0.29268003041223356,0.7903171643470477
2012.03.17_06:00:00_TAI,11435,1471,3533134.5,5.57423e+21,32.668777,20.316872,-22.906477,-28.314968,3791.996582,26.492824499999998,-25.6107225,0.3321410355413187,0.8213923271732283
2012.03.17_09:00:00_TAI,11435,1471,4089393.5,7.380958e+21,34.452343,21.675106,-22.86842,-28.471315,3995.278809,28.0637245,-25.669867500000002,0.43979509876825684,0.8654257164175877
2012.03.17_10:00:00_TAI,11435,1471,4302614.0,7.045865e+21,35.054527,22.097462,-22.864336,-28.64963,4160.124512,28.5759945,-25.756982999999998,0.419828549841742,0.9011332896402043
2012.03.17_11:00:00_TAI,11435,1471,4429945.0,7.409426e+21,35.625298,22.603504,-22.841112,-28.719776,4233.789551,29.114401,-25.780444,0.4414913673111391,0.9170900281306179
2012.03.17_12:00:00_TAI,11435,1471,4530257.5,7.829529e+21,36.198067,23.116062,-22.825916,-28.748125,4276.030762,29.6570645,-25.7870205,0.466523245338062,0.9262399853775746
2012.03.17_13:00:00_TAI,11435,1471,4598112.5,8.203769e+21,36.759918,23.648096,-22.819143,-28.754362,4301.799805,30.204006999999997,-25.7867525,0.4888223720588796,0.931821871790466
2012.03.17_14:00:00_TAI,11435,1471,4593906.5,8.327305e+21,37.334671,24.103199,-22.813824,-28.776339,4332.368652,30.718935000000002,-25.795081500000002,0.49618327660832096,0.938443453807581
2012.03.17_15:00:00_TAI,11435,1471,4626318.0,8.298914e+21,37.891041,24.580198,-22.817152,-28.781122,4351.519043,31.2356195,-25.799137,0.49449159611791177,0.9425916601388934
2012.03.17_16:00:00_TAI,11435,1471,4649703.5,8.486492e+21,38.44212,25.035263,-22.832951,-28.786718,4370.227539,31.7386915,-25.8098345,0.5056684494527705,0.9466441466680997
2012.03.17_17:00:00_TAI,11435,1471,4674168.5,8.469467e+21,38.988075,25.494604,-22.836628,-28.808758,4384.004883,32.2413395,-25.822693,0.5046540131754567,0.9496284860275135
2012.03.17_18:00:00_TAI,11435,1471,4713085.5,9.160628e+21,39.53577,25.981897,-22.815472,-28.789177,4403.149902,32.7588335,-25.802324499999997,0.5458369084391564,0.953775528718647
2012.03.17_19:00:00_TAI,11435,1471,4691085.5,9.254982e+21,40.094128,26.411674,-22.788925,-28.809526,4454.57373,33.252901,-25.7992255,0.5514590006864203,0.9649145518795798
2012.03.17_20:00:00_TAI,11435,1471,4632383.5,9.145444e+21,40.662457,26.872234,-22.776169,-28.863489,4502.759277,33.767345500000005,-25.819829,0.5449321683255158,0.9753521242060742
2012.03.17_21:00:00_TAI,11435,1471,4584766.0,9.088947e+21,41.229488,27.346287,-22.773586,-28.888065,4516.370605,34.287887500000004,-25.830825500000003,0.5415657890973573,0.9783005024917797
2012.03.17_22:00:00_TAI,11435,1471,4491128.0,9.380287e+21,41.788723,27.868586,-22.771666,-28.942154,4537.726074,34.8286545,-25.85691,0.5589253112725471,0.9829263553902372
2012.03.17_23:00:00_TAI,11435,1471,4391929.5,9.494144e+21,42.352348,28.314316,-22.753252,-29.002941,4568.543457,35.333332,-25.878096499999998,0.5657094916676201,0.9896017733112121
2012.03.18_00:00:00_TAI,11435,1471,4320511.0,9.598426e+21,42.903362,28.849457,-22.744593,-29.004673,4547.785156,35.8764095,-25.874633,0.5719231447584181,0.9851052742248234
2012.03.18_01:00:00_TAI,11435,1471,4324555.0,9.842125e+21,43.447567,29.339531,-22.740934,-29.003292,4519.524414,36.393549,-25.872113,0.5864439733249438,0.9789836556692554
2012.03.18_02:00:00_TAI,11435,1471,4358310.5,1.003752e+22,43.977501,29.841837,-22.752304,-28.995567,4488.762695,36.909669,-25.8739355,0.5980866033634595,0.9723202952439851
2012.03.18_03:00:00_TAI,11435,1471,4511636.5,1.062365e+22,44.511086,30.362349,-22.762188,-29.002741,4461.724121,37.4367175,-25.882464499999998,0.6330112162986691,0.9664634130604067
2012.03.18_04:00:00_TAI,11435,1471,4672534.5,1.101376e+22,45.046337,30.886532,-22.768423,-29.086617,4467.368164,37.9664345,-25.92752,0.6562559585097052,0.9676859810438385
2012.03.18_05:00:00_TAI,11435,1471,4846261.0,1.115304e+22,45.579189,31.35969,-22.717587,-29.194017,4522.69873,38.4694395,-25.955802,0.6645549708271364,0.979671250910981
2012.03.18_06:00:00_TAI,11435,1471,5003069.0,1.144215e+22,46.136818,31.81039,-22.678614,-29.265457,4581.269043,38.973604,-25.9720355,0.6817816182358998,0.9923582891658943
2012.03.18_09:00:00_TAI,11435,1471,5100919.0,1.285324e+22,47.92572,33.343384,-22.69087,-29.302923,4545.602051,40.634552,-25.9968965,0.7658615528352972,0.9846323872752608
2012.03.18_12:00:00_TAI,11435,1471,5083181.0,1.239131e+22,49.734764,34.915371,-22.722658,-29.473999,4616.547363,42.3250675,-26.0983285,0.7383374089539717,1.0
2012.03.18_13:00:00_TAI,11435,1471,5008046.5,1.251878e+22,50.314705,35.43161,-22.695295,-29.487394,4614.53418,42.8731575,-26.091344499999998,0.7459327212752164,0.9995639202109925
2012.03.18_14:00:00_TAI,11435,1471,4949242.0,1.253041e+22,50.873264,35.957859,-22.667028,-29.491404,4608.722656,43.415561499999995,-26.079216,0.7466256959539336,0.9983050738171318
2012.03.18_15:00:00_TAI,11435,1471,4875106.0,1.242326e+22,51.425797,36.475582,-22.648352,-29.493458,4586.952148,43.9506895,-26.070905,0.7402411528047897,0.9935893184510151
2012.03.18_16:00:00_TAI,11435,1471,4859451.0,1.245859e+22,51.96484,37.010162,-22.640818,-29.493671,4550.347656,44.487501,-26.0672445,0.7423462942836441,0.9856603427205
2012.03.18_17:00:00_TAI,11435,1471,4767830.0,1.257305e+22,52.521851,37.507122,-22.637531,-29.552933,4535.385254,45.014486500000004,-26.095232,0.7491664044922397,0.9824193054639739
2012.03.18_18:00:00_TAI,11435,1471,4744761.0,1.3259e+22,53.066692,38.034195,-22.636909,-29.572525,4507.602051,45.5504435,-26.104717,0.7900388018152004,0.9764011276320572
2012.03.18_19:00:00_TAI,11435,1471,4646442.5,1.306456e+22,53.60825,38.557373,-22.635374,-29.607109,4483.57666,46.0828115,-26.1212415,0.7784530755443695,0.9711969373333601
2012.03.18_20:00:00_TAI,11435,1471,4549650.0,1.292111e+22,54.155037,39.020332,-22.629557,-29.612219,4463.781738,46.5876845,-26.120888,0.7699055933722304,0.9669091177912822
2012.03.18_21:00:00_TAI,11435,1471,4453846.0,1.268476e+22,54.70237,39.542526,-22.625143,-29.620085,4433.508301,47.122448000000006,-26.122614,0.7558226556839416,0.9603515251534094
2012.03.18_22:00:00_TAI,11435,1471,4293250.5,1.437665e+22,55.255615,40.080376,-22.626879,-29.613323,4393.552246,47.6679955,-26.120101,0.8566340855355985,0.9516965603370114
2012.03.18_23:00:00_TAI,11435,1471,4188020.5,1.334451e+22,55.813248,40.609921,-22.637335,-29.599081,4351.893555,48.2115845,-26.118208000000003,0.7951339234641346,0.9426727839681431
2012.03.19_00:00:00_TAI,11435,1471,4078134.25,1.319108e+22,56.363396,41.129528,-22.648319,-29.579254,4301.662598,48.746462,-26.1137865,0.7859917820234146,0.9317921510946275
2012.03.19_01:00:00_TAI,11435,1471,4015512.5,1.344127e+22,56.892876,41.662663,-22.667799,-29.55888,4238.85498,49.277769500000005,-26.1133395,0.800899377454906,0.9181872613228078
2012.03.19_02:00:00_TAI,11435,1471,3985561.75,1.326558e+22,57.421108,42.205219,-22.687828,-29.551542,4171.476074,49.8131635,-26.119685,0.7904308717538039,0.9035921752764655
2012.03.19_03:00:00_TAI,11435,1471,3975882.0,1.372097e+22,57.973625,42.747478,-22.708368,-29.552275,4112.486816,50.3605515,-26.1303215,0.817565329100408,0.8908143884670462
2012.03.19_04:00:00_TAI,11435,1471,4020164.75,1.424391e+22,58.519379,43.283226,-22.734865,-29.569616,4062.39502,50.9013025,-26.152240499999998,0.8487247597528886,0.8799638995494045
2012.03.19_05:00:00_TAI,11435,1471,4115644.75,1.451418e+22,59.078171,43.834511,-22.757629,-29.587927,4018.22583,51.456340999999995,-26.172778,0.8648288239331885,0.8703963187304573
2012.03.19_06:00:00_TAI,11435,1471,4154568.0,1.439645e+22,59.640121,44.389118,-22.787876,-29.613054,3993.047607,52.0146195,-26.200465,0.8578138704572322,0.86494241107605
2012.03.19_08:00:00_TAI,11435,1471,3843730.0,1.678272e+22,60.744213,45.48436,-22.782549,-29.605322,3899.319336,53.114286500000006,-26.193935500000002,1.0,0.8446397338521143
2012.03.19_09:00:00_TAI,11435,1471,3952502.75,1.596855e+22,61.34795,46.007118,-22.774618,-29.614794,3850.825684,53.677533999999994,-26.194706,0.9514876015330054,0.8341354222558206
2012.03.19_11:00:00_TAI,11435,1471,3825651.0,1.443739e+22,62.534943,47.028442,-22.715178,-29.648182,3801.503418,54.7816925,-26.18168,0.8602532843305495,0.8234516228443165
2012.09.05_12:00:00_TAI,11568,2017,12792.700195,1.948982e+19,-33.631783,-33.972321,-9.969523,-10.142714,4.289107,-33.802052,-10.0561185,0.0031683896807407435,0.0012855145330088022
2012.09.05_13:00:00_TAI,11568,2017,87093.601562,1.288934e+20,-32.328354,-33.826401,-9.633408,-10.474119,75.404221,-33.0773775,-10.053763499999999,0.0209537347433475,0.022599860984048085
2012.09.05_14:00:00_TAI,11568,2017,103209.898438,1.409573e+20,-31.674198,-33.305599,-9.591154,-10.554066,95.132385,-32.4898985,-10.072610000000001,0.02291491941665327,0.028512709866480034
2012.09.05_15:00:00_TAI,11568,2017,108225.703125,1.254748e+20,-31.096416,-32.746395,-9.550741,-10.565383,102.977211,-31.9214055,-10.058062,0.02039798528221444,0.030863930722458986
2012.09.05_16:00:00_TAI,11568,2017,140796.59375,1.36653e+20,-30.372112,-32.209312,-9.498676,-10.684544,140.021729,-31.290712,-10.09161,0.02221518490382491,0.04196677013805439
2012.09.05_17:00:00_TAI,11568,2017,161285.90625,1.813767e+20,-29.653221,-31.674946,-9.450102,-10.774607,176.612381,-30.664083499999997,-10.112354499999999,0.029485755363918686,0.05293357859451575
2012.09.05_18:00:00_TAI,11568,2017,171353.90625,1.833819e+20,-28.971066,-31.139198,-9.399883,-10.804276,202.667328,-30.055132,-10.1020795,0.02981173348931037,0.06074266636623002
2012.09.05_19:00:00_TAI,11568,2017,180568.40625,2.063461e+20,-28.274548,-30.607153,-9.363015,-10.814528,220.512695,-29.4408505,-10.0887715,0.033544940584422915,0.06609121062623
2012.09.05_20:00:00_TAI,11568,2017,193880.0,1.940529e+20,-27.601995,-30.076469,-9.317309,-10.858462,250.685303,-28.839232,-10.087885499999999,0.03154647943787143,0.07513442780005607
2012.09.05_21:00:00_TAI,11568,2017,206167.5,2.032715e+20,-26.906673,-29.54067,-9.27358,-10.879345,275.24411,-28.223671500000002,-10.076462500000002,0.03304511396147795,0.08249509828737622
2012.09.05_22:00:00_TAI,11568,2017,224854.09375,2.21522e+20,-26.223806,-29.010092,-9.230778,-10.875474,295.886932,-27.616948999999998,-10.053126,0.036012031863662725,0.08868208492196329
2012.09.05_23:00:00_TAI,11568,2017,235630.09375,2.100195e+20,-25.639484,-28.479321,-9.197807,-10.870815,305.917633,-27.059402499999997,-10.034310999999999,0.03414211196174878,0.09168844776433724
2012.09.06_00:00:00_TAI,11568,2017,242541.796875,1.867167e+20,-25.029755,-27.952023,-9.194031,-10.871917,314.078613,-26.490889000000003,-10.032974,0.030353859886954587,0.09413442507233961
2012.09.06_01:00:00_TAI,11568,2017,245905.203125,2.1466e+20,-24.452053,-27.427563,-9.191947,-10.87042,319.837006,-25.939808,-10.031183500000001,0.03489650129492258,0.09586030831290136
2012.09.06_02:00:00_TAI,11568,2017,253365.90625,2.294237e+20,-23.881147,-26.916399,-9.197386,-10.876621,329.615509,-25.398773,-10.0370035,0.03729658270817073,0.09879108334779095
2012.09.06_03:00:00_TAI,11568,2017,259541.90625,2.519294e+20,-23.310398,-26.396078,-9.224757,-10.906316,335.815857,-24.853237999999997,-10.0655365,0.04095525311343086,0.10064942762871286
2012.09.06_04:00:00_TAI,11568,2017,261813.90625,2.588016e+20,-22.740788,-25.874067,-9.237007,-10.906173,335.850464,-24.3074275,-10.07159,0.042072441859349836,0.10065979990467702
2012.09.06_05:00:00_TAI,11568,2017,264454.0,2.450457e+20,-22.174963,-25.319393,-9.267796,-10.886245,333.282349,-23.747178,-10.0770205,0.039836194854025946,0.09989009442637166
2012.09.06_06:00:00_TAI,11568,2017,261433.296875,2.110175e+20,-21.644093,-24.74268,-9.277569,-10.885659,327.754425,-23.193386500000003,-10.081614,0.034304353219050246,0.09823328646159761
2012.09.06_08:00:00_TAI,11568,2017,254026.796875,1.850357e+20,-20.550636,-23.614611,-9.321657,-10.925471,324.885376,-22.0826235,-10.123564,0.030080585785227362,0.09737338621070286
2012.09.06_09:00:00_TAI,11568,2017,255520.0,1.965831e+20,-19.991302,-23.106861,-9.356984,-10.966034,336.8349,-21.5490815,-10.161509,0.03195780491805598,0.1009548512486554
2012.09.06_10:00:00_TAI,11568,2017,258261.0,1.475044e+20,-19.400106,-22.574093,-9.335306,-11.003436,351.272736,-20.9870995,-10.169371,0.023979257829156705,0.1052821035189293
2012.09.06_11:00:00_TAI,11568,2017,264557.8125,1.627658e+20,-18.845333,-22.032234,-9.316943,-11.038302,365.251099,-20.4387835,-10.1776225,0.026460248534748484,0.109471644321752
2012.09.06_12:00:00_TAI,11568,2017,275148.6875,1.669312e+20,-18.287924,-21.466715,-9.322655,-11.047102,370.199524,-19.8773195,-10.1848785,0.027137402575994504,0.11095476709136444
2012.09.06_13:00:00_TAI,11568,2017,277652.1875,1.640927e+20,-17.760008,-20.899717,-9.330776,-11.053888,368.976685,-19.329862499999997,-10.192332,0.0266759578777478,0.11058826252385658
2012.09.06_14:00:00_TAI,11568,2017,276125.09375,1.471053e+20,-17.207047,-20.331278,-9.33882,-11.055113,364.004272,-18.7691625,-10.1969665,0.023914377582875127,0.10909795016381943
2012.09.06_15:00:00_TAI,11568,2017,273156.59375,1.617659e+20,-16.687443,-19.825459,-9.375808,-11.035187,358.502716,-18.256451,-10.2054975,0.026297698401305865,0.10744904511384941
2012.09.06_16:00:00_TAI,11568,2017,278975.5,1.78965e+20,-16.144665,-19.265701,-9.4149,-11.014615,347.648499,-17.705182999999998,-10.2147575,0.029093694000958816,0.10419586124645434
2012.09.06_17:00:00_TAI,11568,2017,278841.40625,2.225231e+20,-15.627989,-18.680849,-9.410835,-10.992132,335.648956,-17.154418999999997,-10.2014835,0.03617477707677345,0.10059940470760743
2012.09.06_18:00:00_TAI,11568,2017,277662.40625,1.785144e+20,-15.085279,-18.121561,-9.420524,-10.966669,323.215332,-16.60342,-10.1935965,0.029020441585588034,0.09687284709317463
2012.09.06_19:00:00_TAI,11568,2017,265682.59375,1.359168e+20,-14.543872,-17.509907,-9.450971,-10.941888,309.456726,-16.0268895,-10.1964295,0.022095503527446814,0.0927491710070005
2012.09.06_20:00:00_TAI,11568,2017,263661.90625,1.485318e+20,-14.03413,-16.925745,-9.466349,-10.918848,295.35614,-15.479937499999998,-10.192598499999999,0.02414627853832657,0.08852299800013905
2012.09.06_21:00:00_TAI,11568,2017,265239.5,1.893475e+20,-13.52809,-16.344482,-9.473735,-10.923253,285.013885,-14.936285999999999,-10.198494,0.030781539545981337,0.0854232573999202
2012.09.06_22:00:00_TAI,11568,2017,261182.90625,1.870325e+20,-13.022394,-15.740563,-9.482799,-10.961523,281.641846,-14.3814785,-10.222161,0.03040519835294236,0.08441260293492958
2012.09.06_23:00:00_TAI,11568,2017,253349.90625,1.545113e+20,-12.490199,-15.163674,-9.492305,-10.94752,276.672546,-13.8269365,-10.2199125,0.02511834426781967,0.08292322359119192
2012.09.07_00:00:00_TAI,11568,2017,270063.1875,1.513071e+20,-11.789691,-14.654387,-9.342008,-10.957489,328.563446,-13.222038999999999,-10.149748500000001,0.02459744904072012,0.09847576310137583
2012.09.07_01:00:00_TAI,11568,2017,279252.6875,1.387957e+20,-11.070145,-14.146482,-9.293665,-11.058201,382.70462,-12.608313500000001,-10.175933,0.02256351590785282,0.11470274601673754
2012.09.07_02:00:00_TAI,11568,2017,279375.3125,1.390116e+20,-10.448136,-13.610647,-9.276519,-11.050789,399.450592,-12.0293915,-10.163654000000001,0.022598613991471443,0.11972178386665792
2012.09.07_03:00:00_TAI,11568,2017,281289.1875,1.143844e+20,-9.884181,-13.07058,-9.264451,-11.03916,403.960541,-11.477380499999999,-10.1518055,0.01859505898965314,0.12107348830831174
2012.09.07_04:00:00_TAI,11568,2017,276035.90625,1.275644e+20,-9.323474,-12.476507,-9.252599,-11.025936,404.446899,-10.8999905,-10.139267499999999,0.020737684010929014,0.12121925764380398
2012.09.07_05:00:00_TAI,11568,2017,281865.09375,1.361428e+20,-8.764493,-12.037185,-9.219524,-11.016741,420.462189,-10.400839,-10.1181325,0.022132243531605263,0.12601929831552203
2012.09.07_06:00:00_TAI,11568,2017,296628.5,9.108153e+19,-8.110058,-11.72443,-9.112485,-11.103786,518.71936,-9.917244,-10.1081355,0.014806795535211635,0.15546855693575024
2012.09.07_08:00:00_TAI,11568,2017,297251.09375,1.131539e+20,-6.918037,-10.643178,-9.093415,-11.115911,543.794128,-8.7806075,-10.104663,0.018395021046657693,0.16298386925503347
2012.09.07_09:00:00_TAI,11568,2017,309891.09375,2.733024e+20,-6.374509,-10.06285,-9.086041,-11.107036,542.511536,-8.2186795,-10.096538500000001,0.044429784568645526,0.1625994557498631
2012.09.07_10:00:00_TAI,11568,2017,312100.6875,1.123537e+20,-5.789289,-9.50126,-9.083574,-11.102054,539.604004,-7.6452745,-10.092814,0.018264935421314372,0.16172802152330074
2012.09.07_11:00:00_TAI,11568,2017,315665.40625,1.151694e+20,-5.264761,-8.939134,-9.078712,-11.094792,531.319336,-7.1019475,-10.086752,0.018722673605867216,0.1592449729271354
2012.09.07_12:00:00_TAI,11568,2017,331066.5,1.339561e+20,-4.708114,-8.56656,-9.071538,-11.179197,567.393494,-6.6373370000000005,-10.1253675,0.021776759606413766,0.17005697980293863
2012.09.07_13:00:00_TAI,11568,2017,337276.0,1.290463e+20,-4.211742,-8.067235,-9.093762,-11.175697,577.205383,-6.139488500000001,-10.134729499999999,0.02097859114439098,0.1729977611604028
2012.09.07_14:00:00_TAI,11568,2017,339507.09375,1.449116e+20,-3.655944,-7.536925,-9.116662,-11.195088,580.320923,-5.5964345,-10.155875,0.023557755692953056,0.1739315387388522
2012.09.07_15:00:00_TAI,11568,2017,342281.3125,1.523379e+20,-3.099973,-7.005311,-9.141789,-11.215545,582.100403,-5.052642,-10.178667,0.024765022475616263,0.17446487759031906
2012.09.07_16:00:00_TAI,11568,2017,348650.8125,1.942939e+20,-2.54364,-6.415494,-9.134727,-11.273507,599.22998,-4.479566999999999,-10.204117,0.03158565793788111,0.17959888804466148
2012.09.07_17:00:00_TAI,11568,2017,351814.5,1.511762e+20,-1.956055,-5.85323,-9.124435,-11.292443,607.361572,-3.9046425,-10.208439,0.024576169100258432,0.18203605729516006
2012.09.07_18:00:00_TAI,11568,2017,358143.90625,2.429391e+20,-1.340731,-5.265261,-9.117846,-11.317814,619.173035,-3.302996,-10.21783,0.03949373249667999,0.18557614322507407
2012.09.07_19:00:00_TAI,11568,2017,362107.59375,9.707863e+19,-0.693518,-4.80382,-9.139785,-11.37275,665.607971,-2.748669,-10.2562675,0.01578172243317018,0.19949344234289362
2012.09.07_20:00:00_TAI,11568,2017,362249.09375,1.272996e+20,-0.077863,-4.277815,-9.131382,-11.394782,686.741577,-2.177839,-10.263082,0.020694636430835398,0.20582752485654554
2012.09.07_21:00:00_TAI,11568,2017,362095.09375,1.567837e+20,0.504465,-3.694196,-9.094672,-11.388343,694.876343,-1.5948654999999998,-10.2415075,0.025487760132641167,0.20826564540602724
2012.09.07_22:00:00_TAI,11568,2017,367247.90625,1.131994e+20,1.08873,-3.13871,-9.060685,-11.384634,705.183655,-1.02499,-10.222659499999999,0.018402417817406407,0.2113549130256637
2012.09.07_23:00:00_TAI,11568,2017,378163.90625,1.395307e+20,1.644567,-3.050343,-9.089254,-11.414269,759.578796,-0.702888,-10.2517615,0.022683002204562815,0.22765801394633622
2012.09.08_00:00:00_TAI,11568,2017,387126.09375,1.339779e+20,2.19587,-2.68336,-9.088708,-11.413548,776.972595,-0.24374499999999988,-10.251128000000001,0.021780303553717545,0.2328712159948591
2012.09.08_01:00:00_TAI,11568,2017,397453.59375,1.463939e+20,2.807159,-2.132721,-9.090003,-11.476232,793.045959,0.33721899999999994,-10.2831175,0.023798727852971057,0.23768866238086456
2012.09.08_02:00:00_TAI,11568,2017,396118.59375,1.536994e+20,3.3646,-1.574632,-9.092151,-11.509701,800.550293,0.8949839999999999,-10.300926,0.0249863566157124,0.23993783229375132
2012.09.08_03:00:00_TAI,11568,2017,393743.0,1.649241e+20,3.948565,-1.020913,-9.095306,-11.513814,808.854919,1.463826,-10.30456,0.026811115574461662,0.24242686262435456
2012.09.08_04:00:00_TAI,11568,2017,388131.59375,1.661747e+20,4.503299,-0.435611,-9.100375,-11.518408,803.849854,2.033844,-10.3093915,0.027014421101897754,0.2409267639333791
2012.09.08_05:00:00_TAI,11568,2017,385960.90625,1.69653e+20,5.060027,0.151654,-9.108066,-11.525126,794.445251,2.6058405,-10.316596,0.027579875776518683,0.23810805275791108
2012.09.08_06:00:00_TAI,11568,2017,384106.59375,1.432497e+20,5.587422,0.769353,-9.113796,-11.530278,780.996521,3.1783875,-10.322037,0.023287586609276396,0.23407725150592285
2012.09.08_08:00:00_TAI,11568,2017,382061.1875,9.380125e+19,6.734305,1.914005,-9.099841,-11.545289,779.818726,4.324155,-10.322565,0.015248930597644443,0.2337242473515837
2012.09.08_10:00:00_TAI,11568,2017,390739.59375,1.475571e+20,7.876144,3.267719,-9.149179,-11.553682,740.770386,5.5719315,-10.3514305,0.023987825077914006,0.22202083016943625
2012.09.08_11:00:00_TAI,11568,2017,420592.0,1.687708e+20,8.470305,3.886768,-9.162097,-11.576832,748.891357,6.1785365,-10.3694645,0.02743645970718867,0.2244548161349631
2012.09.08_12:00:00_TAI,11568,2017,442033.0,1.760427e+20,9.093992,4.537734,-9.140557,-11.648268,764.128113,6.815863,-10.3944125,0.028618626239223274,0.22902151761242895
2012.09.08_13:00:00_TAI,11568,2017,488236.8125,2.564687e+20,9.687953,5.188818,-9.148607,-11.693843,780.856995,7.438385500000001,-10.421225,0.0416931907279284,0.2340354333137601
2012.09.08_14:00:00_TAI,11568,2017,565135.0,3.947948e+20,10.505219,5.713242,-9.037004,-11.895444,951.534241,8.1092305,-10.466224,0.06418036545899888,0.28519015624021504
2012.09.08_15:00:00_TAI,11568,2017,616229.125,4.831299e+20,11.170388,6.091179,-9.046068,-12.030749,1041.995483,8.6307835,-10.5384085,0.07854068378349864,0.31230284922386553
2012.09.08_16:00:00_TAI,11568,2017,660545.6875,5.796613e+20,11.860351,6.623047,-9.022969,-12.099015,1094.268433,9.241699,-10.560991999999999,0.09423344501102444,0.32796989527989595
2012.09.08_17:00:00_TAI,11568,2017,668863.0,5.84278e+20,12.488135,7.179256,-9.02903,-12.136413,1118.026367,9.8336955,-10.5827215,0.0949839652641143,0.33509053121443055
2012.09.08_18:00:00_TAI,11568,2017,713426.875,6.296426e+20,13.094142,7.740873,-9.037655,-12.185839,1151.453125,10.4175075,-10.611747000000001,0.10235872452361137,0.3451090696188976
2012.09.08_19:00:00_TAI,11568,2017,768916.1875,7.383972e+20,13.801775,8.305312,-9.046598,-12.196995,1179.47522,11.0535435,-10.621796499999999,0.12003856725038295,0.3535077433679678
2012.09.08_20:00:00_TAI,11568,2017,829883.1875,8.983717e+20,14.53415,8.894242,-9.056756,-12.20725,1226.270264,11.714196000000001,-10.632003000000001,0.1460450442204966,0.3675329726604024
2012.09.08_21:00:00_TAI,11568,2017,909358.375,9.09608e+20,15.171992,9.278628,-9.068632,-12.305665,1311.444702,12.22531,-10.6871485,0.1478716889493708,0.39306112523152203
2012.09.08_22:00:00_TAI,11568,2017,985736.6875,9.358474e+20,15.961112,9.799528,-8.868894,-12.322447,1476.824585,12.880320000000001,-10.5956705,0.15213733348527872,0.44262814304287423
2012.09.08_23:00:00_TAI,11568,2017,1104055.875,1.177215e+21,16.732286,10.299666,-8.688099,-12.333528,1627.113403,13.515975999999998,-10.5108135,0.19137559289994543,0.4876721253188387
2012.09.09_00:00:00_TAI,11568,2017,1206488.625,1.326369e+21,17.506313,10.836249,-8.614823,-12.423157,1756.95459,14.171281,-10.518989999999999,0.2156230202461808,0.5265876228505192
2012.09.09_01:00:00_TAI,11568,2017,1330835.0,1.566806e+21,18.255604,11.307179,-8.542502,-12.544456,1907.987183,14.781391500000002,-10.543479000000001,0.2547099953782375,0.5718545264879205
2012.09.09_02:00:00_TAI,11568,2017,1435549.375,1.699221e+21,18.906961,11.752926,-8.439045,-12.653486,2054.42749,15.329943499999999,-10.5462655,0.2762362239208965,0.6157450479570213
2012.09.09_03:00:00_TAI,11568,2017,1615462.125,1.989763e+21,19.553186,12.193102,-8.380354,-12.730261,2179.01123,15.873144,-10.555307500000001,0.3234685880279933,0.6530848038424749
2012.09.09_04:00:00_TAI,11568,2017,1798949.75,2.309153e+21,20.187675,12.608562,-8.281106,-12.847521,2344.546387,16.3981185,-10.5643135,0.37539066735616494,0.7026983597755382
2012.09.09_05:00:00_TAI,11568,2017,2018207.0,2.647392e+21,20.883223,12.991682,-8.254848,-12.936896,2482.993652,16.9374525,-10.595872,0.4303769605709852,0.7441932376633645
2012.09.09_06:00:00_TAI,11568,2017,2246005.75,3.19539e+21,21.596872,13.301762,-8.23641,-12.963274,2631.197754,17.449317,-10.599841999999999,0.519463017202938,0.7886123969364996
2012.09.09_08:00:00_TAI,11568,2017,2485455.0,3.583802e+21,22.807726,14.149487,-8.209288,-12.982236,2739.713379,18.478606499999998,-10.595762,0.5826057539073238,0.8211362796458919
2012.09.09_09:00:00_TAI,11568,2017,2696302.25,4.504824e+21,23.500446,14.451604,-8.1696,-13.00905,2915.421875,18.976025,-10.589325,0.7323329756330864,0.8737989493300754
2012.09.09_10:00:00_TAI,11568,2017,2759744.75,4.115492e+21,24.102785,14.915731,-8.149507,-13.025451,2978.012695,19.509258,-10.587479,0.6690406778498253,0.892558427408598
2012.09.09_11:00:00_TAI,11568,2017,2810009.75,4.144451e+21,24.759359,15.358653,-8.145701,-13.038577,3063.022949,20.059006,-10.592139,0.6737484379401992,0.918037371387326
2012.09.09_12:00:00_TAI,11568,2017,2850444.5,4.247224e+21,25.367733,15.679926,-8.139112,-13.06854,3165.039551,20.5238295,-10.603826000000002,0.6904558735480587,0.948613392101935
2012.09.09_13:00:00_TAI,11568,2017,2873735.5,4.304466e+21,25.958923,16.159372,-8.060937,-13.091686,3244.040283,21.0591475,-10.5763115,0.6997614988491113,0.9722911854291552
2012.09.09_14:00:00_TAI,11568,2017,2874559.25,4.374125e+21,26.558199,16.705738,-8.055255,-13.113926,3263.271484,21.6319685,-10.584590500000001,0.7110857110158075,0.9780550864865812
2012.09.09_15:00:00_TAI,11568,2017,2881671.25,4.477107e+21,27.172424,17.256962,-8.050144,-13.118547,3275.843994,22.214693,-10.5843455,0.7278271229991938,0.9818232704748563
2012.09.09_16:00:00_TAI,11568,2017,2886215.0,4.525574e+21,27.761177,17.818043,-8.069941,-13.136424,3285.699951,22.78961,-10.603182499999999,0.7357062282272802,0.9847772597225505
2012.09.09_17:00:00_TAI,11568,2017,2903869.0,4.428733e+21,28.330257,18.367775,-8.062459,-13.136444,3295.807617,23.349016,-10.5994515,0.7199631364453851,0.9878066902165435
2012.09.09_18:00:00_TAI,11568,2017,2871254.75,4.328707e+21,28.896048,18.92182,-8.05513,-13.155525,3303.909912,23.908934000000002,-10.605327500000001,0.7037022707110799,0.9902350786837057
2012.09.09_19:00:00_TAI,11568,2017,2824649.25,4.420949e+21,29.453159,19.421883,-8.051121,-13.161807,3305.004639,24.437521,-10.606463999999999,0.7186977196649896,0.9905631860189104
2012.09.09_20:00:00_TAI,11568,2017,2763373.75,4.551794e+21,30.027056,19.947086,-8.064342,-13.180446,3302.94165,24.987071,-10.622394,0.7399687189752205,0.9899448749483455
2012.09.09_21:00:00_TAI,11568,2017,2738051.25,4.414171e+21,30.640007,20.50482,-8.070908,-13.205268,3313.486816,25.5724135,-10.638088,0.7175958446730164,0.9931054312473583
2012.09.09_22:00:00_TAI,11568,2017,2743142.75,4.51954e+21,31.277248,21.04882,-8.081177,-13.210485,3331.19458,26.163034,-10.645831000000001,0.7347253026295276,0.9984127336693053
2012.09.09_23:00:00_TAI,11568,2017,2699081.75,4.466817e+21,31.887041,21.610466,-8.088283,-13.210474,3336.490479,26.7487535,-10.649378500000001,0.7261543148452538,1.0
2012.09.10_00:00:00_TAI,11568,2017,2639448.75,4.518152e+21,32.463348,22.17803,-8.094568,-13.205271,3325.017334,27.320689,-10.6499195,0.7344996604800943,0.9965613134303207
2012.09.10_01:00:00_TAI,11568,2017,2591743.5,4.530394e+21,33.047073,22.739809,-8.098492,-13.226686,3316.335693,27.893441,-10.662589,0.7364897982274736,0.9939592856245641
2012.09.10_02:00:00_TAI,11568,2017,2565950.75,4.506068e+21,33.620953,23.285458,-8.113301,-13.253669,3307.484863,28.4532055,-10.683485000000001,0.7325352082223479,0.9913065491472065
2012.09.10_03:00:00_TAI,11568,2017,2526779.5,4.340395e+21,34.185394,23.851406,-8.123574,-13.279722,3294.572266,29.0184,-10.701647999999999,0.7056023466783541,0.9874364356008702
2012.09.10_04:00:00_TAI,11568,2017,2508376.25,4.317291e+21,34.730064,24.42609,-8.135519,-13.31121,3293.911133,29.578077,-10.7233645,0.7018464128019082,0.9872382833794983
2012.09.10_05:00:00_TAI,11568,2017,2509551.5,4.412443e+21,35.288994,24.979952,-8.133579,-13.315177,3274.42041,30.134473,-10.724378,0.7173149299509554,0.9813965993936828
2012.09.10_06:00:00_TAI,11568,2017,2466750.75,4.516602e+21,35.885246,25.507296,-8.109799,-13.315395,3265.087158,30.696271000000003,-10.712597,0.7342476825754678,0.9785992732635038
2012.09.10_08:00:00_TAI,11568,2017,2356973.25,4.345771e+21,37.008667,26.60848,-8.117252,-13.321833,3219.164062,31.8085735,-10.7195425,0.706476303591433,0.9648353808474931
2012.09.10_09:00:00_TAI,11568,2017,2382042.75,5.134562e+21,37.607548,27.197765,-8.104034,-13.328434,3184.375732,32.4026565,-10.716234,0.8347072089903116,0.9544087573582433
2012.09.10_11:00:00_TAI,11568,2017,2295209.5,4.189189e+21,38.784412,28.132717,-8.033443,-13.365502,3212.924316,33.4585645,-10.699472499999999,0.6810213330996713,0.9629652283506487
2012.09.10_13:00:00_TAI,11568,2017,2248404.0,4.074571e+21,39.921116,29.183706,-8.045626,-13.395333,3186.732178,34.552411,-10.7204795,0.662388298601295,0.9551150222239253
2012.09.10_14:00:00_TAI,11568,2017,2218187.5,4.108648e+21,40.479099,29.749172,-8.052722,-13.412708,3165.890137,35.1141355,-10.732714999999999,0.6679280734761067,0.9488683264424804
2012.09.10_15:00:00_TAI,11568,2017,2175891.5,4.093901e+21,41.023674,30.316463,-8.061179,-13.42336,3137.693115,35.6700685,-10.742269499999999,0.665530706921573,0.9404172242506795
2012.09.10_16:00:00_TAI,11568,2017,2174065.75,4.16399e+21,41.570972,30.799402,-8.07015,-13.440559,3118.958252,36.185187,-10.7553545,0.6769248226360043,0.9348020836956807
2012.09.10_17:00:00_TAI,11568,2017,2136582.5,4.157414e+21,42.11694,31.298124,-8.081113,-13.448285,3091.508545,36.707532,-10.764699,0.6758557860548274,0.926574963860402
2012.09.10_18:00:00_TAI,11568,2017,2124148.0,4.270474e+21,42.690121,31.833054,-8.089796,-13.450889,3072.28418,37.2615875,-10.7703425,0.6942355421174565,0.9208131116624115
2012.09.10_19:00:00_TAI,11568,2017,2085924.375,4.716806e+21,43.265968,32.37936,-8.083756,-13.463487,3066.355713,37.822664,-10.7736215,0.7667941241353704,0.9190362545014773
2012.09.10_20:00:00_TAI,11568,2017,2002947.25,4.653546e+21,43.844467,32.932472,-8.067842,-13.470656,3045.227051,38.3884695,-10.769249,0.7565101742988064,0.9127036537843511
2012.09.10_21:00:00_TAI,11568,2017,1969931.75,4.429204e+21,44.422886,33.488258,-8.0623,-13.479378,3021.727783,38.955572000000004,-10.770839,0.7200397052151135,0.9056605442212022
2012.09.10_22:00:00_TAI,11568,2017,1901847.25,4.341923e+21,45.027718,34.050419,-8.052222,-13.480234,2996.834229,39.5390685,-10.766228,0.7058507481223988,0.8981995446599325
2012.09.10_23:00:00_TAI,11568,2017,1855492.0,4.418057e+21,45.611279,34.622349,-8.035208,-13.464788,2961.493408,40.116814000000005,-10.749998000000001,0.7182275776648736,0.8876073307086454
2012.09.11_00:00:00_TAI,11568,2017,1841129.5,4.627095e+21,46.169529,35.213413,-8.033751,-13.441213,2912.658691,40.691471,-10.737482,0.7522101307147573,0.8729707785268342
2012.09.11_01:00:00_TAI,11568,2017,1809399.25,4.895846e+21,46.720028,35.794968,-8.037828,-13.425366,2864.016846,41.257498,-10.731597,0.7959000106155852,0.8583920331936304
2012.09.11_02:00:00_TAI,11568,2017,1811756.75,4.97967e+21,47.272549,36.385067,-8.043575,-13.40574,2806.472656,41.828807999999995,-10.7246575,0.8095269756977878,0.8411451115068505
2012.09.11_03:00:00_TAI,11568,2017,1784697.0,4.949715e+21,47.823776,36.916149,-8.040676,-13.397357,2761.149414,42.3699625,-10.719016499999999,0.8046572994828927,0.8275610050077412
2012.09.11_04:00:00_TAI,11568,2017,1753164.75,4.765946e+21,48.36256,37.471073,-8.031753,-13.427063,2734.400391,42.916816499999996,-10.729408,0.7747826365439817,0.8195438914663242
2012.09.11_05:00:00_TAI,11568,2017,1748047.375,4.978811e+21,48.9133,37.999908,-8.024471,-13.440331,2706.791016,43.456604,-10.732401,0.8093873311687076,0.8112689165566775
2012.09.11_06:00:00_TAI,11568,2017,1757524.125,5.303774e+21,49.468098,38.498917,-8.020431,-13.439084,2695.111084,43.9835075,-10.7297575,0.8622153929888042,0.8077682525885008
2012.09.11_08:00:00_TAI,11568,2017,1696364.5,5.74695e+21,50.576252,39.608906,-8.029412,-13.436253,2630.71167,45.092579,-10.7328325,0.9342609154796203,0.788466709723226
2012.09.11_09:00:00_TAI,11568,2017,1687137.75,6.151333e+21,51.094616,40.157928,-7.999551,-13.435485,2623.287598,45.626272,-10.717518,1.0,0.7862415956260248
2012.09.11_10:00:00_TAI,11568,2017,1624730.625,5.266709e+21,51.639656,40.723305,-7.962762,-13.444217,2601.957031,46.181480500000006,-10.7034895,0.8561898697404287,0.7798484807245272
2012.09.11_11:00:00_TAI,11568,2017,1576478.75,5.395905e+21,52.179459,41.294136,-7.961626,-13.437366,2560.817383,46.7367975,-10.699496,0.8771927970734148,0.7675182648108495
2012.08.30_01:00:00_TAI,11561,1997,5124.799805,0.0,-28.838633,-29.292362,-12.104362,-12.38583,9.588738,-29.0654975,-12.245096,0.0,0.0033440948331720467
2012.08.30_02:00:00_TAI,11561,1997,350745.6875,5.824027e+20,-26.964893,-29.897524,-11.352261,-13.027404,259.197296,-28.4312085,-12.189832500000001,0.21141463102981753,0.09039566398891759
2012.08.30_03:00:00_TAI,11561,1997,550396.3125,1.037438e+21,-25.949923,-30.043631,-11.095126,-13.431834,521.680542,-27.996777,-12.263480000000001,0.3765943598584139,0.18193731073563515
2012.08.30_04:00:00_TAI,11561,1997,651924.3125,1.197895e+21,-25.09046,-29.937035,-10.944388,-13.64215,715.27655,-27.5137475,-12.293269,0.4348409261108564,0.24945437190422007
2012.08.30_05:00:00_TAI,11561,1997,765872.5,1.353242e+21,-24.158463,-29.547611,-10.785836,-13.770393,879.035217,-26.853037,-12.278114500000001,0.49123254085884616,0.30656559052358806
2012.08.30_06:00:00_TAI,11561,1997,850789.625,1.453355e+21,-23.345562,-29.224489,-10.715733,-13.901002,1023.685913,-26.2850255,-12.3083675,0.5275739811651636,0.3570128595081344
2012.08.30_07:00:00_TAI,11561,1997,966926.625,1.614676e+21,-22.566416,-28.852789,-10.587896,-14.064254,1206.416016,-25.709602500000003,-12.326075,0.5861341830535841,0.4207404108613256
2012.08.30_08:00:00_TAI,11561,1997,1024328.0,1.719163e+21,-21.796947,-28.439852,-10.479506,-14.094163,1318.984009,-25.1183995,-12.286834500000001,0.6240634037670398,0.45999876204078705
2012.08.30_09:00:00_TAI,11561,1997,1131256.0,1.976017e+21,-20.884169,-27.951761,-10.336959,-14.127273,1474.63147,-24.417965000000002,-12.232116000000001,0.7173024866877282,0.5142811785721855
2012.08.30_10:00:00_TAI,11561,1997,1207752.875,2.082208e+21,-20.247427,-27.46673,-10.286111,-14.146784,1555.070557,-23.8570785,-12.216447500000001,0.7558502665721404,0.5423344985421102
2012.08.30_11:00:00_TAI,11561,1997,1243149.75,2.085029e+21,-19.588314,-26.967625,-10.21217,-14.167697,1620.307983,-23.2779695,-12.1899335,0.7568743014437767,0.5650862036378218
2012.08.30_12:00:00_TAI,11561,1997,1332208.75,2.136729e+21,-18.768721,-26.558884,-10.140302,-14.200006,1739.809448,-22.6638025,-12.170154,0.7756416190132893,0.6067626194146415
2012.08.30_13:00:00_TAI,11561,1997,1401443.25,2.229666e+21,-18.081802,-26.112019,-10.092966,-14.284764,1868.373657,-22.0969105,-12.188865,0.80937814112079,0.6515996883853186
2012.08.30_14:00:00_TAI,11561,1997,1461795.25,2.202142e+21,-17.394421,-25.692949,-9.993317,-14.364194,2006.746704,-21.543685,-12.1787555,0.7993868132913265,0.6998576125796152
2012.08.30_16:00:00_TAI,11561,1997,1623758.375,2.314529e+21,-16.063568,-24.738138,-9.929043,-14.434153,2181.411865,-20.400852999999998,-12.181598000000001,0.8401837672504138,0.7607724965231816
2012.08.30_17:00:00_TAI,11561,1997,1693403.5,2.520754e+21,-15.392454,-24.267235,-9.900458,-14.478029,2279.835449,-19.8298445,-12.1892435,0.9150443101086871,0.795097951939387
2012.08.30_18:00:00_TAI,11561,1997,1751971.375,2.366318e+21,-14.76463,-23.745039,-9.853139,-14.4985,2337.845947,-19.2548345,-12.1758195,0.8589833921944656,0.8153292489705016
2012.08.30_19:00:00_TAI,11561,1997,1785716.5,2.452156e+21,-14.153337,-23.231939,-9.822228,-14.503093,2382.750244,-18.692638000000002,-12.162660500000001,0.8901429474271896,0.8309897277097188
2012.08.30_20:00:00_TAI,11561,1997,1834882.875,2.529068e+21,-13.5465,-22.728527,-9.796366,-14.51571,2434.105957,-18.1375135,-12.156038,0.9180623270965581,0.848900152887377
2012.08.30_21:00:00_TAI,11561,1997,1834736.25,2.591268e+21,-12.941792,-22.216919,-9.77523,-14.533472,2468.726807,-17.5793555,-12.154351,0.9406411888533024,0.860974255402747
2012.08.30_22:00:00_TAI,11561,1997,1875935.625,2.66073e+21,-12.310656,-21.680927,-9.754384,-14.556013,2511.232178,-16.9957915,-12.155198500000001,0.9658561871707778,0.8757981030814677
2012.08.30_23:00:00_TAI,11561,1997,1912238.75,2.613861e+21,-11.740037,-21.174721,-9.738589,-14.592829,2546.837891,-16.457379,-12.165709,0.9488425429316002,0.8882156788745185
2012.08.31_00:00:00_TAI,11561,1997,1945458.875,2.713741e+21,-11.173712,-20.619616,-9.723418,-14.573047,2558.489258,-15.896664000000001,-12.1482325,0.9850994032573821,0.8922791204018697
2012.08.31_01:00:00_TAI,11561,1997,1952585.25,2.754789e+21,-10.607018,-20.093651,-9.718072,-14.610636,2589.002686,-15.3503345,-12.164354,1.0,0.9029207498756511
2012.08.31_02:00:00_TAI,11561,1997,1972925.75,2.719631e+21,-10.009054,-19.563192,-9.697648,-14.621816,2624.714111,-14.786123,-12.159732,0.9872374980443148,0.9153751929762667
2012.08.31_03:00:00_TAI,11561,1997,1974151.25,2.663758e+21,-9.38622,-19.030582,-9.684889,-14.609318,2644.286133,-14.208400999999999,-12.1471035,0.9669553639135338,0.9222009814840902
2012.04.14_06:00:00_TAI,11462,1573,53487.5,7.605996e+19,-45.700996,-47.005005,-23.876253,-24.458675,35.221882,-46.3530005,-24.167464,0.002701816107322472,0.005804831221270561
2012.04.14_07:00:00_TAI,11462,1573,184665.40625,4.700843e+20,-44.483021,-47.097519,-23.540533,-24.757305,147.704575,-45.79027,-24.148919,0.016698422317595347,0.02434282553341412
2012.04.14_08:00:00_TAI,11462,1573,268461.3125,6.5077e+20,-43.007584,-47.036453,-23.314678,-25.059015,321.159515,-45.0220185,-24.1868465,0.023116773505563838,0.05292950500714615
2012.04.14_09:00:00_TAI,11462,1573,351528.59375,9.083079e+20,-41.86478,-46.894871,-23.060556,-25.217197,494.152954,-44.3798255,-24.1388765,0.03226508289812734,0.0814401256429817
2012.04.14_10:00:00_TAI,11462,1573,482869.59375,1.088015e+21,-40.538864,-46.704796,-22.820986,-25.503124,761.350891,-43.62183,-24.162055000000002,0.038648672074090756,0.1254763564996033
2012.04.14_11:00:00_TAI,11462,1573,550704.625,1.136644e+21,-39.517731,-46.297302,-22.720545,-25.566528,894.97644,-42.9075165,-24.143536500000003,0.040376080496117066,0.1474988525943497
2012.04.14_12:00:00_TAI,11462,1573,570905.6875,1.108137e+21,-38.831093,-45.802872,-22.718596,-25.594727,931.247192,-42.3169825,-24.1566615,0.039363449516933775,0.15347654548505218
2012.04.14_13:00:00_TAI,11462,1573,595566.0,1.149507e+21,-37.967228,-45.264278,-22.716585,-25.617476,972.284424,-41.615753,-24.1670305,0.04083300238495962,0.16023979015063033
2012.04.14_14:00:00_TAI,11462,1573,596683.625,1.181811e+21,-37.369202,-44.720646,-22.715458,-25.617699,990.932617,-41.044924,-24.1665785,0.04198051110743259,0.1633131526968645
2012.04.14_15:00:00_TAI,11462,1573,609537.625,1.275639e+21,-36.706207,-44.17878,-22.720882,-25.595098,1009.949829,-40.4424935,-24.157989999999998,0.04531348685075211,0.16644733235140768
2012.04.14_16:00:00_TAI,11462,1573,614197.875,1.245406e+21,-36.096275,-43.655014,-22.723726,-25.586153,1029.867432,-39.8756445,-24.154939499999998,0.04423954457714744,0.16972990321878134
2012.04.14_17:00:00_TAI,11462,1573,612845.5,1.1444e+21,-35.520691,-43.197945,-22.738716,-25.580471,1047.95166,-39.359318,-24.1595935,0.04065159057695846,0.17271032008881046
2012.04.14_18:00:00_TAI,11462,1573,621245.1875,1.063657e+21,-34.980198,-42.671036,-22.728788,-25.583376,1066.423828,-38.825617,-24.156082,0.03778342264795168,0.1757546723903415
2012.04.14_19:00:00_TAI,11462,1573,604908.875,1.203424e+21,-34.434269,-42.123852,-22.709824,-25.581121,1087.052368,-38.2790605,-24.1454725,0.04274825213079837,0.17915441102558047
2012.04.14_20:00:00_TAI,11462,1573,601758.625,1.122528e+21,-33.910942,-41.655399,-22.698822,-25.609007,1114.362671,-37.7831705,-24.1539145,0.03987464930721079,0.1836553544878509
2012.04.14_21:00:00_TAI,11462,1573,610995.8125,1.080204e+21,-33.387699,-41.19949,-22.659758,-25.643229,1153.02124,-37.2935945,-24.1514935,0.038371208272975216,0.1900265775900361
2012.04.14_22:00:00_TAI,11462,1573,606228.3125,1.060697e+21,-32.852184,-40.658718,-22.64467,-25.674675,1173.412598,-36.755451,-24.1596725,0.03767827697501582,0.1933872268467256
2012.04.14_23:00:00_TAI,11462,1573,613104.375,1.013485e+21,-32.320618,-40.100739,-22.648048,-25.696606,1182.778931,-36.2106785,-24.172327,0.03600120349168887,0.19493086901289997
2012.04.15_00:00:00_TAI,11462,1573,611058.625,9.253512e+20,-31.799307,-39.543098,-22.653416,-25.695602,1181.628052,-35.6712025,-24.174509,0.03287049818446103,0.19474119549258367
2012.04.15_01:00:00_TAI,11462,1573,608368.8125,9.286452e+20,-31.292168,-38.969715,-22.66099,-25.688055,1179.339233,-35.1309415,-24.174522500000002,0.03298750826778898,0.1943639808965255
2012.04.15_02:00:00_TAI,11462,1573,634754.375,9.863141e+20,-30.788321,-38.404408,-22.674812,-25.757093,1190.230835,-34.5963645,-24.2159525,0.035036033706292616,0.19615899887254548
2012.04.15_03:00:00_TAI,11462,1573,654889.0,1.020474e+21,-30.280277,-37.818119,-22.637306,-25.828962,1212.168457,-34.049198000000004,-24.233134,0.03624946805525263,0.19977448407308165
2012.04.15_04:00:00_TAI,11462,1573,683307.6875,1.089534e+21,-29.380135,-37.257629,-22.599585,-25.8535,1264.903809,-33.318882,-24.2265425,0.03870263027584399,0.20846566695065452
2012.04.15_05:00:00_TAI,11462,1573,696564.875,1.092359e+21,-28.807819,-36.700779,-22.591669,-25.878323,1296.446289,-32.754298999999996,-24.234996000000002,0.03880298045356149,0.2136641050324215
2012.04.15_06:00:00_TAI,11462,1573,710775.375,9.778126e+20,-28.244247,-36.196178,-22.585876,-25.957788,1347.169922,-32.2202125,-24.271832,0.03473404183518984,0.2220237414792948
2012.04.15_07:00:00_TAI,11462,1573,725342.6875,9.454126e+20,-27.682102,-35.642906,-22.602512,-25.97784,1363.664185,-31.662504000000002,-24.290176000000002,0.03358312298278381,0.22474212015179865
2012.04.15_08:00:00_TAI,11462,1573,735010.625,9.662207e+20,-27.133738,-35.096863,-22.600845,-25.997585,1376.93396,-31.1153005,-24.299215,0.034322272197992144,0.22692907893552394
2012.04.15_09:00:00_TAI,11462,1573,732648.8125,9.541793e+20,-26.592283,-34.531776,-22.612478,-26.011158,1380.772827,-30.5620295,-24.311818,0.03389453533782665,0.22756175310710583
2012.04.15_10:00:00_TAI,11462,1573,727314.6875,9.128775e+20,-26.044142,-33.957119,-22.580717,-26.003773,1390.765991,-30.0006305,-24.292245,0.03242740508294075,0.2292087017393929
2012.04.15_11:00:00_TAI,11462,1573,722136.1875,8.210168e+20,-25.520281,-33.369144,-22.5739,-25.993702,1383.028564,-29.4447125,-24.283800999999997,0.029164312137718095,0.2279335155406003
2012.04.15_12:00:00_TAI,11462,1573,720234.625,7.111564e+20,-25.007154,-32.784313,-22.590036,-25.977375,1366.246704,-28.8957335,-24.2837055,0.02526183048670369,0.2251677387181411
2012.04.15_13:00:00_TAI,11462,1573,729899.5,6.692564e+20,-24.524212,-32.201675,-22.586378,-25.944736,1339.185913,-28.3629435,-24.265557,0.02377345085967244,0.22070791671121154
2012.04.15_14:00:00_TAI,11462,1573,722898.125,7.774603e+20,-24.214312,-31.609234,-22.546497,-25.908573,1308.869995,-27.911773,-24.227535,0.02761709000824825,0.2157116252777249
2012.04.15_15:00:00_TAI,11462,1573,750419.3125,8.773596e+20,-23.825256,-31.058006,-22.539003,-25.867359,1287.866333,-27.441631,-24.203181,0.03116573160430273,0.21225006371384778
2012.04.15_16:00:00_TAI,11462,1573,766582.875,8.458206e+20,-23.431461,-30.509892,-22.532518,-25.870754,1276.722778,-26.9706765,-24.201636,0.030045397354733792,0.21041352198731697
2012.04.15_17:00:00_TAI,11462,1573,813960.875,8.338553e+20,-22.554058,-29.947042,-22.50687,-25.893419,1360.734741,-26.25055,-24.2001445,0.029620363732983983,0.2242593257346189
2012.04.15_18:00:00_TAI,11462,1573,835804.0,7.970376e+20,-21.874557,-29.412754,-22.491482,-25.912373,1418.414307,-25.6436555,-24.2019275,0.02831251851593987,0.23376535228783193
2012.04.15_19:00:00_TAI,11462,1573,868943.375,8.763853e+20,-20.925276,-28.866737,-22.483812,-25.902311,1530.65918,-24.8960065,-24.1930615,0.031131122337700906,0.25226415207422465
2012.04.15_20:00:00_TAI,11462,1573,874029.3125,9.328672e+20,-20.318567,-28.302143,-22.476097,-25.90497,1555.258911,-24.310355,-24.1905335,0.03313748294046979,0.25631837287207004
2012.04.15_21:00:00_TAI,11462,1573,886622.0,9.367323e+20,-19.633993,-27.732349,-22.464096,-25.961079,1612.827881,-23.683171,-24.2125875,0.033274779744680724,0.2658061723721759
2012.04.15_22:00:00_TAI,11462,1573,890589.1875,8.640607e+20,-19.070593,-27.172688,-22.419947,-25.97682,1639.928955,-23.121640499999998,-24.1983835,0.0306933255942329,0.2702726333206614
2012.04.15_23:00:00_TAI,11462,1573,892258.0,8.327925e+20,-18.516794,-26.618483,-22.38341,-25.99226,1677.161865,-22.5676385,-24.187835,0.02958261075285012,0.2764088970906314
2012.04.16_00:00:00_TAI,11462,1573,889434.0,7.254312e+20,-17.977459,-26.04899,-22.369055,-26.006655,1681.122559,-22.0132245,-24.187855,0.025768902598874228,0.277061649268641
2012.04.16_01:00:00_TAI,11462,1573,862711.375,6.581824e+20,-17.437096,-25.49217,-22.381416,-26.017775,1678.107178,-21.464633,-24.1995955,0.02338007816301984,0.2765646917871292
2012.04.16_02:00:00_TAI,11462,1573,875882.5,6.680429e+20,-16.917711,-24.932495,-22.372557,-25.999205,1674.998291,-20.925103,-24.185881000000002,0.02373034468598742,0.27605232381312367
2012.04.16_03:00:00_TAI,11462,1573,879388.375,6.810165e+20,-16.396086,-24.371685,-22.384445,-25.979502,1663.087524,-20.383885499999998,-24.181973499999998,0.024191195328690348,0.2740893397752214
2012.04.16_04:00:00_TAI,11462,1573,877222.3125,6.522405e+20,-15.879838,-23.807198,-22.396238,-25.95517,1642.460938,-19.843518,-24.175704,0.023169008881257145,0.27068992317388746
2012.04.16_05:00:00_TAI,11462,1573,875590.0,6.377291e+20,-15.42352,-23.252073,-22.409613,-25.932329,1615.150635,-19.3377965,-24.170971,0.022653532219689094,0.2661889797116171
2012.04.16_06:00:00_TAI,11462,1573,866172.625,5.66778e+20,-14.826024,-22.680689,-22.400766,-25.901964,1602.749146,-18.753356500000002,-24.151365,0.020133193991635233,0.26414512099511117
2012.04.16_07:00:00_TAI,11462,1573,871627.625,5.204155e+20,-14.171727,-22.104151,-22.40799,-25.841967,1592.328003,-18.137939000000003,-24.1249785,0.01848629660599714,0.26242763820280257
2012.04.16_08:00:00_TAI,11462,1573,871492.1875,4.989565e+20,-13.616133,-21.516893,-22.416857,-25.844887,1558.733154,-17.566513,-24.130872,0.017724025999398964,0.25689095426441816
2012.04.16_09:00:00_TAI,11462,1573,855860.375,5.01852e+20,-13.064691,-20.903349,-22.425245,-25.850805,1525.621704,-16.98402,-24.138025,0.01782688049128605,0.251433938119127
2012.04.16_10:00:00_TAI,11462,1573,856245.8125,5.718261e+20,-12.520782,-20.375132,-22.40641,-25.856281,1521.16394,-16.447957000000002,-24.131345500000002,0.020312513542833716,0.25069926506434087
2012.04.16_11:00:00_TAI,11462,1573,864603.3125,5.637321e+20,-11.980687,-19.908312,-22.415588,-25.861164,1531.392944,-15.9444995,-24.138376,0.020024996962853026,0.252385081903478
2012.04.16_12:00:00_TAI,11462,1573,877205.6875,5.465635e+20,-11.464455,-19.389538,-22.419643,-25.867338,1543.196045,-15.426996500000001,-24.1434905,0.019415130746512965,0.25433032177432335
2012.04.16_13:00:00_TAI,11462,1573,871183.625,5.342906e+20,-10.922112,-18.868052,-22.422422,-25.84341,1548.520996,-14.895081999999999,-24.132916,0.018979170500102657,0.2552079137728582
2012.04.16_14:00:00_TAI,11462,1573,894634.375,5.988877e+20,-10.267372,-18.344185,-22.410982,-25.849009,1580.952271,-14.305778499999999,-24.1299955,0.02127380075321245,0.2605528319593881
2012.04.16_15:00:00_TAI,11462,1573,907602.1875,6.008128e+20,-9.650672,-17.813154,-22.417433,-25.858957,1618.442017,-13.731913,-24.138195,0.02134218451502624,0.2667314242350167
2012.04.16_16:00:00_TAI,11462,1573,927963.875,5.152283e+20,-8.883164,-17.253151,-22.429554,-25.936739,1673.139771,-13.0681575,-24.1831465,0.018302035918614408,0.27574602573054663
2012.04.16_17:00:00_TAI,11462,1573,926560.3125,5.254636e+20,-8.306264,-16.679132,-22.441566,-25.944473,1681.752686,-12.492698,-24.1930195,0.01866561615719562,0.27716549894035836
2012.04.16_18:00:00_TAI,11462,1573,928748.1875,5.42267e+20,-7.643933,-16.120815,-22.431005,-25.98543,1712.453247,-11.882374,-24.2082175,0.01926250967091536,0.28222518243493483
2012.04.16_19:00:00_TAI,11462,1573,920191.875,6.406838e+20,-7.07069,-15.581486,-22.435585,-25.994081,1726.303589,-11.326088,-24.214833,0.0227584896250349,0.2845078230294061
2012.04.16_20:00:00_TAI,11462,1573,918836.625,6.370741e+20,-6.501504,-15.03181,-22.446074,-26.000111,1727.213013,-10.766657,-24.2230925,0.022630265187333357,0.28465770294861575
2012.04.16_21:00:00_TAI,11462,1573,920689.8125,6.128977e+20,-5.96324,-14.471789,-22.454973,-26.034847,1739.845581,-10.2175145,-24.244909999999997,0.021771466590317645,0.2867396452233421
2012.04.16_22:00:00_TAI,11462,1573,893714.3125,5.112899e+20,-5.425821,-13.902462,-22.465603,-26.011642,1730.482666,-9.6641415,-24.238622499999998,0.01816213533811083,0.28519656636929047
2012.04.16_23:00:00_TAI,11462,1573,867157.375,4.899795e+20,-4.891712,-13.368951,-22.474081,-26.013721,1729.402954,-9.1303315,-24.243901,0.01740514332847153,0.2850186217061523
2012.04.17_00:00:00_TAI,11462,1573,848080.375,4.793403e+20,-4.356433,-12.82403,-22.483603,-26.015074,1715.668213,-8.5902315,-24.2493385,0.017027215678640722,0.2827550330264541
2012.04.17_01:00:00_TAI,11462,1573,835328.5,4.494579e+20,-3.853362,-12.256131,-22.513237,-26.015009,1698.485229,-8.0547465,-24.264122999999998,0.015965727483729063,0.27992314795007484
2012.04.17_02:00:00_TAI,11462,1573,814339.0,3.841145e+20,-3.324428,-11.685759,-22.547804,-26.014229,1670.550293,-7.505093499999999,-24.2810165,0.01364458702260845,0.27531926026863307
2012.04.17_03:00:00_TAI,11462,1573,806408.125,3.387531e+20,-2.820248,-11.108543,-22.581871,-26.011847,1638.075439,-6.964395499999999,-24.296858999999998,0.012033250898178494,0.2699671599349427
2012.04.17_04:00:00_TAI,11462,1573,795437.375,3.758923e+20,-2.322589,-10.510435,-22.612871,-25.977905,1588.796265,-6.416511999999999,-24.295388,0.01335251649827966,0.261845581201767
2012.04.17_05:00:00_TAI,11462,1573,784295.5,3.810489e+20,-1.855745,-9.904634,-22.641336,-25.939018,1528.304688,-5.8801895,-24.290177,0.01353569020674623,0.2518761140735343
2012.04.17_06:00:00_TAI,11462,1573,771222.125,3.847771e+20,-1.387659,-9.237729,-22.673914,-25.901094,1456.583984,-5.312694,-24.287504,0.01366812402358389,0.2400560023091855
2012.04.17_07:00:00_TAI,11462,1573,749410.6875,2.554119e+20,-0.923089,-8.571878,-22.766607,-25.833818,1377.094116,-4.7474834999999995,-24.3002125,0.009072789223421057,0.22695547384960243
2012.04.17_08:00:00_TAI,11462,1573,728062.6875,2.375917e+20,-0.423285,-7.904246,-22.828974,-25.731022,1311.385498,-4.1637655,-24.279998,0.008439776750160381,0.2161261991029282
2012.04.17_09:00:00_TAI,11462,1573,727611.875,2.651886e+20,0.110017,-7.311375,-22.89315,-25.727135,1277.37915,-3.600679,-24.310142499999998,0.009420078987134574,0.21052169703254503
2012.04.17_10:00:00_TAI,11462,1573,763137.5,3.089785e+20,0.641835,-6.815021,-22.892347,-25.722769,1293.329956,-3.0865929999999997,-24.307558,0.010975591995004159,0.21315050990157997
2012.04.17_11:00:00_TAI,11462,1573,831448.0,3.815323e+20,1.175611,-6.411954,-22.798122,-25.717905,1403.117798,-2.6181715,-24.258013499999997,0.013552861631846635,0.23124437248840934
2012.04.17_12:00:00_TAI,11462,1573,923974.3125,5.150643e+20,1.904334,-5.947724,-22.73387,-25.777695,1534.321289,-2.0216950000000002,-24.255782500000002,0.018296210279978773,0.2528676951971871
2012.04.17_13:00:00_TAI,11462,1573,961882.125,5.944369e+20,2.501227,-5.452082,-22.702888,-25.808069,1601.857666,-1.4754275,-24.255478500000002,0.02111569860419119,0.26399819838214184
2012.04.17_14:00:00_TAI,11462,1573,1044523.6875,7.089297e+20,3.201136,-5.051403,-22.545921,-25.870703,1780.13855,-0.9251334999999998,-24.208312,0.025182733233350216,0.29338022974545497
2012.04.17_15:00:00_TAI,11462,1573,1166131.625,8.126801e+20,3.93131,-4.617896,-22.421589,-25.90394,1934.587402,-0.34329300000000007,-24.1627645,0.0288681743230004,0.3188345628835592
2012.04.17_16:00:00_TAI,11462,1573,1320634.125,1.000322e+21,4.724581,-4.222109,-22.294172,-25.965643,2134.39917,0.251236,-24.1299075,0.03553362494680552,0.3517650459640394
2012.04.17_17:00:00_TAI,11462,1573,1498678.875,1.239036e+21,5.617061,-3.793114,-22.200245,-25.966072,2331.345703,0.9119734999999998,-24.0831585,0.04401326824721453,0.3842233167537545
2012.04.17_18:00:00_TAI,11462,1573,1652236.75,1.592806e+21,6.41969,-3.297335,-22.198631,-26.032316,2500.969482,1.5611775,-24.1154735,0.05657995227238981,0.4121785920626973
2012.04.17_19:00:00_TAI,11462,1573,1786337.5,1.783903e+21,7.156624,-2.768327,-22.162399,-26.516926,2712.575928,2.1941485,-24.339662500000003,0.06336813560381678,0.4470529268402343
2012.04.17_20:00:00_TAI,11462,1573,2007862.375,1.990692e+21,7.823082,-2.304913,-22.188601,-27.001684,2956.286865,2.7590845,-24.5951425,0.07071373309055101,0.4872183233418381
2012.04.17_21:00:00_TAI,11462,1573,2079181.25,2.160886e+21,8.522391,-1.809722,-22.159388,-27.067778,3054.53125,3.3563345000000004,-24.613583,0.0767593961512421,0.5034097373430129
2012.04.17_22:00:00_TAI,11462,1573,2148314.5,2.282415e+21,9.127644,-1.278679,-22.178408,-27.097502,3103.354736,3.9244825,-24.637954999999998,0.08107637199118196,0.5114562152644386
2012.04.17_23:00:00_TAI,11462,1573,2220156.0,2.466792e+21,9.707543,-0.717306,-22.108606,-27.124559,3172.470215,4.495118499999999,-24.6165825,0.08762584622729509,0.5228469663427675
2012.04.18_00:00:00_TAI,11462,1573,2287245.0,2.548997e+21,10.411944,-0.155103,-22.070484,-27.184244,3267.524414,5.1284205,-24.627364,0.09054594759340737,0.5385126136829086
2012.04.18_01:00:00_TAI,11462,1573,2370315.75,2.593472e+21,11.112636,0.406657,-22.057266,-27.210333,3336.995605,5.7596465,-24.6337995,0.09212579685145544,0.5499619887758026
2012.04.18_02:00:00_TAI,11462,1573,2419526.25,2.686902e+21,11.786454,0.934384,-22.017651,-27.201849,3392.913574,6.360419,-24.60975,0.09544463476442751,0.5591776908862475
2012.04.18_03:00:00_TAI,11462,1573,2524555.25,2.761174e+21,12.453409,1.459636,-21.998194,-27.193323,3458.78833,6.9565225,-24.595758500000002,0.09808293862263431,0.5700343464256187
2012.04.18_04:00:00_TAI,11462,1573,2602208.5,2.80972e+21,13.098783,1.957293,-21.931461,-27.1828,3551.793213,7.528038,-24.5571305,0.09980739870315601,0.5853622510665182
2012.04.18_05:00:00_TAI,11462,1573,2642142.5,2.79128e+21,13.693718,2.4898,-21.916861,-27.170876,3593.140625,8.091759,-24.543868500000002,0.09915236957851505,0.5921766157304035
2012.04.18_06:00:00_TAI,11462,1573,2684717.5,2.91841e+21,14.247342,2.983478,-21.902332,-27.158188,3651.536377,8.61541,-24.53026,0.10366830518673657,0.601800675126184
2012.04.18_07:00:00_TAI,11462,1573,2756596.5,2.862854e+21,14.83417,3.4475,-21.889738,-27.181536,3729.752197,9.140835,-24.535637,0.10169483457672827,0.6146912308873236
2012.04.18_08:00:00_TAI,11462,1573,2790585.0,2.772219e+21,15.455548,3.94687,-21.876331,-27.232109,3816.710449,9.701209,-24.55422,0.09847528117586964,0.629022605234575
2012.04.18_09:00:00_TAI,11462,1573,2786209.0,2.786948e+21,16.032331,4.444196,-21.892792,-27.220787,3844.857666,10.238263499999999,-24.5567895,0.09899848746528593,0.6336614784223699
2012.04.18_10:00:00_TAI,11462,1573,2779598.5,2.827195e+21,16.612391,4.94577,-21.911243,-27.241896,3859.300537,10.7790805,-24.576569499999998,0.10042814891753239,0.6360417722552089
2012.04.18_11:00:00_TAI,11462,1573,2782758.5,2.896327e+21,17.245432,5.478083,-21.928867,-27.261061,3869.335205,11.3617575,-24.594964,0.10288386873557355,0.6376955610590407
2012.04.18_12:00:00_TAI,11462,1573,2817179.25,3.008017e+21,17.857208,6.008865,-21.928232,-27.279316,3895.550781,11.9330365,-24.603774,0.1068513417795621,0.6420160852731752
2012.04.18_13:00:00_TAI,11462,1573,2816658.25,2.929787e+21,18.490416,6.540925,-21.917372,-27.39776,3959.062744,12.515670499999999,-24.657566000000003,0.10407244110599038,0.6524833347445856
2012.04.18_20:00:00_TAI,11462,1573,2834587.5,3.28447e+21,22.599989,10.165448,-22.078833,-27.38728,3922.095459,16.3827185,-24.7330565,0.1166715568877165,0.6463908479736175
2012.04.18_21:00:00_TAI,11462,1573,2835868.75,3.278391e+21,23.210751,10.671272,-22.110126,-27.412066,3951.802979,16.9410115,-24.761096000000002,0.11645561751414316,0.6512868708381117
2012.04.18_22:00:00_TAI,11462,1573,2865552.25,3.395568e+21,23.845854,11.182704,-22.170334,-27.53093,3982.064209,17.514279,-24.850632,0.12061800079711786,0.6562741492776354
2012.04.18_23:00:00_TAI,11462,1573,2909859.25,3.578724e+21,24.519014,11.691966,-22.120529,-27.547318,4054.619141,18.10549,-24.8339235,0.12712410244314495,0.6682317480944948
2012.04.19_00:00:00_TAI,11462,1573,2964999.0,3.842472e+21,25.094215,12.117483,-22.096214,-27.532513,4105.230469,18.605849,-24.8143635,0.1364930081679716,0.6765728758321996
2012.04.19_01:00:00_TAI,11462,1573,3053092.5,4.074482e+21,25.720709,12.627249,-22.040535,-27.516426,4157.196289,19.173979,-24.7784805,0.14473451072805563,0.6851372340449416
2012.04.19_02:00:00_TAI,11462,1573,3221081.75,4.438423e+21,26.327904,13.135855,-21.966019,-27.521454,4233.312988,19.731879499999998,-24.743736499999997,0.1576624909152007,0.6976818388680243
2012.04.19_03:00:00_TAI,11462,1573,3393836.5,4.845013e+21,26.959848,13.678394,-21.930721,-27.50613,4288.429688,20.319121000000003,-24.7184255,0.17210545684729225,0.7067654858171966
2012.04.19_04:00:00_TAI,11462,1573,3632592.5,5.278329e+21,27.582607,14.224593,-21.901314,-27.485102,4336.752441,20.9036,-24.693208,0.18749778874387152,0.7147294391718794
2012.04.19_05:00:00_TAI,11462,1573,3882176.5,5.846445e+21,28.259916,14.744558,-21.815088,-27.400297,4418.308594,21.502237,-24.6076925,0.2076785114214487,0.7281705069496069
2012.04.19_06:00:00_TAI,11462,1573,4108549.75,6.390646e+21,28.881056,15.258654,-21.771744,-27.21279,4450.600098,22.069855,-24.492267,0.2270097210016404,0.7334923898234688
2012.04.19_07:00:00_TAI,11462,1573,4386980.0,7.000056e+21,29.53174,15.777378,-21.701637,-27.117287,4508.192871,22.654559,-24.409462,0.24865729686104643,0.7429841122371078
2012.04.19_08:00:00_TAI,11462,1573,4611438.0,7.33273e+21,30.134628,16.236319,-21.631243,-27.173822,4608.781738,23.1854735,-24.4025325,0.26047460483343293,0.759561914515641
2012.04.19_09:00:00_TAI,11462,1573,4881598.0,7.772518e+21,30.795942,16.739384,-21.524912,-27.185791,4716.67627,23.767663,-24.355351499999998,0.276096836322999,0.7773437453660759
2012.04.19_10:00:00_TAI,11462,1573,5089283.0,8.378711e+21,31.418102,17.255102,-21.494446,-27.196726,4779.178711,24.336602,-24.345586,0.29763013730746085,0.7876446180145737
2012.04.19_11:00:00_TAI,11462,1573,5281556.0,8.817198e+21,32.093906,17.77005,-21.468069,-27.203722,4854.977051,24.931978,-24.3358955,0.3132061544319967,0.8001367548785971
2012.04.19_12:00:00_TAI,11462,1573,5496056.5,9.27769e+21,32.764462,18.278486,-21.441971,-27.188078,4921.036133,25.521474,-24.3150245,0.3295638372771249,0.811023788729942
2012.04.19_13:00:00_TAI,11462,1573,5733944.0,9.759466e+21,33.384022,18.798483,-21.416958,-27.289478,5018.345703,26.091252500000003,-24.353218,0.34667757434616087,0.8270611381840233
2012.04.19_14:00:00_TAI,11462,1573,5905262.0,1.021688e+22,34.084435,19.325056,-21.406004,-27.271854,5092.07373,26.7047455,-24.338929,0.36292591990031053,0.8392120718851889
2012.04.19_15:00:00_TAI,11462,1573,6087896.5,1.070914e+22,34.724762,19.837172,-21.41301,-27.280243,5143.800781,27.280966999999997,-24.3466265,0.3804120715757855,0.8477370791698381
2012.04.19_16:00:00_TAI,11462,1573,6261322.0,1.115471e+22,35.368198,20.307629,-21.409243,-27.26082,5190.384766,27.8379135,-24.3350315,0.3962396923494445,0.855414470472756
2012.04.19_17:00:00_TAI,11462,1573,6421316.5,1.182457e+22,35.992657,20.836029,-21.384588,-27.269209,5229.397949,28.414343000000002,-24.3268985,0.42003458440107105,0.8618441366308432
2012.04.19_18:00:00_TAI,11462,1573,6593564.5,1.244694e+22,36.629066,21.364937,-21.360617,-27.250223,5269.979004,28.997001500000003,-24.305419999999998,0.4421425278014395,0.8685321998937914
2012.04.19_19:00:00_TAI,11462,1573,6745763.5,1.29658e+22,37.260609,21.909504,-21.301208,-27.239588,5347.882812,29.5850565,-24.270398,0.4605735696458651,0.8813713337292368
2012.04.19_20:00:00_TAI,11462,1573,6745815.0,1.317985e+22,37.835041,22.381908,-21.274668,-27.316536,5404.819824,30.1084745,-24.295602,0.4681770937309734,0.890754981795046
2012.04.19_21:00:00_TAI,11462,1573,6794100.5,1.362737e+22,38.414337,22.885717,-21.246977,-27.354479,5453.620117,30.650027,-24.300728,0.4840739827688976,0.8987976373355294
2012.04.19_22:00:00_TAI,11462,1573,6838364.0,1.439063e+22,38.991322,23.421392,-21.239141,-27.397907,5498.867676,31.206356999999997,-24.318524,0.5111866470678921,0.9062547755761685
2012.04.19_23:00:00_TAI,11462,1573,6912122.5,1.507686e+22,39.573009,23.885752,-21.248306,-27.475412,5568.320312,31.729380499999998,-24.361859,0.5355630373174781,0.917701092665424
2012.04.20_00:00:00_TAI,11462,1573,7034845.0,1.552616e+22,40.181656,24.376276,-21.243275,-27.519194,5622.813477,32.278966,-24.381234499999998,0.551523155847911,0.926681976354088
2012.04.20_01:00:00_TAI,11462,1573,7138152.5,1.592938e+22,40.83844,24.898832,-21.243561,-27.59849,5679.997559,32.868635999999995,-24.4210255,0.5658464120104776,0.9361063434152603
2012.04.20_02:00:00_TAI,11462,1573,7295580.0,1.625388e+22,41.459389,25.390125,-21.245611,-27.602644,5700.811523,33.424757,-24.4241275,0.5773733616279392,0.939536641321136
2012.04.20_03:00:00_TAI,11462,1573,7494113.0,1.656459e+22,42.108566,25.930243,-21.266174,-27.677315,5738.720703,34.0194045,-24.4717445,0.5884104602893921,0.9457843594764794
2012.04.20_04:00:00_TAI,11462,1573,7670291.0,1.664241e+22,42.722626,26.383017,-21.273172,-27.705822,5768.141113,34.5528215,-24.489497,0.5911747968663748,0.9506330644522833
2012.04.20_05:00:00_TAI,11462,1573,7826548.5,1.676446e+22,43.374516,26.84903,-21.270424,-27.725323,5805.547363,35.111773,-24.497873499999997,0.5955102797656388,0.9567978959587501
2012.04.20_06:00:00_TAI,11462,1573,8002823.0,1.718195e+22,43.980179,27.364637,-21.26923,-27.799391,5877.244141,35.672408,-24.5343105,0.6103404375338792,0.9686140645382402
2012.04.20_07:00:00_TAI,11462,1573,8266068.5,1.778342e+22,44.653919,27.895615,-21.267582,-27.85663,5916.444336,36.274767,-24.562106,0.6317059672300722,0.9750745516813147
2012.04.20_08:00:00_TAI,11462,1573,8319553.0,1.790275e+22,45.277985,28.386246,-21.267487,-27.927158,5945.830566,36.8321155,-24.597322499999997,0.635944829781233,0.979917623535892
2012.04.20_09:00:00_TAI,11462,1573,8309556.5,1.791489e+22,45.905697,28.886951,-21.269541,-28.008556,5979.583496,37.396324,-24.6390485,0.6363760691290172,0.9854803604127391
2012.04.20_10:00:00_TAI,11462,1573,8327138.0,1.860811e+22,46.526566,29.383373,-21.290548,-28.098425,6007.40625,37.954969500000004,-24.6944865,0.6610007594643538,0.990065759656338
2012.04.20_11:00:00_TAI,11462,1573,8341832.0,1.877438e+22,47.132927,29.882393,-21.317541,-28.102705,6000.817871,38.50766,-24.710123,0.6669070334640312,0.9889799452152823
2012.04.20_12:00:00_TAI,11462,1573,8306703.5,1.885415e+22,47.762379,30.375305,-21.337963,-28.100056,5993.856934,39.068842000000004,-24.7190095,0.6697406383052791,0.9878327304120842
2012.04.20_13:00:00_TAI,11462,1573,8382815.0,1.930053e+22,48.343021,30.855343,-21.360151,-28.107143,5977.848145,39.599182,-24.733646999999998,0.6855970320502482,0.9851943615082892
2012.04.20_14:00:00_TAI,11462,1573,8514388.0,1.99833e+22,48.923637,31.349472,-21.383316,-28.106045,5975.574707,40.1365545,-24.7446805,0.709850515533497,0.9848196818167831
2012.04.20_15:00:00_TAI,11462,1573,8604862.0,2.039941e+22,49.510265,31.846497,-21.386395,-28.105091,5982.599609,40.678381,-24.745743,0.7246316526839498,0.9859774385333597
2012.04.20_16:00:00_TAI,11462,1573,8580377.0,2.091065e+22,50.111496,32.340149,-21.369446,-28.092197,5992.954102,41.2258225,-24.730821499999998,0.7427920154649392,0.9876839369040835
2012.04.20_17:00:00_TAI,11462,1573,8530521.0,2.151907e+22,50.739346,32.80674,-21.248701,-28.087158,6054.236328,41.773043,-24.6679295,0.7644044243594107,0.9977837089376665
2012.04.20_18:00:00_TAI,11462,1573,8512809.0,2.156676e+22,51.310909,33.321213,-21.21209,-28.083241,6067.684082,42.316061000000005,-24.647665500000002,0.7660984774480292,1.0
2012.04.20_19:00:00_TAI,11462,1573,8363418.0,2.146718e+22,51.851986,33.863686,-21.184862,-28.080494,6034.931641,42.857836,-24.632678,0.7625611780862207,0.9946021512396862
2012.04.20_20:00:00_TAI,11462,1573,8224959.5,2.146275e+22,52.393291,34.390594,-21.179626,-28.077028,6002.734863,43.3919425,-24.628327,0.7624038147986851,0.9892958799234993
2012.04.20_21:00:00_TAI,11462,1573,8032301.5,2.19952e+22,52.926426,34.900944,-21.175556,-28.07192,5966.345703,43.913685,-24.623738,0.7813176031617588,0.9832986725032993
2012.04.20_22:00:00_TAI,11462,1573,7882525.0,2.254693e+22,53.464466,35.412891,-21.173679,-28.066074,5927.972656,44.4386785,-24.6198765,0.8009162592863877,0.9769745055754536
2012.04.20_23:00:00_TAI,11462,1573,7685366.5,2.253673e+22,53.993324,35.928276,-21.150278,-28.051105,5887.571777,44.9608,-24.6006915,0.8005539329810006,0.9703161366732475
2012.04.21_00:00:00_TAI,11462,1573,7589344.5,2.287752e+22,54.532341,36.443233,-21.133036,-28.022457,5846.95752,45.487787,-24.5777465,0.8126595390214774,0.9636226014708325
2012.04.21_01:00:00_TAI,11462,1573,7556981.5,2.29116e+22,55.070053,36.975368,-21.128233,-27.991428,5812.848145,46.0227105,-24.5598305,0.8138701351477118,0.9580011197755038
2012.04.21_02:00:00_TAI,11462,1573,7603737.0,2.365311e+22,55.632626,37.503857,-21.125286,-27.965883,5774.182129,46.5682415,-24.5455845,0.8402101918837486,0.9516286693516751
2012.04.21_03:00:00_TAI,11462,1573,7658642.5,2.321084e+22,56.190376,38.001678,-21.087509,-27.941164,5747.5625,47.096027,-24.5143365,0.8244997943265384,0.9472415541623778
2012.04.21_04:00:00_TAI,11462,1573,7751382.5,2.322246e+22,56.743004,38.510151,-21.078041,-27.915695,5712.944336,47.626577499999996,-24.496868,0.8249125621371852,0.9415362202108795
2012.04.21_05:00:00_TAI,11462,1573,7825079.0,2.324794e+22,57.323101,39.021465,-21.076138,-27.895512,5700.631836,48.172283,-24.485825,0.8258176674569169,0.9395070275512738
2012.04.21_06:00:00_TAI,11462,1573,7880202.5,2.320437e+22,57.934078,39.541557,-21.091969,-27.860783,5657.658203,48.7378175,-24.476376000000002,0.8242699657779252,0.9324246494282132
2012.04.21_07:00:00_TAI,11462,1573,7929723.5,2.385227e+22,58.52787,40.058228,-21.108793,-27.848495,5632.43457,49.293048999999996,-24.478644,0.8472847906073654,0.9282676048854979
2012.04.21_08:00:00_TAI,11462,1573,7881735.5,2.407387e+22,59.096115,40.520298,-21.116976,-27.837742,5590.074219,49.8082065,-24.477359,0.8551565072028336,0.9212863002513848
2012.04.21_09:00:00_TAI,11462,1573,7851728.0,2.366306e+22,59.686649,40.962078,-21.088024,-27.798674,5577.861816,50.324363500000004,-24.443348999999998,0.8405636376424351,0.9192736043306745
2012.04.21_10:00:00_TAI,11462,1573,7832885.5,2.362367e+22,60.275311,41.467865,-21.065672,-27.763632,5564.774902,50.871588,-24.414652,0.8391644187042785,0.9171167824158978
2012.04.21_11:00:00_TAI,11462,1573,7737613.0,2.38618e+22,60.852882,42.001728,-21.054928,-27.730366,5554.227539,51.427305000000004,-24.392647,0.8476233170475947,0.9153784976177012
2012.04.21_12:00:00_TAI,11462,1573,7734856.0,2.435695e+22,61.413734,42.527588,-21.033382,-27.703722,5528.456543,51.970661,-24.368552,0.8652121278429294,0.9111312435333215
2012.04.21_13:00:00_TAI,11462,1573,7694982.5,2.450118e+22,61.987152,43.058773,-21.009102,-27.685896,5489.535156,52.522962500000006,-24.347499,0.8703354928454763,0.904716706046859
2012.04.21_14:00:00_TAI,11462,1573,7629357.5,2.463793e+22,62.532459,43.570683,-20.986654,-27.707287,5447.15332,53.051571,-24.3469705,0.8751931518907394,0.8977318605230575
2012.04.21_15:00:00_TAI,11462,1573,7642842.0,2.486872e+22,63.090828,44.110813,-20.96413,-27.805435,5429.63623,53.6008205,-24.3847825,0.8833913173829241,0.8948449122635124
2012.04.21_16:00:00_TAI,11462,1573,7666273.5,2.592905e+22,63.649174,44.615757,-20.947634,-27.827425,5399.015625,54.1324655,-24.3875295,0.9210565577153834,0.8897984061194569
2012.04.21_17:00:00_TAI,11462,1573,7630406.0,2.697145e+22,64.199455,45.087204,-20.939894,-27.896587,5382.560059,54.6433295,-24.4182405,0.958084885238471,0.8870864050037733
2012.04.21_18:00:00_TAI,11462,1573,7525721.0,2.705813e+22,64.748619,45.578316,-20.945152,-27.923832,5339.022949,55.1634675,-24.434492,0.9611639483905251,0.8799111616305801
2012.04.21_19:00:00_TAI,11462,1573,7433959.0,2.683901e+22,65.274376,46.117306,-20.897587,-27.948076,5295.380371,55.695841,-24.4228315,0.9533803268183274,0.8727185363372715
2012.04.21_20:00:00_TAI,11462,1573,7257255.5,2.708119e+22,65.80764,46.655212,-20.856628,-27.952396,5233.17627,56.231426,-24.404512,0.9619830900181944,0.8624668323659769
2012.04.21_21:00:00_TAI,11462,1573,7004243.5,2.791381e+22,66.319901,47.14304,-20.847599,-27.954025,5165.064941,56.7314705,-24.400812000000002,0.991559573193821,0.8512415727645327
2012.04.21_22:00:00_TAI,11462,1573,6796722.0,2.815142e+22,66.839828,47.674072,-20.843544,-27.949072,5093.026855,57.25695,-24.396308,1.0,0.8393691540580771
2012.04.21_23:00:00_TAI,11462,1573,6609959.0,2.782903e+22,67.344574,48.210205,-20.851164,-27.969643,5014.670898,57.7773895,-24.4104035,0.988548002196692,0.8264555026647151
2012.04.22_00:00:00_TAI,11462,1573,6467950.0,2.756509e+22,67.847076,48.749146,-20.86162,-27.986542,4929.308105,58.298111000000006,-24.424081,0.9791722762119991,0.8123870719675349
2012.08.19_11:00:00_TAI,11550,1949,85637.601562,2.60898e+20,51.237919,49.584702,-11.60882,-12.435641,61.334488,50.4113105,-12.0222305,0.08714412258656694,0.08307075388101649
2012.08.19_12:00:00_TAI,11550,1949,237582.5,9.481552e+20,52.510838,49.416725,-11.231356,-12.754886,207.574249,50.963781499999996,-11.993121,0.3166990662246966,0.2811362728048832
2012.08.19_13:00:00_TAI,11550,1949,259146.703125,1.11674e+21,53.292408,49.887142,-11.161116,-12.849681,248.422058,51.589775,-12.0053985,0.3730090972614691,0.3364600946653961
2012.08.19_14:00:00_TAI,11550,1949,284152.0,1.227239e+21,54.235302,50.205338,-10.974181,-12.948394,338.411377,52.22032,-11.961287500000001,0.4099175381145728,0.4583406355214522
2012.08.19_15:00:00_TAI,11550,1949,282128.3125,1.229682e+21,54.86644,50.686359,-10.906787,-13.003047,366.354736,52.7763995,-11.954917,0.41073353935444046,0.49618681266893055
2012.08.19_16:00:00_TAI,11550,1949,283689.09375,1.316857e+21,55.424023,51.221989,-10.904545,-13.024539,367.833435,53.323006,-11.964542000000002,0.43985138957362185,0.4981895462809419
2012.08.19_17:00:00_TAI,11550,1949,304075.3125,1.432154e+21,56.194942,51.773682,-10.85515,-13.030543,388.39624,53.984312,-11.9428465,0.4783624394929903,0.5260395825159935
2012.08.19_18:00:00_TAI,11550,1949,337494.59375,1.68507e+21,57.009144,52.261929,-10.731325,-13.038105,437.85318,54.6355365,-11.884715,0.5628404458713611,0.5930235164235889
2012.08.19_19:00:00_TAI,11550,1949,371140.90625,2.010839e+21,57.921776,52.443447,-10.581933,-13.168953,558.395386,55.1826115,-11.875443,0.6716525244265945,0.7562845503609845
2012.08.19_20:00:00_TAI,11550,1949,404222.5,2.065025e+21,58.697548,52.687874,-10.443186,-13.282937,663.383911,55.692711,-11.8630615,0.6897515187710347,0.8984798503463035
2012.08.19_21:00:00_TAI,11550,1949,409049.59375,2.239394e+21,59.327648,53.139019,-10.36625,-13.338972,707.213806,56.2333335,-11.852611,0.7479935655145784,0.9578425765856713
2012.08.19_22:00:00_TAI,11550,1949,425604.40625,2.458407e+21,59.956127,53.656281,-10.356957,-13.385772,722.275696,56.806204,-11.871364499999999,0.8211474253373896,0.9782422342329797
2012.08.19_23:00:00_TAI,11550,1949,417640.1875,2.65344e+21,60.603054,54.192005,-10.348856,-13.406449,729.716187,57.397529500000005,-11.8776525,0.8862915799894985,0.988319553156958
2012.08.20_00:00:00_TAI,11550,1949,425274.5,2.762397e+21,61.248547,54.74527,-10.341765,-13.44225,738.340332,57.9969085,-11.8920075,0.9226849680747448,1.0
2012.08.20_01:00:00_TAI,11550,1949,418420.8125,2.820765e+21,61.856956,55.30024,-10.338113,-13.453063,732.133118,58.578598,-11.895588,0.9421808175911563,0.991593017838825
2012.08.20_02:00:00_TAI,11550,1949,410034.1875,2.836522e+21,62.46159,55.860912,-10.337067,-13.460603,724.303833,59.161251,-11.898835,0.9474439086826807,0.9809891206105751
2012.08.20_03:00:00_TAI,11550,1949,417340.40625,2.993868e+21,63.105862,56.43502,-10.342419,-13.461569,717.723389,59.770441000000005,-11.901994,1.0,0.9720766398550201
2012.11.04_20:00:00_TAI,11607,2178,362808.59375,4.944277e+20,31.339525,28.250631,12.957424,11.324376,326.785126,29.795077999999997,12.1409,0.06000203636278907,0.14372601268376636
2012.11.04_21:00:00_TAI,11607,2178,656096.3125,9.464813e+20,32.710693,27.982269,13.36306,10.911466,741.462952,30.346480999999997,12.137263,0.11486169844306837,0.3261088255396754
2012.11.04_22:00:00_TAI,11607,2178,745565.125,1.036625e+21,33.476322,28.413292,13.431562,10.807935,839.837219,30.944807,12.1197485,0.1258012262350516,0.36937560857740226
2012.11.04_23:00:00_TAI,11607,2178,810918.375,1.146054e+21,34.223328,28.839766,13.472305,10.724644,929.521545,31.531547000000003,12.0984745,0.13908115136291893,0.408820398289805
2012.11.05_00:00:00_TAI,11607,2178,895782.3125,1.320603e+21,34.947563,29.122419,13.595354,10.606867,1088.084473,32.034991000000005,12.1011105,0.16026381456137742,0.47855924375030223
2012.11.05_01:00:00_TAI,11607,2178,950152.625,1.519718e+21,35.812412,29.614145,13.731081,10.578602,1219.295044,32.7132785,12.1548415,0.18442772259156412,0.5362680275698885
2012.11.05_02:00:00_TAI,11607,2178,1086183.875,1.806224e+21,36.77309,29.908909,13.978727,10.48491,1491.996704,33.3409995,12.2318185,0.21919710025822245,0.6562071530857914
2012.11.05_03:00:00_TAI,11607,2178,1122367.875,1.898405e+21,37.37923,30.43376,14.068536,10.456261,1549.578125,33.906495,12.2623985,0.23038386773496022,0.6815325041698407
2012.11.05_04:00:00_TAI,11607,2178,1180285.375,2.229393e+21,38.06506,30.933313,14.076963,10.431553,1590.534546,34.4991865,12.254258,0.2705514271408083,0.6995458793689545
2012.11.05_05:00:00_TAI,11607,2178,1271309.0,2.491391e+21,38.817223,31.448273,14.127584,10.402702,1663.870605,35.132748,12.265143,0.30234659865522384,0.7318004053782302
2012.11.05_06:00:00_TAI,11607,2178,1331177.875,2.586891e+21,39.42028,31.985706,14.173629,10.384064,1701.716797,35.702993,12.2788465,0.31393614849769097,0.7484458455731559
2012.11.05_07:00:00_TAI,11607,2178,1399551.375,2.619455e+21,40.142025,32.41301,14.208892,10.357554,1773.476562,36.2775175,12.283223,0.3178880029591579,0.7800070889529237
2012.11.05_08:00:00_TAI,11607,2178,1466528.875,2.793774e+21,40.833961,32.797062,14.240328,10.358704,1839.816406,36.8155115,12.299516,0.3390427541527602,0.8091845529853077
2012.11.05_09:00:00_TAI,11607,2178,1509013.0,2.967542e+21,41.475567,33.282089,14.292231,10.300918,1922.098999,37.378828,12.296574499999998,0.36013063789125044,0.8453739265652154
2012.11.05_10:00:00_TAI,11607,2178,1540085.25,3.113361e+21,42.137951,33.747944,14.299178,10.27506,1971.550293,37.9429475,12.287119,0.3778267276135406,0.8671235006528458
2012.11.05_11:00:00_TAI,11607,2178,1559849.75,3.267658e+21,42.753605,34.252274,14.308441,10.248302,1993.060547,38.5029395,12.2783715,0.3965516781061389,0.8765840996619789
2012.11.05_12:00:00_TAI,11607,2178,1594147.125,3.219008e+21,43.436218,34.78828,14.302693,10.203739,2031.576782,39.112249,12.253216,0.3906476822963376,0.8935242368949721
2012.11.05_13:00:00_TAI,11607,2178,1612209.75,3.431691e+21,44.149811,35.230423,14.292338,10.176149,2076.200928,39.690117,12.234243500000002,0.41645815589995466,0.9131507439288272
2012.11.05_14:00:00_TAI,11607,2178,1624074.125,3.382097e+21,44.788296,35.712845,14.273784,10.124836,2112.186768,40.2505705,12.19931,0.41043959951370007,0.9289779676448662
2012.11.05_15:00:00_TAI,11607,2178,1614098.125,3.37734e+21,45.381149,36.246918,14.249824,10.098469,2108.924561,40.8140335,12.174146499999999,0.40986230643934807,0.9275431899657282
2012.11.05_16:00:00_TAI,11607,2178,1614110.75,3.456077e+21,45.987183,36.790428,14.224033,10.075349,2105.702881,41.388805500000004,12.149691,0.41941755655396934,0.9261262367946619
2012.11.05_17:00:00_TAI,11607,2178,1660424.5,3.73858e+21,46.57233,37.244019,14.198688,10.07381,2101.339844,41.9081745,12.136249,0.45370114397958683,0.9242072941583261
2012.11.05_18:00:00_TAI,11607,2178,1658953.25,4.137748e+21,47.200439,37.790558,14.167416,10.049753,2101.88501,42.4954985,12.1085845,0.5021427924771564,0.9244470680317268
2012.11.05_19:00:00_TAI,11607,2178,1655962.625,4.143647e+21,47.875736,38.22298,14.138091,10.022467,2131.928467,43.049358,12.080279,0.5028586747234466,0.9376607241570861
2012.11.05_20:00:00_TAI,11607,2178,1660491.75,4.135906e+21,48.500107,38.768456,14.088874,9.994234,2125.688232,43.6342815,12.041554000000001,0.5019192537252212,0.9349161558661789
2012.11.05_21:00:00_TAI,11607,2178,1706769.25,4.208498e+21,49.075153,39.258747,14.049063,9.967696,2124.330811,44.16695,12.0083795,0.5107287678840103,0.9343191375433093
2012.11.05_22:00:00_TAI,11607,2178,1745667.375,4.451976e+21,49.650806,39.812546,14.101974,9.971016,2138.837891,44.731676,12.036495,0.5402764162247873,0.9406996138814046
2012.11.05_23:00:00_TAI,11607,2178,1789487.125,4.790342e+21,50.238037,40.327763,14.221297,9.953101,2195.773193,45.2829,12.087199,0.5813393442038052,0.9657407901355712
2012.11.06_00:00:00_TAI,11607,2178,1790913.625,5.126063e+21,50.854912,40.788971,14.281371,9.950698,2226.833496,45.821941499999994,12.1160345,0.6220812841269768,0.9794016735349572
2012.11.06_01:00:00_TAI,11607,2178,1775229.25,5.050715e+21,51.411404,41.256832,14.286023,9.953059,2238.626709,46.334118000000004,12.119541,0.6129373113360845,0.9845885420499592
2012.11.06_02:00:00_TAI,11607,2178,1755484.5,4.883174e+21,51.985569,41.783169,14.282976,9.926051,2244.977295,46.884369,12.1045135,0.5926051147899403,0.9873816447078364
2012.11.06_03:00:00_TAI,11607,2178,1782405.75,5.081764e+21,52.539825,42.194923,14.279713,9.897023,2264.828613,47.367374,12.088368,0.6167053106351292,0.9961126136401784
2012.11.06_04:00:00_TAI,11607,2178,1797503.0,5.422624e+21,53.104507,42.640678,14.269908,9.859666,2273.667236,47.872592499999996,12.064786999999999,0.6580709018320227,1.0
2012.11.06_05:00:00_TAI,11607,2178,1838690.5,5.802189e+21,53.665913,43.152912,14.244585,9.832513,2265.164307,48.4094125,12.038549,0.7041335980200437,0.9962602579368832
2012.11.06_06:00:00_TAI,11607,2178,1858321.25,5.96218e+21,54.21949,43.629696,14.242218,9.80922,2270.76123,48.924593,12.025718999999999,0.7235495526676474,0.9987218859673097
2012.11.06_07:00:00_TAI,11607,2178,1871625.25,5.963803e+21,54.75079,44.154636,14.269126,9.781101,2268.511719,49.452713,12.0251135,0.7237465143366979,0.9977325103170903
2012.11.06_08:00:00_TAI,11607,2178,1817783.625,5.587667e+21,55.295643,44.695232,14.273542,9.753887,2254.877686,49.995437499999994,12.0137145,0.67809994973412,0.9917360158502984
2012.11.06_09:00:00_TAI,11607,2178,1793000.0,5.624823e+21,55.829887,45.242428,14.272231,9.750986,2233.153076,50.5361575,12.0116085,0.6826090734403681,0.9821811391928772
2012.11.06_10:00:00_TAI,11607,2178,1763459.75,5.854842e+21,56.360729,45.768284,14.263663,9.745625,2213.803467,51.0645065,12.004643999999999,0.7105233840708859,0.9736708309588362
2012.11.06_11:00:00_TAI,11607,2178,1772952.25,5.950238e+21,56.899746,46.315678,14.245043,9.71595,2194.599121,51.607712,11.980496500000001,0.7221003128328961,0.9652244120212147
2012.11.06_12:00:00_TAI,11607,2178,1752041.625,6.069323e+21,57.452442,46.857178,14.219635,9.684085,2175.470459,52.15481,11.95186,0.7365520567385525,0.956811280276548
2012.11.06_13:00:00_TAI,11607,2178,1742889.25,6.177574e+21,58.062466,47.402317,14.205568,9.655745,2173.261963,52.7323915,11.9306565,0.749689023858939,0.9558399437656321
2012.11.06_14:00:00_TAI,11607,2178,1722924.125,6.345192e+21,58.624863,47.948627,14.176857,9.630559,2156.744385,53.286744999999996,11.903708,0.7700305648588829,0.9485752140204566
2012.11.06_15:00:00_TAI,11607,2178,1705501.125,6.359582e+21,59.262802,48.498055,14.135986,9.60634,2145.712646,53.8804285,11.871163,0.7717768855105385,0.9437232555520716
2012.11.06_16:00:00_TAI,11607,2178,1693119.375,6.686136e+21,59.856121,49.066338,14.086613,9.604793,2112.888916,54.4612295,11.845703,0.8114063500053761,0.9292867850429807
2012.11.06_17:00:00_TAI,11607,2178,1677998.75,7.102093e+21,60.450542,49.622692,14.02945,9.608323,2077.375,55.036617,11.818886500000001,0.8618854535009056,0.9136671220431837
2012.11.06_18:00:00_TAI,11607,2178,1690637.75,7.326754e+21,61.048794,50.175358,13.969973,9.623046,2041.331665,55.612076,11.796509499999999,0.8891495357748166,0.8978146109855806
2012.11.06_19:00:00_TAI,11607,2178,1689527.25,7.235736e+21,61.637173,50.71949,13.923126,9.617986,2021.999878,56.1783315,11.770556,0.8781039059574169,0.8893121411896883
2012.11.06_20:00:00_TAI,11607,2178,1711659.75,7.357263e+21,62.239117,51.234715,13.866076,9.590869,2013.601562,56.736916,11.728472499999999,0.8928520025407206,0.8856184098172932
2012.11.06_21:00:00_TAI,11607,2178,1701791.875,7.555094e+21,62.910278,51.727169,13.827951,9.58677,2014.57666,57.318723500000004,11.7073605,0.916860088769884,0.8860472755653502
2012.11.06_22:00:00_TAI,11607,2178,1676429.375,7.82723e+21,63.517654,52.256985,13.828859,9.581628,2004.452637,57.887319500000004,11.7052435,0.9498855729157438,0.8815945470219197
2012.11.06_23:00:00_TAI,11607,2178,1641398.75,8.100388e+21,64.118736,52.79702,13.834825,9.549359,1999.292358,58.457878,11.692092,0.9830350834483996,0.8793249629252256
2012.11.07_00:00:00_TAI,11607,2178,1613432.875,8.240182e+21,64.681808,53.355766,13.831912,9.539167,1975.066895,59.018787,11.6855395,1.0,0.8686701658571114
2012.11.07_01:00:00_TAI,11607,2178,1582628.375,8.076726e+21,65.254417,53.913696,13.82857,9.537785,1942.711304,59.5840565,11.6831775,0.9801635449314104,0.8544395913527604
2012.09.14_21:00:00_TAI,11572,2036,4515.200195,7.939766e+18,53.56184,53.031403,16.059763,15.805226,6.576669,53.2966215,15.9324945,0.0028046414298017125,0.008694556659013093
2012.09.14_22:00:00_TAI,11572,2036,323504.8125,1.197396e+21,55.780045,51.797806,17.060661,14.938615,372.497345,53.788925500000005,15.999638000000001,0.42296793500952684,0.4924528315830472
2012.09.14_23:00:00_TAI,11572,2036,351242.6875,1.481796e+21,56.680958,52.057171,17.269957,14.84649,486.758057,54.36906449999999,16.0582235,0.5234293368487759,0.6435089717633082
2012.09.15_00:00:00_TAI,11572,2036,411160.8125,1.748813e+21,57.554539,52.439045,17.489685,14.795695,588.957581,54.996792,16.14269,0.6177503710784199,0.7786198541784288
2012.09.15_01:00:00_TAI,11572,2036,443992.8125,1.975828e+21,58.373962,52.747746,17.708267,14.765985,698.390015,55.560854,16.237126,0.6979411064459906,0.923292863835249
2012.09.15_02:00:00_TAI,11572,2036,470127.1875,2.18994e+21,58.997799,53.256149,17.77553,14.717694,731.648499,56.126974000000004,16.246612,0.7735739885507913,0.9672615923102386
2012.09.15_03:00:00_TAI,11572,2036,463302.8125,2.279142e+21,59.600876,53.792187,17.77767,14.665613,740.177673,56.6965315,16.2216415,0.8050836860432832,0.9785374200275194
2012.09.15_04:00:00_TAI,11572,2036,475484.3125,2.297245e+21,60.233059,54.350704,17.815767,14.664931,748.693298,57.2918815,16.240349000000002,0.8114783863157724,0.9897953355542713
2012.09.15_05:00:00_TAI,11572,2036,476048.09375,2.260658e+21,60.856133,54.857468,17.834103,14.669776,751.855286,57.8568005,16.2519395,0.7985544014033511,0.9939755799638834
2012.09.15_06:00:00_TAI,11572,2036,464526.8125,2.428704e+21,61.445957,55.348812,17.878128,14.677062,756.412231,58.3973845,16.277594999999998,0.8579149384408984,1.0
2012.09.15_08:00:00_TAI,11572,2036,447587.90625,2.830938e+21,62.562347,56.458469,17.876402,14.694865,728.97467,59.510408,16.2856335,1.0,0.9637267089616904
2012.04.29_05:00:00_TAI,11472,1628,202546.59375,6.53439e+20,-50.527252,-53.915123,-27.498999,-28.935013,189.128448,-52.2211875,-28.217006,0.09276047293944994,0.034721250394257774
2012.04.29_06:00:00_TAI,11472,1628,352949.6875,1.074084e+21,-49.342026,-53.998581,-27.315489,-29.19795,343.833954,-51.6703035,-28.2567195,0.15247412507777489,0.0631229460037747
2012.04.29_07:00:00_TAI,11472,1628,435430.6875,1.397568e+21,-48.200291,-53.820133,-27.119419,-29.412151,505.856384,-51.010211999999996,-28.265785,0.19839505852121034,0.0928679231397162
2012.04.29_08:00:00_TAI,11472,1628,567352.625,1.845332e+21,-46.934132,-53.765041,-26.881849,-29.816931,801.325378,-50.3495865,-28.34939,0.2619584522048745,0.14711176129786283
2012.04.29_09:00:00_TAI,11472,1628,708949.3125,2.449701e+21,-45.777138,-53.685219,-26.575945,-30.01086,1095.596313,-49.7311785,-28.2934025,0.3477530776709738,0.20113565313399398
2012.04.29_10:00:00_TAI,11472,1628,785812.375,2.542523e+21,-44.971947,-53.324432,-26.494108,-30.037512,1208.723145,-49.1481895,-28.265810000000002,0.36092984339690326,0.221904104954532
2012.04.29_11:00:00_TAI,11472,1628,863650.125,2.478852e+21,-44.297714,-52.903412,-26.456802,-30.142387,1302.991577,-48.600563,-28.299594499999998,0.35189127656430264,0.23921042701426817
2012.04.29_12:00:00_TAI,11472,1628,979167.1875,2.839105e+21,-43.557167,-52.54491,-26.430691,-30.232733,1419.349731,-48.051038500000004,-28.331712,0.40303184004131526,0.2605721028656325
2012.04.29_13:00:00_TAI,11472,1628,1077747.875,3.149062e+21,-42.768425,-52.019409,-26.349777,-30.29845,1532.652466,-47.393917,-28.3241135,0.44703251632616064,0.28137284793540235
2012.04.29_14:00:00_TAI,11472,1628,1163200.25,3.62633e+21,-42.189346,-51.502197,-26.328131,-30.323172,1574.060425,-46.8457715,-28.3256515,0.5147842198499255,0.28897475091698954
2012.04.29_15:00:00_TAI,11472,1628,1286403.25,4.056808e+21,-41.461628,-51.28183,-26.160826,-30.412348,1755.6521,-46.371729,-28.286587,0.5758937386726901,0.32231235868495306
2012.04.29_16:00:00_TAI,11472,1628,1429330.0,4.361109e+21,-40.71854,-50.803711,-26.079832,-30.474703,1889.817383,-45.7611255,-28.2772675,0.6190915041503362,0.3469431661310093
2012.04.29_17:00:00_TAI,11472,1628,1563384.75,4.330727e+21,-39.982552,-50.520329,-25.974478,-30.587643,2069.4104,-45.2514405,-28.281060500000002,0.6147785557514094,0.37991384916816506
2012.04.29_18:00:00_TAI,11472,1628,1650177.0,4.492218e+21,-39.270969,-50.051193,-25.946465,-30.616064,2157.481689,-44.661080999999996,-28.2812645,0.6377033911766973,0.3960824653137067
2012.04.29_19:00:00_TAI,11472,1628,1670800.625,4.643561e+21,-38.610847,-49.586319,-25.937212,-30.642262,2231.537109,-44.098583000000005,-28.289737,0.6591876433503128,0.4096779704218114
2012.04.29_20:00:00_TAI,11472,1628,1768626.625,5.033335e+21,-37.841339,-49.079338,-25.871138,-30.663157,2342.948486,-43.4603385,-28.2671475,0.7145189299424831,0.430131489490429
2012.04.29_21:00:00_TAI,11472,1628,1765500.25,5.053455e+21,-37.166,-48.576481,-25.860001,-30.684986,2414.306641,-42.8712405,-28.2724935,0.7173751119511201,0.4432318157164829
2012.04.29_22:00:00_TAI,11472,1628,1849252.625,5.233455e+21,-36.54425,-48.20047,-25.85099,-30.676777,2478.95752,-42.37236,-28.2638835,0.7429274360840552,0.45510078298029644
2012.04.29_23:00:00_TAI,11472,1628,1948773.25,5.515405e+21,-35.969189,-47.702385,-25.84186,-30.664185,2523.696777,-41.835786999999996,-28.2530225,0.7829523126911722,0.46331426414178756
2012.04.30_00:00:00_TAI,11472,1628,2007070.375,5.515003e+21,-35.331711,-47.25885,-25.756962,-30.660114,2613.330811,-41.295280500000004,-28.208538,0.782895245833942,0.47976977768970924
2012.04.30_01:00:00_TAI,11472,1628,2149732.75,5.722364e+21,-34.693394,-46.839657,-25.733158,-30.664867,2688.837891,-40.7665255,-28.199012500000002,0.8123316651924395,0.493631786599227
2012.04.30_02:00:00_TAI,11472,1628,2262223.75,6.028539e+21,-34.091568,-46.380909,-25.667654,-30.690594,2771.90918,-40.2362385,-28.179124,0.8557954587557807,0.5088824749882247
2012.04.30_03:00:00_TAI,11472,1628,2315135.5,6.211517e+21,-33.409111,-45.928093,-25.60268,-30.712742,2871.836426,-39.668602,-28.157711,0.8817705318957596,0.5272276735359047
2012.04.30_04:00:00_TAI,11472,1628,2377809.0,6.169466e+21,-32.806656,-45.449661,-25.585201,-30.729534,2935.843506,-39.1281585,-28.1573675,0.875801083106237,0.5389784486053713
2012.04.30_05:00:00_TAI,11472,1628,2468986.75,6.00008e+21,-32.164551,-44.905453,-25.574245,-30.743649,3003.809326,-38.535002000000006,-28.158947,0.8517554943530072,0.5514559911402259
2012.04.30_06:00:00_TAI,11472,1628,2525915.5,5.843942e+21,-31.487827,-44.384525,-25.583828,-30.748346,3070.619141,-37.936175999999996,-28.166087,0.8295905566559616,0.56372130785984
2012.04.30_07:00:00_TAI,11472,1628,2595161.5,6.027505e+21,-30.892422,-43.913857,-25.577936,-30.737431,3121.904053,-37.4031395,-28.1576835,0.8556486748493726,0.5731364767031832
2012.04.30_08:00:00_TAI,11472,1628,2678104.75,6.22448e+21,-30.320515,-43.468513,-25.594429,-30.721382,3168.704834,-36.894514,-28.1579055,0.8836107251053997,0.5817284238847507
2012.04.30_09:00:00_TAI,11472,1628,2692363.0,6.337191e+21,-29.740944,-43.001625,-25.60528,-30.709454,3235.507812,-36.3712845,-28.157367,0.8996108806906623,0.5939924854299503
2012.04.30_10:00:00_TAI,11472,1628,2731372.0,6.486584e+21,-29.146225,-42.506485,-25.618738,-30.699915,3300.608398,-35.826355,-28.1593265,0.9208183160195044,0.6059440124012863
2012.04.30_11:00:00_TAI,11472,1628,2839823.0,6.545098e+21,-28.455236,-41.985756,-25.637598,-30.674822,3363.679443,-35.220496,-28.15621,0.9291248087656964,0.6175229449692334
2012.04.30_12:00:00_TAI,11472,1628,2916871.5,6.602775e+21,-27.792892,-41.466263,-25.639683,-30.663416,3462.860596,-34.629577499999996,-28.1515495,0.9373124832046702,0.635731171622181
2012.04.30_13:00:00_TAI,11472,1628,3024352.5,6.700603e+21,-27.179991,-41.014244,-25.624859,-30.732098,3569.054932,-34.097117499999996,-28.1784785,0.9511998874562079,0.6552269173426128
2012.04.30_14:00:00_TAI,11472,1628,3120442.0,6.94414e+21,-26.477947,-40.517071,-25.611139,-30.754709,3673.010742,-33.497509,-28.182924,0.9857717561360002,0.6743117020332158
2012.04.30_15:00:00_TAI,11472,1628,3238011.0,7.044369e+21,-25.837664,-40.04002,-25.608692,-30.776094,3771.488525,-32.938842,-28.192393000000003,1.0,0.6923908001169392
2012.04.30_16:00:00_TAI,11472,1628,3317420.75,6.983445e+21,-25.170481,-39.599976,-25.615751,-30.795937,3875.017334,-32.3852285,-28.205844,0.9913513900251393,0.7113971935935477
2012.04.30_17:00:00_TAI,11472,1628,3345229.25,6.85123e+21,-24.518419,-39.103924,-25.591528,-30.815308,3964.37085,-31.8111715,-28.203418,0.9725824981627169,0.7278012080897873
2012.05.17_18:00:00_TAI,11487,1680,143292.703125,3.448869e+20,-36.282417,-38.939053,22.935574,21.41176,203.657471,-37.610735000000005,22.173667000000002,0.1832244693912137,0.04727886968005817
2012.05.17_19:00:00_TAI,11487,1680,178365.09375,4.132595e+20,-35.44788,-38.688641,23.159674,21.327078,301.042847,-37.068260499999994,22.243375999999998,0.21954806810110297,0.06988678324217573
2012.05.17_20:00:00_TAI,11487,1680,195482.203125,4.583351e+20,-34.722092,-38.168308,23.151098,21.249733,333.608856,-36.4452,22.2004155,0.2434949123926391,0.07744694829750337
2012.05.17_21:00:00_TAI,11487,1680,198780.796875,4.599649e+20,-34.120682,-37.620926,23.169678,21.240194,345.322266,-35.870804,22.204936,0.24436075925494033,0.08016620422354348
2012.05.17_22:00:00_TAI,11487,1680,199031.90625,4.268948e+20,-33.528744,-37.052086,23.163364,21.233711,350.840302,-35.290415,22.1985375,0.22679195184238166,0.08144721053110913
2012.05.17_23:00:00_TAI,11487,1680,199207.203125,4.337809e+20,-32.981724,-36.478657,23.159138,21.231058,350.161041,-34.7301905,22.195098,0.23045025843122235,0.08128952079775413
2012.05.18_00:00:00_TAI,11487,1680,200820.0,4.444456e+20,-32.435863,-35.907089,23.128216,21.227478,346.87146,-34.171476,22.177847,0.23611598246630885,0.08052584799637187
2012.05.18_01:00:00_TAI,11487,1680,197476.59375,4.193029e+20,-31.894249,-35.319855,23.123568,21.224518,343.13562,-33.607051999999996,22.174042999999998,0.22275868224248918,0.0796585766331448
2012.05.18_02:00:00_TAI,11487,1680,199680.296875,4.104953e+20,-31.365459,-34.718369,23.117376,21.221628,335.796173,-33.041914000000006,22.169502,0.21807956037207296,0.07795473165985288
2012.05.18_03:00:00_TAI,11487,1680,207064.5,4.257077e+20,-30.751854,-34.120537,23.111938,21.217913,336.730743,-32.4361955,22.1649255,0.22616129359582515,0.07817169111152403
2012.05.18_04:00:00_TAI,11487,1680,207342.90625,3.997265e+20,-30.181719,-33.525723,23.078869,21.214607,330.639465,-31.853721,22.146738,0.212358532214784,0.07675760727098077
2012.05.18_05:00:00_TAI,11487,1680,214993.703125,2.987748e+20,-29.616812,-32.906631,23.073368,21.077044,339.752106,-31.2617215,22.075206,0.1587269745457598,0.07887309738369143
2012.05.18_06:00:00_TAI,11487,1680,233503.0,2.839208e+20,-29.039387,-32.254726,23.037365,20.973717,354.975555,-30.647056499999998,22.005541,0.1508356447552195,0.0824072052060949
2012.05.18_07:00:00_TAI,11487,1680,228879.5,3.03828e+20,-28.443975,-31.65243,23.029011,20.967146,355.160492,-30.0482025,21.9980785,0.16141153545174863,0.08245013813793918
2012.05.18_08:00:00_TAI,11487,1680,220641.59375,3.082952e+20,-27.886389,-31.033955,22.995861,20.964361,351.467041,-29.460172,21.980111,0.16378477824428272,0.08159270733689246
2012.05.18_09:00:00_TAI,11487,1680,215829.796875,2.936541e+20,-27.329184,-30.438879,22.989729,20.960606,347.132416,-28.8840315,21.975167499999998,0.15600655361816992,0.08058642865985378
2012.05.18_10:00:00_TAI,11487,1680,381724.09375,4.987172e+20,-21.44696,-29.850512,22.978159,19.88056,618.538635,-25.648736,21.4293595,0.2649482898488513,0.1435930995934152
2012.05.18_11:00:00_TAI,11487,1680,434132.8125,5.722359e+20,-20.852962,-29.270441,22.935335,19.872627,654.937012,-25.0617015,21.403981,0.304005803479644,0.152042944886587
2012.05.18_12:00:00_TAI,11487,1680,490968.0,5.716568e+20,-19.70867,-28.664946,22.893061,19.667952,735.954956,-24.186808,21.2805065,0.30369815105728626,0.17085117616488987
2012.05.18_13:00:00_TAI,11487,1680,500757.0,6.516271e+20,-19.156424,-28.070278,22.847328,19.659567,742.190796,-23.613351,21.2534475,0.3461831389897249,0.17229881992309842
2012.05.18_14:00:00_TAI,11487,1680,482090.5,6.291594e+20,-18.575665,-27.434521,22.741293,19.654404,729.621643,-23.005093000000002,21.1978485,0.33424695814046396,0.16938090415129886
2012.05.18_15:00:00_TAI,11487,1680,464473.5,5.779642e+20,-18.051193,-26.685183,22.594772,19.648088,700.067444,-22.368188,21.12143,0.3070490177276009,0.16251992764914294
2012.05.18_16:00:00_TAI,11487,1680,480534.09375,5.463133e+20,-17.226282,-26.120567,22.585785,19.573359,744.920288,-21.673424500000003,21.079572,0.2902341739099483,0.17293246864674758
2012.05.18_17:00:00_TAI,11487,1680,479423.40625,4.959381e+20,-16.647638,-25.582781,22.545938,19.568403,748.315979,-21.1152095,21.057170499999998,0.2634718663520902,0.17372077477406242
2012.05.18_18:00:00_TAI,11487,1680,460320.1875,4.448092e+20,-16.105129,-25.028727,22.54001,19.565235,740.394531,-20.566928,21.0526225,0.23630914844933298,0.17188181887506987
2012.05.18_19:00:00_TAI,11487,1680,455348.8125,4.744762e+20,-15.535881,-24.485937,22.53438,19.56131,736.451416,-20.010908999999998,21.047845,0.2520700263876633,0.17096642883657487
2012.05.18_20:00:00_TAI,11487,1680,466453.0,5.253946e+20,-14.930896,-23.946587,22.66523,19.558306,770.220215,-19.4387415,21.111768,0.27912091414898327,0.17880582033708642
2012.05.18_21:00:00_TAI,11487,1680,476571.40625,4.783646e+20,-14.260008,-23.406647,22.663673,19.524017,805.181274,-18.8333275,21.093845,0.2541357761357135,0.18692199375425425
2012.05.18_22:00:00_TAI,11487,1680,520864.3125,5.224205e+20,-13.588775,-22.941425,22.762884,19.494766,889.469116,-18.2651,21.128825,0.2775408950342636,0.20648932844599915
2012.05.18_23:00:00_TAI,11487,1680,547399.8125,5.308647e+20,-12.986478,-22.572802,22.932604,19.497217,941.85022,-17.77964,21.214910500000002,0.28202695717357157,0.21864954715810117
2012.05.19_00:00:00_TAI,11487,1680,547629.6875,5.264606e+20,-12.354855,-22.044199,22.933262,19.500469,964.271545,-17.199527,21.216865499999997,0.2796872368604897,0.2238546343936646
2012.05.19_01:00:00_TAI,11487,1680,546130.125,4.99818e+20,-11.792802,-21.50849,22.936213,19.505167,971.499573,-16.650646,21.220689999999998,0.26553310039371647,0.22553261356220594
2012.05.19_02:00:00_TAI,11487,1680,540689.1875,4.583839e+20,-11.23038,-21.044147,22.94034,19.511749,982.773682,-16.1372635,21.2260445,0.2435208378601077,0.22814988621885093
2012.05.19_03:00:00_TAI,11487,1680,539909.3125,4.432982e+20,-10.572178,-20.518499,22.944441,19.484901,1003.489624,-15.5453385,21.214671000000003,0.23550641522504956,0.2329590705679861
2012.05.19_04:00:00_TAI,11487,1680,553592.125,4.302332e+20,-10.008313,-19.992887,23.08268,19.459133,1023.920288,-15.000599999999999,21.270906500000002,0.22856550882183096,0.23770202792668302
2012.05.19_05:00:00_TAI,11487,1680,547534.6875,4.568571e+20,-9.452755,-19.434624,23.118769,19.466129,1017.597229,-14.4436895,21.292448999999998,0.2427097107344717,0.23623413636850726
2012.05.19_06:00:00_TAI,11487,1680,574190.875,3.952492e+20,-8.895999,-18.92256,23.186556,19.500193,1023.757874,-13.9092795,21.3433745,0.20997992370049923,0.23766432368581958
2012.05.19_07:00:00_TAI,11487,1680,587919.8125,3.918509e+20,-8.369589,-18.478079,23.322485,19.504356,1010.81012,-13.423834,21.4134205,0.2081745442722514,0.23465851608637506
2012.05.19_08:00:00_TAI,11487,1680,563612.3125,4.163415e+20,-7.845749,-17.95619,23.323635,19.509073,973.430115,-12.900969499999999,21.416354,0.22118541012442633,0.2259807868758669
2012.05.19_09:00:00_TAI,11487,1680,540833.1875,3.890007e+20,-7.324894,-17.43191,23.323446,19.51227,963.219727,-12.378402,21.417858000000003,0.20666034821940385,0.22361045594096673
2012.05.19_10:00:00_TAI,11487,1680,546227.0,3.818684e+20,-6.834047,-16.920557,23.389889,19.515284,1002.414673,-11.877302,21.452586500000002,0.20287124552214583,0.23270952181344295
2012.05.19_11:00:00_TAI,11487,1680,564991.3125,4.003034e+20,-6.385283,-16.418936,23.521088,19.54685,1086.606812,-11.4021095,21.533969,0.21266501586606734,0.25225463915346114
2012.05.19_12:00:00_TAI,11487,1680,551339.0,3.786381e+20,-5.92676,-15.901441,23.519026,19.581697,1099.838867,-10.9141005,21.5503615,0.2011551177032161,0.2553264469338119
2012.05.19_13:00:00_TAI,11487,1680,535975.6875,3.389767e+20,-5.374003,-15.384498,23.547871,19.742277,1100.646362,-10.379250500000001,21.645074,0.18008461902578682,0.2555139060566461
2012.05.19_14:00:00_TAI,11487,1680,357629.3125,3.588958e+20,-10.90739,-14.877177,23.61203,20.160593,777.532593,-12.8922835,21.886311499999998,0.19066683171130933,0.18050338127023444
2012.05.19_15:00:00_TAI,11487,1680,540469.125,3.445553e+20,-4.296645,-14.361504,23.608076,19.773928,1143.589111,-9.3290745,21.691002,0.18304830371472636,0.2654830204903339
2012.05.19_16:00:00_TAI,11487,1680,554044.5,3.547249e+20,-3.775894,-13.846397,23.604258,19.773371,1177.634521,-8.8111455,21.6888145,0.18845100113211416,0.27338662694626475
2012.05.19_17:00:00_TAI,11487,1680,563542.1875,3.33072e+20,-3.222696,-13.271235,23.60161,19.806158,1197.216309,-8.2469655,21.703884000000002,0.17694769058804594,0.27793251862609675
2012.05.19_18:00:00_TAI,11487,1680,568726.8125,3.189781e+20,-2.636874,-12.723392,23.598755,19.806482,1211.339478,-7.6801330000000005,21.7026185,0.169460171203712,0.2812111975930002
2012.05.19_19:00:00_TAI,11487,1680,570952.8125,4.309851e+20,-2.084434,-12.147274,23.598568,19.809532,1264.997314,-7.115854,21.704050000000002,0.2289649628994873,0.29366780830853795
2012.05.19_20:00:00_TAI,11487,1680,585675.375,3.760139e+20,-1.531348,-11.54089,23.598621,19.812967,1315.272461,-6.536118999999999,21.705794,0.19976098631528452,0.3053391312975128
2012.05.19_21:00:00_TAI,11487,1680,572676.8125,3.408581e+20,-1.012021,-10.948549,23.567276,19.817802,1327.694824,-5.980285,21.692539,0.18108413079823346,0.3082229699237686
2012.05.19_22:00:00_TAI,11487,1680,379362.8125,3.269627e+20,-5.962022,-10.369583,23.505531,19.866087,943.475464,-8.1658025,21.685809,0.17370206644038552,0.2190268458591849
2012.05.19_23:00:00_TAI,11487,1680,378627.40625,2.650699e+20,-5.354053,-9.771536,23.475458,19.742304,959.871094,-7.5627945,21.608881,0.14082092355227782,0.2228330742793171
2012.05.20_00:00:00_TAI,11487,1680,387150.1875,2.398148e+20,-4.765267,-9.199835,23.481098,19.651838,971.322388,-6.982551,21.566468,0.12740390975174773,0.22549148024908403
2012.05.20_01:00:00_TAI,11487,1680,379890.40625,2.656931e+20,-4.237756,-8.628674,23.455259,19.626663,978.552979,-6.433215000000001,21.540961000000003,0.14115200452208154,0.2271700544154047
2012.05.20_02:00:00_TAI,11487,1680,432431.5,2.769318e+20,-3.685175,-8.123412,25.612656,19.635632,1014.140808,-5.9042935,22.624144,0.1471226715556715,0.2354317318349735
2012.05.20_03:00:00_TAI,11487,1680,485496.3125,4.020505e+20,-3.161909,-7.594951,25.725632,19.645102,1062.515381,-5.37843,22.685367,0.21359317947701745,0.24666183855026047
2012.05.20_04:00:00_TAI,11487,1680,545018.5,4.817149e+20,-2.611294,-7.253241,25.801651,19.488888,1147.540405,-4.9322675,22.645269499999998,0.2559156551041561,0.2664003092751563
2012.05.20_05:00:00_TAI,11487,1680,606461.3125,5.61351e+20,-2.121884,-6.744555,25.811998,19.335556,1225.800781,-4.4332195,22.573777,0.2982230960852013,0.28456837401566537
2012.05.20_06:00:00_TAI,11487,1680,669880.3125,6.501546e+20,-1.734212,-6.237579,25.819363,19.278242,1268.097168,-3.9858955000000003,22.5488025,0.3454008592592435,0.29438743618456714
2012.05.20_07:00:00_TAI,11487,1680,1017539.6875,7.703961e+20,4.616686,-5.730377,25.824852,18.566986,1846.504028,-0.5568455000000001,22.195919,0.4092803079605529,0.4286639860293389
2012.05.20_08:00:00_TAI,11487,1680,1304749.25,1.139369e+21,5.268144,-5.581454,25.830467,17.50226,2267.399414,-0.15665499999999977,21.6663635,0.6053006955781671,0.5263744113131321
2012.05.20_09:00:00_TAI,11487,1680,1507639.25,1.351198e+21,5.921035,-5.416156,25.867691,17.150288,2674.095947,0.25243949999999993,21.5089895,0.7178368809962605,0.6207885876682852
2012.05.20_10:00:00_TAI,11487,1680,1623676.75,1.479405e+21,6.575041,-4.995538,25.904123,17.055977,2932.158203,0.7897514999999999,21.48005,0.7859480778762792,0.6806974714959048
2012.05.20_11:00:00_TAI,11487,1680,1631029.375,1.512123e+21,7.229541,-4.47997,25.908178,17.060631,3095.669434,1.3747855000000002,21.4844045,0.8033298287909755,0.7186564333926421
2012.05.20_12:00:00_TAI,11487,1680,1696893.0,1.535767e+21,7.888699,-3.943089,25.941334,17.059816,3289.928711,1.972805,21.500575,0.8158909302833367,0.763753522128588
2012.05.20_13:00:00_TAI,11487,1680,1853413.25,1.573163e+21,8.545889,-3.416342,25.943132,17.062288,3586.895264,2.5647735000000003,21.50271,0.835757913509878,0.8326939979661923
2012.05.20_14:00:00_TAI,11487,1680,1983646.125,1.639536e+21,9.206951,-3.088943,25.908012,17.061228,3784.238037,3.059004,21.48462,0.8710192055650504,0.8785069170855125
2012.05.20_15:00:00_TAI,11487,1680,2088043.125,1.681007e+21,9.767808,-2.669374,25.910622,17.063778,4087.870605,3.5492170000000005,21.4872,0.8930510715771344,0.9489949013593297
2012.05.20_16:00:00_TAI,11487,1680,2102406.0,1.635866e+21,10.329641,-2.179098,25.911051,17.064552,4182.810059,4.0752715,21.4878015,0.8690694829091137,0.9710349966778162
2012.05.20_17:00:00_TAI,11487,1680,2105459.0,1.595241e+21,10.891122,-1.791359,25.911274,17.000418,4268.565918,4.5498815,21.455846,0.8474870625010958,0.9909431299864265
2012.05.20_18:00:00_TAI,11487,1680,2107768.5,1.771394e+21,11.457786,-1.301293,25.913847,16.909389,4280.878906,5.0782465000000006,21.411618,0.9410700311689996,0.9938015773204019
2012.05.20_19:00:00_TAI,11487,1680,2160645.5,1.882319e+21,11.993385,-0.782575,25.850702,16.688654,4176.09375,5.605405,21.269678,1.0,0.9694758125419098
2012.05.20_20:00:00_TAI,11487,1680,2223810.75,1.853887e+21,12.554781,-0.331322,25.820486,16.596533,4209.052734,6.1117295,21.208509499999998,0.9848952276420734,0.9771272063340046
2012.05.20_21:00:00_TAI,11487,1680,2226079.25,1.751195e+21,13.062943,0.02754,25.827152,16.603018,4241.649414,6.5452415,21.215085000000002,0.9303391189272382,0.984694491630023
2012.03.22_13:00:00_TAI,11447,1495,40280.699219,4.85648e+19,-17.302919,-18.402424,-26.573288,-27.054132,33.268478,-17.8526715,-26.81371,0.007639773107321597,0.01931339904618491
2012.03.22_14:00:00_TAI,11447,1495,78462.0,7.119311e+19,-16.382277,-17.977695,-26.485971,-27.170475,71.24321,-17.179986,-26.828223,0.011199453250185077,0.041358926731218396
2012.03.22_15:00:00_TAI,11447,1495,150429.40625,1.431941e+20,-15.378745,-17.965237,-26.287811,-27.411978,182.365936,-16.671991,-26.8498945,0.022525994842089732,0.10586916823784419
2012.03.22_16:00:00_TAI,11447,1495,158713.90625,1.073909e+20,-14.818098,-17.436552,-26.273542,-27.429335,190.903183,-16.127325,-26.8514385,0.016893760703041355,0.110825308944577
2012.03.22_17:00:00_TAI,11447,1495,168819.796875,1.333252e+20,-14.263329,-16.954294,-26.288324,-27.444012,196.650574,-15.608811500000002,-26.866168000000002,0.02097350915659641,0.11416185039554003
2012.03.22_18:00:00_TAI,11447,1495,205725.203125,1.335391e+20,-13.593289,-16.642885,-26.078272,-27.516792,275.545319,-15.118087,-26.797531999999997,0.021007157961237963,0.15996273412794285
2012.03.22_19:00:00_TAI,11447,1495,216592.0,1.650789e+20,-12.956196,-16.138737,-26.031046,-27.534046,305.134003,-14.547466499999999,-26.782546,0.025968712746809026,0.17713989688674014
2012.03.22_20:00:00_TAI,11447,1495,236779.90625,1.924156e+20,-12.094359,-15.840499,-25.923132,-27.645233,407.440369,-13.967429,-26.7841825,0.03026907402705559,0.2365319638013445
2012.03.22_21:00:00_TAI,11447,1495,238200.90625,1.571426e+20,-11.515159,-15.317913,-25.909189,-27.66152,419.94928,-13.416536,-26.7853545,0.024720246134949483,0.24379378052094955
2012.03.22_22:00:00_TAI,11447,1495,239786.0,1.524293e+20,-10.965316,-14.797014,-25.920643,-27.674244,425.145996,-12.881165,-26.7974435,0.023978792600975515,0.24681063779460344
2012.03.22_23:00:00_TAI,11447,1495,236727.90625,1.635606e+20,-10.42088,-14.253376,-25.934343,-27.687519,424.50528,-12.337128,-26.810931,0.025729867585110713,0.24643868198155797
2012.03.23_00:00:00_TAI,11447,1495,231453.09375,1.625883e+20,-9.90383,-13.699171,-25.945545,-27.674202,419.502472,-11.8015005,-26.809873500000002,0.025576914182805985,0.2435343944077337
2012.03.23_01:00:00_TAI,11447,1495,229692.703125,1.530648e+20,-9.361334,-13.133098,-25.955276,-27.676516,410.83847,-11.247216,-26.815896000000002,0.02407876368722941,0.23850466843220378
2012.03.23_02:00:00_TAI,11447,1495,227610.5,1.64218e+20,-8.851919,-12.551364,-25.966791,-27.656475,396.755096,-10.701641500000001,-26.811633,0.025833283780395223,0.23032882636396534
2012.03.23_03:00:00_TAI,11447,1495,221727.5,1.485385e+20,-8.343718,-11.940057,-25.979115,-27.635199,376.372406,-10.1418875,-26.807157,0.023366727294293167,0.21849603300309436
2012.03.23_04:00:00_TAI,11447,1495,215587.796875,1.660533e+20,-7.865586,-11.347153,-26.014736,-27.577986,346.890198,-9.6063695,-26.796360999999997,0.026121996502034502,0.2013806829150433
2012.03.23_05:00:00_TAI,11447,1495,211388.296875,1.605087e+20,-7.328184,-10.583556,-25.995642,-27.430874,300.174469,-8.95587,-26.713258,0.02524977040472009,0.17426073123253974
2012.03.23_06:00:00_TAI,11447,1495,248374.59375,1.841548e+20,-6.581102,-10.037425,-25.808834,-27.592712,393.79538,-8.3092635,-26.700772999999998,0.02896956002339528,0.22861061802959617
2012.03.23_08:00:00_TAI,11447,1495,240514.5,1.498881e+20,-5.440198,-8.952645,-25.809475,-27.594097,405.557587,-7.1964215,-26.701786,0.02357903410469167,0.2354389495647758
2012.03.23_09:00:00_TAI,11447,1495,239679.703125,2.450385e+20,-4.883908,-8.424793,-25.813143,-27.598885,406.581268,-6.6543505,-26.706014,0.03854723055707885,0.23603322861923082
2012.03.23_10:00:00_TAI,11447,1495,237562.296875,1.423802e+20,-4.362232,-7.934655,-25.79233,-27.608192,413.642853,-6.1484435,-26.700260999999998,0.02239795948866402,0.24013270106890383
2012.03.23_11:00:00_TAI,11447,1495,229347.796875,1.177272e+20,-3.824808,-7.42391,-25.765602,-27.613878,424.09433,-5.624359,-26.68974,0.01851977351003754,0.24620011256644886
2012.03.23_12:00:00_TAI,11447,1495,228013.703125,9.649342e+19,-3.217067,-6.913924,-25.702158,-27.644295,456.643188,-5.0654955,-26.6732265,0.015179468156967349,0.265095749543037
2012.03.23_13:00:00_TAI,11447,1495,225552.09375,7.799826e+19,-2.677946,-6.370515,-25.706097,-27.649214,460.778839,-4.5242305,-26.6776555,0.012269977620949285,0.26749662517307793
2012.03.23_14:00:00_TAI,11447,1495,231551.703125,1.01305e+20,-2.106163,-5.79468,-25.646303,-27.622021,475.573608,-3.9504215,-26.634162,0.01593638220763216,0.27608545443942206
2012.03.23_15:00:00_TAI,11447,1495,232177.0,8.391916e+19,-1.568011,-5.220669,-25.554083,-27.625212,506.615051,-3.39434,-26.589647499999998,0.013201399815442836,0.29410598954260303
2012.03.23_16:00:00_TAI,11447,1495,241932.90625,6.405597e+19,-0.960769,-4.674912,-25.430182,-27.628077,547.440308,-2.8178405,-26.5291295,0.010076703228869449,0.31780633674826875
2012.03.23_17:00:00_TAI,11447,1495,242051.5,4.048613e+19,-0.358618,-4.071486,-25.366468,-27.627605,572.641663,-2.215052,-26.4970365,0.0063689101405447176,0.33243651687311754
2012.03.23_18:00:00_TAI,11447,1495,246841.796875,4.523854e+19,0.242006,-3.494537,-25.243385,-27.630911,604.322327,-1.6262655,-26.437148,0.007116516104390265,0.35082813989476896
2012.03.23_19:00:00_TAI,11447,1495,255247.203125,8.808079e+19,0.844943,-2.906207,-25.120678,-27.603521,623.187195,-1.0306320000000002,-26.3620995,0.013856069637137208,0.36177978979103426
2012.03.23_20:00:00_TAI,11447,1495,257848.296875,6.534527e+19,1.515213,-2.335574,-25.090973,-27.509468,635.786255,-0.41018049999999995,-26.300220500000002,0.010279524191115143,0.36909394084377634
2012.03.23_21:00:00_TAI,11447,1495,256770.5,8.143899e+19,2.121372,-1.789341,-25.091576,-27.478409,624.478943,0.16601549999999998,-26.2849925,0.012811242004279489,0.3625296901799583
2012.03.23_22:00:00_TAI,11447,1495,260095.203125,5.639312e+19,2.694755,-1.2535,-25.092125,-27.479971,628.563354,0.7206274999999999,-26.286048,0.008871253286618285,0.36490081937653973
2012.03.23_23:00:00_TAI,11447,1495,271778.59375,9.516933e+19,3.331333,-0.720045,-25.090715,-27.511641,648.998901,1.305644,-26.301178,0.014971174348001317,0.3767642978902868
2012.03.24_00:00:00_TAI,11447,1495,281968.1875,1.04534e+20,3.901306,-0.151546,-25.087158,-27.573528,655.21759,1.8748799999999999,-26.330343,0.01644433915100558,0.3803744426706137
2012.03.24_01:00:00_TAI,11447,1495,411375.6875,2.615275e+20,4.465879,-0.696397,-25.112568,-28.474817,767.180786,1.884741,-26.7936925,0.0411411302285822,0.4453726034771951
2012.03.24_02:00:00_TAI,11447,1495,527842.0,4.148489e+20,5.008433,-1.005922,-25.107548,-28.764,929.613525,2.0012555,-26.935774000000002,0.0652602598965083,0.5396699231944302
2012.03.24_03:00:00_TAI,11447,1495,562409.8125,4.660911e+20,5.5594,-0.491558,-25.102541,-28.826042,953.437866,2.533921,-26.9642915,0.07332121724668775,0.553500703332475
2012.03.24_04:00:00_TAI,11447,1495,590154.1875,4.547423e+20,6.096785,-0.185766,-25.123804,-29.01321,1070.370361,2.9555095,-27.068507,0.0715359271386183,0.6213836986832398
2012.03.24_05:00:00_TAI,11447,1495,587281.0,4.531126e+20,6.634188,0.323802,-25.209497,-29.039581,1051.68689,3.478995,-27.124539,0.07127955754102906,0.6105373554573543
2012.03.24_06:00:00_TAI,11447,1495,606365.8125,4.675163e+20,7.143584,0.699663,-25.261639,-29.193815,1067.766479,3.9216235,-27.227727,0.07354541676223306,0.6198720631904716
2012.03.24_08:00:00_TAI,11447,1495,596497.1875,3.837996e+20,8.198828,1.726064,-25.355944,-29.238234,1054.065552,4.962446,-27.297089,0.060375866114568286,0.6119182436483319
2012.03.24_11:00:00_TAI,11447,1495,570933.125,3.31103e+20,9.657858,3.12663,-25.518148,-29.3859,991.609619,6.392244,-27.452024,0.05208611577013604,0.5756606079118611
2012.03.24_12:00:00_TAI,11447,1495,584839.625,3.564576e+20,10.273434,3.639136,-25.535763,-29.445044,1020.096191,6.956285,-27.4904035,0.056074671086474126,0.5921979599510461
2012.03.24_13:00:00_TAI,11447,1495,605383.6875,3.77236e+20,11.037084,4.155902,-25.523291,-29.467394,1055.990356,7.596493000000001,-27.4953425,0.05934334019523543,0.6130356529791011
2012.03.24_14:00:00_TAI,11447,1495,629456.1875,4.494579e+20,11.612015,4.667763,-25.450741,-29.489353,1084.265015,8.139889,-27.470047,0.07070463334129327,0.6294499828490099
2012.03.24_15:00:00_TAI,11447,1495,653595.1875,4.653547e+20,12.163328,4.914473,-25.439175,-29.648369,1172.678223,8.5389005,-27.543771999999997,0.07320537348914666,0.6807766340729506
2012.03.24_16:00:00_TAI,11447,1495,656392.375,4.713432e+20,12.708273,5.429906,-25.42841,-29.67296,1181.740479,9.0690895,-27.550685,0.07414742990146989,0.6860375590358145
2012.03.24_17:00:00_TAI,11447,1495,660025.8125,4.666178e+20,13.230741,5.945377,-25.417654,-29.665543,1180.698608,9.588059,-27.5415985,0.07340407290542877,0.6854327201135876
2012.03.24_18:00:00_TAI,11447,1495,643508.625,4.30115e+20,13.748683,6.467121,-25.4072,-29.657658,1172.794189,10.107902,-27.532429,0.06766178405049807,0.6808439559875207
2012.03.24_19:00:00_TAI,11447,1495,630811.5,5.278468e+20,14.267157,6.991614,-25.425791,-29.684828,1164.235107,10.6293855,-27.5553095,0.08303606289793763,0.6758751393757413
2012.03.24_20:00:00_TAI,11447,1495,611620.5,4.269637e+20,14.755571,7.513717,-25.445581,-29.708883,1141.821899,11.134644,-27.577232000000002,0.0671660501651922,0.6628635663783489
2012.03.24_21:00:00_TAI,11447,1495,589120.3125,3.951329e+20,15.167867,7.963792,-25.492416,-29.730412,1109.922729,11.5658295,-27.611414,0.06215871790346081,0.644345093743319
2012.03.24_22:00:00_TAI,11447,1495,567338.6875,4.170592e+20,15.597338,8.482094,-25.539879,-29.724094,1068.968384,12.039716,-27.6319865,0.06560796421113768,0.6205698068888941
2012.03.24_23:00:00_TAI,11447,1495,551745.125,4.459682e+20,16.079109,9.005331,-25.557873,-29.713608,1020.255981,12.54222,-27.6357405,0.07015566544247313,0.5922907230775585
2012.03.25_00:00:00_TAI,11447,1495,534964.125,4.232486e+20,16.593145,9.560961,-25.572145,-29.729614,958.684143,13.077053,-27.650879500000002,0.06658162438621215,0.5565463323272196
2012.03.25_01:00:00_TAI,11447,1495,482837.6875,3.422992e+20,17.086185,10.115785,-25.611359,-29.716133,860.559753,13.600985000000001,-27.663746,0.05384740023263138,0.49958203416385083
2012.03.25_02:00:00_TAI,11447,1495,420589.59375,3.053316e+20,17.542809,10.677146,-25.629286,-29.700863,760.218872,14.1099775,-27.6650745,0.048031993264575884,0.4413309931814905
2012.03.25_03:00:00_TAI,11447,1495,391317.6875,2.521193e+20,17.971827,11.244658,-25.669592,-29.684477,718.176392,14.6082425,-27.6770345,0.039661117681463645,0.41692400969606475
2012.03.25_04:00:00_TAI,11447,1495,366228.0,2.284249e+20,18.495117,11.83828,-25.675638,-29.665871,676.981812,15.166698499999999,-27.6707545,0.03593372994561132,0.39300925885955257
2012.03.25_05:00:00_TAI,11447,1495,357885.5,2.33633e+20,19.106089,12.433995,-25.65641,-29.709927,654.742676,15.770042,-27.6831685,0.036753020920149294,0.3800987401393882
2012.03.25_06:00:00_TAI,11447,1495,390563.8125,3.075741e+20,19.842085,12.984503,-25.628349,-29.755833,659.68988,16.413294,-27.692090999999998,0.04838476299065668,0.38297074784033813
2012.03.25_08:00:00_TAI,11447,1495,369265.6875,2.961012e+20,21.005428,14.045373,-25.602419,-29.774912,667.277954,17.5254005,-27.6886655,0.04657995059808037,0.38737586373274474
2012.03.25_09:00:00_TAI,11447,1495,370375.09375,4.732416e+20,21.573282,14.469059,-25.576303,-29.805355,683.881348,18.0211705,-27.690829,0.07444606894182297,0.3970146567620812
2012.03.25_10:00:00_TAI,11447,1495,367688.3125,2.992172e+20,22.123877,15.026003,-25.550177,-29.822401,681.833496,18.574939999999998,-27.686289000000002,0.04707013140809944,0.3958258141927419
2012.03.25_11:00:00_TAI,11447,1495,362110.6875,2.801502e+20,22.667868,15.555602,-25.518993,-29.82988,682.912476,19.111735,-27.6744365,0.04407068419865348,0.39645219605796733
2012.03.25_12:00:00_TAI,11447,1495,356126.6875,3.111366e+20,23.207619,16.102362,-25.495356,-29.829323,679.165405,19.6549905,-27.6623395,0.04894518312406263,0.3942769033536426
2012.03.25_13:00:00_TAI,11447,1495,349366.3125,2.994684e+20,23.74955,16.635542,-25.471815,-29.840631,668.32373,20.192546,-27.656222999999997,0.047109647909857076,0.3879829696304333
2012.03.25_14:00:00_TAI,11447,1495,339133.09375,3.047433e+20,24.287989,17.171658,-25.450563,-29.833462,651.623962,20.729823500000002,-27.6420125,0.047939447253493014,0.3782882284594453
2012.03.25_15:00:00_TAI,11447,1495,281203.40625,2.465047e+20,24.813065,17.701635,-25.425539,-29.846912,558.68634,21.257350000000002,-27.636225500000002,0.038777879820124414,0.3243350124424849
2012.03.25_16:00:00_TAI,11447,1495,257597.203125,2.506399e+20,25.315407,18.25001,-25.401337,-29.841827,524.444946,21.7827085,-27.621582,0.03942839191434484,0.3044568050228476
2012.03.25_17:00:00_TAI,11447,1495,234945.203125,2.220999e+20,25.769642,18.796749,-25.408218,-29.837204,470.466675,22.283195499999998,-27.622711000000002,0.03493873841051165,0.2731207190243805
2012.03.25_18:00:00_TAI,11447,1495,236215.703125,2.600425e+20,25.65728,19.350039,-25.413586,-29.820814,420.354675,22.503659499999998,-27.617199999999997,0.0409075235203414,0.24402912508364122
2012.03.25_19:00:00_TAI,11447,1495,230258.203125,2.800508e+20,25.876587,19.912985,-25.450226,-29.822815,401.209625,22.894786,-27.6365205,0.044055047493738245,0.23291482071392638
2012.03.25_21:00:00_TAI,11447,1495,202791.203125,1.984751e+20,26.944035,21.041344,-25.49165,-29.790873,382.454437,23.992689499999997,-27.6412615,0.031222299514318288,0.22202684351129576
2012.03.26_08:00:00_TAI,11447,1495,361359.8125,6.873815e+20,34.034348,29.716324,-23.941698,-28.910408,341.523987,31.875336,-26.426053,0.10813261247179809,0.19826542845678322
2012.03.26_10:00:00_TAI,11447,1495,466953.1875,8.731312e+20,35.722794,31.105339,-23.641819,-25.949118,587.492798,33.414066500000004,-24.7954685,0.13735306767295313,0.3410580683773301
2012.03.26_11:00:00_TAI,11447,1495,564788.0,9.98795e+20,36.727814,31.382259,-23.440039,-26.062866,768.375671,34.0550365,-24.7514525,0.15712135498812463,0.44606627184456976
2012.03.26_12:00:00_TAI,11447,1495,640701.125,1.145788e+21,37.545177,31.6085,-23.277821,-26.250296,967.058594,34.5768385,-24.764058499999997,0.18024495826384124,0.5614079648297863
2012.03.26_13:00:00_TAI,11447,1495,699665.875,1.337848e+21,38.265675,32.044968,-23.237913,-26.267994,1021.548584,35.1553215,-24.7529535,0.21045809252965075,0.593041119820905
2012.03.26_14:00:00_TAI,11447,1495,746679.5,1.40141e+21,39.004517,32.53368,-23.161175,-26.288578,1085.473633,35.7690985,-24.7248765,0.22045708888601534,0.6301516236553132
2012.03.26_15:00:00_TAI,11447,1495,810370.625,1.503922e+21,39.746006,32.966248,-23.118677,-26.288952,1155.000732,36.356127,-24.7038145,0.2365833453676183,0.6705142939136461
2012.03.26_16:00:00_TAI,11447,1495,859566.5,1.665771e+21,40.493088,33.363094,-23.033163,-26.320559,1232.140015,36.928090999999995,-24.676861,0.2620439595912308,0.7152960766785681
2012.03.26_17:00:00_TAI,11447,1495,906937.375,1.799834e+21,41.138153,33.634323,-22.990021,-26.43808,1354.091553,37.386238000000006,-24.7140505,0.28313353274064873,0.7860927845318695
2012.03.26_18:00:00_TAI,11447,1495,915298.375,1.969512e+21,41.830589,34.085453,-22.895374,-26.466778,1438.380737,37.958021,-24.681076,0.3098257341149798,0.8350253099653835
2012.03.26_19:00:00_TAI,11447,1495,939549.875,1.994773e+21,42.438984,34.567604,-22.854231,-26.484438,1477.31543,38.503294,-24.669334499999998,0.3137995651297076,0.8576281252384389
2012.03.26_20:00:00_TAI,11447,1495,935145.875,2.002383e+21,43.021393,35.066242,-22.822756,-26.482798,1490.589111,39.0438175,-24.652777,0.31499670119012,0.8653339150243365
2012.03.26_21:00:00_TAI,11447,1495,933676.0,2.100286e+21,43.577274,35.61562,-22.803789,-26.480885,1488.683838,39.596447,-24.642336999999998,0.330397911666146,0.8642278440540648
2012.03.26_22:00:00_TAI,11447,1495,957889.3125,2.189789e+21,44.12468,36.116901,-22.809189,-26.476486,1481.593628,40.1207905,-24.6428375,0.34447771045919373,0.8601117538905398
2012.03.26_23:00:00_TAI,11447,1495,947351.1875,2.204933e+21,44.677547,36.653675,-22.807253,-26.47344,1469.189331,40.665611,-24.6403465,0.34686002695050594,0.8529106688920498
2012.03.27_00:00:00_TAI,11447,1495,954274.1875,2.273364e+21,45.296581,37.1968,-22.813833,-26.474117,1463.114014,41.2466905,-24.643974999999998,0.35762497015025396,0.8493837560722607
2012.03.27_01:00:00_TAI,11447,1495,958223.5,2.295554e+21,45.965515,37.691391,-22.812527,-26.496733,1472.279175,41.828453,-24.654629999999997,0.3611156993461215,0.854704420627926
2012.03.27_02:00:00_TAI,11447,1495,959838.0,2.386404e+21,46.608208,38.187347,-22.805996,-26.510614,1483.982666,42.397777500000004,-24.658305,0.37540739594118966,0.8614986656762398
2012.03.27_03:00:00_TAI,11447,1495,988843.125,2.548736e+21,47.244781,38.616554,-22.814335,-26.527418,1498.479614,42.9306675,-24.6708765,0.4009439913365733,0.8699146004742125
2012.03.27_04:00:00_TAI,11447,1495,986095.625,2.612982e+21,47.822769,39.117226,-22.82534,-26.562422,1506.3927,43.469997500000005,-24.693881,0.4110505883585519,0.8745083960666884
2012.03.27_05:00:00_TAI,11447,1495,1074100.0,2.729628e+21,48.563538,39.611504,-22.835543,-26.606302,1542.723633,44.087520999999995,-24.7209225,0.4294002773076804,0.895599646671817
2012.03.27_06:00:00_TAI,11447,1495,1094349.625,2.851683e+21,49.22097,40.038074,-22.758532,-26.63249,1625.337524,44.629522,-24.695511,0.448600860994098,0.9435596117667342
2012.03.27_09:00:00_TAI,11447,1495,1116259.75,3.540724e+21,51.10445,41.592739,-22.68326,-26.6798,1673.591187,46.348594500000004,-24.681530000000002,0.5569945309287416,0.9715723825631358
2012.03.27_10:00:00_TAI,11447,1495,1107355.5,3.124288e+21,51.688099,42.146427,-22.640417,-26.763168,1702.656616,46.917263000000005,-24.7017925,0.49148460287960777,0.9884457793180326
2012.03.27_11:00:00_TAI,11447,1495,1091819.375,3.154781e+21,52.26189,42.631168,-22.622993,-26.842995,1722.559448,47.446529,-24.732993999999998,0.4962814845997335,1.0
2012.03.27_12:00:00_TAI,11447,1495,1060964.75,3.213403e+21,52.807476,43.151516,-22.616077,-26.854816,1715.894775,47.979496,-24.735446500000002,0.5055033650377752,0.9961309474644036
2012.03.27_13:00:00_TAI,11447,1495,1054166.375,3.330177e+21,53.393612,43.693096,-22.625023,-26.848711,1700.186157,48.543353999999994,-24.736867,0.5238731897839776,0.9870116000780254
2012.03.27_14:00:00_TAI,11447,1495,1040773.3125,3.376042e+21,53.95134,44.239662,-22.633913,-26.843115,1680.895996,49.095501,-24.738514000000002,0.5310882548839534,0.9758130542035145
2012.03.27_15:00:00_TAI,11447,1495,1027169.125,3.266837e+21,54.533875,44.789097,-22.642818,-26.830715,1661.280518,49.661486,-24.7367665,0.5139091164506631,0.9644256515668306
2012.03.27_16:00:00_TAI,11447,1495,1000639.875,3.267169e+21,55.110252,45.333031,-22.640596,-26.835421,1647.912598,50.221641500000004,-24.7380085,0.5139613436743237,0.9566651530740087
2012.03.27_17:00:00_TAI,11447,1495,997597.8125,3.499374e+21,55.690586,45.875267,-22.635361,-26.877823,1637.738403,50.7829265,-24.756591999999998,0.5504897246083666,0.9507587125085973
2012.03.27_18:00:00_TAI,11447,1495,983621.6875,3.591642e+21,56.295292,46.383408,-22.643051,-26.873621,1622.813965,51.33935,-24.758336,0.5650044880803947,0.9420946063046992
2012.03.27_19:00:00_TAI,11447,1495,949912.625,3.512898e+21,56.871571,46.908485,-22.652575,-26.876987,1602.955322,51.890028,-24.764781,0.5526171974179617,0.9305660387286675
2012.03.27_20:00:00_TAI,11447,1495,929301.875,3.381721e+21,57.455429,47.459938,-22.666069,-26.883688,1579.561646,52.4576835,-24.7748785,0.5319816235681954,0.9169852731840231
2012.03.27_21:00:00_TAI,11447,1495,913244.8125,3.606156e+21,58.008038,48.032131,-22.679844,-26.899521,1550.35144,53.020084499999996,-24.789682499999998,0.5672876986954836,0.9000278288218474
2012.03.27_22:00:00_TAI,11447,1495,906122.1875,3.668127e+21,58.546932,48.595528,-22.703653,-26.912012,1513.668213,53.57123,-24.8078325,0.5770364133866555,0.8787320604565864
2012.03.27_23:00:00_TAI,11447,1495,912154.125,3.789405e+21,59.082794,49.182129,-22.720545,-26.90041,1470.458862,54.132461500000005,-24.8104775,0.5961147664923977,0.8536476716128987
2012.03.28_00:00:00_TAI,11447,1495,902155.3125,3.787016e+21,59.613647,49.756168,-22.746157,-26.945936,1438.272217,54.6849075,-24.8460465,0.5957389507173221,0.8349623106882753
2012.03.28_01:00:00_TAI,11447,1495,917715.3125,3.950386e+21,60.198486,50.33334,-22.771196,-26.962107,1414.341797,55.265913,-24.8666515,0.6214388348421024,0.8210699483504851
2012.03.28_02:00:00_TAI,11447,1495,957093.125,4.372774e+21,60.76955,50.916206,-22.771048,-26.96744,1387.152954,55.842878,-24.869244000000002,0.6878850774551751,0.8052859688590556
2012.03.28_03:00:00_TAI,11447,1495,992721.375,4.735643e+21,61.319279,51.496746,-22.771141,-27.088533,1410.748657,56.4080125,-24.929837,0.7449683317397738,0.818984017438683
2012.03.28_04:00:00_TAI,11447,1495,1005338.1875,5.120375e+21,61.866253,52.098282,-22.716446,-27.128096,1443.445068,56.9822675,-24.922271000000002,0.8054908745511526,0.8379653135779613
2012.03.28_05:00:00_TAI,11447,1495,1023502.125,5.06243e+21,62.493858,52.6535,-22.672554,-27.165026,1473.385132,57.573679,-24.91879,0.7963754936023224,0.8553464634911109
2012.03.28_06:00:00_TAI,11447,1495,1034608.0,5.117509e+21,63.088554,53.195709,-22.658047,-27.18643,1478.927612,58.142131500000005,-24.9222385,0.8050400214697937,0.8585640476542786
2012.03.28_08:00:00_TAI,11447,1495,1032927.8125,5.770151e+21,64.233528,54.281078,-22.627779,-27.18383,1460.89563,59.25730300000001,-24.905804500000002,0.9077077314224463,0.8480959143071618
2012.03.28_09:00:00_TAI,11447,1495,1074298.625,6.356838e+21,64.84938,54.866295,-22.610577,-27.201998,1468.061768,59.8578375,-24.906287499999998,1.0,0.8522560830655291
2012.06.23_00:00:00_TAI,11512,1795,126680.296875,1.031466e+21,-58.003651,-61.147644,-18.453571,-20.065863,173.823029,-59.5756475,-19.259717000000002,0.06353637307767647,0.013188730839761922
2012.06.23_01:00:00_TAI,11512,1795,139151.796875,1.12382e+21,-57.223171,-60.647812,-18.398659,-20.114454,205.35582,-58.9354915,-19.2565565,0.06922520644612074,0.015581264760715901
2012.06.23_02:00:00_TAI,11512,1795,149218.90625,1.081706e+21,-56.624733,-60.119366,-18.376133,-20.160252,222.271317,-58.3720495,-19.268192499999998,0.06663106294958933,0.016864719192716395
2012.06.23_03:00:00_TAI,11512,1795,153866.59375,1.068987e+21,-56.037212,-59.581242,-18.355722,-20.143227,230.012756,-57.809227,-19.249474499999998,0.06584759637950853,0.017452096802408352
2012.06.23_09:00:00_TAI,11512,1795,313239.90625,2.778694e+21,-52.788059,-66.603241,-18.435158,-22.549576,400.332611,-59.69565,-20.492367,0.17116234432613497,0.0303750261586922
2012.06.23_10:00:00_TAI,11512,1795,333778.3125,2.897113e+21,-52.324196,-66.039169,-18.483303,-22.550833,443.382019,-59.1816825,-20.517068000000002,0.17845673286001332,0.03364137733315651
2012.06.23_11:00:00_TAI,11512,1795,360477.09375,2.911764e+21,-51.831985,-65.49057,-18.46587,-22.598694,477.150696,-58.661277500000004,-20.532282,0.17935920701035957,0.03620355792758085
2012.06.23_12:00:00_TAI,11512,1795,433489.1875,3.229146e+21,-51.163666,-64.986481,-18.366369,-22.611979,594.758057,-58.0750735,-20.489174,0.19890934357340587,0.04512695454497447
2012.06.23_13:00:00_TAI,11512,1795,463665.40625,3.256251e+21,-50.501534,-64.430305,-18.34413,-22.59635,667.196899,-57.4659195,-20.47024,0.2005789607903286,0.05062321355609803
2012.06.23_14:00:00_TAI,11512,1795,480420.09375,3.238784e+21,-49.89735,-63.860878,-18.328608,-22.579418,697.021545,-56.879114,-20.454013,0.19950302631595157,0.0528861428741988
2012.06.23_15:00:00_TAI,11512,1795,501777.09375,3.455618e+21,-49.348972,-63.326698,-18.312258,-22.561735,739.65094,-56.337835,-20.4369965,0.21285959446257485,0.056120625783347124
2012.06.23_16:00:00_TAI,11512,1795,508321.5,3.449629e+21,-48.74876,-62.772713,-18.3169,-22.566959,757.123413,-55.7607365,-20.4419295,0.21249068328337728,0.05744634047620297
2012.06.23_17:00:00_TAI,11512,1795,509935.09375,3.409023e+21,-48.197083,-62.180939,-18.310755,-22.548027,764.069031,-55.189011,-20.429391000000003,0.20998942976150436,0.05797333558637221
2012.06.23_18:00:00_TAI,11512,1795,513869.0,3.252282e+21,-47.642315,-61.577671,-18.318031,-22.530558,776.662415,-54.609993,-20.424294500000002,0.20033447782652242,0.05892885196928925
2012.06.23_19:00:00_TAI,11512,1795,530965.3125,2.998968e+21,-47.107174,-61.008884,-18.330164,-22.573284,797.257446,-54.058029000000005,-20.451724,0.1847308100276822,0.06049148910694696
2012.06.23_20:00:00_TAI,11512,1795,550773.1875,2.903779e+21,-46.566864,-60.638134,-18.343098,-22.625757,845.475464,-53.602499,-20.484427500000002,0.17886734597080495,0.06415000584484591
2012.06.23_21:00:00_TAI,11512,1795,557198.375,2.939959e+21,-46.085365,-60.130959,-18.31221,-22.640221,870.104736,-53.108162,-20.476215500000002,0.18109596618509252,0.06601873889509834
2012.06.23_22:00:00_TAI,11512,1795,623427.8125,3.282213e+21,-45.590168,-59.615303,-18.182344,-22.709742,988.383362,-52.602735499999994,-20.446043,0.20217817134874025,0.07499306739107034
2012.06.23_23:00:00_TAI,11512,1795,657182.0,3.590329e+21,-45.069107,-59.138035,-18.135202,-22.796593,1061.111328,-52.103571,-20.4658975,0.2211575396722733,0.08051126353352368
2012.06.24_00:00:00_TAI,11512,1795,693241.625,3.654555e+21,-44.513794,-58.680298,-18.110018,-22.839743,1137.946899,-51.597046,-20.474880499999998,0.22511374094045555,0.08634112204345919
2012.06.24_01:00:00_TAI,11512,1795,749381.6875,3.892304e+21,-43.952236,-58.144978,-18.087936,-22.849257,1220.985229,-51.048607000000004,-20.4685965,0.23975863390139127,0.09264161162791652
2012.06.24_02:00:00_TAI,11512,1795,894863.0,4.167929e+21,-43.41074,-57.622818,-18.072063,-22.830448,1556.315063,-50.516779,-20.451255500000002,0.25673661749904214,0.11808458629364996
2012.06.24_03:00:00_TAI,11512,1795,939340.1875,4.146558e+21,-42.815117,-57.084354,-18.081554,-22.81683,1660.205688,-49.9497355,-20.449192,0.255420203939077,0.1259672327863632
2012.06.24_04:00:00_TAI,11512,1795,1009012.625,4.042828e+21,-42.103283,-56.530933,-18.091669,-22.819513,1794.90979,-49.317108,-20.455591,0.24903063028434927,0.13618783562886594
2012.06.24_05:00:00_TAI,11512,1795,1040635.3125,3.844054e+21,-41.482224,-55.936295,-18.107407,-22.8002,1895.697998,-48.7092595,-20.4538035,0.23678652430107686,0.14383508786455182
2012.06.24_06:00:00_TAI,11512,1795,1078736.5,3.734659e+21,-40.875351,-55.345615,-18.010973,-22.785906,1993.747681,-48.110483,-20.398439500000002,0.23004799726011532,0.1512745559571886
2012.06.24_07:00:00_TAI,11512,1795,1117874.25,3.930359e+21,-40.312355,-54.757511,-17.932137,-22.767076,2104.390381,-47.534932999999995,-20.3496065,0.24210275060273767,0.1596695125868106
2012.06.24_08:00:00_TAI,11512,1795,1145068.75,4.115036e+21,-39.690525,-54.179569,-17.901508,-22.769072,2176.365723,-46.935047,-20.33529,0.2534785077977068,0.165130603779381
2012.06.24_09:00:00_TAI,11512,1795,1196848.125,4.149809e+21,-39.0616,-53.681515,-17.879684,-22.954327,2271.915039,-46.371557499999994,-20.417005500000002,0.2556204594481054,0.17238035784187267
2012.06.24_10:00:00_TAI,11512,1795,1220059.875,4.14641e+21,-38.503014,-53.20723,-17.862684,-23.032831,2328.52002,-45.855122,-20.4477575,0.25541108741636515,0.17667523098321483
2012.06.24_11:00:00_TAI,11512,1795,1235228.0,3.915435e+21,-37.95504,-52.648266,-17.847183,-23.047941,2357.720215,-45.301653,-20.447562,0.24118346016387565,0.17889078041034834
2012.06.24_12:00:00_TAI,11512,1795,1283357.875,3.786106e+21,-37.407131,-52.097782,-17.835152,-23.10323,2425.953369,-44.7524565,-20.469191000000002,0.23321703607063088,0.18406793505798724
2012.06.24_13:00:00_TAI,11512,1795,1317551.875,3.681546e+21,-36.846172,-51.564651,-17.850445,-23.120535,2541.499268,-44.2054115,-20.48549,0.2267763359709651,0.1928349193311086
2012.06.24_14:00:00_TAI,11512,1795,1357834.375,3.768621e+21,-36.298954,-51.024052,-17.865664,-23.127068,2630.922363,-43.661502999999996,-20.496366000000002,0.2321399928299781,0.19961984959954537
2012.06.24_15:00:00_TAI,11512,1795,1402733.75,3.858313e+21,-35.753578,-50.491802,-17.82848,-23.114241,2744.616943,-43.12269,-20.4713605,0.23766485198586199,0.2082463660179181
2012.06.24_16:00:00_TAI,11512,1795,1430732.625,3.898131e+21,-35.205025,-49.948017,-17.805147,-23.121775,2803.071289,-42.576521,-20.463461000000002,0.24011756618410693,0.21268155875528727
2012.06.24_17:00:00_TAI,11512,1795,1438425.75,3.758936e+21,-34.66571,-49.386616,-17.789122,-23.115555,2837.325928,-42.026163,-20.4523385,0.23154341497549014,0.2152806114606927
2012.06.24_18:00:00_TAI,11512,1795,1455102.5,3.524161e+21,-34.123123,-48.835503,-17.770668,-23.230072,2887.878906,-41.479313000000005,-20.50037,0.21708171484256136,0.2191162920596679
2012.06.24_19:00:00_TAI,11512,1795,1749565.625,4.36889e+21,-33.599781,-58.634785,-15.171118,-23.277384,3237.266357,-46.117283,-19.224251000000002,0.26911543858482,0.24562588101654603
2012.06.24_20:00:00_TAI,11512,1795,1895369.5,4.673119e+21,-33.08617,-58.706066,-14.847071,-23.258989,3488.361816,-45.896118,-19.05303,0.2878553749909143,0.26467761681294316
2012.06.24_21:00:00_TAI,11512,1795,2031760.75,5.224437e+21,-32.572186,-58.550961,-14.604211,-23.271124,3662.458252,-45.5615735,-18.9376675,0.3218155308588134,0.27788709226493197
2012.06.24_22:00:00_TAI,11512,1795,2114330.0,5.825669e+21,-32.053143,-58.150284,-14.50801,-23.250158,3758.268555,-45.1017135,-18.879084,0.35885029560940873,0.28515664857868733
2012.06.24_23:00:00_TAI,11512,1795,2225251.0,6.350488e+21,-31.532661,-57.776749,-14.320323,-23.293747,3966.067871,-44.654705,-18.807035,0.39117816272500255,0.3009233123123554
2012.06.25_00:00:00_TAI,11512,1795,2306859.5,6.616036e+21,-31.005165,-57.371281,-14.290346,-23.410929,4101.390137,-44.188223,-18.850637499999998,0.4075354220026044,0.31119081802300935
2012.06.25_01:00:00_TAI,11512,1795,2417452.0,7.065936e+21,-30.437765,-56.937862,-14.266654,-23.523302,4283.458984,-43.687813500000004,-18.894978000000002,0.4352484190840851,0.32500519596362615
2012.06.25_02:00:00_TAI,11512,1795,2552705.0,7.053324e+21,-29.862745,-56.487202,-14.203794,-23.537096,4469.54541,-43.1749735,-18.870445,0.4344715435135325,0.3391244055963571
2012.06.25_03:00:00_TAI,11512,1795,2701079.5,7.239053e+21,-29.309252,-56.157166,-14.119414,-23.547482,4689.730957,-42.733209,-18.833448,0.44591210193750747,0.3558308680880949
2012.06.25_04:00:00_TAI,11512,1795,2900846.75,7.378528e+21,-28.723074,-55.730381,-14.029347,-23.531702,4872.139648,-42.2267275,-18.7805245,0.4545035006215251,0.36967103151334685
2012.06.25_05:00:00_TAI,11512,1795,3044640.25,7.233706e+21,-28.178541,-55.261616,-13.916514,-23.513666,5059.203125,-41.7200785,-18.71509,0.4455827367554788,0.3838643743764665
2012.06.25_06:00:00_TAI,11512,1795,3194921.25,7.436322e+21,-27.639362,-54.735855,-13.892507,-23.519573,5180.501953,-41.187608499999996,-18.70604,0.45806350274050067,0.39306785910961184
2012.06.25_07:00:00_TAI,11512,1795,3317025.0,7.907627e+21,-27.096136,-54.297153,-13.875695,-23.502203,5307.780273,-40.696644500000005,-18.688949,0.4870950077182452,0.4027250346511627
2012.06.25_08:00:00_TAI,11512,1795,3411489.0,8.280769e+21,-26.560751,-53.833576,-13.788507,-23.509922,5466.288574,-40.1971635,-18.6492145,0.5100798558111056,0.4147517685642909
2012.06.25_09:00:00_TAI,11512,1795,3542852.0,8.761092e+21,-26.033567,-53.37122,-13.706351,-23.558382,5637.93457,-39.7023935,-18.6323665,0.5396668526930085,0.4277753181709823
2012.06.25_10:00:00_TAI,11512,1795,3610417.5,8.972562e+21,-25.557667,-52.850002,-13.684003,-23.611498,5747.474121,-39.2038345,-18.6477505,0.5526930084894538,0.4360865739508328
2012.06.25_11:00:00_TAI,11512,1795,3693039.5,8.740708e+21,-25.015591,-52.422688,-13.633987,-23.628592,5874.6875,-38.7191395,-18.6312895,0.5384112364838312,0.44573882212818805
2012.06.25_12:00:00_TAI,11512,1795,3808131.0,8.670972e+21,-24.479771,-51.920223,-13.613135,-23.673969,6021.070312,-38.199996999999996,-18.643552,0.5341156295390119,0.45684554094526414
2012.06.25_13:00:00_TAI,11512,1795,3943130.5,8.738392e+21,-23.941555,-51.540142,-13.502838,-23.689215,6205.453125,-37.7408485,-18.5960265,0.5382685752230161,0.4708354898382567
2012.06.25_14:00:00_TAI,11512,1795,4094767.75,9.100547e+21,-23.404472,-51.241718,-13.421667,-23.676239,6368.333496,-37.323094999999995,-18.548952999999997,0.5605766447007747,0.48319395226155026
2012.06.25_15:00:00_TAI,11512,1795,4255392.0,9.561148e+21,-22.874987,-50.810406,-13.402059,-23.661657,6498.42627,-36.8426965,-18.531858,0.5889488033331978,0.4930646730190626
2012.06.25_16:00:00_TAI,11512,1795,4393252.5,9.740359e+21,-22.348417,-50.299839,-13.310629,-23.646183,6640.689453,-36.324128,-18.478406,0.599987865169093,0.503858817153985
2012.06.25_17:00:00_TAI,11512,1795,4615426.0,1.021211e+22,-21.848766,-49.800289,-13.233343,-23.629782,6750.27832,-35.8245275,-18.4315625,0.629046842911226,0.5121738147593798
2012.06.25_18:00:00_TAI,11512,1795,4811482.0,1.028653e+22,-21.386656,-49.290791,-13.212643,-23.618433,6859.783691,-35.3387235,-18.415537999999998,0.6336309754802497,0.5204824771497197
2012.06.25_19:00:00_TAI,11512,1795,5098793.0,1.055438e+22,-20.829029,-48.720055,-13.134457,-23.603054,7098.129395,-34.774542,-18.3687555,0.6501300336448966,0.5385668319958752
2012.06.25_20:00:00_TAI,11512,1795,5276617.5,1.06869e+22,-20.256599,-48.154213,-13.112639,-23.720491,7289.687012,-34.205405999999996,-18.416565,0.658293017359584,0.5531011653661629
2012.06.25_21:00:00_TAI,11512,1795,5470433.0,1.119368e+22,-19.677149,-47.717354,-13.092093,-23.738321,7458.05127,-33.6972515,-18.415207,0.689509715872482,0.5658757148293312
2012.06.25_22:00:00_TAI,11512,1795,5675421.0,1.166161e+22,-19.108894,-47.281769,-13.072291,-23.778997,7616.533691,-33.195331499999995,-18.425644,0.7183333271735207,0.5779004851110804
2012.06.25_23:00:00_TAI,11512,1795,5853235.0,1.219669e+22,-18.53113,-46.798069,-13.059312,-23.765196,7761.848633,-32.6645995,-18.412254,0.751293252664427,0.5889261798539422
2012.06.26_00:00:00_TAI,11512,1795,6025869.0,1.28692e+22,-17.964083,-46.294437,-13.054759,-23.839151,7901.44043,-32.12926,-18.446955000000003,0.7927186086707987,0.5995176339821043
2012.06.26_01:00:00_TAI,11512,1795,6156316.5,1.299941e+22,-17.411674,-45.741936,-13.001247,-23.962221,8132.147461,-31.576805,-18.481734,0.8007393007134295,0.6170224085347306
2012.06.26_02:00:00_TAI,11512,1795,6444374.5,1.328052e+22,-16.853041,-45.175137,-12.901805,-24.010212,8371.688477,-31.014089,-18.4560085,0.8180551500345566,0.6351974570497757
2012.06.26_03:00:00_TAI,11512,1795,6566431.5,1.355122e+22,-16.281498,-44.605904,-12.880565,-23.994734,8485.69043,-30.443701,-18.4376495,0.8347297628595329,0.6438472952327485
2012.06.26_04:00:00_TAI,11512,1795,6669622.0,1.320353e+22,-15.737334,-44.023464,-12.860378,-24.010557,8600.833008,-29.880398999999997,-18.4354675,0.8133127102806041,0.6525836777372687
2012.06.26_05:00:00_TAI,11512,1795,6751807.0,1.277904e+22,-15.17553,-43.439308,-12.840369,-24.032379,8731.304688,-29.307419,-18.436374,0.7871649215917448,0.6624831477881072
2012.06.26_06:00:00_TAI,11512,1795,6870650.0,1.253949e+22,-14.637423,-42.862576,-12.826015,-24.051474,8918.746094,-28.749999499999998,-18.4387445,0.7724090904051063,0.6767051658151924
2012.06.26_07:00:00_TAI,11512,1795,6972556.0,1.245187e+22,-14.104959,-42.309574,-12.810375,-24.107004,9013.474609,-28.2072665,-18.4586895,0.7670118625671881,0.6838926420338087
2012.06.26_08:00:00_TAI,11512,1795,7014536.0,1.275117e+22,-13.576486,-41.788563,-12.818936,-24.125198,9147.832031,-27.6825245,-18.472067000000003,0.785448181808102,0.6940869407137742
2012.06.26_09:00:00_TAI,11512,1795,7137755.5,1.283005e+22,-13.040866,-41.23727,-12.829794,-24.113075,9246.982422,-27.139068,-18.4714345,0.7903070420210099,0.7016099244465921
2012.06.26_10:00:00_TAI,11512,1795,7274561.5,1.310165e+22,-12.508206,-40.716515,-12.825311,-24.100323,9373.283203,-26.6123605,-18.462817,0.8070370931597745,0.7111929297310112
2012.06.26_11:00:00_TAI,11512,1795,7380809.5,1.318913e+22,-11.983976,-40.312077,-12.835646,-24.088726,9475.102539,-26.1480265,-18.462186000000003,0.8124256972599921,0.7189184182609992
2012.06.26_12:00:00_TAI,11512,1795,7547425.0,1.33419e+22,-11.477663,-39.821171,-12.819113,-24.07482,9650.204102,-25.649417,-18.4469665,0.821836043034915,0.7322041571950999
2012.06.26_13:00:00_TAI,11512,1795,7745799.0,1.342501e+22,-10.955804,-39.409901,-12.806757,-24.059839,9880.668945,-25.1828525,-18.433298,0.8269554633226276,0.7496905558606932
2012.06.26_14:00:00_TAI,11512,1795,7974953.0,1.368262e+22,-10.454083,-42.258934,-12.7911,-24.017673,10012.661133,-26.356508500000004,-18.4043865,0.842823756672617,0.7597053936557661
2012.06.26_15:00:00_TAI,11512,1795,8125527.0,1.393559e+22,-9.927234,-41.865795,-12.777742,-23.967129,10059.185547,-25.8965145,-18.3724355,0.8584062347159649,0.7632354090815336
2012.06.26_16:00:00_TAI,11512,1795,8325700.5,1.402963e+22,-9.377922,-41.45842,-12.764724,-23.887573,10171.275391,-25.418170999999997,-18.3261485,0.8641989225255725,0.7717401670005025
2012.06.26_17:00:00_TAI,11512,1795,8645065.0,1.419851e+22,-8.848933,-40.937759,-12.747643,-23.909988,10396.59668,-24.893346,-18.328815499999997,0.874601614117305,0.788836301213474
2012.06.26_18:00:00_TAI,11512,1795,8971124.0,1.430583e+22,-8.320936,-40.408157,-12.728879,-24.173388,10706.027344,-24.364546500000003,-18.451133499999997,0.8812123250459214,0.8123141899865709
2012.06.26_19:00:00_TAI,11512,1795,9196513.0,1.435689e+22,-7.794808,-39.985371,-12.685738,-24.266424,10912.280273,-23.890089500000002,-18.476081,0.8843575253815079,0.8279635224205002
2012.06.26_20:00:00_TAI,11512,1795,9351801.0,1.445696e+22,-7.272143,-39.45282,-12.668551,-24.285118,11051.351562,-23.3624815,-18.476834500000002,0.8905216498934968,0.8385154832781132
2012.06.26_21:00:00_TAI,11512,1795,9559977.0,1.515491e+22,-6.727018,-38.904678,-12.648998,-24.30414,11142.458008,-22.815848,-18.476569,0.933514062236283,0.8454281369177026
2012.06.26_22:00:00_TAI,11512,1795,9645193.0,1.582826e+22,-6.169745,-34.779819,-12.627204,-24.288975,11048.832031,-20.474782,-18.4580895,0.974991160668857,0.8383243151895544
2012.06.26_23:00:00_TAI,11512,1795,9900396.0,1.597824e+22,-5.610382,-37.756382,-12.610573,-24.275806,11317.245117,-21.683382,-18.4431895,0.9842296476710365,0.8586900168200552
2012.06.27_00:00:00_TAI,11512,1795,10070197.0,1.590018e+22,-5.08594,-37.155403,-12.592733,-24.293552,11414.695312,-21.1206715,-18.4431425,0.9794212979218024,0.8660839990762113
2012.06.27_01:00:00_TAI,11512,1795,10176548.0,1.597317e+22,-4.534036,-36.555313,-12.575397,-24.278933,11485.038086,-20.5446745,-18.427165,0.9839173451700293,0.8714212200310262
2012.06.27_02:00:00_TAI,11512,1795,10303031.0,1.614511e+22,-3.978759,-36.013374,-12.563599,-24.2633,11545.09668,-19.996066499999998,-18.4134495,0.9945085270286419,0.8759781342410561
2012.06.27_03:00:00_TAI,11512,1795,10418330.0,1.623426e+22,-3.426125,-35.463318,-12.548892,-24.251095,11565.988281,-19.4447215,-18.3999935,1.0,0.8775632734713746
2012.06.27_04:00:00_TAI,11512,1795,10460879.0,1.61432e+22,-2.904717,-34.892319,-12.532762,-24.305504,11633.833008,-18.898518,-18.419133,0.994390874607158,0.8827109564248233
2012.06.27_05:00:00_TAI,11512,1795,10518730.0,1.590029e+22,-2.319239,-34.334,-12.534803,-24.329489,11540.410156,-18.326619500000003,-18.432146,0.9794280737157098,0.8756225466991425
2012.08.18_14:00:00_TAI,11549,1948,4265.899902,1.227286e+18,10.94935,10.361789,-17.820606,-18.124325,13.509467,10.6555695,-17.9724655,0.0008341592553448177,0.008640120819416133
2012.08.18_15:00:00_TAI,11549,1948,233471.703125,2.727068e+20,12.577094,10.004444,-17.170012,-18.535551,226.745071,11.290769000000001,-17.8527815,0.18535280384153988,0.1450171800743204
2012.08.18_16:00:00_TAI,11549,1948,324996.5,4.099971e+20,13.43185,10.170394,-17.010033,-18.743921,367.620117,11.801122,-17.876977,0.278665996051071,0.23511528815517996
2012.08.18_17:00:00_TAI,11549,1948,402835.1875,4.961541e+20,14.276849,10.598527,-16.85338,-18.758387,454.810455,12.437688000000001,-17.8058835,0.33722501078988776,0.2908787801275671
2012.08.18_18:00:00_TAI,11549,1948,437521.40625,5.334042e+20,15.165408,11.077312,-16.66398,-18.800673,565.491699,13.12136,-17.7323265,0.36254308308723326,0.3616661265567991
2012.08.18_19:00:00_TAI,11549,1948,447814.5,5.522535e+20,15.799652,11.567884,-16.613871,-18.812418,598.221863,13.683768,-17.7131445,0.37535453702035976,0.38259904503532266
2012.08.18_20:00:00_TAI,11549,1948,497595.3125,6.543129e+20,16.367479,11.90527,-16.617615,-18.882753,648.167114,14.136374499999999,-17.750184,0.44472206268669906,0.4145420523350232
2012.08.18_21:00:00_TAI,11549,1948,515792.1875,7.093092e+20,16.959368,12.242238,-16.561359,-18.98671,724.775574,14.600803,-17.7740345,0.4821018361500321,0.46353779363180486
2012.08.18_22:00:00_TAI,11549,1948,562105.0,7.880543e+20,17.593971,12.606299,-16.488155,-19.128935,811.049988,15.100135,-17.808545,0.535623145753542,0.5187154968368481
2012.08.18_23:00:00_TAI,11549,1948,604877.625,8.70593e+20,18.42762,12.916532,-16.342251,-19.240265,978.293518,15.672076,-17.791258,0.5917228816986512,0.6256778444606031
2012.08.19_00:00:00_TAI,11549,1948,595668.125,8.701006e+20,19.039436,13.402196,-16.342268,-19.272997,1020.52832,16.220816,-17.8076325,0.5913882082669232,0.6526895535135301
2012.08.19_01:00:00_TAI,11549,1948,594709.875,8.696029e+20,19.614237,13.898588,-16.329416,-19.291969,1037.757324,16.7564125,-17.810692500000002,0.5910499325419617,0.6637085430975161
2012.08.19_02:00:00_TAI,11549,1948,610112.1875,8.685014e+20,20.160282,14.431799,-16.323322,-19.307966,1040.143677,17.2960405,-17.815644,0.5903012672595724,0.6652347601005835
2012.08.19_03:00:00_TAI,11549,1948,642276.125,9.303418e+20,20.711384,14.99665,-16.335485,-19.327606,1039.900757,17.854017,-17.831545499999997,0.6323328247076535,0.6650793980756086
2012.08.19_04:00:00_TAI,11549,1948,670736.875,9.661232e+20,21.253645,15.560475,-16.332424,-19.341091,1031.544556,18.40706,-17.836757499999997,0.6566526539725478,0.6597351023879011
2012.08.19_05:00:00_TAI,11549,1948,711757.5,1.095006e+21,21.798098,15.992113,-16.291843,-19.373661,1061.355103,18.8951055,-17.832752,0.7442514536612553,0.6788007492985366
2012.08.19_06:00:00_TAI,11549,1948,795869.0,1.258382e+21,22.511238,16.211304,-16.209705,-19.569752,1238.788086,19.361271,-17.8897285,0.8552945214557344,0.7922798680875612
2012.08.19_07:00:00_TAI,11549,1948,861474.0,1.38452e+21,23.305323,16.645226,-16.082624,-19.627287,1370.342285,19.9752745,-17.8549555,0.9410277410562875,0.8764167310490321
2012.08.19_08:00:00_TAI,11549,1948,904094.5,1.385821e+21,23.93803,17.121504,-16.007851,-19.669283,1427.977295,20.529767,-17.838566999999998,0.9419120020934082,0.9132778040897566
2012.08.19_09:00:00_TAI,11549,1948,914429.1875,1.45021e+21,24.521057,17.585508,-15.968143,-19.740887,1492.309204,21.0532825,-17.854515,0.9856757868122084,0.9544219488812338
2012.08.19_10:00:00_TAI,11549,1948,922990.6875,1.470992e+21,25.083677,18.064409,-15.955691,-19.788595,1529.567505,21.574043000000003,-17.872143,0.9998008543552065,0.9782508847057318
2012.08.19_11:00:00_TAI,11549,1948,916874.875,1.449461e+21,25.646339,18.576702,-15.925421,-19.811245,1546.691895,22.1115205,-17.868333,0.9851667080137431,0.989202967312603
2012.08.19_12:00:00_TAI,11549,1948,903687.125,1.471285e+21,26.196314,19.121307,-15.8905,-19.833765,1556.942017,22.6588105,-17.8621325,1.0,0.995758539970929
2012.08.19_13:00:00_TAI,11549,1948,876641.5,1.438482e+21,26.738333,19.671612,-15.883329,-19.854071,1554.641235,23.2049725,-17.8687,0.9777045235967199,0.994287050795291
2012.08.19_14:00:00_TAI,11549,1948,874907.0,1.4278e+21,27.278667,20.195225,-15.880737,-19.867908,1547.473633,23.736946,-17.874322499999998,0.9704442035363645,0.9897029360211487
2012.08.20_04:00:00_TAI,11551,1952,64897.800781,7.274485e+19,-11.49385,-12.924343,12.185283,11.529912,70.050659,-12.209096500000001,11.8575975,0.029051968165574794,0.021264893023320488
2012.08.20_05:00:00_TAI,11551,1952,291990.6875,4.01063e+20,-10.351281,-12.605016,12.418162,11.361983,174.601135,-11.4781485,11.8900725,0.16017174423192743,0.053002705620875584
2012.08.20_06:00:00_TAI,11551,1952,321666.8125,4.164709e+20,-9.562236,-12.128337,12.501281,11.255968,238.095657,-10.8452865,11.8786245,0.16632516705565115,0.07227738821732153
2012.08.20_07:00:00_TAI,11551,1952,390507.3125,4.664089e+20,-8.744411,-11.748722,12.635024,11.208713,315.364349,-10.2465665,11.921868499999999,0.18626880823784445,0.0957334197934399
2012.08.20_08:00:00_TAI,11551,1952,435121.59375,5.093164e+20,-8.081956,-11.241097,12.671228,11.128084,358.585175,-9.6615265,11.899656,0.20340469241472295,0.10885372807304577
2012.08.20_09:00:00_TAI,11551,1952,525915.1875,5.70284e+20,-7.26573,-10.894768,12.805861,11.076215,464.101746,-9.080248999999998,11.941037999999999,0.22775320333104895,0.14088481281277107
2012.08.20_10:00:00_TAI,11551,1952,570575.8125,6.19899e+20,-6.484344,-10.511099,12.910227,11.027665,555.09491,-8.4977215,11.968946,0.24756784863631792,0.16850710682021872
2012.08.20_11:00:00_TAI,11551,1952,610910.625,6.53443e+20,-5.825699,-10.290114,12.94787,10.939888,662.796082,-8.057906500000001,11.943878999999999,0.26096425017053015,0.20120135886239063
2012.08.20_12:00:00_TAI,11551,1952,671130.5,6.549716e+20,-5.071527,-10.035934,13.074264,10.889809,804.936096,-7.5537304999999995,11.9820365,0.26157472415649474,0.2443500206336279
2012.08.20_13:00:00_TAI,11551,1952,743893.8125,7.467864e+20,-4.226213,-9.629915,13.174122,10.806257,960.25708,-6.928064000000001,11.9901895,0.2982426208767247,0.29149995692526043
2012.08.20_14:00:00_TAI,11551,1952,826106.625,8.468201e+20,-3.600967,-9.154463,13.210783,10.780125,1009.773376,-6.377715,11.995453999999999,0.3381928835810214,0.30653134638515217
2012.08.20_15:00:00_TAI,11551,1952,913901.1875,9.026372e+20,-2.945585,-8.805415,13.218031,10.785965,1074.407837,-5.8755,12.001998,0.36048444940725793,0.3261520739900842
2012.08.20_16:00:00_TAI,11551,1952,1013683.3125,9.964422e+20,-2.227087,-8.647994,13.314559,10.703797,1263.360352,-5.437540500000001,12.009177999999999,0.39794716840072275,0.38351134905361156
2012.08.20_17:00:00_TAI,11551,1952,1089462.75,1.075186e+21,-1.509403,-8.174607,13.416223,10.684161,1364.222656,-4.842005,12.050192,0.42939492546993635,0.41412956357527125
2012.08.20_18:00:00_TAI,11551,1952,1178995.0,1.077237e+21,-0.698686,-7.64166,13.482009,10.694569,1467.812256,-4.170173,12.088289,0.430214029320004,0.445575688333763
2012.08.20_19:00:00_TAI,11551,1952,1251948.25,1.272601e+21,0.049431,-7.295871,13.554815,10.676665,1589.501465,-3.62322,12.115739999999999,0.5082361670891982,0.4825162117837635
2012.08.20_20:00:00_TAI,11551,1952,1328457.75,1.364316e+21,0.859152,-6.79298,13.590617,10.6586,1681.563721,-2.966914,12.1246085,0.5448642068790347,0.5104630441658192
2012.08.20_21:00:00_TAI,11551,1952,1364298.5,1.499873e+21,1.543941,-6.25861,13.605786,10.613684,1744.813843,-2.3573345,12.109735,0.5990013402791423,0.5296635355993398
2012.08.20_22:00:00_TAI,11551,1952,1417214.125,1.494014e+21,2.259573,-5.694386,13.642402,10.592125,1805.44043,-1.7174064999999998,12.1172635,0.5966614429327034,0.5480676149517415
2012.08.20_23:00:00_TAI,11551,1952,1456551.625,1.582973e+21,3.006575,-5.199607,13.680699,10.59685,1874.954956,-1.096516,12.1387745,0.6321888244042627,0.5691697570309021
2012.08.21_00:00:00_TAI,11551,1952,1538733.25,1.629555e+21,3.846628,-4.731936,13.751293,10.540751,2006.662109,-0.4426540000000001,12.146022,0.6507921864441708,0.6091513726064401
2012.08.21_01:00:00_TAI,11551,1952,1635484.25,1.765331e+21,4.623183,-4.327376,13.787454,10.420219,2139.69873,0.14790349999999997,12.1038365,0.7050167814450414,0.6495365674659066
2012.08.21_02:00:00_TAI,11551,1952,1718726.25,1.766075e+21,5.433305,-3.795313,13.883119,10.358131,2278.543213,0.8189959999999998,12.120625,0.7053139112668114,0.6916848230286877
2012.08.21_03:00:00_TAI,11551,1952,1859329.25,1.911641e+21,6.120167,-3.266256,13.884033,10.293001,2366.813721,1.4269555000000003,12.088517,0.763448319379414,0.7184806153385668
2012.08.21_04:00:00_TAI,11551,1952,1965247.25,2.016125e+21,6.810846,-2.797603,13.916836,10.22969,2504.419189,2.0066214999999996,12.073263,0.8051758896721828,0.7602527499368145
2012.08.21_05:00:00_TAI,11551,1952,2168597.25,2.289464e+21,7.626142,-2.267543,13.978783,10.163215,2664.106934,2.6792995,12.070999,0.9143387503614281,0.8087282798324045
2012.08.21_06:00:00_TAI,11551,1952,2283974.0,2.502565e+21,8.317757,-1.735878,14.007927,10.065366,2783.410889,3.2909395000000004,12.0366465,0.9994444790563413,0.8449447248530579
2012.08.21_07:00:00_TAI,11551,1952,2402900.25,2.423715e+21,9.041732,-1.205189,14.035289,9.967534,2894.810059,3.9182715,12.0014115,0.9679543091012781,0.8787615577958671
2012.08.21_08:00:00_TAI,11551,1952,2512667.5,2.460782e+21,9.73358,-0.736934,14.123369,9.929065,3051.204102,4.498323,12.026216999999999,0.9827576842404578,0.926237236702465
2012.08.21_09:00:00_TAI,11551,1952,2578293.0,2.456195e+21,10.363403,-0.237383,14.119391,9.919481,3108.109619,5.06301,12.019435999999999,0.980925783040916,0.943511731314168
2012.08.21_10:00:00_TAI,11551,1952,2602132.25,2.503956e+21,10.997695,0.293486,14.143301,9.909701,3148.796143,5.6455905,12.026501,1.0,0.9558627154833642
2012.08.21_11:00:00_TAI,11551,1952,2550702.5,2.455099e+21,11.604925,0.761169,14.140762,9.900105,3203.156494,6.183047,12.0204335,0.9804880756690614,0.9723645880599684
2012.08.21_12:00:00_TAI,11551,1952,2518764.0,2.403629e+21,12.206608,1.260367,14.163402,9.890442,3238.926514,6.7334875,12.026921999999999,0.9599326026495675,0.9832230961682511
2012.08.16_05:00:00_TAI,11547,1943,28293.800781,6.530457e+19,-46.747307,-47.474541,5.876696,5.527587,13.978703,-47.110924,5.7021415,0.02185408383416287,0.004352913947627064
2012.08.16_06:00:00_TAI,11547,1943,86365.203125,2.520873e+20,-45.80455,-47.253197,6.101028,5.327409,62.952168,-46.5288735,5.7142185,0.08436066553577744,0.019603061179607445
2012.08.16_07:00:00_TAI,11547,1943,89632.101562,2.185454e+20,-45.140514,-46.808949,6.155788,5.215668,91.003067,-45.974731500000004,5.685728,0.07313591519200965,0.028338002432782228
2012.08.16_08:00:00_TAI,11547,1943,108773.5,2.443051e+20,-44.482086,-46.365856,6.211516,5.101744,124.372337,-45.423971,5.65663,0.08175636309240752,0.03872906380701225
2012.08.16_09:00:00_TAI,11547,1943,167933.5,4.209757e+20,-43.640923,-46.379818,6.264237,4.824848,217.528732,-45.0103705,5.5445425,0.1408789345055851,0.0677376042349873
2012.08.16_10:00:00_TAI,11547,1943,174783.90625,3.282511e+20,-43.007454,-45.940365,6.304075,4.774195,250.247635,-44.473909500000005,5.539135,0.10984877563784863,0.07792614384554752
2012.08.16_11:00:00_TAI,11547,1943,342487.40625,7.478532e+20,-42.066929,-45.6199,6.314883,4.39043,375.737488,-43.8434145,5.3526565,0.25026803680733173,0.11700319780465732
2012.08.16_12:00:00_TAI,11547,1943,539640.1875,1.174228e+21,-40.432823,-45.503456,6.600378,3.991491,743.719238,-42.9681395,5.2959344999999995,0.3929537726444168,0.23159128884909938
2012.08.16_13:00:00_TAI,11547,1943,648973.0,1.415359e+21,-39.636967,-45.199982,6.75082,3.86584,908.398743,-42.4184745,5.30833,0.4736479275713311,0.2828718485836342
2012.08.16_14:00:00_TAI,11547,1943,730826.625,1.585718e+21,-38.972504,-44.72126,6.833866,3.818697,987.122192,-41.846882,5.3262815,0.5306583307927926,0.3073860255539445
2012.08.16_15:00:00_TAI,11547,1943,808664.875,1.710755e+21,-38.212055,-44.288155,6.923326,3.763534,1110.08728,-41.250105000000005,5.34343,0.572501789533463,0.3456768774753559
2012.08.16_16:00:00_TAI,11547,1943,893936.375,1.704951e+21,-37.559704,-43.852985,6.977206,3.67283,1210.30835,-40.7063445,5.325018,0.5705594889781805,0.3768853303231708
2012.08.16_17:00:00_TAI,11547,1943,960386.8125,1.871761e+21,-36.893326,-43.374649,7.043,3.586649,1310.258545,-40.1339875,5.3148245,0.6263822242687844,0.4080094337456088
2012.08.16_18:00:00_TAI,11547,1943,1046420.875,2.204509e+21,-36.171692,-42.862843,7.096087,3.510433,1409.238281,-39.5172675,5.30326,0.7377358812586402,0.4388313399959129
2012.08.16_19:00:00_TAI,11547,1943,1111508.25,2.269433e+21,-35.516048,-42.429436,7.167127,3.452961,1509.588257,-38.972742,5.3100439999999995,0.7594626078697976,0.4700799336726254
2012.08.16_20:00:00_TAI,11547,1943,1154345.25,2.240274e+21,-34.889751,-41.936321,7.214758,3.410907,1580.987793,-38.413036,5.3128325,0.7497045889360483,0.4923134725144264
2012.08.16_21:00:00_TAI,11547,1943,1210746.25,2.256684e+21,-34.254707,-41.529446,7.228144,3.36473,1665.41272,-37.8920765,5.296437,0.7551961726907321,0.518603067641077
2012.08.16_22:00:00_TAI,11547,1943,1264139.125,2.433984e+21,-33.5844,-41.040123,7.223897,3.317231,1731.088501,-37.312261500000005,5.270564,0.8145293719415208,0.5390542513550597
2012.08.16_23:00:00_TAI,11547,1943,1303758.5,2.629165e+21,-32.969749,-40.47961,7.225914,3.298407,1770.603638,-36.7246795,5.2621605,0.8798464230580927,0.5513591118982514
2012.08.17_00:00:00_TAI,11547,1943,1362553.75,2.635225e+21,-32.3885,-39.990036,7.223894,3.24441,1824.759888,-36.189268,5.234152,0.8818743936585426,0.568223158296274
2012.08.17_01:00:00_TAI,11547,1943,1417190.25,2.725174e+21,-31.781403,-39.510052,7.219633,3.228242,1875.174438,-35.6457275,5.2239375,0.9119757018334393,0.5839220538131429
2012.08.17_02:00:00_TAI,11547,1943,1513117.75,2.801387e+21,-31.137253,-38.957611,7.32625,3.186908,1970.47583,-35.047432,5.256579,0.9374802766473161,0.6135985379951928
2012.08.17_03:00:00_TAI,11547,1943,1572468.5,2.808091e+21,-30.501404,-38.388435,7.366908,3.168028,2039.207886,-34.4449195,5.267468,0.9397237609551407,0.6350014339013068
2012.08.17_04:00:00_TAI,11547,1943,1636982.375,2.988209e+21,-29.929943,-37.914009,7.403916,3.170843,2093.233643,-33.921976,5.2873795,1.0,0.6518248452847815
2012.08.17_05:00:00_TAI,11547,1943,1683828.375,2.800284e+21,-29.270147,-37.457119,7.434258,3.136343,2173.638672,-33.363633,5.2853005,0.9371111592261452,0.6768626597510777
2012.08.17_06:00:00_TAI,11547,1943,1716823.75,2.549066e+21,-28.66881,-36.964664,7.466112,3.113576,2248.846436,-32.816737,5.289844,0.8530414037304619,0.7002820660354407
2012.03.19_01:00:00_TAI,11440,1484,21665.0,1.642087e+19,-22.579,-23.126163,-26.451017,-26.686935,9.06241,-22.8525815,-26.568976,0.003431139303561593,0.002314996389797206
2012.03.19_02:00:00_TAI,11440,1484,42153.601562,2.969598e+19,-21.871645,-22.729473,-26.286049,-26.714437,24.925669,-22.300559,-26.500242999999998,0.006204972339210955,0.006367272474792039
2012.03.19_03:00:00_TAI,11440,1484,100490.296875,8.678707e+19,-20.959908,-22.596354,-26.174181,-26.952343,78.972305,-21.778131000000002,-26.563262,0.018134150438920183,0.020173508036930996
2012.03.19_04:00:00_TAI,11440,1484,138198.59375,1.439562e+20,-20.118052,-22.209702,-25.973618,-26.977053,128.761505,-21.163877,-26.4753355,0.030079634989581758,0.032892179808666225
2012.03.19_05:00:00_TAI,11440,1484,198739.40625,1.753532e+20,-18.973219,-22.097311,-25.708961,-27.128922,270.892609,-20.535265000000003,-26.4189415,0.03664003530417674,0.06919962922200011
2012.03.19_06:00:00_TAI,11440,1484,211866.703125,2.130531e+20,-18.387566,-21.52598,-25.696051,-27.147263,281.636505,-19.956773,-26.421657,0.04451742600456848,0.07194416190727441
2012.03.19_08:00:00_TAI,11440,1484,214807.0,2.06887e+20,-17.262352,-20.484215,-25.660595,-27.175642,302.000366,-18.8732835,-26.4181185,0.04322901996641757,0.07714611863813652
2012.03.19_09:00:00_TAI,11440,1484,229699.203125,2.832868e+20,-16.508497,-19.994791,-25.613325,-27.16304,329.804169,-18.251644,-26.3881825,0.0591927512768929,0.08424861163587473
2012.03.19_11:00:00_TAI,11440,1484,248375.40625,2.627277e+20,-15.03033,-19.058096,-25.552513,-27.169821,399.506622,-17.044213,-26.361167000000002,0.0548969291885472,0.10205413213814835
2012.03.19_12:00:00_TAI,11440,1484,252556.703125,2.646273e+20,-14.473642,-18.529774,-25.537661,-27.184568,410.625153,-16.501708,-26.3611145,0.05529385043699784,0.10489436548941455
2012.03.19_13:00:00_TAI,11440,1484,330557.1875,3.299785e+20,-10.389328,-18.001812,-25.551928,-27.200348,489.02829,-14.19557,-26.376138,0.0689489777752518,0.12492247932489273
2012.03.19_14:00:00_TAI,11440,1484,514765.1875,4.401893e+20,-8.925863,-17.465858,-25.54034,-27.408176,756.985779,-13.1958605,-26.474258,0.09197751448231824,0.1933723309266327
2012.03.19_15:00:00_TAI,11440,1484,571521.625,4.466274e+20,-8.074207,-16.90608,-25.554558,-27.486813,857.294861,-12.490143499999999,-26.5206855,0.09332275489590533,0.21899632748978443
2012.03.19_16:00:00_TAI,11440,1484,615671.625,4.552192e+20,-7.359703,-16.342859,-25.567745,-27.558901,899.385498,-11.851281,-26.563322999999997,0.09511801072999576,0.22974839815302575
2012.03.19_17:00:00_TAI,11440,1484,649614.375,4.392007e+20,-6.58402,-15.763714,-25.58304,-27.630344,948.025208,-11.173867,-26.606692000000002,0.09177094660159688,0.2421734322279333
2012.03.19_18:00:00_TAI,11440,1484,666383.3125,4.705311e+20,-5.937562,-15.190871,-25.573149,-27.642355,972.298401,-10.5642165,-26.607751999999998,0.09831743085220639,0.2483740294381512
2012.03.19_19:00:00_TAI,11440,1484,668147.125,5.510826e+20,-5.333878,-14.642926,-25.587671,-27.649189,973.08551,-9.988402,-26.61843,0.11514865950274936,0.2485750967583648
2012.03.19_20:00:00_TAI,11440,1484,656289.125,5.254841e+20,-4.790319,-14.120907,-25.57707,-27.658924,976.952271,-9.455613,-26.617997,0.10979985523950256,0.24956286245812995
2012.03.19_21:00:00_TAI,11440,1484,639102.8125,4.693077e+20,-4.249499,-13.569015,-25.590197,-27.664818,965.693237,-8.909257,-26.6275075,0.09806180153268937,0.24668673755729187
2012.03.19_22:00:00_TAI,11440,1484,630594.3125,4.273071e+20,-3.708605,-13.008327,-25.53425,-27.644812,967.877563,-8.358466,-26.589531,0.0892857799556859,0.24724472453913668
2012.03.19_23:00:00_TAI,11440,1484,616364.0,4.181148e+20,-3.168909,-12.431498,-25.545921,-27.649824,951.708923,-7.8002035,-26.5978725,0.08736504970082552,0.24311443875114755
2012.03.20_00:00:00_TAI,11440,1484,606778.375,4.545166e+20,-2.633793,-11.846769,-25.52795,-27.653408,930.406372,-7.2402809999999995,-26.590679,0.09497120252344628,0.23767269327080945
2012.03.20_01:00:00_TAI,11440,1484,590993.375,4.388693e+20,-2.127635,-11.234956,-25.538486,-27.625639,897.251953,-6.6812955,-26.5820625,0.091701700601525,0.22920338319867364
2012.03.20_02:00:00_TAI,11440,1484,586949.125,4.747964e+20,-1.624101,-10.674232,-25.546795,-27.625086,850.663574,-6.1491665,-26.5859405,0.09920866490201502,0.21730236247775023
2012.03.20_03:00:00_TAI,11440,1484,566868.625,4.259369e+20,-1.155054,-10.101603,-25.584349,-27.594973,760.171692,-5.6283285,-26.589661,0.08899947678942613,0.19418617372266686
2012.03.20_04:00:00_TAI,11440,1484,511415.90625,3.798182e+20,-0.716234,-9.490434,-25.590416,-27.464386,635.277466,-5.103334,-26.527401,0.07936297858932066,0.16228189193708045
2012.03.20_05:00:00_TAI,11440,1484,517241.8125,4.196447e+20,-0.078683,-8.878902,-25.624603,-27.365879,587.454956,-4.4787925,-26.495241,0.08768472216766308,0.15006561194080564
2012.03.20_06:00:00_TAI,11440,1484,566566.6875,5.496905e+20,1.1631,-8.237123,-25.69388,-27.523781,661.308716,-3.5370115,-26.6088305,0.11485778033346733,0.16893158553645507
2012.03.20_08:00:00_TAI,11440,1484,657795.375,5.03186e+20,2.826542,-7.104528,-25.598749,-27.605022,786.810364,-2.138993,-26.6018855,0.10514066925820274,0.20099103352364608
2012.03.20_09:00:00_TAI,11440,1484,847758.875,9.287603e+20,3.989649,-6.91912,-25.441744,-27.766846,1097.132324,-1.4647355000000002,-26.604295,0.1940643808103746,0.2802629067973992
2012.03.20_10:00:00_TAI,11440,1484,918102.0,6.778872e+20,4.571194,-6.545603,-25.432537,-27.789566,1207.304932,-0.9872044999999998,-26.611051500000002,0.1416444692212604,0.30840654516451593
2012.03.20_11:00:00_TAI,11440,1484,1024879.3125,7.70599e+20,5.157104,-6.298605,-25.40028,-27.820168,1419.390137,-0.5707504999999999,-26.610224,0.16101659145862918,0.3625837986660018
2012.03.20_12:00:00_TAI,11440,1484,1130498.125,8.440196e+20,6.072314,-5.791376,-25.268055,-27.910168,1668.785889,0.1404690000000004,-26.5891115,0.17635781919815052,0.42629204685944694
2012.03.20_13:00:00_TAI,11440,1484,1215859.25,9.880119e+20,6.913727,-5.424703,-25.226854,-28.064098,1891.613525,0.7445119999999998,-26.645476000000002,0.2064449972794722,0.48321345881135
2012.03.20_14:00:00_TAI,11440,1484,1288879.75,1.089078e+21,7.714536,-4.920102,-25.213964,-28.087767,1988.881348,1.397217,-26.650865500000002,0.22756274974737956,0.5080605645027095
2012.03.20_15:00:00_TAI,11440,1484,1368974.25,1.158027e+21,8.459143,-4.447423,-25.146849,-28.211544,2147.091553,2.0058599999999998,-26.6791965,0.24196963707072286,0.5484754269293793
2012.03.20_16:00:00_TAI,11440,1484,1437237.25,1.185155e+21,9.070642,-3.944145,-25.136784,-28.264345,2214.459229,2.5632485,-26.7005645,0.24763803022084332,0.5656845276795139
2012.03.20_17:00:00_TAI,11440,1484,1480329.875,1.244299e+21,9.716196,-3.439062,-25.04525,-28.29384,2287.448242,3.138567,-26.669545,0.25999616367965805,0.584329601295678
2012.03.20_18:00:00_TAI,11440,1484,1559558.375,1.331681e+21,10.405448,-2.899578,-24.910118,-28.319933,2419.092529,3.752935,-26.6150255,0.2782546246883512,0.6179581889608164
2012.03.20_19:00:00_TAI,11440,1484,1607641.25,1.583078e+21,10.955889,-2.331484,-24.842405,-28.315712,2446.282959,4.312202500000001,-26.579058500000002,0.330784005135153,0.6249039955715341
2012.03.20_20:00:00_TAI,11440,1484,1641837.875,1.576419e+21,11.506315,-1.790462,-24.803659,-28.34009,2471.563721,4.8579265000000005,-26.5718745,0.32939260768651496,0.6313619767003201
2012.03.20_21:00:00_TAI,11440,1484,1619139.25,1.511828e+21,12.052096,-1.219504,-24.765131,-28.333647,2490.050537,5.416296,-26.549388999999998,0.3158963240696087,0.6360844415081192
2012.03.20_22:00:00_TAI,11440,1484,1583565.25,1.410179e+21,12.591878,-0.648417,-24.757656,-28.326933,2485.786621,5.9717305,-26.5422945,0.294656774699342,0.6349952223990303
2012.03.20_23:00:00_TAI,11440,1484,1558822.375,1.494837e+21,13.127456,-0.077597,-24.746628,-28.317369,2479.756104,6.5249295,-26.5319985,0.3123460561540345,0.6334547243324441
2012.03.21_00:00:00_TAI,11440,1484,1544348.25,1.459263e+21,13.674444,0.457477,-24.677469,-28.328785,2477.946777,7.0659605,-26.503127,0.3049128720666567,0.632992531000542
2012.03.21_01:00:00_TAI,11440,1484,1538015.25,1.443027e+21,14.200062,0.992843,-24.658989,-28.353682,2483.768311,7.596452500000001,-26.5063355,0.30152036133289983,0.6344796442731794
2012.03.21_02:00:00_TAI,11440,1484,1544196.125,1.491501e+21,14.778473,1.5602,-24.642431,-28.391651,2512.526855,8.1693365,-26.517041,0.3116489992553025,0.6418260262549949
2012.03.21_03:00:00_TAI,11440,1484,1567812.625,1.436169e+21,15.347349,2.130272,-24.627989,-28.409683,2520.933838,8.7388105,-26.518836,0.30008738285223313,0.643973593546045
2012.03.21_04:00:00_TAI,11440,1484,1597819.0,1.388596e+21,15.90163,2.698803,-24.612005,-28.40118,2518.731689,9.300216500000001,-26.5065925,0.2901470087984628,0.6434110536714648
2012.03.21_05:00:00_TAI,11440,1484,1753406.125,1.641157e+21,17.080471,3.300674,-24.595016,-28.408676,2664.516846,10.1905725,-26.501846,0.34291960694014584,0.6806519324378214
2012.03.21_06:00:00_TAI,11440,1484,1968692.875,1.905404e+21,18.29567,3.93072,-24.586733,-28.396778,2852.837891,11.113195000000001,-26.4917555,0.39813399372648794,0.7287586214198734
2012.03.21_08:00:00_TAI,11440,1484,2167007.25,2.11737e+21,20.118694,5.026961,-24.355482,-28.404892,3145.931152,12.5728275,-26.380187,0.44242427028423037,0.8036294163948182
2012.03.21_09:00:00_TAI,11440,1484,2455240.75,3.380507e+21,21.125261,5.582523,-24.23348,-28.448183,3336.333984,13.353891999999998,-26.3408315,0.7063566323626634,0.8522678987286746
2012.03.21_10:00:00_TAI,11440,1484,2589115.0,2.905554e+21,21.87388,6.114721,-24.143984,-28.504381,3462.916016,13.9943005,-26.3241825,0.6071152459047907,0.8846033312563572
2012.03.21_11:00:00_TAI,11440,1484,2704443.25,3.119197e+21,22.652521,6.679456,-24.030548,-28.500725,3577.901855,14.665988500000001,-26.2656365,0.6517559314610865,0.9139765114769389
2012.03.21_12:00:00_TAI,11440,1484,2815959.25,3.412268e+21,23.295322,7.249295,-23.920401,-28.500029,3652.072998,15.2723085,-26.210214999999998,0.7129930904443863,0.9329235606914561
2012.03.21_13:00:00_TAI,11440,1484,2859798.0,3.386685e+21,23.922424,7.858317,-23.846441,-28.506966,3707.039307,15.8903705,-26.1767035,0.7076475249047398,0.9469647271025406
2012.03.21_14:00:00_TAI,11440,1484,2912420.0,3.528411e+21,24.533064,8.477131,-23.801212,-28.494978,3718.17749,16.505097499999998,-26.148094999999998,0.7372611598057267,0.9498099805653503
2012.03.21_15:00:00_TAI,11440,1484,3000439.5,3.746927e+21,25.229593,9.203822,-23.775248,-28.497011,3739.300049,17.216707500000002,-26.136129500000003,0.7829200582719508,0.955205747014703
2012.03.21_16:00:00_TAI,11440,1484,3014167.5,3.853247e+21,25.855682,9.837639,-23.670536,-28.4918,3789.355713,17.8466605,-26.081167999999998,0.8051356126703881,0.967992487125656
2012.03.21_17:00:00_TAI,11440,1484,3002224.0,3.821824e+21,26.492777,10.422383,-23.642006,-28.49667,3805.051514,18.45758,-26.069338000000002,0.7985697796581412,0.9720019859951594
2012.03.21_18:00:00_TAI,11440,1484,3000121.25,4.016942e+21,27.111456,11.030995,-23.604036,-28.491854,3836.576416,19.0712255,-26.047945,0.8393396681373954,0.980055035274403
2012.03.21_19:00:00_TAI,11440,1484,3034846.75,4.157402e+21,27.777714,11.643404,-23.579136,-28.491531,3848.530273,19.710559,-26.0353335,0.8686887724527125,0.983108652998513
2012.03.21_20:00:00_TAI,11440,1484,3023051.5,4.192936e+21,28.382006,12.233331,-23.538933,-28.478579,3856.866455,20.3076685,-26.008755999999998,0.8761135985437026,0.9852381341447746
2012.03.21_21:00:00_TAI,11440,1484,2981245.5,4.094619e+21,28.944803,12.910732,-23.513744,-28.468702,3840.831787,20.9277675,-25.991222999999998,0.8555702702725292,0.9811420715597011
2012.03.21_22:00:00_TAI,11440,1484,2911474.0,4.096482e+21,29.625109,13.571334,-23.467255,-28.459589,3849.452393,21.5982215,-25.963422,0.8559595439542851,0.9833442089346228
2012.03.21_23:00:00_TAI,11440,1484,2866843.25,4.201148e+21,30.283451,14.24914,-23.438347,-28.448723,3858.962158,22.2662955,-25.943535,0.8778294952020922,0.9857734823445456
2012.03.22_00:00:00_TAI,11440,1484,2798561.25,4.104416e+21,30.890755,14.940094,-23.409624,-28.447844,3846.331299,22.9154245,-25.928734,0.8576173525377803,0.9825469241789984
2012.03.22_01:00:00_TAI,11440,1484,2745720.0,4.043408e+21,31.504066,15.575218,-23.375599,-28.427208,3830.299561,23.539642,-25.9014035,0.8448697364472999,0.9784516100636389
2012.03.22_02:00:00_TAI,11440,1484,2720856.25,4.111128e+21,32.088932,16.222416,-23.334263,-28.419594,3785.098633,24.155673999999998,-25.876928499999998,0.8590198243316319,0.9669050142755998
2012.03.22_03:00:00_TAI,11440,1484,2687041.5,4.133649e+21,32.69537,19.109159,-23.298956,-28.394617,3687.873291,25.902264499999998,-25.8467865,0.8637255852478021,0.9420687603732937
2012.03.22_04:00:00_TAI,11440,1484,2732540.5,4.122308e+21,33.317589,19.637297,-23.263742,-28.372002,3695.105225,26.477443,-25.817872,0.8613558843219867,0.943916160910375
2012.03.22_05:00:00_TAI,11440,1484,2729815.25,4.1255e+21,33.923119,20.165968,-23.240345,-28.360317,3691.943848,27.0445435,-25.800331,0.8620228524337232,0.9431085858457081
2012.03.22_06:00:00_TAI,11440,1484,2797293.0,4.264633e+21,34.512562,18.971865,-23.224026,-28.353073,3779.639404,26.742213500000002,-25.7885495,0.8910946802188792,0.965510451965345
2012.03.22_08:00:00_TAI,11440,1484,2613442.5,4.154473e+21,35.678207,19.862738,-23.226685,-28.338488,3817.981201,27.7704725,-25.7825865,0.8680767581672251,0.9753048798971355
2012.03.22_09:00:00_TAI,11440,1484,2668555.5,4.785836e+21,36.3298,20.382933,-23.043741,-28.312199,3895.330566,28.3563665,-25.677970000000002,1.0,0.9950638072385498
2012.03.22_10:00:00_TAI,11440,1484,2666696.75,3.861478e+21,36.956894,20.931763,-23.00672,-28.304249,3914.654053,28.944328499999997,-25.6554845,0.8068554793770618,1.0
2012.03.22_11:00:00_TAI,11440,1484,2617987.0,3.929499e+21,37.592831,21.471413,-22.976547,-28.272526,3898.093994,29.532121999999998,-25.624536499999998,0.8210684611842111,0.9957697260662639
2012.01.16_04:00:00_TAI,11406,1330,237843.296875,3.852406e+20,31.931871,29.263536,-21.306986,-22.602938,204.080124,30.5977035,-21.954962000000002,0.07603948662570469,0.10966302073418559
2012.01.16_05:00:00_TAI,11406,1330,409266.09375,6.559192e+20,33.011292,29.265018,-21.075556,-22.870581,392.114044,31.138154999999998,-21.9730685,0.1294665184197691,0.21070356923801828
2012.01.16_06:00:00_TAI,11406,1330,551568.5,9.415896e+20,34.182945,29.360554,-20.856516,-23.104736,625.599121,31.7717495,-21.980626,0.18585265882179244,0.33616742303386327
2012.01.16_07:00:00_TAI,11406,1330,674993.3125,1.24795e+21,35.217216,29.65748,-20.737682,-23.294308,814.679626,32.437348,-22.015995,0.24632262885726,0.4377703568905934
2012.01.16_08:00:00_TAI,11406,1330,730229.625,1.371205e+21,35.92588,30.044228,-20.619658,-23.306225,895.607361,32.985054,-21.9629415,0.2706509237567364,0.48125709978024234
2012.01.16_09:00:00_TAI,11406,1330,800823.625,1.427051e+21,37.029388,30.416964,-20.521049,-23.408901,1072.740112,33.723175999999995,-21.964975000000003,0.2816739082762785,0.576439874882909
2012.01.16_10:00:00_TAI,11406,1330,956130.8125,1.647522e+21,38.299904,30.837185,-20.338367,-23.476166,1293.305908,34.5685445,-21.9072665,0.32519087314409284,0.6949615171962985
2012.01.16_11:00:00_TAI,11406,1330,1098619.625,2.03661e+21,39.183144,31.212761,-20.194979,-23.597141,1494.256226,35.1979525,-21.89606,0.40198976654271745,0.8029427279945396
2012.01.16_12:00:00_TAI,11406,1330,1139779.625,2.298612e+21,39.790359,31.589737,-20.166624,-23.651768,1571.893066,35.690048000000004,-21.909196,0.45370419533061745,0.8446610993272454
2012.01.16_13:00:00_TAI,11406,1330,1134354.375,2.312332e+21,40.516647,32.067146,-20.14098,-23.688946,1628.566772,36.2918965,-21.914963,0.4564122737535684,0.8751148724549074
2012.01.16_14:00:00_TAI,11406,1330,1154130.125,2.380924e+21,41.115993,32.574539,-20.124561,-23.706015,1651.966309,36.845266,-21.915288,0.469951086813849,0.8876886785703982
2012.01.16_15:00:00_TAI,11406,1330,1182108.25,2.376101e+21,41.67514,33.077507,-20.123796,-23.712753,1649.341797,37.3763235,-21.9182745,0.4689991143478218,0.8862783897670011
2012.01.16_16:00:00_TAI,11406,1330,1178081.75,2.504177e+21,42.326073,33.59304,-20.128735,-23.744616,1686.694336,37.959556500000005,-21.9366755,0.4942789869497069,0.9063498802117613
2012.01.16_17:00:00_TAI,11406,1330,1237539.75,2.551769e+21,43.005718,34.134624,-20.139637,-23.764366,1715.309937,38.570171,-21.9520015,0.5036727820156748,0.9217265527866181
2012.01.16_18:00:00_TAI,11406,1330,1236264.625,2.635578e+21,43.673496,34.680611,-20.115314,-23.776794,1731.38208,39.1770535,-21.946054,0.5202151540673581,0.9303629634105739
2012.01.16_19:00:00_TAI,11406,1330,1246182.25,2.861362e+21,44.283207,35.201107,-20.092867,-23.778337,1737.542847,39.742157,-21.935602,0.5647808084877336,0.9336734686475242
2012.01.16_20:00:00_TAI,11406,1330,1227204.0,2.905531e+21,44.881233,35.744934,-20.09338,-23.781528,1733.88208,40.313083500000005,-21.937454000000002,0.5734989656206286,0.9317063453453842
2012.01.16_21:00:00_TAI,11406,1330,1225641.0,2.827755e+21,45.54113,36.294407,-20.083612,-23.78602,1744.979736,40.9177685,-21.934815999999998,0.5581473980241686,0.9376697015810402
2012.01.16_22:00:00_TAI,11406,1330,1276581.0,2.942376e+21,46.259369,36.86359,-20.081745,-23.791924,1779.089722,41.561479500000004,-21.936834500000003,0.5807714983825547,0.9559987971766544
2012.01.16_23:00:00_TAI,11406,1330,1310658.25,3.166528e+21,46.91843,37.43222,-20.070637,-23.826813,1813.840942,42.175325,-21.948725000000003,0.6250150256902294,0.9746724616409029
2012.01.17_00:00:00_TAI,11406,1330,1287112.5,3.316149e+21,47.562065,37.961929,-20.054226,-23.892349,1851.678467,42.761996999999994,-21.973287499999998,0.6545474893724699,0.9950045606580775
2012.01.17_01:00:00_TAI,11406,1330,1284028.125,3.422646e+21,48.147705,38.432346,-20.039183,-23.916704,1860.974854,43.2900255,-21.977943500000002,0.6755680599124848,1.0
2012.01.17_02:00:00_TAI,11406,1330,1268659.125,3.443663e+21,48.70713,38.95055,-20.015568,-23.934313,1854.971313,43.82884,-21.9749405,0.6797164333975547,0.9967739805902825
2012.01.17_03:00:00_TAI,11406,1330,1265434.25,3.363578e+21,49.247616,39.495243,-20.016375,-23.939339,1839.249023,44.371429500000005,-21.977857,0.6639091112035296,0.9883255644463426
2012.01.17_04:00:00_TAI,11406,1330,1258594.25,3.435393e+21,49.781521,40.050453,-20.019182,-23.93885,1818.763306,44.915987,-21.979016,0.6780840858350327,0.9773175075905673
2012.01.17_05:00:00_TAI,11406,1330,1263655.25,3.519591e+21,50.323261,40.60997,-20.021406,-23.947464,1797.981934,45.4666155,-21.984434999999998,0.6947032394105153,0.9661505797004175
2012.01.17_06:00:00_TAI,11406,1330,1233826.625,3.556706e+21,50.875126,41.182045,-20.016685,-23.959913,1782.015869,46.028585500000005,-21.988298999999998,0.7020290652609398,0.9575711703840143
2012.01.17_07:00:00_TAI,11406,1330,1217185.625,3.620647e+21,51.436684,41.745354,-19.989889,-23.951506,1763.286377,46.591019,-21.9706975,0.7146498555263847,0.9475068259036239
2012.01.17_08:00:00_TAI,11406,1330,1217759.625,3.661596e+21,51.987206,42.294086,-19.963526,-23.950506,1747.307739,47.140646000000004,-21.957016000000003,0.7227324432334851,0.938920660450794
2012.01.17_09:00:00_TAI,11406,1330,1225367.625,3.676757e+21,52.538883,42.85833,-19.934927,-23.943857,1731.371826,47.6986065,-21.939391999999998,0.7257249488435695,0.93035745339523
2012.01.17_10:00:00_TAI,11406,1330,1212673.75,3.605947e+21,53.116627,43.418594,-19.909739,-23.923979,1713.269897,48.2676105,-21.916859,0.7117483429303658,0.9206303316337018
2012.01.17_11:00:00_TAI,11406,1330,1206168.875,3.65641e+21,53.678738,43.983776,-19.901827,-23.91209,1688.479492,48.831257,-21.906958500000002,0.7217088211706991,0.9073091387402487
2012.01.17_12:00:00_TAI,11406,1330,1192270.125,3.689943e+21,54.261726,44.548851,-19.875284,-23.898529,1667.850586,49.4052885,-21.886906500000002,0.7283276253803794,0.896224138878128
2012.01.17_13:00:00_TAI,11406,1330,1202063.375,3.845023e+21,54.792316,45.116653,-19.871469,-23.898136,1647.015015,49.9544845,-21.8848025,0.7589375963593319,0.8850280870049843
2012.01.17_14:00:00_TAI,11406,1330,1212271.25,3.926803e+21,55.390057,45.65239,-19.882847,-23.907801,1635.964111,50.5212235,-21.895324000000002,0.7750794807200408,0.8790898530862148
2012.01.17_15:00:00_TAI,11406,1330,1216368.75,4.059024e+21,55.946606,46.184727,-19.887259,-23.930298,1620.751465,51.065666500000006,-21.9087785,0.8011775009212796,0.8709152955593886
2012.01.17_16:00:00_TAI,11406,1330,1224347.0,4.14662e+21,56.512253,46.740543,-19.842276,-23.927137,1612.865112,51.626398,-21.8847065,0.8184673578846039,0.8666775418986934
2012.01.17_17:00:00_TAI,11406,1330,1200189.75,4.165429e+21,57.107048,47.303299,-19.806143,-23.91354,1603.730591,52.2051735,-21.8598415,0.8221799123348432,0.8617690817008751
2012.01.17_18:00:00_TAI,11406,1330,1191413.25,4.392248e+21,57.670547,47.884434,-19.776627,-23.903223,1593.703003,52.7774905,-21.839925,0.8669498569277956,0.8563807294733065
2012.01.17_19:00:00_TAI,11406,1330,1197996.625,4.551365e+21,58.247143,48.461674,-19.773659,-23.892467,1577.503296,53.354408500000005,-21.833063,0.8983566582707024,0.8476757719800979
2012.01.17_20:00:00_TAI,11406,1330,1205830.75,4.671089e+21,58.809437,49.045685,-19.77462,-23.888964,1565.253784,53.927561,-21.831792,0.9219879980017065,0.8410934627276807
2012.01.17_21:00:00_TAI,11406,1330,1168584.25,4.581436e+21,59.367584,49.563377,-19.764784,-23.901411,1559.766602,54.4654805,-21.8330975,0.9042921266567489,0.8381449102589539
2012.01.17_22:00:00_TAI,11406,1330,1147984.0,4.550384e+21,59.892269,50.062786,-19.738462,-23.909327,1555.608887,54.9775275,-21.8238945,0.8981630267158253,0.835910750570518
2012.01.17_23:00:00_TAI,11406,1330,1124728.125,4.812589e+21,60.473198,50.607235,-19.732208,-23.921251,1546.633057,55.5402165,-21.8267295,0.9499175240110035,0.8310875634217463
2012.01.18_00:00:00_TAI,11406,1330,1094019.375,5.066323e+21,61.016815,51.167465,-19.72772,-23.929125,1534.184692,56.09214,-21.828422500000002,1.0,0.8243983999581759
2012.01.18_01:00:00_TAI,11406,1330,1067776.0,5.039671e+21,61.555065,51.674248,-19.728758,-23.927427,1520.221558,56.614656499999995,-21.8280925,0.9947393800197893,0.8168952711706011
2012.01.18_02:00:00_TAI,11406,1330,1026364.5,4.960488e+21,62.079041,52.215946,-19.728237,-23.904772,1500.22876,57.147493499999996,-21.8165045,0.9791100962177105,0.8061520857067959
2012.01.11_13:00:00_TAI,11396,1309,96285.398438,3.580814e+20,-50.440674,-52.678288,25.949043,24.885929,88.408485,-51.559481000000005,25.417486,0.033806810618212446,0.012957768035867713
2012.01.11_21:00:00_TAI,11396,1309,639850.875,2.12823e+21,-41.703716,-49.595284,26.736774,22.713116,1081.172852,-45.6495,24.724944999999998,0.20092824861050662,0.15846428114782798
2012.01.11_22:00:00_TAI,11396,1309,706165.0,2.640029e+21,-40.972069,-49.35265,26.898109,22.674494,1230.46521,-45.162359499999994,24.7863015,0.24924768622326873,0.18034561690979384
2012.01.11_23:00:00_TAI,11396,1309,785246.3125,3.106171e+21,-40.364262,-49.025539,27.033098,22.640739,1346.064331,-44.6949005,24.8369185,0.29325660239482854,0.19728863538893873
2012.01.12_00:00:00_TAI,11396,1309,802852.0,3.100236e+21,-39.788544,-48.530052,27.07266,22.615623,1425.231201,-44.159298,24.8441415,0.29269627331596804,0.20889188747029375
2012.01.12_01:00:00_TAI,11396,1309,832551.3125,3.12006e+21,-39.252972,-48.005478,27.079201,22.617001,1458.695679,-43.629225,24.848101,0.294567876291424,0.21379667622858314
2012.01.12_02:00:00_TAI,11396,1309,898766.375,3.291137e+21,-38.725868,-47.456184,27.073126,22.609695,1545.817017,-43.091026,24.8414105,0.31071942099643224,0.22656579096659082
2012.01.12_03:00:00_TAI,11396,1309,961508.6875,3.596211e+21,-38.208015,-46.890392,27.066195,22.57732,1640.767212,-42.549203500000004,24.8217575,0.3395217518143427,0.24048235793151962
2012.01.12_04:00:00_TAI,11396,1309,1073696.125,3.868934e+21,-37.652851,-46.598396,27.117868,22.547544,1760.63269,-42.1256235,24.832706,0.3652697934948957,0.25805068363501293
2012.01.12_05:00:00_TAI,11396,1309,1133489.125,3.934134e+21,-37.108086,-46.286884,27.17877,22.526907,1895.895264,-41.697485,24.8528385,0.37142538843031386,0.27787571578918224
2012.01.12_06:00:00_TAI,11396,1309,1203208.25,3.604999e+21,-36.4967,-45.838108,27.255951,22.533577,1993.880127,-41.167404,24.894764000000002,0.34035143537711043,0.2922370649942984
2012.01.12_07:00:00_TAI,11396,1309,1250275.625,3.495254e+21,-35.849224,-45.326576,27.285494,22.540749,2066.999023,-40.587900000000005,24.913121500000003,0.3299903039938671,0.3029538835599229
2012.01.12_08:00:00_TAI,11396,1309,1309359.75,3.66155e+21,-35.212223,-44.846794,27.347687,22.574974,2147.718994,-40.029508500000006,24.961330500000003,0.34569046987393304,0.31478476902391395
2012.01.12_09:00:00_TAI,11396,1309,1330151.25,3.901841e+21,-34.604568,-44.326958,27.385372,22.612818,2196.072266,-39.465762999999995,24.999095,0.3683765751289418,0.3218717639243607
2012.01.12_10:00:00_TAI,11396,1309,1333724.0,3.942506e+21,-34.039932,-43.840683,27.415794,22.651667,2239.000488,-38.9403075,25.0337305,0.3722157970315304,0.32816362542236316
2012.01.12_11:00:00_TAI,11396,1309,1385344.625,3.899341e+21,-33.485027,-43.440887,27.500526,22.665548,2319.043457,-38.462957,25.083037,0.3681405477157739,0.3398952847218541
2012.01.12_12:00:00_TAI,11396,1309,1437152.25,3.834429e+21,-32.943661,-42.960011,27.565245,22.703547,2381.529053,-37.951836,25.134396000000002,0.36201214313835267,0.3490536122121503
2012.01.12_13:00:00_TAI,11396,1309,1487617.125,3.957947e+21,-32.413509,-42.504387,27.822466,22.722935,2478.306396,-37.458948,25.2727005,0.37367359674622047,0.3632379788113699
2012.01.12_14:00:00_TAI,11396,1309,1537423.875,4.003838e+21,-31.844353,-42.151337,27.86318,22.791809,2538.244629,-36.997845,25.3274945,0.37800621035329524,0.37202294690231485
2012.01.12_15:00:00_TAI,11396,1309,1587282.25,4.177923e+21,-31.257689,-41.693733,27.869175,22.814585,2575.588379,-36.475711000000004,25.34188,0.39444174324182707,0.3774963089906872
2012.01.12_16:00:00_TAI,11396,1309,1645857.75,4.275209e+21,-30.686811,-41.168053,27.938168,22.716328,2647.863281,-35.927431999999996,25.327248,0.40362660840880704,0.38808942587229733
2012.01.12_17:00:00_TAI,11396,1309,1700056.375,4.345856e+21,-30.002899,-40.658978,28.112104,22.636442,2750.935791,-35.3309385,25.374273,0.4102964598720354,0.4031964563281937
2012.01.12_18:00:00_TAI,11396,1309,1777472.375,4.354238e+21,-29.428417,-40.126827,28.124556,22.542435,2821.770752,-34.777622,25.333495499999998,0.4110878125829046,0.41357852535095474
2012.01.12_19:00:00_TAI,11396,1309,1874295.25,4.343885e+21,-28.859894,-39.643101,28.129969,22.452393,2898.86377,-34.2514975,25.291181,0.41011037585949384,0.4248778191283447
2012.01.12_20:00:00_TAI,11396,1309,1938128.875,4.343001e+21,-28.293333,-39.176414,28.130999,22.421749,2960.906494,-33.7348735,25.276373999999997,0.41002691656619766,0.4339712361901274
2012.01.12_21:00:00_TAI,11396,1309,2022208.75,4.715122e+21,-27.740427,-38.644989,28.183834,22.390736,3044.168701,-33.192708,25.287285,0.4451592193723748,0.44617472960436705
2012.01.12_22:00:00_TAI,11396,1309,2217387.0,5.603355e+21,-27.173502,-38.097031,28.302353,22.36371,3128.134277,-32.6352665,25.3330315,0.5290181542845113,0.4584813137156774
2012.01.12_23:00:00_TAI,11396,1309,2485476.0,6.279189e+21,-26.278311,-37.580597,28.377344,22.226807,3367.625,-31.929454,25.3020755,0.5928242945848703,0.493582754888165
2012.01.13_00:00:00_TAI,11396,1309,2721956.25,6.656173e+21,-25.729321,-37.088219,28.493961,22.139248,3499.598145,-31.40877,25.316604499999997,0.6284157179151415,0.5129256652420064
2012.01.13_01:00:00_TAI,11396,1309,2918770.0,6.976365e+21,-25.167496,-36.554977,28.50194,22.109091,3593.719971,-30.8612365,25.3055155,0.6586453537059608,0.5267208206325812
2012.01.13_02:00:00_TAI,11396,1309,3079546.0,7.371391e+21,-24.607571,-36.001553,28.544128,22.03031,3699.524414,-30.304562,25.287219,0.6959401396715821,0.5422282623623902
2012.01.13_03:00:00_TAI,11396,1309,3276872.5,7.792864e+21,-24.064287,-35.451584,28.529608,21.968552,3804.985352,-29.7579355,25.24908,0.7357318124356235,0.5576853575885896
2012.01.13_04:00:00_TAI,11396,1309,3451736.0,8.134295e+21,-23.360334,-35.050983,28.561029,21.944206,3965.564453,-29.205658500000002,25.2526175,0.7679666427177517,0.5812209576180005
2012.01.13_05:00:00_TAI,11396,1309,3627377.5,8.470602e+21,-22.772055,-34.547714,28.685966,21.87689,4137.402344,-28.6598845,25.281428,0.7997177112138512,0.6064067249269949
2012.01.13_06:00:00_TAI,11396,1309,3813933.0,8.397533e+21,-22.144875,-34.153561,28.779356,21.768541,4347.107422,-28.149218,25.2739485,0.7928191963927459,0.6371425729247018
2012.01.13_07:00:00_TAI,11396,1309,4009654.25,8.105119e+21,-21.587233,-33.795677,28.855211,21.745201,4484.870605,-27.691454999999998,25.300206000000003,0.7652121083951174,0.6573341118838503
2012.01.13_08:00:00_TAI,11396,1309,4236843.5,8.303781e+21,-20.939461,-33.404007,29.136808,21.703367,4695.256348,-27.171734,25.4200875,0.78396797957702,0.6881697229210452
2012.01.13_09:00:00_TAI,11396,1309,4351639.0,8.466597e+21,-20.355249,-32.924393,29.177956,21.608616,4811.446289,-26.639821,25.393286,0.7993395952979563,0.705199336125922
2012.01.13_10:00:00_TAI,11396,1309,4450037.0,8.86403e+21,-19.797962,-32.449764,29.161743,21.587261,4890.17041,-26.123863,25.374502,0.8368616284569755,0.7167376958065067
2012.01.13_11:00:00_TAI,11396,1309,4435614.0,8.976041e+21,-19.245516,-31.974224,29.171741,21.562071,4965.715332,-25.60987,25.366906,0.8474366950875143,0.727810089769187
2012.01.13_12:00:00_TAI,11396,1309,4524211.5,8.978614e+21,-18.709593,-31.477247,30.727385,21.478729,5087.998047,-25.093420000000002,26.103057,0.8476796145011466,0.7457327026922128
2012.01.13_13:00:00_TAI,11396,1309,4708653.0,9.225298e+21,-18.173679,-30.988428,31.106577,21.458895,5301.456055,-24.5810535,26.282736,0.8709692890571082,0.7770186064497807
2012.01.13_14:00:00_TAI,11396,1309,4855410.0,9.217017e+21,-17.642891,-30.506956,31.582605,21.43733,5569.432617,-24.074923499999997,26.509967500000002,0.8701874718537309,0.8162951321073049
2012.01.13_15:00:00_TAI,11396,1309,4915873.0,9.321499e+21,-17.055248,-30.005386,31.784132,21.416435,5677.320312,-23.530317,26.6002835,0.8800517183267733,0.8321079098710504
2012.01.13_16:00:00_TAI,11396,1309,5016710.0,9.340109e+21,-16.496347,-29.46409,31.946402,21.294361,5853.117188,-22.9802185,26.6203815,0.881808706390395,0.8578739338068548
2012.01.13_17:00:00_TAI,11396,1309,5129969.0,9.167672e+21,-15.952834,-29.14768,32.075127,21.27548,6029.550781,-22.550257000000002,26.675303500000002,0.8655287627726235,0.8837332794548285
2012.01.13_18:00:00_TAI,11396,1309,5176196.5,8.931803e+21,-15.411451,-28.634153,32.087528,21.255514,6095.733398,-22.022802,26.671521,0.843260142806026,0.8934334682895617
2012.01.13_19:00:00_TAI,11396,1309,5193148.5,8.585171e+21,-14.872994,-28.10043,32.097115,21.236214,6134.733398,-21.486712,26.666664500000003,0.8105342810935433,0.8991495820019372
2012.01.13_20:00:00_TAI,11396,1309,5213694.0,8.690774e+21,-14.355042,-27.554359,32.074345,21.246181,6171.374023,-20.9547005,26.660263,0.8205043622586502,0.9045198891555912
2012.01.13_21:00:00_TAI,11396,1309,5294831.5,9.61484e+21,-13.63303,-27.070499,32.05246,21.257782,6226.968262,-20.3517645,26.655121,0.9077463252892043,0.9126681709985907
2012.01.13_22:00:00_TAI,11396,1309,5297563.5,9.917292e+21,-12.95151,-26.578014,32.059959,21.267149,6279.413574,-19.764762,26.663553999999998,0.9363011105561845,0.9203549240004627
2012.01.13_23:00:00_TAI,11396,1309,5289044.5,9.596055e+21,-12.352527,-26.058006,32.035805,21.280704,6284.148926,-19.2052665,26.6582545,0.9059728153066611,0.9210489704235427
2012.01.14_00:00:00_TAI,11396,1309,5312832.0,9.357348e+21,-11.787347,-25.629457,32.012539,21.26543,6296.391113,-18.708402,26.6389845,0.8834362570206354,0.922843271269188
2012.01.14_01:00:00_TAI,11396,1309,5334595.0,9.238715e+21,-11.21131,-25.122602,31.957573,21.277765,6299.244629,-18.166956,26.617669,0.8722360009780976,0.9232615026008824
2012.01.14_02:00:00_TAI,11396,1309,5358875.0,9.123929e+21,-10.615547,-24.741592,31.870745,21.265495,6304.167969,-17.678569500000002,26.56812,0.8613989439189425,0.9239831018645923
2012.01.14_03:00:00_TAI,11396,1309,5390746.5,9.255242e+21,-10.055212,-24.279202,31.81341,21.309191,6273.333984,-17.167207,26.5613005,0.8737963310010678,0.9194638566218826
2012.01.14_04:00:00_TAI,11396,1309,5443255.0,9.386863e+21,-9.498587,-23.804255,31.790316,21.331442,6266.95166,-16.651421,26.560879,0.8862227966604953,0.9185284184235948
2012.01.14_05:00:00_TAI,11396,1309,5531727.0,9.596652e+21,-8.969465,-23.31571,31.737535,21.350456,6259.130859,-16.142587499999998,26.5439955,0.9060291786529254,0.9173821469405727
2012.01.14_06:00:00_TAI,11396,1309,5595153.0,9.864003e+21,-8.417803,-22.864264,31.715658,21.359812,6230.821777,-15.641033499999999,26.537735,0.9312700446280634,0.913232969201984
2012.01.14_07:00:00_TAI,11396,1309,5654864.5,8.957724e+21,-7.89536,-22.332405,31.664099,21.347939,6214.055664,-15.1138825,26.506019000000002,0.8457073694367158,0.9107756100116626
2012.01.14_08:00:00_TAI,11396,1309,5746866.0,8.634311e+21,-7.369997,-21.798708,31.608875,21.33791,6182.889648,-14.584352500000001,26.473392500000003,0.8151736359267711,0.906207699975311
2012.01.14_09:00:00_TAI,11396,1309,5821077.5,8.702568e+21,-6.847537,-21.269258,31.590553,21.328733,6156.171387,-14.0583975,26.459643,0.821617845183011,0.9022916841272872
2012.01.14_10:00:00_TAI,11396,1309,5956032.0,9.039581e+21,-6.295448,-20.775961,31.650604,21.350296,6197.42627,-13.5357045,26.50045,0.8534355678205889,0.9083382893175115
2012.01.14_11:00:00_TAI,11396,1309,6019223.0,9.450526e+21,-5.741654,-20.254614,31.707232,21.370922,6269.982422,-12.998134,26.539077,0.8922332819422979,0.9189726281730088
2012.01.14_12:00:00_TAI,11396,1309,6112893.5,9.750352e+21,-5.185563,-19.729477,31.729099,21.393053,6320.074707,-12.457519999999999,26.561076,0.9205401440144864,0.9263145050235914
2012.01.14_13:00:00_TAI,11396,1309,6173924.5,9.800478e+21,-4.632159,-19.201126,31.748312,21.38303,6355.314941,-11.916642499999998,26.565671000000002,0.9252725880594675,0.9314795610439688
2012.01.14_14:00:00_TAI,11396,1309,6203434.5,9.883226e+21,-4.106075,-18.648539,31.734402,21.372791,6398.121582,-11.377307,26.553596499999998,0.9330849066133936,0.9377536027773236
2012.01.14_15:00:00_TAI,11396,1309,6222997.5,9.741919e+21,-3.555092,-18.105942,31.719547,21.363169,6413.925293,-10.830517,26.541358,0.9197439763443884,0.9400699055761318
2012.01.14_16:00:00_TAI,11396,1309,6257011.5,9.514976e+21,-3.033562,-17.557625,31.703426,21.353613,6417.206055,-10.2955935,26.5285195,0.8983180686537658,0.9405507570801123
2012.01.14_17:00:00_TAI,11396,1309,6282594.5,9.196845e+21,-2.485309,-17.005985,31.722486,21.373657,6415.889648,-9.745647,26.5480715,0.868283013862362,0.9403578152312978
2012.01.14_18:00:00_TAI,11396,1309,6304790.0,9.057803e+21,-1.994622,-16.464973,31.811884,21.366043,6522.979004,-9.2297975,26.5889635,0.8551559244296869,0.9560535828282479
2012.01.14_19:00:00_TAI,11396,1309,6359239.0,9.13568e+21,-1.508394,-15.946668,31.802954,21.384134,6607.810547,-8.727531,26.593544,0.8625083671717968,0.9684870891406651
2012.01.14_20:00:00_TAI,11396,1309,6341275.5,9.698219e+21,-1.02137,-15.404517,31.821482,21.377769,6611.220215,-8.2129435,26.599625500000002,0.9156182171622141,0.9689868340127022
2012.01.14_21:00:00_TAI,11396,1309,6334375.0,1.059199e+22,-0.537076,-14.857217,31.809969,21.396334,6616.401855,-7.697146500000001,26.6031515,1.0,0.9697462915372302
2012.01.14_22:00:00_TAI,11396,1309,6268933.0,1.015456e+22,-0.048962,-14.32909,31.79653,21.391533,6640.994629,-7.189026,26.5940315,0.9587018114631906,0.9733507810933008
2012.01.14_23:00:00_TAI,11396,1309,6241172.0,9.841845e+21,0.440089,-13.818365,31.854874,21.412912,6741.65918,-6.689138,26.633893,0.9291780864596738,0.9881048841784602
2012.10.17_20:00:00_TAI,11597,2131,496058.5,6.595937e+20,15.672195,11.15448,-20.197769,-22.401402,623.857544,13.4133375,-21.2995855,0.06980928948683862,0.221683352050399
2012.10.17_21:00:00_TAI,11597,2131,516224.1875,6.524642e+20,16.304108,11.64836,-20.177828,-22.417624,652.241211,13.976234,-21.297726,0.06905472598904229,0.23176928673942843
2012.10.17_22:00:00_TAI,11597,2131,561307.3125,7.302929e+20,17.114471,12.178605,-20.135693,-22.46932,707.081848,14.646538,-21.3025065,0.07729186689667121,0.2512565180082694
2012.10.17_23:00:00_TAI,11597,2131,627252.8125,8.102912e+20,18.036701,12.609538,-20.084759,-22.628778,847.885864,15.3231195,-21.3567685,0.0857586313353779,0.30129022610275386
2012.10.18_00:00:00_TAI,11597,2131,678786.0,8.847989e+20,18.797085,13.1063,-20.070526,-22.673832,900.338562,15.9516925,-21.372179000000003,0.09364428821520941,0.3199289201901452
2012.10.18_01:00:00_TAI,11597,2131,747612.8125,1.040795e+21,19.725504,13.608154,-20.039936,-22.807384,1026.197266,16.666829,-21.423659999999998,0.1101544169561568,0.3646519177009983
2012.10.18_02:00:00_TAI,11597,2131,815202.1875,1.173648e+21,20.616451,14.082547,-19.951307,-22.904263,1165.957031,17.349499,-21.427785,0.12421515394651157,0.4143145586114944
2012.10.18_03:00:00_TAI,11597,2131,850112.125,1.307495e+21,21.30666,14.576118,-19.886393,-22.939604,1238.941162,17.941389,-21.4129985,0.13838109272055518,0.4402489517468694
2012.10.18_04:00:00_TAI,11597,2131,890705.125,1.373151e+21,22.015627,15.032762,-19.869062,-22.998617,1310.94519,18.5241945,-21.433839499999998,0.14532991395785302,0.46583507223493187
2012.10.18_05:00:00_TAI,11597,2131,923997.3125,1.487088e+21,22.617306,15.464725,-19.829517,-23.032316,1376.456177,19.0410155,-21.430916500000002,0.1573886419539845,0.48911393667115344
2012.10.18_06:00:00_TAI,11597,2131,987922.3125,1.450511e+21,23.233852,15.970185,-19.785097,-23.08197,1427.960693,19.6020185,-21.4335335,0.15351744915520535,0.507415701012106
2012.10.18_07:00:00_TAI,11597,2131,1007555.1875,1.493835e+21,23.85578,16.434893,-19.754421,-23.109137,1477.218628,20.1453365,-21.431779,0.15810272287405347,0.5249191587339872
2012.10.18_08:00:00_TAI,11597,2131,1049396.375,1.608247e+21,24.426931,16.920431,-19.745893,-23.133904,1505.309082,20.673681000000002,-21.439898499999998,0.17021172335232998,0.534900902263785
2012.10.18_09:00:00_TAI,11597,2131,1096776.0,1.748358e+21,25.199181,17.421312,-19.701735,-23.162878,1592.695312,21.310246499999998,-21.4323065,0.1850406238698614,0.5659529790972858
2012.10.18_10:00:00_TAI,11597,2131,1144501.375,1.902296e+21,25.810389,17.836149,-19.635748,-23.189165,1669.448853,21.823269,-21.412456499999998,0.20133292988343454,0.593226805332555
2012.10.18_11:00:00_TAI,11597,2131,1189939.75,2.003094e+21,26.395403,18.158279,-19.589981,-23.213663,1764.392212,22.276841,-21.401822000000003,0.2120010681050312,0.6269642543390935
2012.10.18_12:00:00_TAI,11597,2131,1197485.0,2.08297e+21,26.996862,18.661619,-19.553198,-23.233625,1798.397339,22.8292405,-21.3934115,0.22045488870254557,0.6390477349553983
2012.10.18_13:00:00_TAI,11597,2131,1211467.5,2.170507e+21,27.574795,19.178259,-19.532974,-23.254358,1824.184204,23.376527000000003,-21.393666,0.2297195250594565,0.6482109144777912
2012.10.18_14:00:00_TAI,11597,2131,1273001.25,2.248039e+21,28.23521,19.720434,-19.521381,-23.272736,1851.460938,23.977822,-21.3970585,0.23792526418718551,0.657903508378855
2012.10.18_15:00:00_TAI,11597,2131,1331079.625,2.431814e+21,28.966454,20.263826,-19.526339,-23.277924,1879.28479,24.61514,-21.4021315,0.2573754229371005,0.6677905167794688
2012.10.18_16:00:00_TAI,11597,2131,1403108.875,2.565556e+21,29.662506,20.78311,-19.520866,-23.301662,1929.634644,25.222808,-21.411264000000003,0.2715302488466699,0.6856819801709384
2012.10.18_17:00:00_TAI,11597,2131,1442029.25,2.68097e+21,30.217644,21.243216,-19.499266,-23.360287,1990.589722,25.73043,-21.4297765,0.2837452978030714,0.7073419346677514
2012.10.18_18:00:00_TAI,11597,2131,1487742.25,2.854001e+21,30.813492,21.753326,-19.475672,-23.388416,2022.147217,26.283409,-21.432043999999998,0.3020583459252672,0.7185556666185727
2012.10.18_19:00:00_TAI,11597,2131,1542663.25,3.168105e+21,31.423407,22.25034,-19.425606,-23.418604,2085.490234,26.836873500000003,-21.422105,0.33530210957093864,0.7410641582968355
2012.10.18_20:00:00_TAI,11597,2131,1582610.25,3.276627e+21,32.106873,22.770504,-19.404148,-23.444855,2126.255859,27.438688499999998,-21.424501499999998,0.34678773127061635,0.7555499339123493
2012.10.18_21:00:00_TAI,11597,2131,1618323.25,3.394198e+21,32.762501,23.287951,-19.360697,-23.471001,2185.905029,28.025226,-21.415849,0.35923107021435874,0.7767458432666555
2012.10.18_22:00:00_TAI,11597,2131,1670346.125,3.477007e+21,33.379768,23.783072,-19.333857,-23.467463,2224.099121,28.58142,-21.40066,0.3679953101595183,0.7903178428754017
2012.10.18_23:00:00_TAI,11597,2131,1723986.75,3.656269e+21,34.007534,24.290573,-19.326937,-23.49337,2253.726074,29.1490535,-21.4101535,0.3869678274106529,0.8008455704235351
2012.10.19_00:00:00_TAI,11597,2131,1781155.375,3.885419e+21,34.603558,24.807997,-19.313042,-23.486849,2266.279541,29.7057775,-21.3999455,0.4112203311654781,0.8053063558563294
2012.10.19_01:00:00_TAI,11597,2131,1852285.125,4.116135e+21,35.186127,25.263988,-19.247137,-23.484123,2317.571289,30.2250575,-21.36563,0.4356385753561753,0.8235325145980507
2012.10.19_02:00:00_TAI,11597,2131,1915453.75,4.304692e+21,35.763195,25.778759,-19.205307,-23.47356,2341.106934,30.770977000000002,-21.3394335,0.45559484570528536,0.8318957390656355
2012.10.19_03:00:00_TAI,11597,2131,2075664.25,4.762644e+21,36.326759,26.269693,-19.118183,-23.477009,2392.67749,31.298226,-21.297596,0.5040630220069643,0.8502209702520405
2012.10.19_04:00:00_TAI,11597,2131,2217276.0,5.141708e+21,36.973251,26.794594,-19.053673,-23.507536,2471.521973,31.883922499999997,-21.280604500000003,0.5441819444739906,0.8782377978919748
2012.10.19_05:00:00_TAI,11597,2131,2258533.75,5.446061e+21,37.61491,27.327288,-18.971172,-23.548681,2535.544922,32.471099,-21.2599265,0.5763936934388273,0.9009878985823845
2012.10.19_06:00:00_TAI,11597,2131,2260821.0,5.501468e+21,38.240906,27.790989,-18.964195,-23.587851,2581.424072,33.0159475,-21.276023000000002,0.5822577932666413,0.9172907290266742
2012.10.19_07:00:00_TAI,11597,2131,2300257.5,5.467312e+21,38.819309,28.315788,-18.947414,-23.6257,2618.147705,33.5675485,-21.286557,0.5786428313715953,0.9303402114625373
2012.10.19_08:00:00_TAI,11597,2131,2326261.0,5.670873e+21,39.379116,28.854755,-18.939156,-23.636026,2625.729004,34.116935500000004,-21.287591,0.6001870771356624,0.9330341722735912
2012.10.19_09:00:00_TAI,11597,2131,2310247.75,5.812207e+21,39.955296,29.389654,-18.918207,-23.653503,2630.796143,34.672475,-21.285854999999998,0.6151454160651167,0.9348347441663715
2012.10.19_10:00:00_TAI,11597,2131,2299651.0,5.796354e+21,40.532536,29.920164,-18.902119,-23.659296,2625.047363,35.22635,-21.2807075,0.6134675852031257,0.9327919559804194
2012.10.19_11:00:00_TAI,11597,2131,2307417.5,5.883142e+21,41.105591,30.482128,-18.888044,-23.684994,2628.583008,35.793859499999996,-21.286519,0.6226529497934542,0.934048322346104
2012.10.19_12:00:00_TAI,11597,2131,2311360.25,5.936973e+21,41.706097,31.002831,-18.87595,-23.691093,2625.553223,36.354464,-21.2835215,0.6283502508173512,0.9329717097423907
2012.10.19_13:00:00_TAI,11597,2131,2340985.0,6.037573e+21,42.298225,31.502909,-18.862619,-23.690109,2632.014404,36.900567,-21.276364,0.6389974333516537,0.9352676445692755
2012.10.19_14:00:00_TAI,11597,2131,2331472.0,6.037427e+21,42.92136,32.022709,-18.845903,-23.691046,2645.828125,37.4720345,-21.2684745,0.6389819811781945,0.9401762523195875
2012.10.19_15:00:00_TAI,11597,2131,2313205.0,6.088522e+21,43.560646,32.566204,-18.816273,-23.68573,2654.008301,38.063424999999995,-21.2510015,0.6443897127049358,0.9430830198236159
2012.10.19_16:00:00_TAI,11597,2131,2310549.0,6.054448e+21,44.161533,33.087132,-18.77718,-23.676023,2665.639648,38.624332499999994,-21.2266015,0.6407834294278602,0.947216136456764
2012.10.19_17:00:00_TAI,11597,2131,2324458.0,6.051432e+21,44.728245,33.594051,-18.73287,-23.697611,2682.152344,39.161148,-21.2152405,0.64046422562544,0.9530838058243548
2012.10.19_18:00:00_TAI,11597,2131,2356267.25,6.586105e+21,45.330654,34.079239,-18.682035,-23.728436,2714.795898,39.704946500000005,-21.2052355,0.6970523074063856,0.9646834611353406
2012.10.19_19:00:00_TAI,11597,2131,2373046.25,6.902504e+21,45.895641,34.551865,-18.678913,-23.74246,2726.786865,40.223753,-21.2106865,0.7305389665184211,0.9689443661840191
2012.10.19_20:00:00_TAI,11597,2131,2388338.5,6.793511e+21,46.473312,35.041245,-18.667826,-23.776497,2746.015381,40.7572785,-21.2221615,0.7190034956838164,0.9757770829201251
2012.10.19_21:00:00_TAI,11597,2131,2359712.0,6.734835e+21,47.043358,35.545715,-18.666958,-23.814699,2768.640869,41.2945365,-21.2408285,0.7127934153420398,0.9838168895552373
2012.10.19_22:00:00_TAI,11597,2131,2330244.5,6.872259e+21,47.618717,36.060303,-18.671135,-23.884623,2792.145752,41.83951,-21.277879,0.7273379323658368,0.9921691829643756
2012.10.19_23:00:00_TAI,11597,2131,2326846.5,7.163249e+21,48.198841,36.521835,-18.68189,-23.940941,2808.123047,42.360338,-21.3114155,0.7581353841119272,0.9978466013852357
2012.10.20_00:00:00_TAI,11597,2131,2368171.0,7.516622e+21,48.746674,37.038071,-18.662136,-23.985149,2814.183105,42.8923725,-21.3236425,0.7955352532341348,1.0
2012.10.20_01:00:00_TAI,11597,2131,2365764.25,7.681788e+21,49.303532,37.549744,-18.659885,-24.019659,2812.237061,43.426638,-21.339772,0.8130158948888127,0.9993084870715971
2012.10.20_02:00:00_TAI,11597,2131,2383744.0,7.702696e+21,49.890076,38.062195,-18.665451,-24.029881,2808.94751,43.9761355,-21.347666,0.8152287307976317,0.998139568462799
2012.10.20_03:00:00_TAI,11597,2131,2385649.0,7.695947e+21,50.493176,38.579441,-18.670519,-24.068853,2810.31665,44.536308500000004,-21.369686,0.8145144382039536,0.9986260826478809
2012.10.20_04:00:00_TAI,11597,2131,2390868.0,8.318879e+21,51.13662,39.120544,-18.676826,-24.073874,2809.349854,45.128582,-21.375349999999997,0.8804435705146707,0.9982825385486066
2012.10.20_05:00:00_TAI,11597,2131,2401712.5,8.737851e+21,51.714012,39.656357,-18.680803,-24.074999,2802.118408,45.6851845,-21.377901,0.9247862281763187,0.9957128955189288
2012.10.20_06:00:00_TAI,11597,2131,2410181.75,9.076821e+21,52.334221,40.161648,-18.688841,-24.071716,2805.156738,46.2479345,-21.3802785,0.9606617298030834,0.9967925445277663
2012.10.20_07:00:00_TAI,11597,2131,2355536.0,8.572557e+21,52.904438,40.636677,-18.700138,-24.084518,2803.736816,46.770557499999995,-21.392328,0.9072920394106626,0.996287985319278
2012.10.20_08:00:00_TAI,11597,2131,2331620.5,8.462337e+21,53.481174,41.168308,-18.709797,-24.107002,2791.945312,47.324741,-21.4083995,0.8956267068169168,0.9920979580324784
2012.10.20_09:00:00_TAI,11597,2131,2293030.0,8.446544e+21,54.026115,41.704861,-18.708849,-24.116224,2776.24585,47.865488,-21.4125365,0.8939552261631968,0.9865192655969697
2012.10.20_10:00:00_TAI,11597,2131,2275288.75,8.6506e+21,54.563267,42.248661,-18.708443,-24.109941,2752.01416,48.405964,-21.409191999999997,0.9155518611454994,0.977908706477008
2012.10.20_11:00:00_TAI,11597,2131,2219621.0,8.865951e+21,55.142498,42.775661,-18.718885,-24.120781,2723.45874,48.9590795,-21.419833,0.9383439228348093,0.9677617405779998
2012.10.20_12:00:00_TAI,11597,2131,2203053.5,8.952778e+21,55.71228,43.317623,-18.722017,-24.128477,2692.282715,49.514951499999995,-21.425247,0.9475334150605138,0.9566835612851851
2012.10.20_13:00:00_TAI,11597,2131,2142669.25,8.858816e+21,56.268311,43.836018,-18.742928,-24.133474,2665.537598,50.0521645,-21.438201,0.9375887772345881,0.947179873713299
2012.10.20_14:00:00_TAI,11597,2131,2115890.0,8.669698e+21,56.840137,44.336346,-18.757765,-24.164867,2647.611572,50.588241499999995,-21.461316,0.9175731324381445,0.9408099875576503
2012.10.20_15:00:00_TAI,11597,2131,2042668.0,8.549744e+21,57.434025,44.84296,-18.777346,-24.17605,2627.928223,51.1384925,-21.476698,0.9048775843892408,0.9338156491419913
2012.10.20_16:00:00_TAI,11597,2131,1983045.25,8.498792e+21,58.021709,45.363411,-18.797895,-24.187868,2599.400391,51.69256,-21.492881500000003,0.8994849875255451,0.9236784864430491
2012.10.20_17:00:00_TAI,11597,2131,1883428.125,8.765271e+21,58.601059,45.89925,-18.813276,-24.194767,2571.31543,52.2501545,-21.5040215,0.9276882733561455,0.9136986948118289
2012.10.20_18:00:00_TAI,11597,2131,1865912.25,9.339862e+21,59.171906,46.408497,-18.832645,-24.208618,2541.763672,52.790201499999995,-21.5206315,0.9885011486997579,0.9031976872734442
2012.10.20_19:00:00_TAI,11597,2131,1809718.625,9.189817e+21,59.726559,46.955444,-18.861475,-24.228539,2497.326172,53.341001500000004,-21.545007,0.9726208653661652,0.8874071369282845
2012.10.20_20:00:00_TAI,11597,2131,1759325.625,8.798816e+21,60.314526,47.514576,-18.884113,-24.21664,2449.325195,53.914551,-21.5503765,0.9312385689636323,0.8703503303137057
2012.10.20_21:00:00_TAI,11597,2131,1710329.875,8.90429e+21,60.923161,48.068718,-18.919651,-24.217726,2411.22583,54.4959395,-21.5686885,0.9424016000831454,0.8568119912723304
2012.10.20_22:00:00_TAI,11597,2131,1672898.125,9.041847e+21,61.563202,48.623047,-18.92787,-24.210257,2367.452393,55.0931245,-21.5690635,0.9569601934019432,0.8412574110027571
2012.10.20_23:00:00_TAI,11597,2131,1614411.625,9.337112e+21,62.16761,49.172611,-18.898048,-24.195963,2323.451416,55.67011050000001,-21.547005499999997,0.9882100974873391,0.8256219760085582
2012.10.21_00:00:00_TAI,11597,2131,1564197.875,9.435363e+21,62.749428,49.741806,-18.898205,-24.187456,2279.279297,56.245616999999996,-21.5428305,0.9986086693678337,0.8099257269188957
2012.10.21_01:00:00_TAI,11597,2131,1518559.75,9.448509e+21,63.304253,50.305252,-18.896852,-24.164995,2235.464111,56.804752500000006,-21.5309235,1.0,0.7943563114383774
2012.10.21_02:00:00_TAI,11597,2131,1477216.25,9.383919e+21,63.883175,50.844425,-18.911751,-24.137945,2188.30835,57.3638,-21.524848,0.9931640007963162,0.7775998463326713
2012.10.21_03:00:00_TAI,11597,2131,1445225.0,8.825719e+21,64.468613,51.378128,-18.930826,-24.118773,2145.445312,57.923370500000004,-21.5247995,0.9340858965155243,0.7623687698885534
2012.10.23_03:00:00_TAI,11600,2144,83646.0,1.221162e+20,-39.657253,-41.578461,9.806471,8.865225,107.489143,-40.617857,9.335848,0.034042955339393347,0.04255937785122934
2012.10.23_04:00:00_TAI,11600,2144,132039.59375,2.254434e+20,-38.866314,-41.359951,9.856539,8.662945,174.691345,-40.113132500000006,9.259742,0.06284800540600666,0.06916749684379253
2012.10.23_05:00:00_TAI,11600,2144,148270.296875,2.293068e+20,-38.269505,-40.960983,9.884758,8.535304,219.610443,-39.615244000000004,9.210031,0.06392502511066674,0.08695281739954763
2012.10.23_06:00:00_TAI,11600,2144,150929.40625,2.270803e+20,-37.676071,-40.443367,9.911807,8.500836,241.979034,-39.059719,9.2063215,0.06330433236012947,0.09580946365979931
2012.10.23_07:00:00_TAI,11600,2144,151207.203125,2.161112e+20,-37.093079,-39.884121,9.939281,8.49894,251.021225,-38.488600000000005,9.2191105,0.06024642045807766,0.09938963941180046
2012.10.23_09:00:00_TAI,11600,2144,163731.90625,1.634081e+20,-35.923698,-38.739548,9.967525,8.494335,262.377594,-37.331623,9.23093,0.04555410871280896,0.1038860935261382
2012.10.23_10:00:00_TAI,11600,2144,162218.703125,1.677617e+20,-35.363644,-38.150818,9.960923,8.520301,255.383881,-36.757231000000004,9.240611999999999,0.046767783969372645,0.10111699456560361
2012.10.23_11:00:00_TAI,11600,2144,169032.90625,1.840946e+20,-34.806854,-37.741035,9.963964,8.545504,264.133759,-36.2739445,9.254734,0.0513209897296467,0.10458143156417712
2012.10.23_12:00:00_TAI,11600,2144,161700.796875,1.535533e+20,-34.254093,-37.243118,9.990412,8.572087,269.747101,-35.7486055,9.2812495,0.042806835899876244,0.10680398480554193
2012.10.23_16:00:00_TAI,11600,2144,158019.703125,1.312464e+20,-32.014198,-34.975548,10.037497,8.610831,273.422638,-33.494873,9.324164,0.036588227717994457,0.10825928125338108
2012.10.23_21:00:00_TAI,11600,2144,140474.40625,1.202018e+20,-29.227358,-32.099159,9.989663,8.669592,252.896103,-30.663258499999998,9.3296275,0.03350926829621861,0.10013198081484763
2012.10.23_22:00:00_TAI,11600,2144,139712.90625,1.346155e+20,-28.870363,-31.559324,9.980184,8.641742,239.702316,-30.2148435,9.310963000000001,0.037527448892858646,0.09490801725397305
2012.10.23_23:00:00_TAI,11600,2144,147685.59375,1.10742e+20,-28.252272,-31.033102,10.00592,8.633184,257.378113,-29.642687000000002,9.319552,0.03087211164608052,0.10190659313195381
2012.10.24_00:00:00_TAI,11600,2144,154806.5,1.01512e+20,-27.608397,-30.509361,10.028992,8.625182,275.493683,-29.058878999999997,9.327087,0.028299017512930284,0.10907929324940097
2012.10.24_01:00:00_TAI,11600,2144,157207.09375,1.232799e+20,-27.060083,-29.983074,10.047543,8.618517,283.960419,-28.521578499999997,9.33303,0.03436736591823917,0.11243162267108597
2012.10.24_02:00:00_TAI,11600,2144,181386.40625,1.461363e+20,-26.379473,-29.457067,10.062767,8.534038,319.216217,-27.91827,9.2984025,0.04073916101519854,0.12639084484600474
2012.10.24_03:00:00_TAI,11600,2144,191677.796875,1.67245e+20,-25.769865,-28.933964,10.050797,8.468392,343.859253,-27.3519145,9.259594499999999,0.04662374087743346,0.13614803753778618
2012.10.24_04:00:00_TAI,11600,2144,202195.796875,1.059406e+20,-25.169464,-28.419781,10.040627,8.458656,356.664948,-26.794622500000003,9.2496415,0.02953360090167017,0.14121833949519036
2012.10.24_05:00:00_TAI,11600,2144,208719.703125,1.282135e+20,-24.600992,-27.873938,10.022886,8.469979,358.849182,-26.237465,9.246432500000001,0.03574273073029875,0.14208316767715382
2012.10.24_06:00:00_TAI,11600,2144,216811.59375,1.570328e+20,-24.03747,-27.318914,10.033372,8.475626,359.107727,-25.678192,9.254499,0.04377683384530379,0.14218553628889863
2012.10.24_07:00:00_TAI,11600,2144,224747.296875,1.781841e+20,-23.499208,-26.738232,10.024202,8.476066,355.698944,-25.11872,9.250134,0.04967328952661479,0.1408358587339306
2012.10.24_08:00:00_TAI,11600,2144,247088.203125,1.924584e+20,-22.945286,-26.136469,10.029901,8.489448,346.105804,-24.5408775,9.2596745,0.05365260887491668,0.13703753958610984
2012.10.24_09:00:00_TAI,11600,2144,283873.8125,2.2011e+20,-22.210197,-25.555643,10.009475,8.447667,364.683777,-23.88292,9.228570999999999,0.06136118631069317,0.14439332409187094
2012.10.24_10:00:00_TAI,11600,2144,330178.59375,2.53303e+20,-21.297146,-25.026888,9.972302,8.339123,438.296783,-23.162017,9.1557125,0.07061456806168512,0.17353974436911523
2012.10.24_11:00:00_TAI,11600,2144,391468.3125,2.7181e+20,-20.485968,-24.754484,10.055086,8.227858,543.617981,-22.620226000000002,9.141472,0.07577385875748267,0.2152407435242219
2012.10.24_12:00:00_TAI,11600,2144,415816.0,3.119969e+20,-19.836473,-24.254156,10.071619,8.215228,581.176208,-22.0453145,9.1434235,0.08697696565016903,0.23011159214858243
2012.10.24_13:00:00_TAI,11600,2144,419336.40625,3.049843e+20,-19.189898,-23.688425,10.087292,8.20595,606.121155,-21.439161499999997,9.146621,0.08502202741418537,0.23998832383721347
2012.10.24_14:00:00_TAI,11600,2144,427497.0,2.722045e+20,-18.610977,-23.122606,10.102921,8.196366,613.590149,-20.866791499999998,9.1496435,0.07588383553272944,0.2429456061165462
2012.10.24_15:00:00_TAI,11600,2144,455697.3125,3.124438e+20,-18.03565,-22.532169,10.098942,8.209281,610.123108,-20.2839095,9.154111499999999,0.08710155024042959,0.2415728618204576
2012.10.24_16:00:00_TAI,11600,2144,486299.40625,3.737768e+20,-17.493008,-21.940968,10.113808,8.204611,606.493164,-19.716988,9.1592095,0.1041996631839294,0.2401356175187256
2012.10.24_17:00:00_TAI,11600,2144,576119.625,4.173053e+20,-16.769075,-21.517729,10.310527,8.128127,741.637329,-19.143402000000002,9.219327,0.11633432493634867,0.29364475734528356
2012.10.24_18:00:00_TAI,11600,2144,630119.6875,4.154898e+20,-16.105143,-21.031151,10.442346,8.110379,820.755615,-18.568147000000003,9.276362500000001,0.11582820875013694,0.32497094466836635
2012.10.24_19:00:00_TAI,11600,2144,663848.3125,4.496841e+20,-15.505237,-20.550102,10.5158,8.095232,879.738953,-18.0276695,9.305516,0.12536072800443587,0.3483248769708015
2012.10.24_20:00:00_TAI,11600,2144,701074.1875,5.833349e+20,-14.880877,-20.127722,10.619404,8.025167,970.736023,-17.5042995,9.3222855,0.16261924256248952,0.3843543640184819
2012.10.24_21:00:00_TAI,11600,2144,722012.8125,5.824242e+20,-14.2887,-19.611217,10.663905,8.005902,1018.666382,-16.9499585,9.3349035,0.16236536208285138,0.4033319668004305
2012.10.24_22:00:00_TAI,11600,2144,727098.625,4.911784e+20,-13.666855,-19.105932,10.677038,7.988688,1063.243164,-16.3863935,9.332863,0.13692830545721763,0.42098175035605784
2012.10.24_23:00:00_TAI,11600,2144,683159.625,4.049489e+20,-13.075183,-18.5613,10.687699,7.993536,1076.825928,-15.8182415,9.3406175,0.1128896683440564,0.4263597259283449
2012.10.25_00:00:00_TAI,11600,2144,670961.1875,3.622033e+20,-12.515023,-18.015444,10.697266,8.00064,1082.064209,-15.265233499999999,9.348953000000002,0.10097325961404702,0.4284337770757237
2012.10.25_01:00:00_TAI,11600,2144,667818.5,3.778094e+20,-11.958635,-17.416695,10.703027,8.009199,1076.963989,-14.687664999999999,9.356113,0.10532385163477899,0.4264143899632561
2012.10.25_02:00:00_TAI,11600,2144,646126.5,3.493658e+20,-11.426838,-16.844271,10.706811,8.016946,1065.945679,-14.1355545,9.3618785,0.09739448432322187,0.4220517873274533
2012.10.25_03:00:00_TAI,11600,2144,645748.3125,3.831467e+20,-10.873903,-16.244631,10.683515,8.026991,1047.682861,-13.559266999999998,9.355253000000001,0.10681175795296563,0.41482078566349706
2012.10.25_04:00:00_TAI,11600,2144,622093.3125,3.621764e+20,-10.349313,-15.644326,10.658905,8.034202,1019.919495,-12.9968195,9.3465535,0.10096576056397316,0.40382812583723
2012.10.25_05:00:00_TAI,11600,2144,609106.0,2.806273e+20,-9.764707,-15.015455,10.632824,8.062648,983.516113,-12.390080999999999,9.347736,0.0782319024086447,0.3894145279020354
2012.10.25_06:00:00_TAI,11600,2144,602742.3125,2.820015e+20,-9.149523,-14.228252,10.547825,8.100301,906.998413,-11.6888875,9.324062999999999,0.0786149951451317,0.3591180196620636
2012.10.25_07:00:00_TAI,11600,2144,572006.625,2.512813e+20,-8.535992,-13.453073,10.400999,8.139054,823.501587,-10.9945325,9.2700265,0.07005096845074364,0.32605818805551373
2012.10.25_08:00:00_TAI,11600,2144,543566.375,2.508237e+20,-7.92366,-12.798442,10.378659,8.172598,799.620605,-10.361051,9.2756285,0.06992340096695929,0.31660272392183464
2012.10.25_09:00:00_TAI,11600,2144,521446.90625,2.445279e+20,-7.341394,-12.141973,10.377007,8.201122,775.900391,-9.7416835,9.2890645,0.0681682887195609,0.30721091445938487
2012.10.25_10:00:00_TAI,11600,2144,506534.5,2.502773e+20,-6.761184,-11.434977,10.353014,8.210974,745.033752,-9.0980805,9.281994000000001,0.06977107825467833,0.2949895410672973
2012.10.25_11:00:00_TAI,11600,2144,480409.0,2.217731e+20,-6.15126,-10.785473,10.35397,8.240876,727.980408,-8.4683665,9.297423,0.061824817172322875,0.2882374199630943
2012.10.25_12:00:00_TAI,11600,2144,463526.5,2.108565e+20,-5.568854,-10.166028,10.32939,8.247712,714.053955,-7.867441,9.288551,0.05878154096279439,0.2827233637634427
2012.10.25_13:00:00_TAI,11600,2144,440171.09375,1.835926e+20,-4.992257,-9.551512,10.301455,8.25215,695.869507,-7.2718845000000005,9.2768025,0.05118104463161404,0.27552339200956955
2012.10.25_14:00:00_TAI,11600,2144,435421.5,2.03795e+20,-4.44226,-8.931553,10.274565,8.284366,667.536865,-6.686906499999999,9.2794655,0.056812970624631844,0.26430533237352233
2012.10.25_16:00:00_TAI,11600,2144,475531.5,3.014164e+20,-3.256247,-7.491997,10.193542,8.301409,589.564758,-5.374122,9.2474755,0.08402738575029947,0.23343296451336099
2012.10.25_17:00:00_TAI,11600,2144,495003.0,2.725829e+20,-2.374731,-6.756236,10.201997,8.308225,626.774597,-4.5654835,9.255111,0.07598932402893574,0.24816587198276382
2012.10.25_18:00:00_TAI,11600,2144,527340.0,2.548014e+20,-1.708728,-6.025946,10.234572,8.222719,652.973328,-3.867337,9.228645499999999,0.0710322846650559,0.25853902838472453
2012.10.25_19:00:00_TAI,11600,2144,538492.625,3.116738e+20,-1.071706,-5.35813,10.26594,8.194059,678.324829,-3.214918,9.2299995,0.08688689341675399,0.2685767315428455
2012.10.25_20:00:00_TAI,11600,2144,552957.6875,3.752954e+20,-0.465626,-4.809993,10.26738,8.195647,685.11676,-2.6378095000000004,9.231513499999998,0.10462301104423295,0.2712659367006955
2012.10.25_21:00:00_TAI,11600,2144,547426.0,3.691521e+20,0.109377,-4.26205,10.23841,8.19564,686.895447,-2.0763365,9.217025,0.10291041199892616,0.27197019212593476
2012.10.25_22:00:00_TAI,11600,2144,526665.1875,3.197195e+20,0.713603,-3.686678,10.236472,8.194666,685.998474,-1.4865375,9.215568999999999,0.08912983420408735,0.27161504358010113
2012.10.25_23:00:00_TAI,11600,2144,543145.8125,2.966627e+20,1.504297,-3.107531,10.26563,8.134574,744.782166,-0.8016169999999999,9.200102000000001,0.08270217257795319,0.29488992781020695
2012.10.26_00:00:00_TAI,11600,2144,557193.875,3.536686e+20,2.109826,-2.502753,10.230663,8.099519,761.539062,-0.1964634999999999,9.165091,0.09859399780492491,0.3015246729442132
2012.10.26_01:00:00_TAI,11600,2144,580084.875,3.48377e+20,2.868693,-1.924691,10.225943,8.034595,803.411987,0.472001,9.130268999999998,0.09711883150861093,0.3181038881753849
2012.10.26_02:00:00_TAI,11600,2144,645769.875,4.044502e+20,3.505793,-1.43994,10.34055,7.998295,872.474243,1.0329265,9.1694225,0.11275064320383953,0.3454484791389795
2012.10.26_03:00:00_TAI,11600,2144,724413.6875,5.01169e+20,4.267699,-1.104303,10.422827,7.929126,1018.256775,1.5816980000000003,9.1759765,0.13971343592814403,0.4031697865225255
2012.10.26_04:00:00_TAI,11600,2144,805061.375,6.37881e+20,4.877823,-0.58863,10.445218,7.920433,1052.809692,2.1445965,9.1828255,0.1778253368091012,0.4168507091666401
2012.10.26_05:00:00_TAI,11600,2144,902128.0,7.41051e+20,5.640257,-0.284784,10.557771,7.881226,1204.383667,2.6777365,9.2194985,0.20658656343067325,0.47686508731121036
2012.10.26_06:00:00_TAI,11600,2144,1033257.3125,8.24581e+20,6.310112,-0.011608,10.697209,7.837804,1367.124878,3.149252,9.2675065,0.22987264717303932,0.5413010340273884
2012.10.26_07:00:00_TAI,11600,2144,1134637.375,9.308354e+20,7.074169,0.382449,10.839693,7.79937,1535.036255,3.7283090000000003,9.3195315,0.25949372769973467,0.6077840623576377
2012.10.26_08:00:00_TAI,11600,2144,1217207.75,1.039602e+21,7.83907,0.807071,10.919364,7.755794,1677.061035,4.3230705,9.337579,0.28981514702180383,0.6640175209894338
2012.10.26_09:00:00_TAI,11600,2144,1301319.25,1.173549e+21,8.482577,1.321906,10.943889,7.688762,1743.703125,4.9022415,9.3163255,0.32715623476319866,0.6904038685771677
2012.10.26_10:00:00_TAI,11600,2144,1402662.625,1.314176e+21,9.161579,1.809654,11.023196,7.646033,1857.189453,5.4856165,9.3346145,0.36635954014375316,0.7353377789191688
2012.10.26_11:00:00_TAI,11600,2144,1453918.375,1.289872e+21,9.804758,2.323407,11.074295,7.608922,1928.577393,6.0640825,9.3416085,0.3595841902182837,0.7636032039442888
2012.10.26_12:00:00_TAI,11600,2144,1496403.375,1.277462e+21,10.450695,2.74896,11.093929,7.536004,2022.94873,6.5998275,9.3149665,0.3561245912808628,0.8009687022412536
2012.10.26_13:00:00_TAI,11600,2144,1578542.75,1.341835e+21,11.097646,3.233747,11.179208,7.470884,2152.354248,7.165696499999999,9.325046,0.3740701805152377,0.8522056754171962
2012.10.26_14:00:00_TAI,11600,2144,1637502.5,1.387007e+21,11.780866,3.690858,11.202017,7.425809,2236.770752,7.735862,9.313913,0.38666300913741125,0.8856296454140153
2012.10.26_15:00:00_TAI,11600,2144,1676591.75,1.451108e+21,12.398367,4.145473,11.197644,7.387426,2305.057373,8.27192,9.292535,0.40453277154576045,0.9126671305423757
2012.10.26_16:00:00_TAI,11600,2144,1716184.625,1.393921e+21,13.018122,4.661562,11.249901,7.351623,2372.593506,8.839842,9.300761999999999,0.3885904601489607,0.9394074665682931
2012.10.26_17:00:00_TAI,11600,2144,1712921.375,1.421577e+21,13.612583,5.152621,11.269522,7.3436,2399.059326,9.382602,9.306561,0.3963002641951582,0.9498863745034193
2012.10.26_18:00:00_TAI,11600,2144,1691575.625,1.293337e+21,14.197749,5.726781,11.266736,7.335018,2406.431152,9.962265,9.300877,0.3605501459248239,0.9528051839704137
2012.10.26_19:00:00_TAI,11600,2144,1690930.875,1.510872e+21,14.762862,6.277995,11.257243,7.294239,2429.591797,10.5204285,9.275741,0.42119348636413434,0.9619754370240936
2012.10.26_20:00:00_TAI,11600,2144,1696538.0,1.386225e+21,15.389101,6.856608,11.272618,7.275066,2461.607178,11.122854499999999,9.273842,0.38644500701258755,0.9746516446763406
2012.10.26_21:00:00_TAI,11600,2144,1691765.125,1.437915e+21,15.987935,7.437997,11.266505,7.262123,2471.294922,11.712966,9.264314,0.4008548917084202,0.9784874214433205
2012.10.26_22:00:00_TAI,11600,2144,1697260.875,1.312696e+21,16.582964,8.016744,11.279602,7.249617,2477.483643,12.299854,9.2646095,0.3659469530021429,0.9809377909234719
2012.10.26_23:00:00_TAI,11600,2144,1694479.125,1.264219e+21,17.157587,8.542175,11.270712,7.235116,2486.251221,12.849881,9.252914,0.3524327726887384,0.9844092360808877
2012.10.27_00:00:00_TAI,11600,2144,1697574.375,1.264536e+21,17.72764,9.093776,11.259121,7.220517,2488.673828,13.410708,9.239819,0.3525211443940698,0.9853684459491628
2012.10.27_01:00:00_TAI,11600,2144,1674731.125,1.170273e+21,18.274849,9.6487,11.269601,7.202931,2491.810303,13.9617745,9.236266,0.3262429675497425,0.9866103055539598
2012.10.27_02:00:00_TAI,11600,2144,1673002.25,1.16841e+21,18.819508,10.203555,11.255095,7.184336,2493.959229,14.5115315,9.2197155,0.3257236095464859,0.9874611538448269
2012.10.27_03:00:00_TAI,11600,2144,1657389.125,1.149995e+21,19.417877,10.72613,11.262571,7.191155,2498.323242,15.072003500000001,9.226863,0.32058996615949115,0.989189046290808
2012.10.27_04:00:00_TAI,11600,2144,1639323.25,1.148271e+21,20.060196,11.252111,11.27573,7.172606,2524.783203,15.6561535,9.224167999999999,0.3201093578945344,0.9996656344065751
2012.10.27_05:00:00_TAI,11600,2144,1616287.125,1.205873e+21,20.617983,11.782188,11.262531,7.159718,2525.627686,16.2000855,9.2111245,0.3361673609560425,1.0
2012.10.27_06:00:00_TAI,11600,2144,1607412.5,9.922179e+20,21.194782,12.367985,11.269963,7.16368,2520.407227,16.7813835,9.2168215,0.2766056400104708,0.9979330053162873
2012.10.27_07:00:00_TAI,11600,2144,1595004.75,9.937085e+20,21.749685,12.929529,11.272814,7.168978,2507.102783,17.339607,9.220896,0.27702118216809524,0.9926652280925305
2012.10.27_08:00:00_TAI,11600,2144,1582601.75,9.788003e+20,22.302212,13.519078,11.322869,7.157669,2518.380371,17.910645000000002,9.240269000000001,0.27286514728664013,0.9971304895649613
2012.10.27_09:00:00_TAI,11600,2144,1547596.25,9.979111e+20,22.891987,14.082126,11.333494,7.161474,2520.042236,18.4870565,9.247484,0.27819276238521085,0.9977884903499589
2012.10.27_10:00:00_TAI,11600,2144,1539789.75,1.125492e+21,23.473949,14.647241,11.342361,7.158285,2512.084717,19.060595,9.250323,0.31375913998998084,0.9946377809068729
2012.10.27_11:00:00_TAI,11600,2144,1546939.625,1.223084e+21,24.039583,15.210144,11.32774,7.139755,2499.130371,19.6248635,9.2337475,0.34096535912783543,0.9895086218974876
2012.10.27_12:00:00_TAI,11600,2144,1514316.625,1.23424e+21,24.596964,15.777665,11.338273,7.145296,2487.470947,20.1873145,9.2417845,0.3440753740952703,0.984892175829593
2012.10.27_13:00:00_TAI,11600,2144,1512398.75,1.221474e+21,25.158407,16.372284,11.345376,7.130833,2470.947021,20.765345500000002,9.2381045,0.3405165312237864,0.9783496731117162
2012.10.27_14:00:00_TAI,11600,2144,1500584.75,1.256913e+21,25.700506,16.94342,11.331247,7.133367,2448.453857,21.321963,9.232306999999999,0.3503960418396815,0.9694437032711559
2012.10.27_15:00:00_TAI,11600,2144,1482846.25,1.174916e+21,26.263742,17.516901,11.344275,7.13869,2424.814209,21.8903215,9.2414825,0.32753732031899674,0.9600837932056151
2012.10.27_16:00:00_TAI,11600,2144,1461972.75,1.185201e+21,26.785805,18.090225,11.358795,7.122194,2404.255127,22.438015,9.2404945,0.33040452217809213,0.9519436060695765
2012.10.27_17:00:00_TAI,11600,2144,1472542.25,1.199572e+21,27.322487,18.639824,11.434091,7.127035,2402.004883,22.9811555,9.280563,0.33441079907814647,0.9510526418104843
2012.10.27_18:00:00_TAI,11600,2144,1452279.75,1.249662e+21,27.862181,19.210299,11.465998,7.112662,2391.072754,23.53624,9.28933,0.34837464362088705,0.9467241617813023
2012.10.27_19:00:00_TAI,11600,2144,1409071.25,1.317376e+21,28.404352,19.788197,11.4559,7.1145,2362.44043,24.0962745,9.2852,0.3672516204499374,0.9353874457012902
2012.10.27_20:00:00_TAI,11600,2144,1355966.25,1.163665e+21,28.951668,20.370407,11.461527,7.102982,2330.33667,24.6610375,9.2822545,0.32440082171747203,0.9226762451637143
2012.10.27_21:00:00_TAI,11600,2144,1345153.375,1.168377e+21,29.497826,20.956726,11.469633,7.103223,2294.904785,25.227276,9.286428,0.32571440996832834,0.9086473028946676
2012.10.27_22:00:00_TAI,11600,2144,1306347.25,1.119116e+21,30.027266,21.570406,11.454796,7.10769,2254.316406,25.798836,9.281243,0.31198166997990867,0.8925766923193287
2012.10.27_23:00:00_TAI,11600,2144,1282356.375,1.116088e+21,30.594088,22.162437,11.459769,7.118505,2217.332275,26.378262499999998,9.289137,0.3111375389901818,0.8779331519412241
2012.10.28_00:00:00_TAI,11600,2144,1275782.25,1.156995e+21,31.162802,22.755424,11.465373,7.108885,2182.943848,26.959113000000002,9.287129,0.3225413918292692,0.8643173576614016
2012.10.28_01:00:00_TAI,11600,2144,1250466.75,1.126248e+21,31.733793,23.319088,11.46839,7.081578,2150.369385,27.5264405,9.274984,0.31396989396231684,0.8514197864237382
2012.10.28_02:00:00_TAI,11600,2144,1247780.5,1.138595e+21,32.304577,23.856031,11.447313,7.055604,2133.233398,28.080304,9.2514585,0.3174119300687097,0.8446349435528004
2012.10.28_03:00:00_TAI,11600,2144,1233364.375,1.186976e+21,32.848099,24.419081,11.443729,7.055794,2107.526367,28.633589999999998,9.2497615,0.3308993479729287,0.8344564714278319
2012.10.28_04:00:00_TAI,11600,2144,1210420.25,1.239499e+21,33.391357,24.962185,11.427448,7.080261,2073.70166,29.176771000000002,9.2538545,0.34554145232346495,0.8210638771086073
2012.10.28_05:00:00_TAI,11600,2144,1192570.0,1.354177e+21,33.952522,25.528032,11.406682,7.057217,2045.802612,29.740277,9.231949499999999,0.37751082274615216,0.8100174951914905
2012.10.28_06:00:00_TAI,11600,2144,1185063.375,1.266691e+21,34.509972,26.101971,11.403294,7.051838,2017.923584,30.3059715,9.227566,0.3531219047252657,0.7989790400167478
2012.10.28_07:00:00_TAI,11600,2144,1155025.375,1.06528e+21,35.092213,26.675049,11.402509,7.025821,1999.439331,30.883631,9.214165,0.29697353392874115,0.7916603631181449
2012.10.28_08:00:00_TAI,11600,2144,1144426.75,1.07294e+21,35.651577,27.254503,11.402864,6.998227,1991.213135,31.45304,9.2005455,0.29910895116166974,0.7884032733873032
2012.10.28_09:00:00_TAI,11600,2144,1112084.25,1.092679e+21,36.205116,27.834105,11.382795,6.996828,1968.975342,32.0196105,9.1898115,0.3046116927753483,0.7795984154411902
2012.10.28_10:00:00_TAI,11600,2144,1089342.375,1.154345e+21,36.766884,28.41818,11.381558,6.997569,1945.134888,32.592532,9.1895635,0.32180263782571034,0.7701589980115542
2012.10.28_11:00:00_TAI,11600,2144,1098296.375,1.161547e+21,37.327431,28.98304,11.373262,7.025335,1914.928101,33.155235499999996,9.199298500000001,0.32381037606481633,0.7581988871973429
2012.10.28_12:00:00_TAI,11600,2144,1100885.0,1.246913e+21,37.868172,29.563778,11.34832,7.052578,1876.734131,33.715975,9.200448999999999,0.34760829088285566,0.7430763217409552
2012.10.28_13:00:00_TAI,11600,2144,1138873.25,1.315458e+21,38.437992,30.153717,11.321421,7.056645,1877.220337,34.295854500000004,9.189033,0.36671692981641824,0.7432688307171179
2012.10.28_14:00:00_TAI,11600,2144,1158725.5,1.352266e+21,39.002171,30.688372,11.295668,7.077142,1867.931885,34.845271499999996,9.186405,0.3769780835383027,0.7395911500947967
2012.10.28_15:00:00_TAI,11600,2144,1162553.125,1.373975e+21,39.558357,31.212814,11.265492,7.088695,1855.383179,35.385585500000005,9.1770935,0.3830300120904759,0.734622600664665
2012.10.28_16:00:00_TAI,11600,2144,1149090.0,1.337822e+21,40.112652,31.723518,11.225617,7.111164,1840.020874,35.918085,9.1683905,0.3729514560562635,0.7285400315333731
2012.10.28_17:00:00_TAI,11600,2144,1167236.375,1.507003e+21,40.66074,32.257587,11.199998,7.147715,1831.571045,36.4591635,9.1738565,0.42011490551893843,0.7251943962891766
2012.10.28_18:00:00_TAI,11600,2144,1190951.5,1.89993e+21,41.159386,32.794083,11.177494,7.193703,1813.038574,36.9767345,9.1855985,0.5296531675402084,0.7178566278988755
2012.10.28_19:00:00_TAI,11600,2144,1272198.25,2.083825e+21,41.702095,33.217224,11.151374,7.193841,1857.157593,37.4596595,9.1726075,0.5809185137607569,0.7353251642332527
2012.10.28_20:00:00_TAI,11600,2144,1324880.75,2.130497e+21,42.244484,33.761524,11.235819,7.193807,1909.407104,38.003004000000004,9.214813,0.5939295050264544,0.7560128971440171
2012.10.28_21:00:00_TAI,11600,2144,1330505.0,2.063849e+21,42.783821,34.286064,11.297216,7.20412,1946.622803,38.5349425,9.250668000000001,0.5753497024494016,0.7707481248287203
2012.10.28_22:00:00_TAI,11600,2144,1348988.875,2.227319e+21,43.31974,34.74073,11.301234,7.187016,1959.524658,39.030235000000005,9.244125,0.6209210673406333,0.775856500489756
2012.10.28_23:00:00_TAI,11600,2144,1354650.25,2.460873e+21,43.820869,35.245445,11.299941,7.157248,1965.9646,39.533157,9.2285945,0.6860301060376831,0.778406338708468
2012.10.29_00:00:00_TAI,11600,2144,1354632.25,2.643239e+21,44.299526,35.713177,11.317178,7.170359,1973.706665,40.0063515,9.2437685,0.736869205136933,0.7814717410410903
2012.10.29_01:00:00_TAI,11600,2144,1346300.5,2.66511e+21,44.827049,36.239723,11.322962,7.142001,1971.396118,40.533386,9.2324815,0.7429662952546067,0.7805569003411693
2012.10.29_02:00:00_TAI,11600,2144,1346948.125,2.653812e+21,45.353935,36.794621,11.321807,7.13587,1959.80127,41.074278,9.2288385,0.7398166942235849,0.7759660225707551
2012.10.29_03:00:00_TAI,11600,2144,1359820.0,2.761127e+21,45.886654,37.335197,11.31897,7.060825,1952.137573,41.6109255,9.1898975,0.7697334436167612,0.7729316493563335
2012.10.29_04:00:00_TAI,11600,2144,1370379.75,2.909326e+21,46.416759,37.796711,11.311339,7.01134,1965.261963,42.106735,9.1613395,0.8110476340218241,0.778128135787311
2012.10.29_05:00:00_TAI,11600,2144,1366951.75,3.133648e+21,46.943321,38.334633,11.318478,6.973217,1960.269897,42.638977,9.1458475,0.8735830210355324,0.776151571296958
2012.10.29_06:00:00_TAI,11600,2144,1347418.25,3.236113e+21,47.496338,38.846291,11.316348,6.940908,1949.070679,43.1713145,9.128627999999999,0.9021477112146482,0.7717173397346104
2012.10.29_07:00:00_TAI,11600,2144,1340292.0,3.081685e+21,48.042515,39.391846,11.311515,6.874009,1953.934937,43.7171805,9.092762,0.8590970307385783,0.7736432997749456
2012.10.29_08:00:00_TAI,11600,2144,1326186.875,2.788176e+21,48.671551,39.940685,11.331153,6.834909,1956.906982,44.306118,9.083031,0.7772740311798794,0.7748200547719211
2012.10.29_09:00:00_TAI,11600,2144,1323820.875,2.921608e+21,49.265793,40.472481,11.326447,6.807457,1954.55542,44.869137,9.066952,0.8144715497469975,0.7738889745446036
2012.10.29_10:00:00_TAI,11600,2144,1282923.75,3.056681e+21,49.822945,40.997707,11.324259,6.81025,1942.683472,45.410326,9.0672545,0.852126538246131,0.7691883814738956
2012.10.29_11:00:00_TAI,11600,2144,1273933.25,3.136142e+21,50.362587,41.56126,11.328265,6.818231,1920.819458,45.9619235,9.073248,0.8742782861241647,0.7605315180251789
2012.10.29_12:00:00_TAI,11600,2144,1253387.75,3.199662e+21,50.895973,42.117119,11.330725,6.826146,1893.318726,46.506546,9.0784355,0.8919860802019223,0.7496428458141317
2012.10.29_13:00:00_TAI,11600,2144,1224570.75,3.200588e+21,51.408485,42.656723,11.388172,6.831524,1885.049072,47.032604,9.109848,0.8922442259405244,0.7463685492715969
2012.10.29_14:00:00_TAI,11600,2144,1185320.375,3.129217e+21,51.889,43.199707,11.39142,6.842121,1853.405029,47.5443535,9.1167705,0.8723477685865628,0.7338393696243319
2012.10.29_15:00:00_TAI,11600,2144,1167755.625,3.013212e+21,52.380844,43.766376,11.407442,6.83758,1820.248657,48.07361,9.122511,0.840008463611905,0.7207113966519926
2012.10.29_16:00:00_TAI,11600,2144,1130675.0,2.995999e+21,52.893814,44.329956,11.3852,6.845424,1778.550293,48.611885,9.115312,0.8352099078899206,0.704201297308712
2012.10.29_17:00:00_TAI,11600,2144,1099289.0,3.408843e+21,53.405605,44.907856,11.37999,6.859939,1731.979126,49.1567305,9.1199645,0.9503005334919006,0.6857618546077342
2012.10.29_18:00:00_TAI,11600,2144,1068690.125,3.587121e+21,53.922104,45.490833,11.369473,6.88311,1683.662842,49.7064685,9.1262915,1.0,0.6666314482268468
2012.10.29_19:00:00_TAI,11600,2144,1013689.375,3.414864e+21,54.423782,46.092655,11.358778,6.923601,1631.585083,50.2582185,9.1411895,0.9519790383430055,0.6460117190052058
2012.10.29_20:00:00_TAI,11600,2144,960445.125,3.148396e+21,54.915642,46.683758,11.332009,6.979553,1579.737305,50.7997,9.155781,0.8776943961466591,0.6254830487315145
2012.12.29_13:00:00_TAI,11640,2337,169771.59375,4.420877e+20,-39.274544,-41.722717,28.471294,27.346848,121.203102,-40.498630500000004,27.909071,0.0472444528702899,0.024159932362531965
2012.12.29_14:00:00_TAI,11640,2337,295153.0,8.289418e+20,-37.997894,-41.735008,28.76195,26.98247,289.805695,-39.866451,27.87221,0.08858627327182655,0.05776820785887615
2012.12.29_15:00:00_TAI,11640,2337,347168.90625,1.012572e+21,-36.989582,-41.307587,28.811577,26.789165,380.112,-39.1485845,27.800371,0.1082102264590831,0.07576934961769172
2012.12.29_16:00:00_TAI,11640,2337,431190.90625,1.247644e+21,-35.895851,-41.307667,29.139288,26.563393,603.471008,-38.601759,27.8513405,0.13333159496837388,0.12029245535340329
2012.12.29_17:00:00_TAI,11640,2337,449335.59375,1.233428e+21,-35.270386,-40.835308,29.153273,26.538555,639.797546,-38.052847,27.845914,0.13181237798494716,0.12753357943820556
2012.12.29_18:00:00_TAI,11640,2337,462730.90625,1.192942e+21,-34.690807,-40.295879,29.135387,26.518166,654.975159,-37.493342999999996,27.8267765,0.12748577283645163,0.1305589979089695
2012.12.29_19:00:00_TAI,11640,2337,490513.5,1.139361e+21,-34.080914,-39.759701,29.145496,26.499706,666.938904,-36.9203075,27.822601,0.12175974827335476,0.13294378233472273
2012.12.29_20:00:00_TAI,11640,2337,548056.5,1.207476e+21,-33.29406,-39.199394,29.165644,26.463308,711.204407,-36.246727,27.814476,0.12903897342994652,0.14176741424534375
2012.12.29_21:00:00_TAI,11640,2337,590988.3125,1.341906e+21,-32.568302,-38.749069,29.240789,26.435511,781.657715,-35.658685500000004,27.83815,0.1434050636861402,0.15581117325735844
2012.12.29_22:00:00_TAI,11640,2337,650695.375,1.660509e+21,-31.748955,-38.499741,29.357805,26.374016,907.363281,-35.124348,27.8659105,0.1774531143734427,0.18086860101324043
2012.12.29_23:00:00_TAI,11640,2337,722861.1875,1.902555e+21,-30.923296,-38.255386,29.482857,26.229511,1078.388306,-34.589341000000005,27.856184,0.2033197712368709,0.21495975023399502
2012.12.30_00:00:00_TAI,11640,2337,756914.0,1.989644e+21,-30.145452,-37.810318,29.499376,26.166458,1166.859253,-33.977885,27.832917000000002,0.2126266851275326,0.2325950422380656
2012.12.30_01:00:00_TAI,11640,2337,821996.8125,2.165031e+21,-29.462046,-37.358257,29.513031,26.139408,1225.350952,-33.4101515,27.8262195,0.23136971474713414,0.2442544426023366
2012.12.30_02:00:00_TAI,11640,2337,866327.625,2.228887e+21,-28.769365,-36.930206,29.535574,26.116394,1295.925781,-32.849785499999996,27.825984,0.2381937946355482,0.2583224249146809
2012.12.30_03:00:00_TAI,11640,2337,915086.375,2.228916e+21,-28.025543,-36.520615,29.552067,26.068378,1379.508179,-32.273078999999996,27.810222500000002,0.23819689376979972,0.2749832615521642
2012.12.30_04:00:00_TAI,11640,2337,952124.8125,2.305804e+21,-27.337305,-36.060593,29.564709,26.05134,1435.296997,-31.698949,27.808024500000002,0.24641366047082047,0.2861038850941723
2012.12.30_05:00:00_TAI,11640,2337,1014840.0,2.32239e+21,-26.518068,-35.52499,29.57412,25.988607,1518.45105,-31.021529,27.781363499999998,0.24818615152928383,0.30267933789199253
2012.12.30_06:00:00_TAI,11640,2337,1072138.625,2.229388e+21,-25.879341,-35.028526,29.558052,25.93889,1560.002441,-30.453933499999998,27.748471000000002,0.23824733485141042,0.31096195425711765
2012.12.30_07:00:00_TAI,11640,2337,1127332.25,2.245939e+21,-25.1591,-34.519806,29.542156,25.882591,1634.513062,-29.839453,27.712373499999998,0.24001608557543228,0.32581447481100784
2012.12.30_08:00:00_TAI,11640,2337,1181107.25,2.399794e+21,-24.560049,-34.108696,29.532825,25.868322,1684.157349,-29.3343725,27.700573499999997,0.2564580614466417,0.33571028272610665
2012.12.30_09:00:00_TAI,11640,2337,1216493.875,2.508541e+21,-23.8986,-33.613968,29.523411,25.853407,1729.003174,-28.756284,27.688409,0.26807949428968486,0.34464959270137396
2012.12.30_10:00:00_TAI,11640,2337,1287818.875,2.668337e+21,-23.063068,-33.230869,29.579828,25.799576,1847.08667,-28.1469685,27.689701999999997,0.2851563652156591,0.36818768066624563
2012.12.30_11:00:00_TAI,11640,2337,1386775.625,2.905377e+21,-22.417137,-32.784874,29.60533,25.74608,1930.86145,-27.6010055,27.675705,0.3104880473872588,0.38488686563005947
2012.12.30_12:00:00_TAI,11640,2337,1471244.625,3.049666e+21,-21.82336,-32.29961,29.654682,25.669432,2021.64917,-27.061485,27.662057,0.3259077364222654,0.40298396989846746
2012.12.30_13:00:00_TAI,11640,2337,1547204.75,3.144442e+21,-21.152487,-31.811543,29.674017,25.592239,2110.030762,-26.482015,27.633128,0.33603613462297216,0.42060145038847085
2012.12.30_14:00:00_TAI,11640,2337,1644159.125,3.238975e+21,-20.473291,-31.282263,29.689985,25.575651,2170.158447,-25.877777000000002,27.632818,0.34613856421598527,0.43258695883458
2012.12.30_15:00:00_TAI,11640,2337,1742106.375,3.445536e+21,-19.754665,-30.778046,29.706432,25.498177,2291.985107,-25.2663555,27.6023045,0.3682130562892548,0.4568711876784357
2012.12.30_16:00:00_TAI,11640,2337,1857163.875,3.697727e+21,-19.066656,-30.289137,29.694471,25.412418,2409.216553,-24.6778965,27.553444499999998,0.39516387580721757,0.4802394328750134
2012.12.30_17:00:00_TAI,11640,2337,1978808.75,3.874511e+21,-18.38065,-29.75412,29.708479,25.331337,2527.148682,-24.067385,27.519908,0.414056198204383,0.5037473482088091
2012.12.30_18:00:00_TAI,11640,2337,2070158.5,3.920859e+21,-17.817759,-29.218693,29.724655,25.313313,2584.97876,-23.518226,27.518984,0.41900925593847554,0.5152748648312792
2012.12.30_19:00:00_TAI,11640,2337,2228102.0,4.130757e+21,-17.110546,-28.75378,29.777641,25.23699,2718.819336,-22.932163,27.507315499999997,0.4414403621840646,0.5419538789007567
2012.12.30_20:00:00_TAI,11640,2337,2353066.0,4.372204e+21,-16.429981,-28.232422,29.822929,25.18186,2840.227783,-22.3312015,27.5023945,0.4672430058951946,0.566154743559815
2012.12.30_21:00:00_TAI,11640,2337,2446231.0,4.860707e+21,-15.768175,-27.73171,29.83989,25.131304,2934.003418,-21.7499425,27.485597,0.5194477086283744,0.5848474416959856
2012.12.30_22:00:00_TAI,11640,2337,2573099.5,5.216612e+21,-15.10103,-27.217705,29.858778,25.052691,3046.134033,-21.1593675,27.4557345,0.5574821008966971,0.6071989164475898
2012.12.30_23:00:00_TAI,11640,2337,2725683.0,5.430107e+21,-14.407225,-26.731052,29.871826,24.995529,3154.613281,-20.5691385,27.4336775,0.5802976066561709,0.6288225486085747
2012.12.31_00:00:00_TAI,11640,2337,2846798.5,5.549312e+21,-13.732463,-26.269699,29.893553,24.950771,3267.708496,-20.001081,27.422162,0.5930366514303252,0.6513663012010291
2012.12.31_01:00:00_TAI,11640,2337,2955737.0,5.658952e+21,-13.048937,-25.730381,29.911135,24.933716,3346.858887,-19.389659,27.422425500000003,0.6047535162349751,0.6671436869401165
2012.12.31_02:00:00_TAI,11640,2337,3026552.5,5.815047e+21,-12.376664,-25.186249,29.898205,24.919624,3420.606689,-18.7814565,27.4089145,0.6214348735104386,0.6818441515223299
2012.12.31_03:00:00_TAI,11640,2337,3112129.75,5.802504e+21,-11.706474,-24.637125,29.911594,24.907005,3490.345703,-18.1717995,27.409299500000003,0.6200944445133141,0.6957455272583211
2012.12.31_04:00:00_TAI,11640,2337,3182738.5,5.93038e+21,-11.075563,-24.128958,29.904114,24.891531,3545.708008,-17.6022605,27.3978225,0.633760130428668,0.7067811321410564
2012.12.31_05:00:00_TAI,11640,2337,3299291.25,6.155106e+21,-10.458985,-23.592424,29.892254,24.87604,3595.353516,-17.0257045,27.384147,0.6577758560770604,0.716677183443304
2012.12.31_06:00:00_TAI,11640,2337,3402836.75,6.119049e+21,-9.813569,-23.077808,29.907322,24.863832,3653.402832,-16.4456885,27.385576999999998,0.6539225635354582,0.7282484017133715
2012.12.31_07:00:00_TAI,11640,2337,3491943.75,5.927906e+21,-9.172387,-22.570393,29.924305,24.850847,3714.458008,-15.87139,27.387576000000003,0.6334957422170052,0.740418790904751
2012.12.31_08:00:00_TAI,11640,2337,3609611.5,6.072454e+21,-8.49455,-22.033316,29.949169,24.840206,3813.337891,-15.263933,27.3946875,0.6489431097268786,0.7601289406111098
2012.12.31_09:00:00_TAI,11640,2337,3800190.5,6.336926e+21,-7.762869,-21.488079,29.940559,24.827663,3906.321533,-14.625474,27.384111,0.677206359167004,0.7786637673974892
2012.12.31_10:00:00_TAI,11640,2337,3915395.25,6.609597e+21,-7.089368,-20.946444,29.9613,24.781706,4013.077881,-14.017906,27.371503,0.7063458086667183,0.7999439665375322
2012.12.31_11:00:00_TAI,11640,2337,4000615.75,6.9207e+21,-6.455743,-20.432487,29.986345,24.771692,4102.808105,-13.444115,27.3790185,0.7395923591165628,0.8178302756083581
2012.12.31_12:00:00_TAI,11640,2337,4148742.0,7.260336e+21,-5.822567,-19.907331,30.073105,24.763994,4202.337891,-12.864949,27.4185495,0.7758881370697921,0.8376699732574932
2012.12.31_13:00:00_TAI,11640,2337,4263554.5,7.493252e+21,-5.154716,-19.437973,30.100887,24.693207,4315.986328,-12.2963445,27.397047,0.8007791009774884,0.8603240019557642
2012.12.31_14:00:00_TAI,11640,2337,4382474.0,7.609015e+21,-4.547553,-18.93828,30.123859,24.713976,4397.493652,-11.7429165,27.4189175,0.8131503105759986,0.8765712052236392
2012.12.31_15:00:00_TAI,11640,2337,4459331.0,7.729633e+21,-3.886865,-18.474443,30.155628,24.70355,4498.47998,-11.180654,27.429589,0.82604035799489,0.8967012416151209
2012.12.31_16:00:00_TAI,11640,2337,4557331.5,7.717402e+21,-3.218891,-17.999859,30.181814,24.694143,4594.276855,-10.609375,27.4379785,0.824733271407644,0.9157968421595849
2012.12.31_17:00:00_TAI,11640,2337,4661985.0,7.734346e+21,-2.617315,-17.481529,30.202118,24.682919,4659.88623,-10.049422,27.4425185,0.8265440207441085,0.928875039302988
2012.12.31_18:00:00_TAI,11640,2337,4779187.0,7.876501e+21,-2.015864,-16.961878,30.193268,24.674973,4711.670898,-9.488871,27.4341205,0.8417356562448838,0.9391974985111374
2012.12.31_19:00:00_TAI,11640,2337,4927219.5,8.125854e+21,-1.319529,-16.433716,30.211569,24.637505,4784.086914,-8.8766225,27.424537,0.8683831880729925,0.9536324924977108
2012.12.31_20:00:00_TAI,11640,2337,5039827.0,8.534776e+21,-0.68935,-15.903085,30.20434,24.627457,4845.703613,-8.296217500000001,27.415898499999997,0.9120833320865552,0.9659148124687168
2012.12.31_21:00:00_TAI,11640,2337,5139128.0,9.174479e+21,-0.090906,-15.382135,30.225014,24.618296,4892.455566,-7.7365205,27.421655,0.9804462796068845,0.975234079085311
2012.12.31_22:00:00_TAI,11640,2337,5238747.0,9.249831e+21,0.506742,-14.860363,30.216091,24.608974,4952.601562,-7.1768105,27.412532499999998,0.9884988990592738,0.9872232375413142
2012.12.31_23:00:00_TAI,11640,2337,5367088.0,9.357452e+21,1.172355,-14.339267,30.235657,24.598412,5016.69873,-6.583456,27.4170345,1.0,1.0
2012.07.06_18:00:00_TAI,11522,1844,14516.200195,3.968968e+18,15.634481,14.717158,-21.142082,-21.614923,28.980379,15.1758195,-21.3785025,0.004132050100548404,0.03555120724260822
2012.07.06_19:00:00_TAI,11522,1844,135012.796875,1.209155e+20,16.981037,14.534449,-20.874907,-22.08926,185.776398,15.757743000000001,-21.4820835,0.12588383275774975,0.22789816606895538
2012.07.06_20:00:00_TAI,11522,1844,376246.90625,5.062293e+20,18.353222,14.543435,-20.483345,-22.403214,451.310425,16.4483285,-21.4432795,0.5270299054982424,0.5536377025961114
2012.07.06_21:00:00_TAI,11522,1844,429237.3125,5.922721e+20,19.110308,14.912274,-20.385588,-22.506598,545.704102,17.011291,-21.446092999999998,0.6166081435670467,0.66943360621141
2012.07.06_22:00:00_TAI,11522,1844,470134.6875,6.674062e+20,19.840872,15.430001,-20.289356,-22.542587,602.506653,17.6354365,-21.4159715,0.6948294508337252,0.7391152091507581
2012.07.06_23:00:00_TAI,11522,1844,476507.5,6.753597e+20,20.506815,15.943026,-20.288223,-22.612246,643.339478,18.2249205,-21.4502345,0.7031097545486232,0.7892062111999775
2012.07.07_00:00:00_TAI,11522,1844,471176.1875,6.354823e+20,21.099344,16.460617,-20.292524,-22.616718,649.47644,18.7799805,-21.454621,0.6615938202605138,0.7967346292341934
2012.07.07_01:00:00_TAI,11522,1844,483464.90625,6.486995e+20,21.66345,16.975319,-20.295759,-22.65155,663.168091,19.319384499999998,-21.473654500000002,0.6753541057022125,0.8135306387754925
2012.07.07_02:00:00_TAI,11522,1844,464016.8125,5.99505e+20,22.216345,17.489725,-20.301529,-22.658873,665.873413,19.853035,-21.480201,0.6241382383353231,0.8168493484127953
2012.07.07_03:00:00_TAI,11522,1844,454231.09375,5.756829e+20,22.760685,18.012234,-20.307343,-22.664125,664.027405,20.3864595,-21.485734,0.5993373050195911,0.8145847882088203
2012.07.07_04:00:00_TAI,11522,1844,449855.8125,5.578781e+20,23.296425,18.56233,-20.314041,-22.670975,660.540955,20.9293775,-21.492508,0.580800918324046,0.8103078425384068
2012.07.07_05:00:00_TAI,11522,1844,443343.3125,5.737051e+20,23.829979,19.120117,-20.321892,-22.677397,652.59198,21.475048,-21.4996445,0.5972782386101707,0.8005565671119774
2012.07.07_06:00:00_TAI,11522,1844,437731.09375,6.211127e+20,24.36006,19.685169,-20.332012,-22.685181,640.808044,22.0226145,-21.5085965,0.6466337835142261,0.7861008158304075
2012.07.07_07:00:00_TAI,11522,1844,425902.5,6.243868e+20,24.866398,20.24618,-20.344482,-22.693464,624.916992,22.556289,-21.518973,0.6500424139779147,0.7666067269865361
2012.07.07_08:00:00_TAI,11522,1844,412455.1875,8.330265e+20,25.358315,20.84581,-20.385117,-22.668692,598.284546,23.102062500000002,-21.5269045,0.867254972346586,0.7339358082548116
2012.07.07_09:00:00_TAI,11522,1844,436853.6875,5.76916e+20,26.003891,21.447397,-20.264093,-22.650305,623.276123,23.725644,-21.457199,0.6006210722303589,0.7645938177048123
2012.07.07_10:00:00_TAI,11522,1844,436476.3125,5.838771e+20,26.556746,22.07242,-20.273003,-22.662802,619.702209,24.314583,-21.4679025,0.6078681989280111,0.7602095769990143
2012.07.07_11:00:00_TAI,11522,1844,427310.0,5.834243e+20,27.10437,22.607805,-20.256439,-22.676153,621.842773,24.8560875,-21.466296,0.60739679369483,0.7628354789715199
2012.07.07_12:00:00_TAI,11522,1844,405229.90625,5.201949e+20,27.633291,23.150728,-20.267712,-22.688314,621.794373,25.3920095,-21.478012999999997,0.5415693421689888,0.7627761050609668
2012.07.07_13:00:00_TAI,11522,1844,394192.3125,5.064895e+20,28.181486,23.719013,-20.253595,-22.699783,616.28186,25.950249499999998,-21.476689,0.5273007969330342,0.7560137196521849
2012.07.07_14:00:00_TAI,11522,1844,402532.0,5.452328e+20,28.738703,24.275124,-20.266455,-22.712448,607.406006,26.506913500000003,-21.4894515,0.5676360318506695,0.7451254105307227
2012.07.07_15:00:00_TAI,11522,1844,405308.40625,6.137775e+20,29.291119,24.870653,-20.280043,-22.823492,620.525879,27.080886,-21.5517675,0.6389971853109796,0.7612200007367272
2012.07.07_16:00:00_TAI,11522,1844,421178.0,6.672887e+20,29.965006,25.354477,-20.193464,-22.83836,673.256042,27.6597415,-21.515912,0.6947071228414575,0.8259058681213294
2012.07.07_17:00:00_TAI,11522,1844,469533.5,7.283133e+20,30.743856,25.786373,-20.068651,-22.887281,771.685425,28.265114500000003,-21.477966000000002,0.7582391806877102,0.9466525082461897
2012.07.07_18:00:00_TAI,11522,1844,465942.8125,7.510658e+20,31.322443,26.332657,-20.048361,-22.900501,784.722412,28.827550000000002,-21.474431,0.7819265648925533,0.9626454194036382
2012.07.07_19:00:00_TAI,11522,1844,459014.1875,8.184969e+20,31.908558,26.861574,-20.031317,-22.913565,792.959045,29.385066000000002,-21.472441,0.8521283613129551,0.972749574589611
2012.07.07_20:00:00_TAI,11522,1844,457740.40625,8.412685e+20,32.485195,27.418795,-20.035471,-22.924742,798.402527,29.951994999999997,-21.480106499999998,0.8758356303233499,0.9794272773450997
2012.07.07_21:00:00_TAI,11522,1844,469294.1875,8.377818e+20,33.036011,27.980272,-20.046135,-22.934387,789.331543,30.5081415,-21.490261,0.8722056642753538,0.9682995956788806
2012.07.07_22:00:00_TAI,11522,1844,481753.5,8.584623e+20,33.584885,28.53973,-19.998646,-22.943117,787.361755,31.0623075,-21.4708815,0.8937359114591032,0.965883190378867
2012.07.07_23:00:00_TAI,11522,1844,505611.5,9.490627e+20,34.121834,29.104704,-19.907133,-22.922924,804.314453,31.613269000000003,-21.4150285,0.988059018102877,0.9866796361368521
2012.07.08_00:00:00_TAI,11522,1844,505917.3125,9.364898e+20,34.724903,29.676611,-19.884039,-22.921852,804.473267,32.200756999999996,-21.4029455,0.9749695064945232,0.986874458620955
2012.07.08_01:00:00_TAI,11522,1844,498403.59375,9.508864e+20,35.353405,30.250641,-19.866833,-22.899851,808.725891,32.802023000000005,-21.383342,0.9899576526518001,0.9920912957488923
2012.07.08_02:00:00_TAI,11522,1844,486581.59375,9.605324e+20,36.055054,30.841581,-19.851116,-22.858252,815.172852,33.4483175,-21.354684,1.0,1.0
2012.07.08_03:00:00_TAI,11522,1844,477066.6875,8.875876e+20,36.673065,31.420952,-19.855804,-22.834232,814.704529,34.047008500000004,-21.345018,0.9240579495288237,0.9994254923985127
2012.07.08_04:00:00_TAI,11522,1844,452484.40625,8.50185e+20,37.287331,31.984396,-19.842598,-22.78319,808.050598,34.6358635,-21.312894,0.8851185030301945,0.991262891075769
2012.01.12_23:00:00_TAI,11397,1312,292537.09375,6.956189e+20,-41.807415,-45.059086,-19.632153,-21.306868,276.151886,-43.4332505,-20.4695105,0.1777684330071949,0.06276969142468374
2012.01.13_00:00:00_TAI,11397,1312,360898.90625,8.50298e+20,-40.992462,-44.704422,-19.489065,-21.447857,375.375885,-42.848442000000006,-20.468460999999998,0.21729734923699137,0.08532343852874344
2012.01.13_01:00:00_TAI,11397,1312,567342.6875,1.273795e+21,-39.89003,-44.849323,-19.119217,-21.804972,687.833557,-42.3696765,-20.4620945,0.325523848076008,0.1563454834577252
2012.01.13_02:00:00_TAI,11397,1312,746421.8125,1.543185e+21,-38.967304,-44.688553,-18.926146,-21.97834,907.855652,-41.8279285,-20.452243,0.3943676333265356,0.2063567986430303
2012.01.13_03:00:00_TAI,11397,1312,898010.5,1.970042e+21,-38.182362,-44.407085,-18.748983,-22.159925,1106.659058,-41.2947235,-20.454454,0.5034527947678825,0.2515450775628278
2012.01.13_04:00:00_TAI,11397,1312,1154472.5,2.570589e+21,-37.436687,-44.240627,-18.646387,-22.460577,1363.579956,-40.838657,-20.553482000000002,0.656925190554098,0.30994353980622036
2012.01.13_05:00:00_TAI,11397,1312,1268126.375,2.758999e+21,-36.755222,-43.842075,-18.527393,-22.495918,1492.101318,-40.2986485,-20.5116555,0.7050741848710805,0.33915661653393125
2012.01.13_06:00:00_TAI,11397,1312,1462584.375,2.943191e+21,-36.007404,-43.592098,-18.387146,-22.631088,1718.584229,-39.799751,-20.509117,0.7521452509569233,0.3906364837995639
2012.01.13_07:00:00_TAI,11397,1312,1549531.75,3.104968e+21,-35.351574,-43.122353,-18.332933,-22.663073,1816.963257,-39.2369635,-20.498003,0.793488066378708,0.41299816787012034
2012.01.13_08:00:00_TAI,11397,1312,1627649.875,3.205171e+21,-34.769676,-42.675831,-18.302654,-22.688747,1889.788818,-38.722753499999996,-20.495700499999998,0.8190953785040972,0.4295515148633742
2012.01.13_09:00:00_TAI,11397,1312,1690733.25,3.446731e+21,-34.193829,-42.275379,-18.302219,-22.739513,1955.418213,-38.234604000000004,-20.520865999999998,0.8808270863073471,0.44446916374207374
2012.01.13_10:00:00_TAI,11397,1312,1794962.25,3.730391e+21,-33.584671,-41.866615,-18.321423,-22.830446,2038.938843,-37.725643000000005,-20.5759345,0.9533176320743193,0.4634535141610862
2012.01.13_11:00:00_TAI,11397,1312,1899430.75,3.913062e+21,-32.94717,-41.436447,-18.32176,-22.900957,2130.314209,-37.1918085,-20.6113585,1.0,0.48422325653263587
2012.01.13_12:00:00_TAI,11397,1312,1956035.75,3.845035e+21,-32.276779,-40.998371,-18.290421,-22.973368,2259.045898,-36.637575,-20.6318945,0.9826154045093075,0.513484140867528
2012.01.13_13:00:00_TAI,11397,1312,1965747.75,3.725892e+21,-31.637636,-40.585506,-18.257595,-22.997314,2358.404053,-36.111571,-20.6274545,0.9521678930719727,0.5360683818090364
2012.09.02_13:00:00_TAI,11565,2007,45417.800781,6.600791e+19,-43.443829,-44.817986,9.956841,9.25664,53.684151,-44.1309075,9.6067405,0.012430041844675862,0.01247959603758886
2012.09.02_14:00:00_TAI,11565,2007,95471.601562,2.11841e+20,-42.647202,-44.550137,10.077267,9.159439,98.136223,-43.5986695,9.618353,0.03989207497128722,0.02281307232920079
2012.09.02_15:00:00_TAI,11565,2007,159994.09375,3.806049e+20,-41.81559,-44.072662,10.193503,9.097182,136.850281,-42.944126,9.6453425,0.07167224099791482,0.03181267082924571
2012.09.02_16:00:00_TAI,11565,2007,198072.703125,4.179396e+20,-41.193195,-43.590771,10.24651,9.034205,161.87146,-42.391982999999996,9.6403575,0.07870279056778334,0.037629177200077614
2012.09.02_17:00:00_TAI,11565,2007,203954.09375,4.521248e+20,-40.591896,-43.041153,10.264681,9.039695,167.216888,-41.8165245,9.652187999999999,0.0851402533880516,0.0388717931462256
2012.09.02_18:00:00_TAI,11565,2007,224621.203125,5.000098e+20,-39.934429,-42.455688,10.273235,9.036009,178.826096,-41.1950585,9.654622,0.09415754470559677,0.04157050819447783
2012.09.02_19:00:00_TAI,11565,2007,348041.0,7.110181e+20,-38.991238,-42.482601,10.517394,8.855725,326.877441,-40.7369195,9.6865595,0.1338928127753466,0.07598701556220543
2012.09.02_20:00:00_TAI,11565,2007,407218.40625,7.692905e+20,-38.236122,-42.12075,10.622169,8.75368,415.11969,-40.178436000000005,9.6879245,0.14486616991375148,0.09650010183543958
2012.09.02_21:00:00_TAI,11565,2007,419622.1875,7.79038e+20,-37.588345,-41.663605,10.676682,8.68878,465.736938,-39.625975,9.682731,0.14670173527070612,0.10826675541583154
2012.09.02_22:00:00_TAI,11565,2007,435786.6875,8.846267e+20,-37.007214,-41.12117,10.723326,8.672988,489.998322,-39.064192,9.698157,0.16658529103432482,0.11390663731752766
2012.09.02_23:00:00_TAI,11565,2007,490614.8125,1.004542e+21,-35.991634,-40.863907,10.863311,8.639032,620.693726,-38.427770499999994,9.7511715,0.18916670887980516,0.14428852499773845
2012.09.03_00:00:00_TAI,11565,2007,550323.0,1.124038e+21,-35.141472,-40.451992,10.940338,8.552034,730.772217,-37.796732,9.746186000000002,0.2116691677558912,0.16987773660895236
2012.09.03_01:00:00_TAI,11565,2007,643152.0,1.250217e+21,-33.606983,-39.965092,11.149888,8.537649,910.203308,-36.7860375,9.8437685,0.23543011170820471,0.21158888395044326
2012.09.03_02:00:00_TAI,11565,2007,958491.8125,1.753109e+21,-31.510292,-39.686142,11.680814,8.461617,1324.595703,-35.598217,10.071215500000001,0.3301304075265806,0.30791991637468624
2012.09.03_03:00:00_TAI,11565,2007,1210762.25,2.154837e+21,-29.960461,-39.131378,12.141871,8.418596,1736.841309,-34.5459195,10.280233500000001,0.4057803690263152,0.4037518990980606
2012.09.03_04:00:00_TAI,11565,2007,1443177.0,2.669705e+21,-28.90645,-38.576942,12.366636,8.426023,2017.256958,-33.741696000000005,10.3963295,0.5027358821532203,0.4689382521827598
2012.09.03_05:00:00_TAI,11565,2007,1645178.625,2.831756e+21,-28.1057,-37.995819,12.491828,8.432195,2200.123779,-33.0507595,10.4620115,0.533251932592805,0.511448080730818
2012.09.03_12:00:00_TAI,11565,2007,2449753.75,3.395131e+21,-23.656929,-34.302212,12.84645,8.252811,2903.846436,-28.9795705,10.5496305,0.6393418667271272,0.6750377867850071
2012.09.03_13:00:00_TAI,11565,2007,2535598.0,3.476907e+21,-23.016613,-33.719078,12.874527,8.192665,3019.45874,-28.3678455,10.533596,0.6547412196514997,0.7019134069451346
2012.09.03_14:00:00_TAI,11565,2007,2663203.5,3.670697e+21,-22.346388,-33.159885,12.908056,8.170506,3115.602539,-27.753136500000004,10.539280999999999,0.6912340855683228,0.7242633137740446
2012.09.03_15:00:00_TAI,11565,2007,2801250.75,3.856761e+21,-21.743797,-32.608288,12.936935,8.158693,3181.459473,-27.1760425,10.547813999999999,0.7262720576202749,0.7395726353761344
2012.09.03_16:00:00_TAI,11565,2007,2990772.75,3.931228e+21,-21.134121,-32.053928,12.963676,8.112823,3266.699707,-26.5940245,10.5382495,0.7402950425329541,0.7593878632721581
2012.09.03_17:00:00_TAI,11565,2007,3135859.25,4.275234e+21,-20.439533,-31.507746,12.973802,8.067922,3364.271973,-25.9736395,10.520862,0.8050752934880224,0.7820698362841214
2012.09.03_18:00:00_TAI,11565,2007,3309567.25,4.549328e+21,-19.78009,-30.932377,13.007296,8.040287,3466.04248,-25.356233500000002,10.5237915,0.8566903179506146,0.8057277463421684
2012.09.03_19:00:00_TAI,11565,2007,3447839.5,4.561157e+21,-19.126572,-30.388351,13.035629,8.016154,3565.675781,-24.757461499999998,10.5258915,0.8589178534835631,0.8288888343953538
2012.09.03_20:00:00_TAI,11565,2007,3586604.0,4.726574e+21,-18.509653,-29.853262,13.052774,7.996262,3646.429932,-24.1814575,10.524518,0.8900677600905251,0.8476612125379913
2012.09.03_21:00:00_TAI,11565,2007,3694017.25,5.133634e+21,-17.878021,-29.318739,13.083158,7.965843,3733.485107,-23.59838,10.524500499999998,0.9667217979671031,0.8678983476466681
2012.09.03_22:00:00_TAI,11565,2007,3750868.5,5.310353e+21,-17.293428,-28.759079,13.109316,7.929781,3799.877197,-23.0262535,10.519548499999999,1.0,0.8833320733898812
2012.09.03_23:00:00_TAI,11565,2007,3776025.5,5.127658e+21,-16.691971,-28.199175,13.13154,7.924069,3851.099365,-22.445573,10.5278045,0.9655964490496206,0.8952393486825372
2012.09.04_06:00:00_TAI,11565,2007,3854029.25,4.228715e+21,-12.686285,-24.313601,13.142622,7.875931,4075.444336,-18.499943,10.509276499999999,0.7963152355408388,0.9473913257370795
2012.01.25_14:00:00_TAI,11411,1348,14673.599609,6.705322e+19,-47.549164,-47.950539,-26.56064,-26.766556,4.5151,-47.7498515,-26.663598,0.009405703131268414,0.0009307626346205932
2012.01.25_15:00:00_TAI,11411,1348,128842.296875,4.833967e+20,-46.111855,-48.220043,-26.174145,-27.170979,95.744446,-47.165949,-26.672562,0.06780712178825742,0.01973718252292288
2012.01.25_16:00:00_TAI,11411,1348,140409.203125,5.21023e+20,-45.43224,-47.850922,-26.089005,-27.247038,127.41935,-46.641581,-26.668021500000002,0.07308504591670412,0.02626678698315507
2012.01.25_17:00:00_TAI,11411,1348,149661.0,5.545797e+20,-44.720226,-47.376362,-26.028852,-27.291811,154.067017,-46.048294,-26.660331499999998,0.07779211827303592,0.0317600546280383
2012.01.25_18:00:00_TAI,11411,1348,155909.09375,5.472013e+20,-44.103176,-46.903458,-26.007298,-27.337753,173.475327,-45.503316999999996,-26.6725255,0.07675713382361274,0.035760969280899405
2012.01.25_19:00:00_TAI,11411,1348,155218.203125,5.044317e+20,-43.526581,-46.440517,-26.001341,-27.379999,190.161636,-44.983549,-26.69067,0.07075774765478897,0.03920075863815247
2012.01.25_20:00:00_TAI,11411,1348,154096.703125,4.704001e+20,-42.95042,-45.959469,-25.990927,-27.419464,203.871765,-44.454944499999996,-26.705195500000002,0.065984060027527,0.04202702511929978
2012.01.25_21:00:00_TAI,11411,1348,157630.09375,4.646236e+20,-42.394207,-45.435455,-25.995964,-27.449612,210.436554,-43.914831,-26.722788,0.06517377762590973,0.043380319687607964
2012.01.25_22:00:00_TAI,11411,1348,159170.296875,4.882917e+20,-41.821762,-44.880234,-26.004667,-27.475294,214.366196,-43.350998000000004,-26.7399805,0.06849375423972744,0.04419039342706794
2012.01.25_23:00:00_TAI,11411,1348,161547.703125,5.062368e+20,-41.278873,-44.388157,-26.013973,-27.518473,221.454178,-42.833515,-26.766223,0.07101095301498275,0.04565154130872357
2012.01.26_00:00:00_TAI,11411,1348,167708.296875,4.885708e+20,-40.75436,-43.943542,-26.040489,-27.56109,234.3405,-42.348951,-26.8007895,0.06853290421259879,0.0483079845802545
2012.01.26_01:00:00_TAI,11411,1348,170421.296875,5.05836e+20,-40.217907,-43.427502,-26.058334,-27.596607,240.415512,-41.8227045,-26.827470499999997,0.07095473191456413,0.04956031435688663
2012.01.26_02:00:00_TAI,11411,1348,175533.703125,4.895571e+20,-39.673199,-42.873383,-26.081955,-27.604317,240.18927,-41.273291,-26.843136,0.06867125469000122,0.04951367583282695
2012.01.26_03:00:00_TAI,11411,1348,185640.5,4.956675e+20,-39.116737,-42.350163,-26.080198,-27.639109,249.164612,-40.733450000000005,-26.8596535,0.06952837398141337,0.05136389243191466
2012.01.26_04:00:00_TAI,11411,1348,193420.296875,4.814855e+20,-38.540665,-41.818348,-26.0828,-27.675594,259.078003,-40.1795065,-26.879196999999998,0.06753903354693985,0.05340748259053442
2012.01.26_05:00:00_TAI,11411,1348,192660.90625,4.763788e+20,-37.996063,-41.278511,-26.086119,-27.678679,260.806854,-39.637287,-26.882399,0.06682270546932555,0.05376387556336479
2012.01.26_06:00:00_TAI,11411,1348,329583.1875,7.799638e+20,-37.463978,-47.548244,-26.103004,-27.717333,416.638458,-42.506111,-26.910168499999997,0.10940724332009724,0.0858876899409407
2012.01.26_07:00:00_TAI,11411,1348,438203.6875,9.442747e+20,-36.93671,-47.549858,-25.814207,-27.754435,547.590332,-42.243284,-26.784321,0.13245549583700145,0.11288268700695119
2012.01.26_08:00:00_TAI,11411,1348,479538.09375,1.036261e+21,-36.410599,-47.191753,-25.661064,-27.785032,639.914978,-41.801176,-26.723048,0.14535861711803455,0.13191489686971694
2012.01.26_09:00:00_TAI,11411,1348,499656.1875,1.142845e+21,-35.873806,-46.705864,-25.604904,-27.808441,666.418823,-41.289835,-26.7066725,0.16030938998983868,0.1373785164129775
2012.01.26_10:00:00_TAI,11411,1348,492299.09375,1.130407e+21,-35.339527,-46.174362,-25.574368,-27.825914,681.053894,-40.7569445,-26.700141000000002,0.15856468428373363,0.1403954545188488
2012.01.26_11:00:00_TAI,11411,1348,492098.8125,1.065247e+21,-34.822159,-45.683243,-25.554632,-27.804756,678.964355,-40.252701,-26.679694,0.14942454729950752,0.139964707730343
2012.01.26_12:00:00_TAI,11411,1348,490282.3125,9.682836e+20,-34.302967,-45.146259,-25.557821,-27.796782,672.261841,-39.724613000000005,-26.6773015,0.13582327721883977,0.13858302192289212
2012.01.26_13:00:00_TAI,11411,1348,508168.5,9.383573e+20,-33.816826,-44.599209,-25.576778,-27.817636,667.852173,-39.2080175,-26.697207,0.13162544908146953,0.1376739935059175
2012.01.26_14:00:00_TAI,11411,1348,538245.875,9.762972e+20,-33.331669,-44.026203,-25.524925,-27.84757,682.691223,-38.678936,-26.6862475,0.13694736257391643,0.14073298074280413
2012.01.26_16:00:00_TAI,11411,1348,709610.6875,1.419178e+21,-32.295918,-43.486206,-25.133469,-27.905617,983.366638,-37.891062000000005,-26.519543,0.19907122966543955,0.20271553737079467
2012.01.26_17:00:00_TAI,11411,1348,819005.3125,1.62297e+21,-31.755058,-43.44202,-24.919434,-27.93293,1250.858765,-37.598539,-26.426181999999997,0.2276575831996539,0.25785754460580307
2012.01.26_18:00:00_TAI,11411,1348,869899.1875,1.689561e+21,-31.204351,-43.071312,-24.857027,-28.047031,1424.731812,-37.1378315,-26.452029,0.2369984497115723,0.29370050164224304
2012.01.26_19:00:00_TAI,11411,1348,882482.3125,1.625085e+21,-30.60195,-42.603451,-24.804003,-28.082535,1532.447021,-36.6027005,-26.443269,0.22795425891668333,0.3159053900649907
2012.01.26_20:00:00_TAI,11411,1348,885129.375,1.463406e+21,-29.986261,-42.055866,-24.7862,-28.115509,1595.907104,-36.0210635,-26.4508545,0.20527518882041734,0.3289873315604883
2012.01.26_21:00:00_TAI,11411,1348,902931.5,1.454789e+21,-29.172838,-41.508587,-24.786573,-28.118204,1694.762085,-35.340712499999995,-26.452388499999998,0.20406646321585814,0.34936573349199124
2012.01.26_22:00:00_TAI,11411,1348,925972.3125,1.641156e+21,-28.519886,-40.953457,-24.781561,-28.140514,1759.770996,-34.7366715,-26.4610375,0.23020857354948715,0.3627669572248378
2012.01.26_23:00:00_TAI,11411,1348,953170.875,1.754618e+21,-27.949314,-40.375294,-24.733883,-28.17275,1830.038452,-34.162304,-26.4533165,0.24612413865851515,0.37725220062468423
2012.01.27_00:00:00_TAI,11411,1348,978563.875,1.74196e+21,-27.256861,-39.787739,-24.675053,-28.200512,1920.712646,-33.5223,-26.437782499999997,0.2443485730669508,0.395944179030376
2012.01.27_01:00:00_TAI,11411,1348,1046120.625,1.800436e+21,-26.698006,-39.168018,-24.658844,-28.219858,1943.945312,-32.933012,-26.439351,0.2525511306220399,0.4007334633021353
2012.01.27_02:00:00_TAI,11411,1348,1108346.375,1.940995e+21,-26.140017,-38.50668,-24.567862,-28.247784,2009.628418,-32.3233485,-26.407823,0.2722676517142105,0.4142736685668301
2012.01.27_03:00:00_TAI,11411,1348,1167663.125,2.067168e+21,-25.590559,-38.20681,-24.496826,-28.243917,2106.85083,-31.898684499999998,-26.370371499999997,0.28996621684175444,0.43431552552177877
2012.01.27_04:00:00_TAI,11411,1348,1210634.5,2.113871e+21,-25.044312,-37.711811,-24.445127,-28.239574,2156.355713,-31.3780615,-26.342350500000002,0.29651734970814964,0.4445206805189359
2012.01.27_05:00:00_TAI,11411,1348,1252328.625,2.103271e+21,-24.515413,-37.306366,-24.433428,-28.233955,2199.875,-30.910889499999996,-26.3336915,0.2950304643178366,0.45349193834820434
2012.01.27_06:00:00_TAI,11411,1348,1290077.25,2.051144e+21,-23.981722,-36.991043,-24.410881,-28.227461,2252.379395,-30.486382499999998,-26.319171,0.28771849500266233,0.464315425982888
2012.01.27_07:00:00_TAI,11411,1348,1296207.625,1.921891e+21,-23.447701,-36.545063,-24.401484,-28.216818,2281.730957,-29.996381999999997,-26.309151,0.2695878914786879,0.47036608647265565
2012.01.27_08:00:00_TAI,11411,1348,1327910.375,1.841577e+21,-22.918278,-36.016071,-24.395565,-28.205784,2289.453125,-29.4671745,-26.3006745,0.2583220694751407,0.4719579682543798
2012.01.27_09:00:00_TAI,11411,1348,1371072.25,1.930507e+21,-22.398617,-35.830097,-24.325029,-28.268946,2386.638184,-29.114357000000002,-26.2969875,0.2707964768110404,0.491992125097107
2012.01.27_10:00:00_TAI,11411,1348,1381509.25,1.913416e+21,-21.900784,-35.392208,-24.300209,-28.297384,2402.82959,-28.646496,-26.2987965,0.26839908452747063,0.4953298929664281
2012.01.27_11:00:00_TAI,11411,1348,1380434.75,1.902569e+21,-21.440344,-34.854996,-24.281853,-28.320183,2403.611816,-28.147669999999998,-26.301018,0.26687755190211915,0.49549114448524917
2012.01.27_12:00:00_TAI,11411,1348,1365584.75,1.818862e+21,-20.954119,-34.304317,-24.27434,-28.315054,2392.675293,-27.629217999999998,-26.294697,0.25513578630146516,0.49323664138209106
2012.01.27_13:00:00_TAI,11411,1348,1341448.75,1.714361e+21,-20.579441,-33.749691,-24.266687,-28.31138,2372.075928,-27.164566,-26.289033500000002,0.24047720043607823,0.48899019739659555
2012.01.27_14:00:00_TAI,11411,1348,1350137.5,1.646467e+21,-20.077868,-33.170536,-24.26116,-28.314034,2357.328125,-26.624201999999997,-26.287596999999998,0.23095355923891667,0.4859500202188707
2012.01.27_15:00:00_TAI,11411,1348,1348621.625,1.637087e+21,-19.565718,-32.592056,-24.208023,-28.290188,2356.317627,-26.078887,-26.2491055,0.22963780594069624,0.4857417117028336
2012.01.27_16:00:00_TAI,11411,1348,1350535.375,1.635381e+21,-19.108343,-32.010483,-24.202328,-28.26228,2332.758789,-25.559413,-26.232304,0.22939850155617986,0.4808851888959235
2012.01.27_17:00:00_TAI,11411,1348,1342484.0,1.602216e+21,-18.664076,-31.382753,-24.214836,-28.223454,2284.771729,-25.0234145,-26.219144999999997,0.2247463738231863,0.47099292462862125
2012.01.27_18:00:00_TAI,11411,1348,1362966.75,1.55816e+21,-18.191069,-30.675571,-24.186121,-28.185905,2264.202881,-24.433320000000002,-26.186013000000003,0.21856654148774946,0.4667527715521467
2012.01.27_19:00:00_TAI,11411,1348,1343909.125,1.512063e+21,-17.784199,-30.032515,-24.15266,-28.178364,2176.809082,-23.908357000000002,-26.165512,0.212100413578574,0.44873702824485723
2012.01.27_20:00:00_TAI,11411,1348,1285787.5,1.490434e+21,-17.67164,-29.43152,-24.130257,-28.178703,2104.981934,-23.55158,-26.15448,0.20906646602130227,0.43393026305476984
2012.01.27_21:00:00_TAI,11411,1348,1252912.75,1.519643e+21,-17.812452,-29.028877,-24.11961,-28.196188,2056.486084,-23.4206645,-26.157899,0.21316367690485447,0.4239331145720862
2012.01.27_22:00:00_TAI,11411,1348,1244168.125,1.627499e+21,-17.363367,-28.532875,-24.102993,-28.202518,2093.746826,-22.948121,-26.1527555,0.22829287602349616,0.4316142083223549
2012.01.27_23:00:00_TAI,11411,1348,1256127.0,1.585264e+21,-18.867056,-27.976978,-24.095297,-28.212936,2139.179199,-23.422017,-26.1541165,0.22236847937633852,0.4409798381401985
2012.01.28_00:00:00_TAI,11411,1348,1255058.25,1.562651e+21,-18.296793,-27.451519,-24.082428,-28.238455,2189.410889,-22.874156,-26.160441499999997,0.21919650396773963,0.451334820339008
2012.01.28_01:00:00_TAI,11411,1348,1260737.0,1.487647e+21,-17.627186,-26.917133,-24.073208,-28.266457,2241.908203,-22.2721595,-26.1698325,0.20867552738141526,0.4621568482651103
2012.01.28_02:00:00_TAI,11411,1348,1302450.125,1.43941e+21,-14.721385,-26.366575,-24.063345,-28.293648,2412.5,-20.54398,-26.1784965,0.20190921695004455,0.49732339394967573
2012.01.28_03:00:00_TAI,11411,1348,1322807.0,1.412837e+21,-13.96722,-25.811729,-24.065418,-28.282564,2449.274414,-19.8894745,-26.173991,0.19818176360317777,0.5049042339003453
2012.01.28_04:00:00_TAI,11411,1348,1371884.0,1.493671e+21,-13.249572,-25.246248,-24.060188,-28.298201,2520.743896,-19.24791,-26.1791945,0.20952052715417427,0.5196372682431704
2012.01.28_05:00:00_TAI,11411,1348,1406227.5,1.468334e+21,-12.635423,-24.688116,-24.07177,-28.287941,2532.591797,-18.6617695,-26.179855500000002,0.20596645025470628,0.5220796468282479
2012.01.28_06:00:00_TAI,11411,1348,1418370.375,1.488683e+21,-12.092809,-24.134972,-24.087336,-28.291029,2555.80957,-18.1138905,-26.1891825,0.20882084938748738,0.5268658609912793
2012.01.28_07:00:00_TAI,11411,1348,1409318.25,1.346618e+21,-11.573747,-23.572189,-24.078009,-28.305334,2569.919189,-17.572968,-26.191671499999998,0.188893078352127,0.5297744801035765
2012.01.28_08:00:00_TAI,11411,1348,1410868.0,1.221897e+21,-11.030957,-23.005911,-24.077168,-28.322855,2569.20752,-17.018434,-26.200011500000002,0.17139818846861465,0.5296277735160329
2012.01.28_09:00:00_TAI,11411,1348,1430179.5,1.214343e+21,-10.296067,-22.406986,-24.078011,-28.308094,2632.462158,-16.3515265,-26.1930525,0.17033857221970666,0.5426673636728072
2012.01.28_10:00:00_TAI,11411,1348,1417584.25,1.137973e+21,-9.622818,-21.822382,-24.091995,-28.308594,2634.235596,-15.7226,-26.2002945,0.1596259837991212,0.5430329480065355
2012.01.28_11:00:00_TAI,11411,1348,1398197.0,1.159647e+21,-9.077544,-21.246695,-24.088247,-28.292988,2640.033203,-15.1621195,-26.190617500000002,0.16266624360569146,0.5442280922925568
2012.01.28_12:00:00_TAI,11411,1348,1384278.25,1.140807e+21,-8.438791,-20.669016,-24.073076,-28.257603,2643.654297,-14.5539035,-26.1653395,0.16002351523272001,0.544974560585983
2012.01.28_13:00:00_TAI,11411,1348,1409878.0,1.122605e+21,-7.700598,-20.081066,-24.083622,-28.274204,2657.373047,-13.890832,-26.178913,0.15747028052758058,0.5478026042381062
2012.01.28_14:00:00_TAI,11411,1348,1404078.75,1.10491e+21,-7.093747,-19.427767,-24.095245,-28.28096,2626.306641,-13.260757,-26.1881025,0.15498816383120428,0.5413984382402871
2012.01.28_15:00:00_TAI,11411,1348,1400101.0,1.087759e+21,-6.551665,-18.727737,-24.108679,-28.289154,2566.537109,-12.639701,-26.1989165,0.15258235521523647,0.52907728321064
2012.01.28_16:00:00_TAI,11411,1348,1405747.75,1.032185e+21,-6.01175,-18.080891,-24.117111,-28.296396,2533.993408,-12.0463205,-26.2067535,0.14478686760379722,0.5223685811036954
2012.01.28_17:00:00_TAI,11411,1348,1412757.75,9.859103e+20,-5.473539,-17.439116,-24.129034,-28.303923,2500.296143,-11.456327499999999,-26.2164785,0.13829581332350305,0.5154220782242669
2012.01.28_18:00:00_TAI,11411,1348,1449719.875,9.853158e+20,-4.93758,-16.776157,-24.117163,-28.311808,2562.458496,-10.856868500000001,-26.214485500000002,0.13821242149665955,0.52823649993198
2012.01.28_19:00:00_TAI,11411,1348,1450915.75,9.919696e+20,-4.434615,-16.185286,-24.099098,-28.288395,2597.14209,-10.309950500000001,-26.193746500000003,0.13914576470515624,0.535386329023152
2012.01.28_20:00:00_TAI,11411,1348,1497689.875,1.072756e+21,-3.891683,-15.658881,-24.0854,-28.268604,2637.709717,-9.775281999999999,-26.177002,0.150477851299117,0.5437491186372969
2012.01.28_21:00:00_TAI,11411,1348,1519328.75,1.176408e+21,-3.31954,-15.256403,-24.100151,-28.310055,2695.053711,-9.287971500000001,-26.205103,0.16501734606107227,0.5555702625621507
2012.01.28_22:00:00_TAI,11411,1348,1522099.625,1.145657e+21,-2.750972,-14.837708,-24.087584,-28.322104,2735.70459,-8.79434,-26.204844,0.16070383543489153,0.5639502141108833
2012.01.28_23:00:00_TAI,11411,1348,1522827.25,1.101911e+21,-2.185478,-14.370404,-24.102142,-28.331667,2805.337891,-8.277941,-26.2169045,0.15456748748351098,0.578304730001138
2012.01.29_00:00:00_TAI,11411,1348,1579692.125,1.176301e+21,-1.679439,-13.855041,-24.114397,-28.568636,2892.9729,-7.76724,-26.3415165,0.1650023369349625,0.596370197402046
2012.01.29_01:00:00_TAI,11411,1348,1593395.75,1.1826e+21,-1.142813,-13.33888,-24.096552,-28.776928,2991.028564,-7.2408465,-26.43674,0.16588591156454568,0.6165838246005824
2012.01.29_02:00:00_TAI,11411,1348,1605733.375,1.183903e+21,-0.608627,-12.792243,-24.078653,-28.829014,3041.369141,-6.700435,-26.453833500000002,0.16606868624978888,0.6269612532459813
2012.01.29_03:00:00_TAI,11411,1348,1615510.25,1.209769e+21,-0.105913,-12.24144,-24.062126,-28.936264,3073.541016,-6.1736765,-26.499195,0.16969696714656596,0.6335933055007895
2012.01.29_04:00:00_TAI,11411,1348,1613238.5,1.122371e+21,0.395659,-11.669746,-24.069939,-28.944941,3074.744629,-5.6370435,-26.507440000000003,0.1574374568312284,0.6338414235949499
2012.01.29_05:00:00_TAI,11411,1348,1621737.25,1.113323e+21,0.868617,-11.10092,-24.080177,-28.955837,3099.020996,-5.1161515,-26.518006999999997,0.15616827390561028,0.6388458609956579
2012.01.29_06:00:00_TAI,11411,1348,1623876.5,1.071962e+21,1.405161,-10.543128,-24.112427,-28.961716,3088.147217,-4.5689835,-26.5370715,0.15036647516705015,0.6366042922174864
2012.01.29_07:00:00_TAI,11411,1348,1624933.0,1.13868e+21,1.972123,-9.972325,-24.088612,-28.968681,3084.898926,-4.000101,-26.5286465,0.15972515624921096,0.6359346751792868
2012.01.29_08:00:00_TAI,11411,1348,1636933.125,9.55286e+20,2.508697,-9.378437,-24.063643,-28.974529,3114.128418,-3.43487,-26.519086,0.13400007518590276,0.6419601716206816
2012.01.29_09:00:00_TAI,11411,1348,1623774.25,9.249359e+20,3.01511,-8.770127,-24.063871,-28.945873,3117.52417,-2.8775085000000002,-26.504872,0.1297427996873613,0.642660186920019
2012.01.29_10:00:00_TAI,11411,1348,1615491.75,9.357606e+20,3.548119,-8.163317,-24.066071,-28.91596,3091.142578,-2.3075989999999997,-26.4910155,0.13126120424250484,0.6372217691495586
2012.01.29_11:00:00_TAI,11411,1348,1605692.75,9.1557e+20,4.05359,-7.523612,-24.06741,-28.916157,3067.302246,-1.735011,-26.491783499999997,0.1284290242272544,0.6323072179275371
2012.01.29_12:00:00_TAI,11411,1348,1609252.25,9.428997e+20,4.590698,-6.853432,-24.068598,-28.888062,3030.803467,-1.131367,-26.47833,0.13226262155288065,0.624783198591869
2012.01.29_13:00:00_TAI,11411,1348,1590282.0,9.187422e+20,5.098086,-6.185226,-24.069525,-28.888514,2983.426514,-0.5435699999999999,-26.4790195,0.1288739957211366,0.6150167044733388
2012.01.29_14:00:00_TAI,11411,1348,1596414.0,8.698608e+20,5.634209,-5.575599,-24.008308,-28.890556,2958.210449,0.029304999999999914,-26.449432,0.1220172938798114,0.6098185535809634
2012.01.29_15:00:00_TAI,11411,1348,1596976.125,8.824013e+20,6.140351,-4.909306,-23.976995,-28.858765,2931.555908,0.6155225,-26.417879999999997,0.12377637748709636,0.604323868899392
2012.01.29_16:00:00_TAI,11411,1348,1594297.25,8.483977e+20,6.614885,-4.241677,-23.977566,-28.860344,2906.118164,1.186604,-26.418955,0.11900661748162013,0.5990800201199089
2012.01.29_17:00:00_TAI,11411,1348,1551121.0,6.975106e+20,6.877784,-3.674373,-23.977625,-28.861826,2882.866943,1.6017055,-26.4197255,0.09784135101212008,0.594286910838585
2012.01.29_18:00:00_TAI,11411,1348,1495678.75,6.919085e+20,6.675561,-3.172487,-23.917328,-28.865685,2816.055664,1.7515370000000001,-26.3915065,0.09705553208333964,0.580514139014171
2012.01.29_19:00:00_TAI,11411,1348,1513054.25,7.184839e+20,6.580454,-2.606373,-23.85405,-28.900253,2807.96167,1.9870404999999998,-26.3771515,0.10078332208350235,0.5788456073803107
2012.01.29_20:00:00_TAI,11411,1348,1530729.0,9.168436e+20,7.387442,-2.074788,-23.76516,-28.937489,2898.648193,2.656327,-26.3513245,0.1286076749096226,0.5975401273404579
2012.01.29_21:00:00_TAI,11411,1348,1549738.75,9.801721e+20,8.026917,-1.505349,-23.766975,-28.974421,2937.785156,3.2607839999999997,-26.370697999999997,0.13749090334739983,0.6056079935655534
2012.01.29_22:00:00_TAI,11411,1348,1559736.875,9.125398e+20,8.707876,-0.940922,-23.769438,-28.979267,2963.704346,3.883477,-26.3743525,0.1280039713867142,0.6109510897476162
2012.01.29_23:00:00_TAI,11411,1348,1553355.75,9.21254e+20,9.320215,-0.341391,-23.771772,-28.98399,2965.335205,4.489412,-26.377881,0.12922633144975815,0.6112872822172258
2012.01.30_00:00:00_TAI,11411,1348,1532431.25,8.512292e+20,9.864789,0.190694,-23.772936,-28.987236,2963.850098,5.0277415,-26.380086,0.11940379823470232,0.610981135707954
2012.01.30_01:00:00_TAI,11411,1348,1525984.25,7.747262e+20,10.412244,0.75657,-23.774656,-28.990494,2956.046631,5.584407,-26.382575000000003,0.10867255361063465,0.6093724945916786
2012.01.30_02:00:00_TAI,11411,1348,1540386.75,8.620298e+20,10.928162,1.354429,-23.80159,-28.990335,2934.92041,6.1412955,-26.395962500000003,0.12091882222966599,0.6050174421858545
2012.01.30_03:00:00_TAI,11411,1348,1541957.375,8.771453e+20,11.441943,1.919541,-23.80274,-28.991728,2905.936035,6.680742,-26.397233999999997,0.12303910676903171,0.5990424752442959
2012.01.30_04:00:00_TAI,11411,1348,1588677.375,9.562083e+20,11.957543,2.514149,-23.831181,-28.960712,2863.119385,7.235846,-26.3959465,0.13412944824208065,0.5902160621062418
2012.01.30_05:00:00_TAI,11411,1348,1599092.5,1.000875e+21,12.467552,3.079953,-23.857256,-28.920498,2815.710449,7.7737525,-26.388877,0.14039494481410847,0.5804429748709826
2012.01.30_06:00:00_TAI,11411,1348,1635514.125,1.106348e+21,12.849203,3.67383,-23.857941,-29.050779,2799.197021,8.261516499999999,-26.45436,0.15518987526434297,0.5770388239658204
2012.01.30_07:00:00_TAI,11411,1348,1743966.25,1.238596e+21,13.968316,4.267169,-23.874823,-29.368698,2937.655029,9.1177425,-26.6217605,0.17374059404718417,0.6055811686116531
2012.01.30_08:00:00_TAI,11411,1348,1859605.75,1.218707e+21,14.98956,4.833943,-23.807779,-29.559402,3083.955322,9.911751500000001,-26.6835905,0.17095072012945442,0.6357401564875461
2012.01.30_09:00:00_TAI,11411,1348,1868737.625,1.156141e+21,15.549319,5.397828,-23.760881,-29.581814,3172.919434,10.4735735,-26.671347500000003,0.16217444924923508,0.6540796110448763
2012.01.30_10:00:00_TAI,11411,1348,1951375.25,1.296561e+21,16.102205,5.95682,-23.749792,-30.22773,3344.800293,11.029512500000001,-26.988761,0.1818714725046837,0.6895118896574631
2012.01.30_11:00:00_TAI,11411,1348,1947859.75,1.272401e+21,16.632458,6.512712,-23.737694,-30.250435,3366.847656,11.572585,-26.9940645,0.17848249599242305,0.6940568303392457
2012.01.30_12:00:00_TAI,11411,1348,1995623.5,1.377549e+21,17.289934,6.883629,-23.726198,-30.241205,3410.857422,12.086781499999999,-26.983701500000002,0.19323183797550172,0.7031291976735674
2012.01.30_13:00:00_TAI,11411,1348,2041231.125,1.550387e+21,17.850271,7.313274,-23.715721,-30.231579,3447.604736,12.5817725,-26.97365,0.21747620562558878,0.7107044511106718
2012.01.30_14:00:00_TAI,11411,1348,2037125.875,1.590997e+21,18.381721,7.788647,-23.733593,-30.221384,3443.738525,13.085184,-26.9774885,0.22317265993696728,0.7099074533174095
2012.01.30_15:00:00_TAI,11411,1348,2025293.375,1.580803e+21,18.912043,8.290376,-23.727497,-30.212736,3434.421875,13.6012095,-26.9701165,0.22174272506254736,0.7079868779813508
2012.01.30_16:00:00_TAI,11411,1348,2023224.625,1.540226e+21,19.449356,8.827909,-23.725718,-30.203459,3428.624512,14.1386325,-26.964588499999998,0.21605089973398778,0.7067917839945661
2012.01.30_17:00:00_TAI,11411,1348,2091449.25,1.638872e+21,19.982651,9.236224,-23.680046,-30.161444,3474.97168,14.6094375,-26.920745,0.2298881918295367,0.7163459936897851
2012.01.30_18:00:00_TAI,11411,1348,2288576.0,1.887394e+21,20.58032,9.34363,-23.63571,-30.120586,3613.689209,14.961974999999999,-26.878148,0.26474892116645876,0.7449418371395644
2012.01.30_19:00:00_TAI,11411,1348,2349236.5,2.194006e+21,21.146603,9.408305,-23.62413,-29.15229,3604.447754,15.277453999999999,-26.38821,0.3077580629867095,0.7430367628325661
2012.01.30_20:00:00_TAI,11411,1348,2544096.25,2.664228e+21,21.685343,9.177947,-23.612463,-29.56694,3919.740479,15.431645,-26.5897015,0.3737171405342351,0.8080325962355265
2012.01.30_21:00:00_TAI,11411,1348,2696847.75,2.870176e+21,22.212864,9.435431,-23.601213,-29.825161,4116.896484,15.824147499999999,-26.713187,0.4026059209459509,0.848675204958494
2012.01.30_22:00:00_TAI,11411,1348,2868281.25,3.009954e+21,22.757151,9.603651,-23.592371,-30.046064,4336.53418,16.180401,-26.8192175,0.4222128894447409,0.8939522886534192
2012.01.30_23:00:00_TAI,11411,1348,3088340.0,3.548836e+21,23.295324,9.917023,-23.581919,-30.235033,4509.4375,16.6061735,-26.908476,0.49780305669970915,0.9295953418876439
2012.01.31_00:00:00_TAI,11411,1348,3175754.5,3.798796e+21,23.828794,10.420341,-23.571386,-30.337683,4586.338867,17.124567499999998,-26.9545345,0.53286549746977,0.9454481289698449
2012.01.31_01:00:00_TAI,11411,1348,3224947.25,3.859911e+21,24.366308,10.932281,-23.562729,-30.410044,4641.110352,17.6492945,-26.986386500000002,0.5414382333781643,0.9567389645395291
2012.01.31_02:00:00_TAI,11411,1348,3314101.5,4.015121e+21,24.884495,11.449694,-23.557507,-30.441326,4700.348633,18.1670945,-26.999416500000002,0.5632098825697195,0.968950605144157
2012.01.31_03:00:00_TAI,11411,1348,3329411.5,4.019047e+21,25.392202,11.998888,-23.568672,-30.429871,4703.400391,18.695545000000003,-26.9992715,0.5637605912529619,0.9695797080026329
2012.01.31_04:00:00_TAI,11411,1348,3347398.75,3.983646e+21,25.651562,12.557883,-23.561329,-30.432768,4694.478027,19.1047225,-26.9970485,0.5587948148659362,0.9677404125222042
2012.01.31_05:00:00_TAI,11411,1348,3390751.5,4.078241e+21,26.370058,13.07621,-23.542931,-30.487394,4774.899414,19.723134,-27.0151625,0.5720638642524136,0.9843188320575329
2012.01.31_06:00:00_TAI,11411,1348,3382036.75,4.217965e+21,26.936167,13.626819,-23.505959,-30.52866,4813.935547,20.281493,-27.0173095,0.5916632580520454,0.9923659127415664
2012.01.31_07:00:00_TAI,11411,1348,3374226.0,4.224324e+21,27.494234,14.151124,-23.485577,-30.544487,4825.272461,20.822679,-27.015031999999998,0.5925552490140266,0.9947029542119893
2012.01.31_08:00:00_TAI,11411,1348,3352723.5,4.250825e+21,28.053801,14.703039,-23.463789,-30.557022,4835.09375,21.37842,-27.010405499999997,0.5962726027620158,0.9967275580579751
2012.01.31_09:00:00_TAI,11411,1348,3345410.0,3.900365e+21,28.599382,15.257855,-23.445505,-30.553083,4830.03418,21.9286185,-26.999294,0.547112805225308,0.9956845559753529
2012.01.31_10:00:00_TAI,11411,1348,3345786.75,3.835366e+21,29.126703,15.82064,-23.449848,-30.55081,4842.133789,22.4736715,-27.000329,0.5379952520663499,0.9981788227580863
2012.01.31_11:00:00_TAI,11411,1348,3297785.5,3.822367e+21,29.713343,16.347643,-23.402624,-30.552828,4840.619629,23.030493,-26.977726,0.5361718536523236,0.9978666871352125
2012.01.31_12:00:00_TAI,11411,1348,3294984.25,3.886804e+21,30.282288,16.900276,-23.365252,-30.559381,4850.968262,23.591282,-26.9623165,0.5452105738311538,1.0
2012.01.31_13:00:00_TAI,11411,1348,3254141.5,3.907088e+21,30.845255,17.460495,-23.340494,-30.544394,4835.544922,24.152875,-26.942444000000002,0.5480558552705037,0.996820564644626
2012.01.31_14:00:00_TAI,11411,1348,3221739.25,3.969244e+21,31.393745,18.02354,-23.319407,-30.527645,4808.321777,24.7086425,-26.923526000000003,0.5567746145460034,0.9912086654258139
2012.01.31_15:00:00_TAI,11411,1348,3212547.5,3.988503e+21,31.9319,18.486465,-23.295031,-30.511829,4782.051758,25.209182499999997,-26.90343,0.5594761169735541,0.9857932478058334
2012.01.31_16:00:00_TAI,11411,1348,3237652.75,3.947848e+21,32.467525,19.015772,-23.284918,-30.491962,4739.952637,25.7416485,-26.888440000000003,0.5537733504128771,0.9771147492615774
2012.01.31_17:00:00_TAI,11411,1348,3185900.5,3.975487e+21,32.996761,19.544357,-23.291325,-30.473143,4696.258301,26.270559,-26.882234,0.557650333932015,0.9681074060591328
2012.01.31_18:00:00_TAI,11411,1348,3140677.0,3.981051e+21,33.517124,20.073427,-23.274866,-30.453814,4656.331543,26.795275500000002,-26.86434,0.5584308084897228,0.9598767280081619
2012.01.31_19:00:00_TAI,11411,1348,3114658.0,4.245866e+21,34.038979,20.619564,-23.255085,-30.448875,4610.914062,27.329271499999997,-26.85198,0.5955769928893213,0.9505141680929018
2012.01.31_20:00:00_TAI,11411,1348,3090788.25,4.496869e+21,34.553577,21.14847,-23.234097,-30.508705,4578.842773,27.851023499999997,-26.871401,0.6307857375709005,0.9439028510799191
2012.01.31_21:00:00_TAI,11411,1348,3046898.0,4.452851e+21,35.060768,21.686167,-23.216761,-30.498882,4540.625,28.373467500000004,-26.8578215,0.6246112355793157,0.9360244707368897
2012.01.31_22:00:00_TAI,11411,1348,3047693.25,4.425277e+21,35.544113,22.227085,-23.223221,-30.507826,4488.195801,28.885599,-26.865523500000002,0.6207433697536091,0.9252164843374108
2012.01.31_23:00:00_TAI,11411,1348,2983007.25,4.512622e+21,35.978546,22.749893,-23.21995,-30.495731,4417.625488,29.3642195,-26.857840500000002,0.632995445641995,0.9106688086593793
2012.02.01_00:00:00_TAI,11411,1348,2919370.75,4.553628e+21,36.387859,23.315697,-23.195889,-30.491949,4338.861328,29.851778,-26.843919,0.6387474477472003,0.8944320172095159
2012.02.01_01:00:00_TAI,11411,1348,2873745.5,4.599541e+21,36.729942,23.78549,-23.172045,-30.47304,4271.555664,30.257716000000002,-26.8225425,0.6451877655703552,0.8805573306799755
2012.02.01_02:00:00_TAI,11411,1348,2846006.25,4.668769e+21,37.14275,24.216633,-23.15559,-30.520153,4244.380371,30.6796915,-26.8378715,0.6548985298911656,0.8749552958835665
2012.02.01_03:00:00_TAI,11411,1348,2838110.0,4.776391e+21,37.55703,24.627436,-23.143841,-30.531218,4232.090332,31.092233,-26.8375295,0.6699949053134551,0.8724217730204559
2012.02.01_04:00:00_TAI,11411,1348,2810644.25,4.653768e+21,38.040806,25.147346,-23.116364,-30.539461,4211.524902,31.594076,-26.8279125,0.6527943065194594,0.8681823245455815
2012.02.01_05:00:00_TAI,11411,1348,2787624.75,4.833978e+21,38.52626,25.663286,-23.091635,-30.538115,4196.342773,32.094773,-26.814875,0.6780727608768472,0.8650526134899705
2012.02.01_06:00:00_TAI,11411,1348,2777760.5,4.878655e+21,39.046852,26.188118,-23.056408,-30.524237,4182.491211,32.617485,-26.790322500000002,0.6843397022526033,0.8621971913862007
2012.02.01_07:00:00_TAI,11411,1348,2753581.25,5.018406e+21,39.60577,26.617792,-23.024719,-30.501842,4167.867188,33.111781,-26.7632805,0.7039428834018141,0.8591825307637933
2012.02.01_08:00:00_TAI,11411,1348,2764067.25,5.253332e+21,40.437069,27.070612,-22.992306,-30.488037,4198.253418,33.7538405,-26.7401715,0.7368964718173499,0.865446482280036
2012.02.01_09:00:00_TAI,11411,1348,2746318.0,4.972373e+21,41.048611,27.462866,-22.956167,-30.458771,4204.038086,34.2557385,-26.707469,0.6974857329138634,0.8666389592635103
2012.02.01_10:00:00_TAI,11411,1348,2720785.5,4.802218e+21,41.605396,28.010954,-22.931423,-30.429039,4176.726074,34.808175,-26.680231,0.6736177155941734,0.8610087406092372
2012.02.01_11:00:00_TAI,11411,1348,2720188.5,4.81092e+21,42.149895,28.374949,-22.929693,-30.39628,4178.327148,35.262422,-26.662986500000002,0.6748383643362964,0.8613387930675355
2012.02.01_12:00:00_TAI,11411,1348,2677676.0,4.940562e+21,42.677197,28.85667,-22.935942,-30.366426,4164.081543,35.7669335,-26.651184,0.6930235337486512,0.858402141201228
2012.02.01_13:00:00_TAI,11411,1348,2657857.5,5.015824e+21,43.187222,29.392305,-22.939234,-30.353743,4143.601562,36.2897635,-26.6464885,0.7035807005642869,0.8541803075602146
2012.02.01_14:00:00_TAI,11411,1348,2669055.5,5.12057e+21,43.662128,29.925016,-22.924822,-30.337505,4124.362793,36.793572,-26.6311635,0.7182736531202991,0.8502143428371084
2012.02.01_15:00:00_TAI,11411,1348,2667561.75,5.179057e+21,44.106068,30.47558,-22.918798,-30.319801,4115.578613,37.290824,-26.619299499999997,0.7264777536696612,0.8484035332161073
2012.02.01_16:00:00_TAI,11411,1348,2648585.5,5.254642e+21,44.554611,31.032295,-22.87018,-30.294434,4101.943359,37.793453,-26.582307,0.7370802284080394,0.8455927017978085
2012.02.01_17:00:00_TAI,11411,1348,2661871.0,5.236082e+21,45.020123,31.600021,-22.837292,-30.266897,4076.867432,38.310072,-26.552094500000003,0.7344767762529253,0.840423439571042
2012.02.01_18:00:00_TAI,11411,1348,2635269.25,5.47067e+21,45.52013,32.159233,-22.831436,-30.23374,4037.22168,38.8396815,-26.532588,0.767382952662619,0.8322506893367095
2012.02.01_19:00:00_TAI,11411,1348,2565999.25,5.87502e+21,46.035995,32.714745,-22.830061,-30.189545,3997.099365,39.375370000000004,-26.509802999999998,0.8241020194147956,0.8239796983029611
2012.02.01_20:00:00_TAI,11411,1348,2552931.0,6.006898e+21,46.547646,33.236141,-22.812866,-30.153212,3949.25708,39.8918935,-26.483038999999998,0.8426008374811824,0.8141172785929062
2012.02.01_21:00:00_TAI,11411,1348,2522198.5,5.911085e+21,47.027588,33.776058,-22.787245,-30.11141,3907.070312,40.401823,-26.4493275,0.8291609365470256,0.8054207121093714
2012.02.01_22:00:00_TAI,11411,1348,2493327.0,5.765824e+21,47.508114,34.317505,-22.791939,-30.09576,3858.857422,40.912809499999995,-26.4438495,0.8087848555392653,0.7954818942495072
2012.02.01_23:00:00_TAI,11411,1348,2436171.25,5.83164e+21,47.857269,34.878147,-22.798887,-30.077097,3796.849365,41.367708,-26.437992,0.8180170110910429,0.7826992797999881
2012.02.02_00:00:00_TAI,11411,1348,2431202.0,6.06049e+21,48.510006,35.452847,-22.807646,-30.064375,3772.339111,41.9814265,-26.4360105,0.8501183055790744,0.7776466279011907
2012.02.02_01:00:00_TAI,11411,1348,2438347.75,6.259025e+21,49.06728,36.02364,-22.815807,-30.042683,3734.137939,42.54546,-26.429245,0.8779672481230175,0.769771669761545
2012.02.02_02:00:00_TAI,11411,1348,2475535.5,6.462664e+21,49.626781,36.379948,-22.79178,-30.018738,3735.382568,43.0033645,-26.405259,0.906532140009617,0.7700282430749079
2012.02.02_03:00:00_TAI,11411,1348,2468766.5,6.676221e+21,50.164654,36.74065,-22.745731,-29.989403,3766.766357,43.452652,-26.367567,0.9364882516416057,0.7764978358046408
2012.02.02_04:00:00_TAI,11411,1348,2467254.25,6.729354e+21,50.679035,37.112728,-22.707523,-29.955162,3802.302246,43.8958815,-26.331342499999998,0.943941334796653,0.7838233607474383
2012.02.02_05:00:00_TAI,11411,1348,2457560.75,6.582703e+21,51.191898,37.593174,-22.679501,-29.911385,3789.723877,44.392536,-26.295443,0.9233702754216723,0.781230400266016
2012.02.02_06:00:00_TAI,11411,1348,2449660.25,6.722238e+21,51.90057,38.133533,-22.686483,-29.868732,3766.789795,45.0170515,-26.277607500000002,0.9429431577742503,0.7765026674173693
2012.02.02_07:00:00_TAI,11411,1348,2393668.5,6.870009e+21,52.457657,38.577084,-22.670094,-29.824566,3743.772705,45.5173705,-26.247329999999998,0.9636713220206603,0.7717578229333713
2012.02.02_08:00:00_TAI,11411,1348,2332871.5,7.128996e+21,52.999229,39.093288,-22.672987,-29.792446,3700.738037,46.0462585,-26.232716500000002,1.0,0.7628864666029018
2012.02.02_09:00:00_TAI,11411,1348,2293970.75,7.113143e+21,53.554031,39.596443,-22.680437,-29.781452,3657.853271,46.575237,-26.2309445,0.9977762647082421,0.75404601173208
2012.02.02_10:00:00_TAI,11411,1348,2240677.5,6.711488e+21,54.258373,40.120476,-22.700035,-29.769199,3612.111084,47.1894245,-26.234617,0.9414352315529423,0.7446165154893771
2012.04.08_09:00:00_TAI,11455,1549,406728.0,3.190096e+21,-57.190369,-62.303692,11.648695,7.815016,645.805237,-59.747030499999994,9.7318555,0.16266049493192683,0.08741270523592132
2012.04.08_10:00:00_TAI,11455,1549,414817.8125,2.88334e+21,-56.567318,-61.811756,11.654259,7.829928,670.099548,-59.189537,9.7420935,0.14701924689947324,0.09070105182198779
2012.04.08_11:00:00_TAI,11455,1549,419077.90625,2.651399e+21,-55.972923,-61.302612,11.675369,7.869843,688.200256,-58.6377675,9.772606,0.13519275708380435,0.09315106579263244
2012.04.08_12:00:00_TAI,11455,1549,425083.6875,2.549142e+21,-55.367722,-60.743484,11.6743,7.909384,703.733704,-58.055603000000005,9.791842,0.12997875279357168,0.09525358932995939
2012.04.08_13:00:00_TAI,11455,1549,432328.3125,2.458534e+21,-54.699661,-60.188782,11.703098,7.935627,730.894348,-57.4442215,9.8193625,0.12535872188390876,0.09892990725363984
2012.04.08_14:00:00_TAI,11455,1549,426823.0,2.36133e+21,-54.12022,-59.67815,11.756482,7.971489,754.523804,-56.899185,9.8639855,0.12040236610359276,0.10212826266154616
2012.04.08_15:00:00_TAI,11455,1549,435694.6875,2.459688e+21,-53.546917,-59.121735,11.770547,8.020212,767.321411,-56.334326000000004,9.8953795,0.12541756343950816,0.10386047755285427
2012.04.08_16:00:00_TAI,11455,1549,442156.8125,2.605859e+21,-52.977882,-58.549805,11.7821,8.048988,778.192261,-55.7638435,9.915544,0.13287070817392826,0.10533189703394763
2012.04.08_17:00:00_TAI,11455,1549,445818.6875,2.634634e+21,-52.425934,-57.969429,11.792485,8.085017,785.732666,-55.1976815,9.938751,0.13433792287269164,0.10635252548639926
2012.04.08_18:00:00_TAI,11455,1549,459538.40625,2.470881e+21,-51.865696,-57.378273,11.797903,8.129902,789.160706,-54.621984499999996,9.9639025,0.12598828573744938,0.10681652644657876
2012.04.08_19:00:00_TAI,11455,1549,505825.8125,2.426377e+21,-51.302799,-56.801628,11.787189,7.715325,858.441833,-54.0522135,9.751256999999999,0.12371906165565043,0.11619404521833103
2012.04.08_20:00:00_TAI,11455,1549,520994.40625,2.615031e+21,-50.709381,-56.21032,11.769907,7.662169,887.04248,-53.4598505,9.716038,0.1333383812657461,0.12006527416249588
2012.04.08_21:00:00_TAI,11455,1549,540890.625,2.787317e+21,-50.124378,-55.63345,11.776633,7.64985,913.389099,-52.878914,9.7132415,0.14212310938359646,0.1236314100633265
2012.04.08_22:00:00_TAI,11455,1549,557058.6875,2.73875e+21,-49.553932,-55.100403,11.805806,7.640402,941.178162,-52.3271675,9.723104,0.1396467161160086,0.12739278738520388
2012.04.08_23:00:00_TAI,11455,1549,572051.125,2.682219e+21,-48.985794,-54.568054,11.834326,7.654614,964.234497,-51.776923999999994,9.74447,0.13676424472988208,0.1305135682332162
2012.04.09_00:00:00_TAI,11455,1549,622032.625,2.773347e+21,-48.427235,-54.157551,11.908109,7.405996,1066.489136,-51.292393000000004,9.657052499999999,0.14141079003201612,0.1443542033129725
2012.04.09_01:00:00_TAI,11455,1549,647323.625,2.782015e+21,-47.801594,-53.654419,11.958576,7.357274,1144.2677,-50.7280065,9.657925,0.14185276455882345,0.15488188921435714
2012.04.09_02:00:00_TAI,11455,1549,670861.375,2.760821e+21,-47.21674,-53.144695,11.976957,7.323651,1179.47168,-50.1807175,9.650304,0.14077209910875949,0.15964690961147612
2012.04.09_03:00:00_TAI,11455,1549,684123.1875,2.790106e+21,-46.64529,-52.610798,11.992006,7.321922,1207.166504,-49.628044,9.656964,0.14226531830783107,0.163395531251831
2012.04.09_04:00:00_TAI,11455,1549,694436.1875,2.734997e+21,-46.07835,-52.091869,12.013638,7.332605,1234.042236,-49.0851095,9.6731215,0.13945535358726982,0.16703328502761158
2012.04.09_05:00:00_TAI,11455,1549,706230.3125,2.460933e+21,-45.513893,-51.58194,12.013912,7.3395,1253.220825,-48.5479165,9.676706,0.12548104501379004,0.16962919514268843
2012.04.09_06:00:00_TAI,11455,1549,710308.3125,2.207993e+21,-44.955639,-51.042522,12.008283,7.365314,1263.623901,-47.9990805,9.6867985,0.11258383264523386,0.17103729926423314
2012.04.09_07:00:00_TAI,11455,1549,719535.625,2.290173e+21,-44.398922,-50.483868,12.000116,7.407129,1267.72168,-47.441395,9.7036225,0.1167741264399992,0.17159195247440673
2012.04.09_08:00:00_TAI,11455,1549,725049.875,2.386217e+21,-43.850842,-49.934814,11.98856,7.465794,1269.032837,-46.892828,9.727177,0.12167133472941806,0.17176942359695666
2012.04.09_09:00:00_TAI,11455,1549,730247.125,2.372425e+21,-43.304173,-49.375389,11.970013,7.540046,1264.217773,-46.339781,9.7550295,0.12096809145833747,0.17111768256729373
2012.04.09_10:00:00_TAI,11455,1549,733548.6875,2.185754e+21,-42.756775,-48.821571,11.952228,7.626524,1255.126587,-45.789173,9.789376,0.11144988346414615,0.1698871487832158
2012.04.09_11:00:00_TAI,11455,1549,739165.1875,1.89676e+21,-42.211929,-48.351402,11.941125,7.701403,1272.035889,-45.2816655,9.821264,0.09671430589144701,0.17217590047921852
2012.04.09_12:00:00_TAI,11455,1549,760328.1875,1.94484e+21,-41.629616,-47.836884,11.948812,7.73119,1306.837524,-44.73325,9.840001,0.09916586741070131,0.17688646163247707
2012.04.09_13:00:00_TAI,11455,1549,772901.8125,1.873948e+21,-41.048225,-47.258224,11.947186,7.722984,1331.741821,-44.1532245,9.835085,0.09555113988942479,0.1802573726255213
2012.04.09_14:00:00_TAI,11455,1549,777854.5,1.897989e+21,-40.458614,-46.708813,11.935817,7.686517,1353.731689,-43.5837135,9.811167000000001,0.09677697163826822,0.1832338022664299
2012.04.09_15:00:00_TAI,11455,1549,797781.5,2.038226e+21,-39.893543,-46.162201,11.913546,7.679646,1367.275879,-43.027872,9.796596000000001,0.10392754636321963,0.1850670705961033
2012.04.09_16:00:00_TAI,11455,1549,807554.875,2.171157e+21,-39.331577,-45.599106,11.896207,7.695245,1376.522461,-42.4653415,9.795726,0.1107055938739516,0.18631863794256906
2012.04.09_17:00:00_TAI,11455,1549,827753.375,2.189081e+21,-38.70908,-45.053185,11.881317,7.694839,1398.687866,-41.8811325,9.788077999999999,0.11161952458674515,0.18931882732273014
2012.04.09_18:00:00_TAI,11455,1549,858872.625,2.035948e+21,-37.966114,-44.506344,11.865139,7.65355,1444.255615,-41.236228999999994,9.7593445,0.10381139292850955,0.19548663145839318
2012.04.09_19:00:00_TAI,11455,1549,881026.875,1.84491e+21,-37.375755,-43.992779,11.844102,7.613081,1488.112549,-40.684267,9.7285915,0.09407051502677699,0.20142286892543815
2012.04.09_20:00:00_TAI,11455,1549,908782.375,2.118787e+21,-36.79475,-43.480083,11.831896,7.578119,1532.631958,-40.1374165,9.7050075,0.10803528861681043,0.20744877542671109
2012.04.09_21:00:00_TAI,11455,1549,924021.5,2.183121e+21,-36.222679,-42.939972,11.855905,7.549536,1568.742554,-39.5813255,9.7027205,0.11131562885765289,0.21233651046383256
2012.04.09_22:00:00_TAI,11455,1549,937196.0,2.129969e+21,-35.640629,-42.421844,11.861752,7.545108,1598.567383,-39.0312365,9.703429999999999,0.10860545003337244,0.21637343806479095
2012.04.09_23:00:00_TAI,11455,1549,944373.1875,1.997163e+21,-35.079311,-41.853668,11.862235,7.542364,1625.706665,-38.466489499999994,9.7022995,0.10183377617467682,0.22004686454364827
2012.04.10_00:00:00_TAI,11455,1549,952676.375,1.879473e+21,-34.509678,-41.282333,11.874682,7.546262,1639.445923,-37.8960055,9.710472,0.09583285530943061,0.2219065362231368
2012.04.10_01:00:00_TAI,11455,1549,972755.125,1.866865e+21,-33.888962,-40.743565,11.889956,7.565449,1668.135132,-37.3162635,9.7277025,0.09518998327043814,0.22578975244079771
2012.04.10_02:00:00_TAI,11455,1549,987809.5,1.925608e+21,-33.265121,-40.217323,11.920723,7.574053,1713.76355,-36.741222,9.747388,0.09818524280299959,0.23196576840428454
2012.04.10_03:00:00_TAI,11455,1549,1000531.875,1.937468e+21,-32.614693,-39.663235,11.923872,7.599626,1752.054321,-36.138964,9.761749,0.09878997490820667,0.23714860014195777
2012.04.10_04:00:00_TAI,11455,1549,1036079.625,2.076299e+21,-32.001064,-39.096169,11.923343,7.573147,1792.610718,-35.5486165,9.748244999999999,0.10586885879505344,0.24263809476553883
2012.04.10_05:00:00_TAI,11455,1549,1058052.75,1.941452e+21,-31.376793,-38.653805,11.925877,7.549563,1849.993408,-35.015299,9.73772,0.0989931159459086,0.25040510543568345
2012.04.10_06:00:00_TAI,11455,1549,1080596.75,1.581771e+21,-30.785055,-38.106506,11.934907,7.523276,1892.297485,-34.4457805,9.729091500000001,0.08065326364127251,0.2561311565749663
2012.04.10_07:00:00_TAI,11455,1549,1085174.75,1.589949e+21,-30.196035,-37.533398,11.938529,7.493886,1925.994385,-33.8647165,9.7162075,0.08107025345209741,0.26069218677154293
2012.04.10_08:00:00_TAI,11455,1549,1089226.125,1.638919e+21,-29.633438,-36.960701,11.926558,7.469761,1946.105591,-33.2970695,9.6981595,0.08356719537385038,0.26341433088140387
2012.04.10_09:00:00_TAI,11455,1549,1092479.5,1.595676e+21,-29.079649,-36.384579,11.914961,7.446385,1956.960693,-32.732114,9.680673,0.08136226869379395,0.2648836187983612
2012.04.10_10:00:00_TAI,11455,1549,1101228.25,1.500449e+21,-28.511444,-35.809925,11.895002,7.44657,1961.160645,-32.1606845,9.670786,0.07650671859408453,0.2654521015934009
2012.04.10_11:00:00_TAI,11455,1549,1113406.25,1.234039e+21,-27.957918,-35.234066,11.871458,7.451444,1958.239746,-31.595992,9.661451,0.06292268148209335,0.2650567444970463
2012.04.10_12:00:00_TAI,11455,1549,1124540.25,1.139556e+21,-27.408113,-34.647064,11.849499,7.457421,1950.269897,-31.0275885,9.653459999999999,0.05810506735930418,0.26397798882660906
2012.04.10_13:00:00_TAI,11455,1549,1121938.375,1.094332e+21,-26.856304,-34.061527,11.839792,7.484503,1942.558472,-30.4589155,9.6621475,0.05579913104177597,0.2629342120316031
2012.04.10_14:00:00_TAI,11455,1549,1138541.625,1.154566e+21,-26.307161,-33.470539,11.826479,7.50422,1932.108154,-29.88885,9.665349500000001,0.058870415495826785,0.26151971348835945
2012.04.10_15:00:00_TAI,11455,1549,1136502.25,1.329973e+21,-25.742327,-32.881752,11.82442,7.540395,1918.335083,-29.312039499999997,9.6824075,0.06781428095772024,0.25965546506400605
2012.04.10_16:00:00_TAI,11455,1549,1154993.375,1.301796e+21,-25.195419,-32.305782,11.812937,7.56731,1904.968262,-28.7506005,9.6901235,0.06637755781029869,0.25784620444320017
2012.04.10_17:00:00_TAI,11455,1549,1154856.5,1.250294e+21,-24.650766,-31.747957,11.805627,7.598263,1903.025391,-28.199361500000002,9.701945,0.06375151119289782,0.2575832279290682
2012.04.10_18:00:00_TAI,11455,1549,1159573.75,1.098438e+21,-24.089378,-31.195539,11.803602,7.614555,1908.477783,-27.6424585,9.7090785,0.056008492763865374,0.25832123423100023
2012.04.10_19:00:00_TAI,11455,1549,1170436.125,1.120466e+21,-23.552647,-30.691765,11.811687,7.619118,1925.542358,-27.122206,9.7154025,0.05713168322031573,0.2606310028407758
2012.04.10_20:00:00_TAI,11455,1549,1175450.75,1.345233e+21,-23.018368,-30.155447,11.812838,7.62345,1935.096924,-26.5869075,9.718143999999999,0.06859237639831552,0.2619242572363191
2012.04.10_21:00:00_TAI,11455,1549,1194180.625,1.275665e+21,-22.486219,-29.618946,11.799027,7.60044,1947.172852,-26.0525825,9.6997335,0.0650451585994078,0.2635587895600547
2012.04.10_22:00:00_TAI,11455,1549,1254530.125,1.267304e+21,-21.959137,-29.060926,11.798728,7.35107,2039.103394,-25.510031499999997,9.574899,0.06461883776200171,0.27600201068869423
2012.04.10_23:00:00_TAI,11455,1549,1457221.75,1.529724e+21,-21.357065,-28.500826,11.781299,6.810223,2248.045898,-24.928945499999998,9.295761,0.07799942790099322,0.30428333835065513
2012.04.11_00:00:00_TAI,11455,1549,1568792.25,1.584857e+21,-20.481014,-27.977156,11.76392,6.380614,2465.651611,-24.229084999999998,9.072267,0.08081061636274545,0.33373727114389673
2012.04.11_01:00:00_TAI,11455,1549,1612357.75,1.611579e+21,-19.835011,-27.428814,11.746803,6.307289,2517.794434,-23.6319125,9.027046,0.0821731502004641,0.34079504174706055
2012.04.11_02:00:00_TAI,11455,1549,1688417.875,1.655476e+21,-19.279221,-26.871655,11.725499,6.066539,2606.146484,-23.075438,8.896018999999999,0.0844114238279746,0.35275389754624226
2012.04.11_03:00:00_TAI,11455,1549,1846037.625,1.837264e+21,-18.524172,-26.3323,11.72103,5.738367,2827.133057,-22.428236,8.729698500000001,0.0936806514790187,0.3826654452699493
2012.04.11_04:00:00_TAI,11455,1549,2010892.25,2.089691e+21,-17.467377,-25.824869,11.824918,5.506932,3110.914795,-21.646123,8.665925,0.10655170637961776,0.42107660701643024
2012.04.11_05:00:00_TAI,11455,1549,2093756.0,2.366555e+21,-16.740526,-25.314362,11.845088,5.430301,3240.286133,-21.027444,8.6376945,0.12066878475871137,0.4385876118622623
2012.04.11_06:00:00_TAI,11455,1549,2189107.5,2.133667e+21,-16.004566,-24.809055,11.860827,5.330424,3346.912842,-20.4068105,8.5956255,0.10879400815521525,0.45302002669895614
2012.04.11_07:00:00_TAI,11455,1549,2248513.25,1.964605e+21,-15.249081,-24.298704,11.848406,5.252722,3447.622559,-19.773892500000002,8.550564000000001,0.10017366927068594,0.4666515494896486
2012.04.11_08:00:00_TAI,11455,1549,2258917.0,1.967822e+21,-14.584998,-23.768461,11.837358,5.220451,3499.280762,-19.1767295,8.5289045,0.10033770157949295,0.4736437245497842
2012.04.11_09:00:00_TAI,11455,1549,2290920.5,2.1116e+21,-13.923733,-23.265842,11.82897,5.163115,3561.672363,-18.5947875,8.4960425,0.10766882911932955,0.48208871433144845
2012.04.11_10:00:00_TAI,11455,1549,2351752.0,2.163785e+21,-13.239516,-22.733757,11.815258,5.150907,3611.352783,-17.9866365,8.4830825,0.11032970137145695,0.48881318737788915
2012.04.11_11:00:00_TAI,11455,1549,2417821.25,2.12045e+21,-12.489293,-22.273386,11.803462,5.139439,3680.881348,-17.3813395,8.4714505,0.10812008368350176,0.4982241980195102
2012.04.11_12:00:00_TAI,11455,1549,2503880.25,2.06552e+21,-11.716633,-21.90604,11.808914,5.128179,3815.203857,-16.8113365,8.4685465,0.10531924603265655,0.516405366602642
2012.04.11_13:00:00_TAI,11455,1549,2531505.5,2.080338e+21,-11.001854,-21.375154,11.804281,5.114379,3894.966064,-16.188504,8.45933,0.10607480423965135,0.5272015476956385
2012.04.11_14:00:00_TAI,11455,1549,2624062.0,2.277656e+21,-10.198302,-20.814775,11.807647,5.06577,4004.811523,-15.506538500000001,8.4367085,0.11613589441968918,0.5420696351296701
2012.04.11_15:00:00_TAI,11455,1549,2715962.0,2.322647e+21,-9.485446,-20.253395,11.803758,5.023767,4096.288574,-14.8694205,8.4137625,0.11842995024982166,0.5544514741684179
2012.04.11_16:00:00_TAI,11455,1549,2765818.75,2.17915e+21,-8.778904,-19.669386,11.807676,4.983778,4165.635742,-14.224145,8.395727,0.11111315067976274,0.5638379318928695
2012.04.11_17:00:00_TAI,11455,1549,2823088.5,2.119516e+21,-8.135054,-19.084373,11.803177,4.940498,4216.397949,-13.6097135,8.3718375,0.10807245975548631,0.5707088297787839
2012.04.12_00:00:00_TAI,11455,1549,3513647.75,3.201228e+21,-3.336723,-14.850986,11.858026,4.581043,4798.42041,-9.0938545,8.2195345,0.16322810688767433,0.6494882433066406
2012.04.12_01:00:00_TAI,11455,1549,3652182.5,3.325969e+21,-2.696125,-14.307594,11.855905,4.580503,4879.839355,-8.5018595,8.218204,0.1695885527169859,0.6605086714979107
2012.04.12_02:00:00_TAI,11455,1549,3846556.0,3.518919e+21,-2.087962,-13.830256,11.884921,4.519845,5027.386719,-7.959109,8.202383000000001,0.17942692200026616,0.6804798849516492
2012.04.12_03:00:00_TAI,11455,1549,3967443.5,3.665269e+21,-1.452431,-13.329144,11.883291,4.461147,5154.89209,-7.3907875,8.172219,0.1868891938044023,0.6977383225929963
2012.04.12_04:00:00_TAI,11455,1549,4080950.75,3.76377e+21,-0.814139,-12.793034,11.917128,4.432651,5257.87207,-6.8035865,8.174889499999999,0.19191168259824729,0.711677135908846
2012.04.12_05:00:00_TAI,11455,1549,4199905.0,3.791453e+21,-0.147104,-12.225989,11.91748,4.318255,5382.375977,-6.1865465,8.1178675,0.19332321707282127,0.7285293116110252
2012.04.12_06:00:00_TAI,11455,1549,4320857.5,4.26797e+21,0.488422,-11.639569,11.945399,4.317762,5452.333008,-5.5755735,8.1315805,0.21762044545199136,0.7379983170938396
2012.04.12_07:00:00_TAI,11455,1549,4451504.5,3.97337e+21,1.127861,-11.074559,11.981084,4.293369,5540.242188,-4.973349000000001,8.1372265,0.20259902233276683,0.7498972284042654
2012.04.12_08:00:00_TAI,11455,1549,4554663.5,4.115414e+21,1.734483,-10.550873,12.04142,4.294825,5638.385742,-4.408194999999999,8.1681225,0.20984173457155544,0.7631814092456292
2012.04.12_09:00:00_TAI,11455,1549,4593443.5,4.040157e+21,2.341995,-10.080078,12.101723,4.237236,5744.338867,-3.8690415000000002,8.1694795,0.20600443912117025,0.7775226513939175
2012.04.12_10:00:00_TAI,11455,1549,4657728.5,4.184005e+21,2.950225,-9.522266,12.106409,4.211097,5821.791016,-3.2860205000000002,8.158752999999999,0.2133391359061472,0.7880061555257145
2012.04.12_11:00:00_TAI,11455,1549,4701009.0,4.381654e+21,3.618186,-8.962253,12.134457,4.151853,5955.338379,-2.6720335000000004,8.143155,0.22341710351677724,0.8060824045372311
2012.04.12_12:00:00_TAI,11455,1549,4787373.5,4.310557e+21,4.260988,-8.399983,12.131843,4.030853,6089.932617,-2.0694975,8.081348,0.21979192320616112,0.8243003528886588
2012.04.12_13:00:00_TAI,11455,1549,4893264.5,4.437251e+21,4.928798,-7.815547,12.130648,3.97226,6193.791016,-1.4433745,8.051454,0.2262519509748883,0.8383580642510423
2012.04.12_14:00:00_TAI,11455,1549,4991269.0,4.549339e+21,5.539088,-7.228583,12.126303,3.940428,6235.022949,-0.8447475000000004,8.0333655,0.2319672302504743,0.8439389957751952
2012.04.12_15:00:00_TAI,11455,1549,5132213.5,4.494467e+21,6.150858,-6.667867,12.124224,3.941406,6269.271973,-0.2585044999999999,8.032815,0.22916934997417393,0.8485747584912692
2012.04.12_16:00:00_TAI,11455,1549,5249657.0,4.651229e+21,6.789259,-6.088442,12.121222,3.849939,6365.379883,0.35040850000000034,7.985580499999999,0.2371625214983283,0.8615834055668122
2012.04.12_17:00:00_TAI,11455,1549,5365176.0,4.878095e+21,7.402704,-5.532385,12.118554,3.757015,6454.332031,0.9351595000000001,7.937784499999999,0.24873024104132216,0.8736234873867528
2012.04.12_18:00:00_TAI,11455,1549,5468972.0,5.357932e+21,8.015862,-4.977398,12.118745,3.730353,6503.192871,1.5192320000000001,7.924549000000001,0.2731967536185772,0.8802370265155777
2012.04.12_19:00:00_TAI,11455,1549,5570669.0,5.737869e+21,8.629414,-4.392537,12.118573,3.732198,6517.130859,2.1184385000000003,7.9253855,0.2925694434883966,0.882123597213402
2012.04.12_20:00:00_TAI,11455,1549,5633224.0,5.656751e+21,9.244476,-3.808259,12.119202,3.675187,6548.590332,2.7181085000000005,7.8971944999999995,0.28843330024133196,0.8863817813882486
2012.04.12_21:00:00_TAI,11455,1549,5664218.5,5.881282e+21,9.862344,-3.19172,12.123753,3.650091,6589.192383,3.335312,7.886922,0.2998819599642871,0.8918774554904344
2012.04.12_22:00:00_TAI,11455,1549,5696314.5,5.982864e+21,10.450767,-2.577348,12.097837,3.626056,6606.899414,3.9367095,7.8619465,0.3050615465335236,0.8942741834708338
2012.04.12_23:00:00_TAI,11455,1549,5785475.0,6.364145e+21,11.03985,-1.992821,12.106225,3.60625,6620.675293,4.5235145,7.856237500000001,0.3245027659100377,0.8961388119708853
2012.04.13_00:00:00_TAI,11455,1549,5803643.0,6.448303e+21,11.63126,-1.381277,12.083052,3.584612,6640.20459,5.124991499999999,7.833832,0.3287939163746259,0.8987821920246859
2012.04.13_01:00:00_TAI,11455,1549,5902813.5,6.634992e+21,12.283333,-0.79695,12.063351,3.508544,6710.696289,5.7431915,7.785947500000001,0.3383130421747105,0.9083235672772162
2012.04.13_02:00:00_TAI,11455,1549,6009981.0,6.771738e+21,12.905457,-0.185984,12.044316,3.516639,6761.102539,6.3597365,7.7804775,0.34528561354559123,0.9151462847481465
2012.04.13_03:00:00_TAI,11455,1549,6110389.5,6.743365e+21,13.525281,0.333551,12.024783,3.500765,6810.988281,6.929416,7.762773999999999,0.3438388965117767,0.9218985490704025
2012.04.13_04:00:00_TAI,11455,1549,6217873.5,6.916419e+21,14.153591,0.886293,12.005774,3.483503,6869.274414,7.519942,7.744638500000001,0.3526627843477383,0.9297878449004249
2012.04.13_05:00:00_TAI,11455,1549,6338119.5,7.088932e+21,14.755896,1.467112,11.99194,3.469729,6917.935547,8.111504,7.7308345,0.36145908701768664,0.936374352769476
2012.04.13_06:00:00_TAI,11455,1549,6371720.0,7.244705e+21,15.387302,2.020671,12.005505,3.45814,6968.289551,8.7039865,7.7318225,0.3694018302069295,0.9431899985043223
2012.04.13_07:00:00_TAI,11455,1549,6456462.0,7.430257e+21,16.011808,2.601219,11.993174,3.472162,6988.558105,9.3065135,7.732668,0.3788629812680916,0.9459334403887373
2012.04.13_08:00:00_TAI,11455,1549,6516319.0,7.255132e+21,16.613823,3.183981,12.005472,3.462662,7013.85791,9.898902,7.734067,0.36993349476519205,0.9493578852062872
2012.04.13_09:00:00_TAI,11455,1549,6543289.0,7.186012e+21,17.190409,3.768628,12.016672,3.437679,7041.077637,10.4795185,7.7271754999999995,0.36640912013518256,0.9530422002854065
2012.04.13_10:00:00_TAI,11455,1549,6598998.0,7.26226e+21,17.792631,4.349998,11.999463,3.42337,7042.512695,11.0713145,7.7114165,0.3702969458989118,0.9532364419774269
2012.04.13_11:00:00_TAI,11455,1549,6661678.5,7.430107e+21,18.431204,4.933672,11.98761,3.412264,7067.439453,11.682438000000001,7.699937,0.378855332885648,0.9566103931699922
2012.04.13_12:00:00_TAI,11455,1549,6681119.0,7.656367e+21,19.067934,5.518316,12.0004,3.423186,7082.280762,12.293125,7.711793,0.3903921529635697,0.9586192325144341
2012.04.13_13:00:00_TAI,11455,1549,6730874.5,7.64184e+21,19.682615,6.074565,12.010083,3.415062,7096.977539,12.878589999999999,7.7125725,0.38965143261851554,0.9606085087887903
2012.04.13_14:00:00_TAI,11455,1549,6781445.5,7.691337e+21,20.289696,6.600026,12.01842,3.427141,7103.641113,13.444861,7.722780500000001,0.39217524585725366,0.9615104541378022
2012.04.13_15:00:00_TAI,11455,1549,6910633.0,7.808429e+21,20.911003,7.126834,12.02094,3.396107,7148.976074,14.0189185,7.7085235,0.398145675171158,0.9676467493483891
2012.04.13_16:00:00_TAI,11455,1549,6927546.0,7.925958e+21,21.535419,7.621571,12.011523,3.379981,7204.515625,14.578495,7.695752000000001,0.4041383867725814,0.9751642826887055
2012.04.13_17:00:00_TAI,11455,1549,6981636.0,8.122929e+21,22.15239,8.177092,12.013907,3.362749,7234.451172,15.164741,7.688328,0.41418178369456643,0.9792161964795301
2012.04.13_18:00:00_TAI,11455,1549,6940239.5,8.838188e+21,22.779858,8.611285,12.007128,3.348139,7274.056641,15.6955715,7.6776335,0.45065227954939807,0.9845769786303683
2012.04.13_19:00:00_TAI,11455,1549,6916926.5,8.572506e+21,23.391792,9.111005,12.020622,3.361334,7293.300293,16.2513985,7.690977999999999,0.4371053625868665,0.9871816953213521
2012.04.13_20:00:00_TAI,11455,1549,6839987.0,8.472458e+21,24.0063,9.612313,12.020709,3.35288,7304.700684,16.809306499999998,7.6867944999999995,0.43200399347541985,0.9887247906091614
2012.04.13_21:00:00_TAI,11455,1549,6749120.5,8.408872e+21,24.611183,10.171686,12.021224,3.367501,7307.412598,17.3914345,7.6943625,0.42876179316836277,0.9890918606258251
2012.04.13_22:00:00_TAI,11455,1549,6631794.0,8.335767e+21,25.24423,10.735211,12.011811,3.363416,7310.209473,17.9897205,7.687613499999999,0.4250342265114351,0.9894704305040943
2012.04.13_23:00:00_TAI,11455,1549,6490732.0,8.469729e+21,25.823784,11.300825,12.023998,3.363416,7293.292969,18.5623045,7.693707,0.4318648439041627,0.9871807039843103
2012.04.14_00:00:00_TAI,11455,1549,6476681.5,8.547621e+21,26.404352,11.895933,12.014015,3.379442,7266.499512,19.1501425,7.696728500000001,0.4358364959394737,0.9835540865076975
2012.04.14_01:00:00_TAI,11455,1549,6423974.5,8.649888e+21,27.016068,12.490221,11.9985,3.373724,7258.530762,19.7531445,7.686112,0.4410510101218693,0.9824754795919584
2012.04.14_02:00:00_TAI,11455,1549,6464121.5,8.627989e+21,27.63002,13.091797,11.966876,3.359129,7262.043945,20.3609085,7.663002499999999,0.43993439727432043,0.9829510050482793
2012.04.14_03:00:00_TAI,11455,1549,6433226.0,8.427628e+21,28.249439,13.714887,11.93975,3.357531,7245.984863,20.982163,7.6486405,0.4297181469091102,0.9807773345346326
2012.04.14_04:00:00_TAI,11455,1549,6470389.5,8.272313e+21,28.836391,14.218465,11.907994,3.356617,7222.942383,21.527428,7.6323055,0.4217987567809284,0.977658429024511
2012.04.14_05:00:00_TAI,11455,1549,6545614.0,8.507035e+21,29.420408,14.785802,11.89603,3.357943,7185.58252,22.103105,7.6269865,0.43376704760710155,0.972601599960622
2012.04.14_06:00:00_TAI,11455,1549,6593743.0,8.888471e+21,29.989056,15.260115,11.861433,3.326277,7202.344238,22.624585500000002,7.593855,0.4532161703121406,0.97487037548432
2012.04.14_07:00:00_TAI,11455,1549,6650123.0,9.428601e+21,30.592115,15.651584,11.881936,3.29503,7296.375977,23.1218495,7.588483,0.48075697570720766,0.9875980032784379
2012.04.14_08:00:00_TAI,11455,1549,6594166.0,8.673378e+21,31.217581,16.130527,11.910068,3.287141,7352.154785,23.674053999999998,7.5986045,0.4422487468125366,0.9951479211526949
2012.04.14_09:00:00_TAI,11455,1549,6547064.0,8.374315e+21,31.787844,16.633575,11.935394,3.282915,7366.54248,24.2107095,7.609154500000001,0.4269997588210069,0.99709536175863
2012.04.14_10:00:00_TAI,11455,1549,6469403.5,8.469819e+21,32.402664,17.176725,11.955997,3.28223,7380.077637,24.789694500000003,7.6191135,0.43186943293362884,0.9989274074302618
2012.04.14_11:00:00_TAI,11455,1549,6365424.0,8.411979e+21,32.985634,17.657047,11.948352,3.278727,7388.001953,25.321340499999998,7.6135395,0.4289202166633778,1.0
2012.04.14_12:00:00_TAI,11455,1549,6266463.5,8.411603e+21,33.570492,18.201591,11.93429,3.280237,7375.396484,25.8860415,7.6072635,0.42890104471805257,0.9982937918695485
2012.04.14_13:00:00_TAI,11455,1549,6178837.5,8.435601e+21,34.213997,18.752613,11.904788,3.298719,7362.858398,26.483305,7.6017535,0.4301246839305955,0.9965967043376607
2012.04.14_14:00:00_TAI,11455,1549,6113016.0,8.334696e+21,34.804485,19.332697,11.883209,3.30068,7334.918457,27.068590999999998,7.5919445,0.4249796170607878,0.9928149049854481
2012.04.14_15:00:00_TAI,11455,1549,6009362.5,8.3124e+21,35.421158,19.892601,11.838824,3.305213,7299.516113,27.6568795,7.5720185,0.4238427614943715,0.9880230351097743
2012.04.14_16:00:00_TAI,11455,1549,5948913.5,8.386281e+21,36.030659,20.480936,11.831049,3.304856,7278.850098,28.2557975,7.5679525000000005,0.4276098957831408,0.9852257950533327
2012.04.14_17:00:00_TAI,11455,1549,5893535.0,9.109053e+21,36.661728,21.070011,11.822574,3.273244,7280.125,28.8658695,7.547909,0.4644634736199641,0.9853983588951009
2012.04.14_18:00:00_TAI,11455,1549,5930544.5,9.563649e+21,37.229053,21.650888,11.804098,3.239779,7243.617188,29.4399705,7.5219385,0.4876429673888269,0.9804568588478282
2012.04.14_19:00:00_TAI,11455,1549,5751026.0,1.093449e+22,37.817097,22.222631,11.765889,3.235973,7193.276367,30.019864,7.500931,0.5575410756379133,0.9736429974925861
2012.04.14_20:00:00_TAI,11455,1549,5665492.0,8.99311e+21,38.401493,22.813896,11.709925,3.235824,7121.573242,30.6076945,7.4728745,0.45855163091557766,0.963937650166455
2012.04.14_21:00:00_TAI,11455,1549,5538198.0,9.18406e+21,38.991688,23.412756,11.664429,3.223546,7037.179688,31.202222000000003,7.4439875,0.4682880217662766,0.9525145949836216
2012.04.14_22:00:00_TAI,11455,1549,5453635.5,9.60678e+21,39.584671,24.016703,11.608972,3.224638,6954.847168,31.800687,7.416805,0.4898421832766588,0.9413705102197338
2012.04.14_23:00:00_TAI,11455,1549,5425413.0,1.005545e+22,40.178448,24.59314,11.547711,3.228422,6873.371094,32.385794000000004,7.3880665,0.5127195149497832,0.9303423493559003
2012.04.15_00:00:00_TAI,11455,1549,5465641.5,1.025605e+22,40.810555,25.200113,11.494551,3.236731,6802.369141,33.005334000000005,7.365641,0.5229479517376869,0.920731908880696
2012.04.15_01:00:00_TAI,11455,1549,5466666.0,1.062243e+22,41.43848,25.755156,11.436282,3.251308,6743.810059,33.596818,7.343795,0.5416293808022541,0.912805668149774
2012.04.15_02:00:00_TAI,11455,1549,5577844.5,1.114243e+22,42.076538,26.254585,11.400091,3.258254,6697.759277,34.165561499999995,7.3291725,0.5681437732733904,0.9065724832788224
2012.04.15_03:00:00_TAI,11455,1549,5634003.0,1.15107e+22,42.738602,26.672953,11.375031,3.268585,6712.118164,34.705777499999996,7.321808,0.5869215719567469,0.9085160245896324
2012.04.15_04:00:00_TAI,11455,1549,5722222.0,1.149043e+22,43.486267,27.186483,11.432209,3.276047,6744.441895,35.336375,7.354128,0.5858880205425354,0.9128911900546164
2012.04.15_05:00:00_TAI,11455,1549,5773246.0,1.163483e+22,44.124172,27.707504,11.494364,3.275577,6749.630859,35.915838,7.3849705,0.5932508633749048,0.913593540166732
2012.04.15_06:00:00_TAI,11455,1549,5797570.5,1.23031e+22,44.76041,28.267267,11.536182,3.283441,6744.792969,36.5138385,7.4098115,0.6273254269454552,0.9129387095331213
2012.04.15_07:00:00_TAI,11455,1549,5814387.5,1.271754e+22,45.392822,28.856131,11.574283,3.293561,6720.650879,37.1244765,7.433922,0.6484573977449508,0.9096709667586088
2012.04.15_08:00:00_TAI,11455,1549,5832501.0,1.268776e+22,46.024635,29.418142,11.605954,3.304169,6707.129395,37.7213885,7.4550615,0.6469389388838154,0.907840771790332
2012.04.15_09:00:00_TAI,11455,1549,5805519.5,1.198267e+22,46.681831,30.017061,11.603984,3.31283,6679.04834,38.349446,7.458407,0.6109869523694433,0.9040398720100339
2012.04.15_10:00:00_TAI,11455,1549,5807588.0,1.192493e+22,47.326691,30.624039,11.584498,3.328433,6639.075195,38.975365,7.4564655,0.6080428350208213,0.898629323223732
2012.04.15_11:00:00_TAI,11455,1549,5739273.5,1.232641e+22,47.93499,31.257652,11.588453,3.330048,6586.693848,39.596321,7.4592505,0.6285139855771903,0.8915392673015445
2012.04.15_12:00:00_TAI,11455,1549,5704672.5,1.267346e+22,48.568222,31.873474,11.725438,3.304123,6582.398438,40.220848000000004,7.5147805000000005,0.6462097930908592,0.8909578638277331
2012.04.15_13:00:00_TAI,11455,1549,5624053.5,1.261318e+22,49.199905,32.495396,11.754863,3.273844,6562.895996,40.8476505,7.5143535,0.6431361631328589,0.8883181187215369
2012.04.15_14:00:00_TAI,11455,1549,5586528.5,1.258905e+22,49.772968,33.082001,11.789973,3.259615,6554.792969,41.4274845,7.524794,0.6419057933437657,0.8872213367970668
2012.04.15_15:00:00_TAI,11455,1549,5558348.0,1.283463e+22,50.422798,33.589535,11.790615,3.255448,6564.729004,42.0061665,7.5230315,0.6544277250804227,0.8885662247739798
2012.04.15_16:00:00_TAI,11455,1549,5534315.5,1.372561e+22,51.136604,34.134853,11.790421,3.248544,6577.936523,42.6357285,7.5194825000000005,0.6998580970110632,0.8903539231373563
2012.04.15_17:00:00_TAI,11455,1549,5447179.0,1.492737e+22,51.804413,34.68821,11.773509,3.251436,6553.259277,43.2463115,7.5124725,0.7611348975805107,0.8870137445400862
2012.04.15_18:00:00_TAI,11455,1549,5378785.5,1.483159e+22,52.409786,35.250244,11.747388,3.249209,6509.132324,43.830015,7.498298500000001,0.7562511504441926,0.8810409587611001
2012.04.15_19:00:00_TAI,11455,1549,5307412.0,1.434247e+22,53.017845,35.787663,11.720701,3.257258,6456.500488,44.402754,7.4889795,0.7313113049721114,0.8739169980021796
2012.04.15_20:00:00_TAI,11455,1549,5219268.0,1.450308e+22,53.629467,36.358742,11.69863,3.275887,6385.012207,44.9941045,7.487258499999999,0.7395006830005522,0.8642407307983017
2012.04.15_21:00:00_TAI,11455,1549,5067555.5,1.537139e+22,54.230091,36.931961,11.679018,3.295238,6304.755371,45.581026,7.487127999999999,0.7837751293978836,0.8533775993981523
2012.04.15_22:00:00_TAI,11455,1549,4988510.5,1.561998e+22,54.793419,37.488571,11.672605,3.312597,6215.762695,46.140995000000004,7.4926010000000005,0.7964505386755754,0.8413320319272526
2012.04.15_23:00:00_TAI,11455,1549,4790634.5,1.529198e+22,55.359119,38.074257,11.639906,3.318503,6121.384277,46.716688000000005,7.4792045,0.7797260757322433,0.8285574795380675
2012.04.16_00:00:00_TAI,11455,1549,4728195.5,1.559228e+22,55.917305,38.662342,11.586198,3.313596,6021.071289,47.2898235,7.449897,0.7950381373843246,0.8149796558398393
2012.04.16_01:00:00_TAI,11455,1549,4644219.5,1.561444e+22,56.513996,39.259285,11.501867,3.319718,5904.943359,47.8866405,7.4107925,0.7961680584173253,0.7992612070983842
2012.04.16_02:00:00_TAI,11455,1549,4636433.0,1.614265e+22,57.175896,39.865166,11.40855,3.32061,5791.510742,48.520531000000005,7.36458,0.8231010723542078,0.7839075813519889
2012.04.16_03:00:00_TAI,11455,1549,4628466.5,1.670843e+22,57.799953,40.533432,11.313943,3.311549,5671.203125,49.166692499999996,7.312746,0.8519497511471299,0.7676233927763284
2012.04.16_04:00:00_TAI,11455,1549,4594487.0,1.692275e+22,58.387856,41.263493,11.153961,3.294586,5521.347656,49.8256745,7.224273500000001,0.8628777599825412,0.7473397667089111
2012.04.16_05:00:00_TAI,11455,1549,4523644.0,1.64202e+22,59.022861,41.910213,10.960747,3.287461,5407.755859,50.466537,7.124104,0.8372531293356767,0.7319645952183467
2012.04.16_06:00:00_TAI,11455,1549,4450783.5,1.687913e+22,59.633762,42.574295,10.874215,3.288419,5325.397461,51.1040285,7.081317,0.8606536103679432,0.7208170077482923
2012.04.16_07:00:00_TAI,11455,1549,4391012.0,1.777565e+22,60.252831,43.36224,10.845234,3.297235,5237.794922,51.8075355,7.0712345,0.9063664625568338,0.7089596017057253
2012.04.16_08:00:00_TAI,11455,1549,4217394.0,1.800208e+22,60.880917,44.169693,10.811977,3.310589,5132.044434,52.525305,7.061283,0.9179119508015249,0.6946457874061691
2012.04.16_09:00:00_TAI,11455,1549,4063941.25,1.703731e+22,61.509323,44.718922,10.78621,3.326215,5034.108887,53.1141225,7.0562125,0.8687190846007977,0.6813897612677039
2012.04.16_10:00:00_TAI,11455,1549,3940688.25,1.595121e+22,62.165726,45.235043,10.739032,3.348532,4918.379883,53.7003845,7.043782,0.8133396967875264,0.6657253089927546
2012.04.16_11:00:00_TAI,11455,1549,3823793.5,1.595699e+22,62.825748,45.790882,10.686936,3.372669,4824.224121,54.308315,7.0298025,0.8136344144576864,0.6529808941159061
2012.04.16_12:00:00_TAI,11455,1549,3760238.0,1.616399e+22,63.428474,46.335083,10.647615,3.39922,4719.134766,54.881778499999996,7.0234175,0.8241891822298502,0.6387565672047136
2012.04.16_13:00:00_TAI,11455,1549,3665882.75,1.638018e+22,64.070099,46.891899,10.597388,3.440328,4619.437012,55.480999,7.018858,0.8352125408997251,0.6252620182543691
2012.04.16_14:00:00_TAI,11455,1549,3606677.0,1.636309e+22,64.701118,47.434788,10.527732,3.46477,4520.586426,56.067952999999996,6.996251,0.834341135193318,0.6118821373841615
2012.04.16_15:00:00_TAI,11455,1549,3546668.25,1.731106e+22,65.331459,48.011406,10.467571,3.460154,4428.977539,56.671432499999995,6.963862499999999,0.8826773825603622,0.5994824537372453
2012.04.16_16:00:00_TAI,11455,1549,3483333.0,1.861715e+22,65.962212,48.569176,10.41884,3.435805,4348.286133,57.265693999999996,6.9273225,0.949273888065413,0.5885605012914646
2012.04.16_17:00:00_TAI,11455,1549,3415714.0,1.923227e+22,66.564583,49.121689,10.365544,3.389083,4270.562988,57.843136,6.8773135,0.9806383747901155,0.5780403166062887
2012.04.16_18:00:00_TAI,11455,1549,3315349.0,1.88008e+22,67.159912,49.686176,10.294528,3.371108,4176.838379,58.423044000000004,6.832818,0.9586380576371902,0.5653542602684257
2012.04.16_19:00:00_TAI,11455,1549,3228293.5,1.828463e+22,67.788528,50.244099,10.201827,3.357014,4084.941895,59.016313499999995,6.7794205,0.9323189538644471,0.5529156490465265
2012.04.16_20:00:00_TAI,11455,1549,3170502.0,1.961199e+22,68.397133,50.810757,10.166445,3.35133,3993.388672,59.603944999999996,6.7588875,1.0,0.5405234997776942
2012.08.10_21:00:00_TAI,11545,1939,134184.90625,1.847332e+20,5.656979,3.91887,-13.637077,-14.518374,111.301361,4.7879245,-14.0777255,0.04292858357880569,0.04620764695404742
2012.08.10_22:00:00_TAI,11545,1939,358849.3125,4.519106e+20,6.827897,3.733043,-13.341281,-14.906402,336.628723,5.28047,-14.123841500000001,0.10501567645798494,0.13975409687017057
2012.08.10_23:00:00_TAI,11545,1939,436930.8125,5.423465e+20,7.718121,3.984828,-13.148527,-15.072372,502.22995,5.8514745,-14.1104495,0.12603130922824235,0.2085047658972372
2012.08.11_00:00:00_TAI,11545,1939,440595.0,5.339437e+20,8.321572,4.456079,-13.117722,-15.073904,525.48291,6.388825499999999,-14.095813,0.12407865371155131,0.218158417538717
2012.08.11_01:00:00_TAI,11545,1939,456977.90625,5.607166e+20,8.952751,4.991438,-13.087343,-15.046654,544.505798,6.972094499999999,-14.0669985,0.13030018116464046,0.22605592108092787
2012.08.11_02:00:00_TAI,11545,1939,474710.0,5.946262e+20,9.623468,5.528736,-13.06039,-15.052748,570.943481,7.576102000000001,-14.056569,0.13818014587982902,0.23703173585418139
2012.08.11_03:00:00_TAI,11545,1939,478172.09375,5.756583e+20,10.229544,6.098241,-13.03591,-15.059434,576.60907,8.1638925,-14.047671999999999,0.13377235626505252,0.2393838502753045
2012.08.11_04:00:00_TAI,11545,1939,505176.0,5.770855e+20,10.997195,6.668544,-13.042156,-15.102199,617.768555,8.8328695,-14.0721775,0.13410401118405826,0.2564715384635057
2012.08.11_05:00:00_TAI,11545,1939,534988.1875,6.305104e+20,11.637069,7.113088,-12.989152,-15.207109,686.476318,9.3750785,-14.0981305,0.14651897116331122,0.2849961137892859
2012.08.11_06:00:00_TAI,11545,1939,587509.625,7.106013e+20,12.318415,7.495867,-12.965599,-15.316706,773.879578,9.907141,-14.1411525,0.1651306170101421,0.3212822736747236
2012.08.11_07:00:00_TAI,11545,1939,654878.125,7.814529e+20,13.118618,7.84751,-12.878386,-15.420658,906.349426,10.483063999999999,-14.149522000000001,0.18159522019079452,0.37627818669361585
2012.08.11_08:00:00_TAI,11545,1939,765237.125,8.503977e+20,13.841827,8.19836,-12.759748,-15.532368,1067.974243,11.0200935,-14.146058,0.19761671827085833,0.4433780174220875
2012.08.11_09:00:00_TAI,11545,1939,874786.5,9.931835e+20,14.685347,8.516983,-12.649336,-15.677853,1257.74353,11.601165,-14.1635945,0.23079750087607837,0.522162249147855
2012.08.11_10:00:00_TAI,11545,1939,945882.1875,1.050449e+21,15.462818,8.926721,-12.469581,-15.760139,1439.306274,12.1947695,-14.11486,0.24410494535780713,0.5975394691511225
2012.08.11_11:00:00_TAI,11545,1939,980385.875,1.126866e+21,16.084623,9.377204,-12.449861,-15.835625,1507.546265,12.7309135,-14.142743,0.26186284470314186,0.6258698452035355
2012.08.11_12:00:00_TAI,11545,1939,1014778.1875,1.179191e+21,16.671537,9.859291,-12.434391,-15.854917,1536.453125,13.265414,-14.144654,0.2740222082380182,0.6378707584846415
2012.08.11_13:00:00_TAI,11545,1939,1022493.3125,1.162083e+21,17.324337,10.405323,-12.385466,-15.867958,1574.976074,13.86483,-14.126712,0.2700466250300934,0.6538638677424948
2012.08.11_14:00:00_TAI,11545,1939,1063462.25,1.25227e+21,17.982422,10.975771,-12.243659,-15.903189,1662.153076,14.4790965,-14.073424,0.29100441803764027,0.6900560948162346
2012.08.11_15:00:00_TAI,11545,1939,1128480.875,1.329301e+21,18.716162,11.490318,-12.159474,-15.920629,1781.263306,15.10324,-14.0400515,0.30890499964213247,0.7395056559627097
2012.08.11_16:00:00_TAI,11545,1939,1158591.5,1.419648e+21,19.34934,11.91021,-12.13917,-15.970024,1856.118408,15.629775,-14.054597000000001,0.3298999736944109,0.7705823480610678
2012.08.11_17:00:00_TAI,11545,1939,1174909.375,1.417632e+21,19.938616,12.397465,-12.12457,-16.0103,1885.77417,16.1680405,-14.067435,0.3294314925307929,0.7828941739753013
2012.08.11_18:00:00_TAI,11545,1939,1165619.125,1.391934e+21,20.525772,12.890738,-12.136588,-16.028139,1901.763672,16.708255,-14.0823635,0.32345975198384114,0.7895323431472581
2012.08.11_19:00:00_TAI,11545,1939,1154762.75,1.331954e+21,21.164408,13.442036,-12.147832,-16.063471,1926.547852,17.303222,-14.1056515,0.30952150784008803,0.7998216929736771
2012.08.11_20:00:00_TAI,11545,1939,1155842.625,1.483888e+21,21.802731,13.992542,-12.162225,-16.119627,1959.801636,17.8976365,-14.140926,0.3448281631541424,0.8136272663930189
2012.08.11_21:00:00_TAI,11545,1939,1121459.0,1.361816e+21,22.387659,14.548259,-12.175697,-16.1343,1963.439453,18.467959,-14.1549985,0.3164608850761793,0.8151375351094942
2012.08.11_22:00:00_TAI,11545,1939,1082049.75,1.305671e+21,22.98115,15.101689,-12.189261,-16.146738,1955.407349,19.0414195,-14.1679995,0.3034138240983364,0.8118029431279083
2012.08.11_23:00:00_TAI,11545,1939,1073231.875,1.24269e+21,23.538752,15.658703,-12.204651,-16.161039,1942.298096,19.5987275,-14.182845,0.28877820298433654,0.8063605322803421
2012.08.12_00:00:00_TAI,11545,1939,1040919.875,1.178919e+21,24.093084,16.213314,-12.224898,-16.176327,1927.068359,20.153199,-14.2006125,0.2739590004619745,0.8000377856025276
2012.08.12_01:00:00_TAI,11545,1939,1010567.375,1.147032e+21,24.645233,16.771,-12.248971,-16.192366,1907.151367,20.708116500000003,-14.220668499999999,0.2665490506284991,0.7917690876598079
2012.08.12_02:00:00_TAI,11545,1939,1011014.5,1.142223e+21,25.201725,17.333595,-12.287359,-16.21228,1884.628296,21.26766,-14.249819500000001,0.2654315278527854,0.7824184552529955
2012.08.12_03:00:00_TAI,11545,1939,1011491.0,1.123813e+21,25.755209,17.903305,-12.340104,-16.230654,1852.604248,21.829257,-14.285379,0.26115338389335735,0.7691234165335366
2012.08.12_04:00:00_TAI,11545,1939,1012084.5,1.182823e+21,26.300604,18.498577,-12.37019,-16.251081,1831.581421,22.399590500000002,-14.3106355,0.27486621795342514,0.7603956223784227
2012.08.12_05:00:00_TAI,11545,1939,997666.1875,1.198853e+21,26.867172,19.091202,-12.398335,-16.245075,1801.291382,22.979187,-14.321705,0.2785912938724709,0.747820471313232
2012.08.12_06:00:00_TAI,11545,1939,1011797.0,1.314803e+21,27.48967,19.669439,-12.395765,-16.232546,1780.432495,23.5795545,-14.3141555,0.3055359322263917,0.7391607381555182
2012.08.12_07:00:00_TAI,11545,1939,1009395.8125,1.384018e+21,28.137552,20.245388,-12.370861,-16.237213,1784.187012,24.19147,-14.304037000000001,0.3216202197957459,0.740719455806949
2012.08.12_08:00:00_TAI,11545,1939,1044552.1875,1.32796e+21,28.723272,20.790926,-12.337339,-16.245697,1798.358398,24.757099,-14.291518,0.30859337601097586,0.7466028196333584
2012.08.12_09:00:00_TAI,11545,1939,1122327.0,1.503186e+21,29.313919,21.083994,-12.307382,-16.246479,1855.540283,25.1989565,-14.2769305,0.34931266191183075,0.7703423348603728
2012.08.12_10:00:00_TAI,11545,1939,1169416.25,1.608212e+21,30.024462,21.491444,-12.292455,-16.269621,1940.84021,25.757953,-14.281038,0.3737187644367025,0.8057552792898846
2012.08.12_11:00:00_TAI,11545,1939,1226641.125,1.742603e+21,30.645704,22.000053,-12.192936,-16.297638,2010.345947,26.3228785,-14.245287,0.4049487505774681,0.8346111398806357
2012.08.12_12:00:00_TAI,11545,1939,1325130.5,1.974628e+21,31.336554,22.531773,-12.103729,-16.322723,2093.804443,26.9341635,-14.213225999999999,0.4588670749765062,0.8692595995565581
2012.08.12_13:00:00_TAI,11545,1939,1399054.875,2.225855e+21,32.01199,23.04491,-12.056863,-16.335472,2152.642822,27.52845,-14.1961675,0.5172475895063937,0.8936868214678915
2012.08.12_14:00:00_TAI,11545,1939,1451060.375,2.276412e+21,32.680073,23.571457,-11.965721,-16.360239,2220.029053,28.125765,-14.162980000000001,0.528996102496986,0.921662752252888
2012.08.12_15:00:00_TAI,11545,1939,1485974.75,2.401898e+21,33.293789,24.093636,-11.957359,-16.359325,2239.474854,28.693712499999997,-14.158342,0.5581567311169093,0.929735831497145
2012.08.12_16:00:00_TAI,11545,1939,1474455.75,2.484015e+21,33.873955,24.62512,-11.936132,-16.382544,2253.159668,29.249537500000002,-14.159338,0.5772392051808067,0.9354171910803741
2012.08.12_17:00:00_TAI,11545,1939,1476439.375,2.531e+21,34.504131,25.188156,-11.901294,-16.377123,2265.425537,29.8461435,-14.1392085,0.5881576513477664,0.9405094643396077
2012.08.12_18:00:00_TAI,11545,1939,1475171.75,2.597411e+21,35.192387,25.744085,-11.803554,-16.402527,2317.371582,30.468235999999997,-14.103040499999999,0.6035903411081996,0.9620752788674198
2012.08.12_19:00:00_TAI,11545,1939,1474861.625,2.769734e+21,35.855042,26.316574,-11.754704,-16.426256,2346.108154,31.085808,-14.09048,0.6436350234287058,0.9740054957283399
2012.08.12_20:00:00_TAI,11545,1939,1445319.125,2.821694e+21,36.473129,26.898458,-11.714123,-16.432934,2360.397705,31.685793500000003,-14.0735285,0.6557095677052881,0.979937916696129
2012.08.12_21:00:00_TAI,11545,1939,1422048.25,2.775101e+21,37.087543,27.470814,-11.704997,-16.441038,2363.219727,32.2791785,-14.073017499999999,0.644882215097921,0.9811095016174721
2012.08.12_22:00:00_TAI,11545,1939,1427385.5,2.720131e+21,37.68824,28.067446,-11.647244,-16.464037,2369.734131,32.877843,-14.0556405,0.6321082024173256,0.9838140083498563
2012.08.12_23:00:00_TAI,11545,1939,1419819.25,2.716823e+21,38.333843,28.661718,-11.536006,-16.480434,2408.72168,33.497780500000005,-14.00822,0.6313394843175002,1.0
2012.08.14_00:00:00_TAI,11545,1939,1099846.625,4.262844e+21,52.421978,43.273186,-11.607159,-16.240345,1752.134766,47.847582,-13.923752,0.990606209048565,0.7274127104630868
2012.08.14_01:00:00_TAI,11545,1939,1094129.125,4.303268e+21,53.032745,43.79351,-11.562179,-16.283739,1775.244141,48.4131275,-13.922959,1.0,0.7370067516476208
2012.08.14_02:00:00_TAI,11545,1939,1065545.5,4.254675e+21,53.578922,44.281624,-11.555979,-16.298962,1767.97644,48.930273,-13.9274705,0.9887078843334879,0.7339895076628362
2012.08.14_03:00:00_TAI,11545,1939,1027604.8125,4.173274e+21,54.126427,44.813225,-11.494081,-16.297438,1762.038818,49.469826,-13.8957595,0.9697917954447643,0.7315244565739949
2012.01.15_07:00:00_TAI,11404,1327,249.600006,2.933251e+17,5.069323,4.947071,12.256683,12.194039,1.020876,5.008197,12.225361,0.0002050319754010643,0.0005930916403660785
2012.01.15_08:00:00_TAI,11404,1327,401009.09375,4.256507e+20,7.448635,3.818191,13.101048,11.360634,454.974854,5.633413,12.230841,0.29752654597866257,0.2643237596771568
2012.01.15_09:00:00_TAI,11404,1327,525989.875,4.930681e+20,8.183091,3.969754,13.377566,11.206219,656.590332,6.0764225,12.2918925,0.34465078696043916,0.38145498283277124
2012.01.15_10:00:00_TAI,11404,1327,681654.875,6.389177e+20,9.134038,4.149541,13.751499,11.05091,953.029602,6.6417895,12.4012045,0.44659852890088364,0.5536753630877903
2012.01.15_11:00:00_TAI,11404,1327,790417.5,7.409374e+20,9.929125,4.393906,13.909206,10.89955,1155.505981,7.1615155,12.404378,0.5179095098596355,0.6713067382562671
2012.01.15_12:00:00_TAI,11404,1327,821627.125,7.761361e+20,10.606714,4.908043,13.915794,10.87786,1204.57959,7.7573785,12.396827,0.5425131288221771,0.699816711319101
2012.01.15_13:00:00_TAI,11404,1327,861949.0,8.3418e+20,11.251494,5.454084,13.948658,10.847556,1241.289062,8.352789,12.398107,0.5830853658280857,0.7211435727258267
2012.01.15_14:00:00_TAI,11404,1327,890549.0,8.879246e+20,12.052142,5.998933,13.925925,10.822967,1300.776123,9.0255375,12.374445999999999,0.6206524253983033,0.7557033807623043
2012.01.15_15:00:00_TAI,11404,1327,940509.375,8.599526e+20,12.860459,6.462437,13.928077,10.769476,1384.164917,9.661448,12.3487765,0.6011002138217333,0.8041492220021894
2012.01.15_16:00:00_TAI,11404,1327,964779.375,8.586435e+20,13.569252,7.008786,13.933371,10.747083,1416.770142,10.289019,12.340226999999999,0.6001851630504302,0.8230916659226607
2012.01.15_17:00:00_TAI,11404,1327,973555.5,8.845131e+20,14.194059,7.558921,13.935716,10.725524,1436.141357,10.87649,12.33062,0.6182678132935746,0.8343456337701113
2012.01.15_18:00:00_TAI,11404,1327,991366.375,9.023002e+20,14.788235,8.139286,13.908354,10.728713,1431.391235,11.4637605,12.318533500000001,0.6307008585721965,0.8315859865172431
2012.01.15_19:00:00_TAI,11404,1327,1012029.625,9.586613e+20,15.355141,8.718425,13.881104,10.697383,1437.814575,12.036783,12.289243500000001,0.6700968313981733,0.8353177122677056
2012.01.15_20:00:00_TAI,11404,1327,1057104.375,1.142551e+21,16.006737,9.173662,13.765673,10.578864,1497.234253,12.5901995,12.1722685,0.7986343089168346,0.8698383732442044
2012.01.15_21:00:00_TAI,11404,1327,1110300.5,1.172611e+21,16.639139,9.599629,13.95419,10.544003,1613.990479,13.119384,12.2490965,0.8196460163382452,0.9376694728109418
2012.01.15_22:00:00_TAI,11404,1327,1120028.5,1.171697e+21,17.210892,10.09213,13.963578,10.506414,1655.988037,13.651511,12.234995999999999,0.8190071374099961,0.962068518890573
2012.01.15_23:00:00_TAI,11404,1327,1133654.375,1.166191e+21,17.782526,10.647047,13.967938,10.499735,1660.794678,14.2147865,12.233836499999999,0.8151584860107184,0.9648610016165268
2012.01.16_00:00:00_TAI,11404,1327,1110969.5,1.179514e+21,18.361824,11.206077,13.974349,10.500274,1662.995972,14.7839505,12.2373115,0.8244711599287308,0.9661398729675899
2012.01.16_01:00:00_TAI,11404,1327,1129867.375,1.175556e+21,18.936697,11.767385,13.98022,10.469257,1675.239136,15.352041,12.2247385,0.8217045485523521,0.9732527037325711
2012.01.16_02:00:00_TAI,11404,1327,1129534.875,1.219223e+21,19.488726,12.349871,13.989185,10.415749,1697.542358,15.9192985,12.202467,0.8522274436944257,0.9862100604746522
2012.01.16_03:00:00_TAI,11404,1327,1136193.625,1.290953e+21,20.184767,12.91121,13.99695,10.393905,1721.278687,16.547988500000002,12.195427500000001,0.9023661587089894,1.0
2012.01.16_04:00:00_TAI,11404,1327,1131136.375,1.24306e+21,20.801619,13.475221,14.005096,10.401851,1718.220337,17.13842,12.203473500000001,0.8688893222640919,0.9982232104405299
2012.01.16_05:00:00_TAI,11404,1327,1080459.0,1.17671e+21,21.383884,13.995235,13.983264,10.403391,1715.892456,17.689559499999998,12.193327499999999,0.8225111856236864,0.9968707966695459
2012.01.16_06:00:00_TAI,11404,1327,1055394.25,1.149703e+21,21.965065,14.52071,13.964642,10.385768,1708.337402,18.2428875,12.175205,0.8036335015807711,0.9924815864521305
2012.01.16_07:00:00_TAI,11404,1327,1014238.125,1.14616e+21,22.52261,15.078557,13.941825,10.36915,1673.687988,18.800583500000002,12.1554875,0.801156971993477,0.9723515434430055
2012.01.16_08:00:00_TAI,11404,1327,984980.8125,1.161177e+21,23.078775,15.642666,13.742179,10.380383,1619.597778,19.3607205,12.061281000000001,0.8116537388047652,0.9409271085687939
2012.01.16_09:00:00_TAI,11404,1327,954539.8125,1.030055e+21,23.631302,16.209949,13.720679,10.392841,1585.797119,19.9206255,12.05676,0.7200004753147388,0.9212901611904988
2012.01.16_10:00:00_TAI,11404,1327,937596.625,1.000071e+21,24.163317,16.805363,13.676413,10.404649,1547.611084,20.48434,12.040531,0.6990418913053053,0.8991054706529343
2012.01.16_11:00:00_TAI,11404,1327,927494.5,1.005491e+21,24.665054,17.384146,13.602286,10.419224,1494.511475,21.0246,12.010755,0.7028304293699774,0.8682565387507177
2012.01.16_12:00:00_TAI,11404,1327,905422.375,9.822157e+20,25.166393,18.005491,13.550052,10.415185,1435.528442,21.585942,11.982618500000001,0.6865611747543567,0.8339895525587252
2012.01.16_13:00:00_TAI,11404,1327,886945.125,1.017228e+21,25.599308,18.591257,13.472313,10.396792,1373.895874,22.0952825,11.934552499999999,0.7110345015591023,0.7981832833790268
2012.01.16_14:00:00_TAI,11404,1327,922602.125,1.097227e+21,26.289307,19.190878,13.427254,10.318239,1395.704346,22.740092500000003,11.8727465,0.7669531835952108,0.8108532084554881
2012.01.16_15:00:00_TAI,11404,1327,955321.875,1.154317e+21,26.959476,19.796989,13.405256,10.242178,1435.371338,23.3782325,11.823716999999998,0.8068586518815823,0.8338982808772789
2012.01.16_16:00:00_TAI,11404,1327,967137.8125,1.14807e+21,27.538637,20.332855,13.369556,10.203202,1448.932861,23.935746,11.786379,0.8024920472155295,0.8417770300318602
2012.01.16_17:00:00_TAI,11404,1327,985389.8125,1.221385e+21,28.117487,20.881664,13.347881,10.185921,1447.635498,24.4995755,11.766901,0.8537386649667176,0.8410233095508026
2012.01.16_18:00:00_TAI,11404,1327,975397.8125,1.229251e+21,28.701555,21.434319,13.303728,10.137448,1464.230713,25.067937,11.720588,0.8592369381063322,0.850664522868167
2012.01.16_19:00:00_TAI,11404,1327,972719.1875,1.429649e+21,29.258476,21.981686,13.268525,10.123127,1462.74646,25.620081,11.695826,0.9993135895978769,0.8498022261284178
2012.01.16_20:00:00_TAI,11404,1327,973701.125,1.430631e+21,29.840797,22.532404,13.269954,10.104154,1469.629395,26.186600499999997,11.687054,1.0,0.8538009597745051
2012.01.16_21:00:00_TAI,11404,1327,960462.5,1.278618e+21,30.400467,23.021133,13.271768,10.062861,1494.919556,26.7108,11.6673145,0.8937440891466772,0.8684936188953114
2012.01.16_22:00:00_TAI,11404,1327,919065.3125,1.173423e+21,30.941786,23.528702,13.289481,10.047199,1520.002319,27.235244,11.66834,0.8202135980556832,0.8830657873590461
2012.03.18_21:00:00_TAI,11439,1483,135848.40625,6.584677e+20,53.303955,50.432751,25.273779,23.741537,155.020813,51.868353,24.507658,0.1457480862569967,0.18562048065533177
2012.03.18_22:00:00_TAI,11439,1483,201039.5,1.175252e+21,54.393562,50.474869,25.596636,23.441475,291.782806,52.4342155,24.5190555,0.26013535647945657,0.34937801994807893
2012.03.18_23:00:00_TAI,11439,1483,224755.703125,1.311797e+21,54.994114,50.995716,25.661892,23.400953,307.850433,52.994915000000006,24.5314225,0.2903588168526254,0.3686172471783644
2012.03.19_00:00:00_TAI,11439,1483,248217.0,1.495773e+21,56.037212,51.544056,25.655638,23.36363,347.537781,53.790634,24.509634,0.3310808597367596,0.4161385088020885
2012.03.19_01:00:00_TAI,11439,1483,273186.09375,1.63276e+21,56.73925,52.093975,25.731779,23.279247,371.384521,54.4166125,24.505513,0.3614021543000118,0.44469237363611397
2012.03.19_02:00:00_TAI,11439,1483,292565.0,1.85185e+21,57.411915,52.659092,25.805861,23.247229,390.00827,55.035503500000004,24.526545,0.40989648168774157,0.4669922775914896
2012.03.19_03:00:00_TAI,11439,1483,368774.1875,2.211836e+21,58.524696,53.000561,26.086748,23.153887,515.150452,55.7626285,24.6203175,0.48957733859129393,0.6168363631924147
2012.03.19_04:00:00_TAI,11439,1483,403229.59375,2.671798e+21,59.212368,53.495392,26.163702,23.075493,550.876099,56.353880000000004,24.6195975,0.5913873153767014,0.6596139208605112
2012.03.19_05:00:00_TAI,11439,1483,471962.1875,3.035804e+21,60.294556,53.487591,26.39328,22.904785,726.797791,56.891073500000005,24.6490325,0.6719579764525057,0.8702609197685819
2012.03.19_06:00:00_TAI,11439,1483,513780.8125,3.0416e+21,61.066936,53.945072,26.470514,22.819365,776.898254,57.506004000000004,24.6449395,0.6732408881396629,0.9302507485092857
2012.03.19_08:00:00_TAI,11439,1483,518192.09375,4.517848e+21,62.28828,54.897453,26.504084,22.813316,787.660217,58.5928665,24.6587,1.0,0.9431370229791203
2012.03.19_09:00:00_TAI,11439,1483,585890.0,4.181058e+21,63.13805,55.380428,26.569166,22.743048,835.149292,59.259239,24.656107,0.9254534459769341,1.0
2012.09.11_17:00:00_TAI,11570,2029,8990.799805,0.0,15.977238,15.101443,-12.828067,-13.285365,28.664928,15.5393405,-13.056716000000002,0.0,0.022567134968394714
2012.09.11_18:00:00_TAI,11570,2029,32031.900391,2.371195e+19,16.626352,15.575147,-12.679081,-13.303896,50.025993,16.1007495,-12.991488499999999,0.01639810154507067,0.03938413297109866
2012.09.11_19:00:00_TAI,11570,2029,83729.101562,9.584256e+19,17.279917,16.051573,-12.530968,-13.323647,75.836723,16.665745,-12.9273075,0.06628033675929346,0.05970423381149829
2012.09.11_20:00:00_TAI,11570,2029,293973.3125,3.374364e+20,18.60788,15.730591,-12.05806,-13.586162,299.607635,17.1692355,-12.822111,0.23335560138255543,0.2358731177209495
2012.09.11_21:00:00_TAI,11570,2029,370060.8125,4.297888e+20,19.255886,16.146542,-11.976163,-13.607832,342.87674,17.701214,-12.7919975,0.29722230290356,0.26993773258747356
2012.09.11_22:00:00_TAI,11570,2029,510237.0,6.550528e+20,20.176706,16.073996,-11.637141,-13.75819,582.094727,18.125351000000002,-12.6976655,0.4530045960700351,0.4582676875588132
2012.09.11_23:00:00_TAI,11570,2029,593976.875,8.204635e+20,20.94208,16.2672,-11.47086,-13.876349,745.519409,18.60464,-12.6736045,0.5673950808357849,0.5869275905545921
2012.09.12_00:00:00_TAI,11570,2029,650266.6875,8.71538e+20,21.674963,16.705904,-11.331854,-13.898836,845.41333,19.1904335,-12.615345,0.6027158721399042,0.6655714161287976
2012.09.12_01:00:00_TAI,11570,2029,719508.375,9.8991e+20,22.437523,17.030357,-11.134327,-13.926744,995.572937,19.733939999999997,-12.5305355,0.6845765405409892,0.7837880785941667
2012.09.12_02:00:00_TAI,11570,2029,747072.375,1.002486e+21,23.07515,17.516994,-11.114719,-13.9878,1053.232178,20.296072000000002,-12.5512595,0.6932735277154227,0.8291816645756908
2012.09.12_03:00:00_TAI,11570,2029,771720.125,1.127957e+21,23.750826,18.008186,-11.086596,-14.016761,1106.257935,20.879506,-12.551678500000001,0.780043540260218,0.8709274319127064
2012.09.12_04:00:00_TAI,11570,2029,826140.125,1.208418e+21,24.394938,18.392282,-10.990265,-14.046941,1194.102173,21.393610000000002,-12.518603,0.8356866926967714,0.9400848627334566
2012.09.12_05:00:00_TAI,11570,2029,850323.125,1.291602e+21,24.977982,18.881563,-10.930623,-14.073412,1248.431274,21.9297725,-12.502017500000001,0.8932129475566695,0.9828567181164022
2012.09.12_06:00:00_TAI,11570,2029,862455.6875,1.304614e+21,25.57011,19.407038,-10.924068,-14.099936,1270.206787,22.488574,-12.512001999999999,0.9022114524162217,1.0
2012.09.12_08:00:00_TAI,11570,2029,788604.1875,1.145085e+21,26.704319,20.522247,-10.926006,-14.101562,1257.894165,23.613283000000003,-12.513784,0.7918884827159828,0.9903066003693144
2012.09.12_09:00:00_TAI,11570,2029,813766.625,1.446018e+21,27.247261,21.06815,-10.913539,-14.100005,1253.481201,24.1577055,-12.506772,1.0,0.9868323912522127
2012.09.12_10:00:00_TAI,11570,2029,789900.625,1.118913e+21,27.808847,21.617859,-10.91101,-14.084543,1244.748413,24.713352999999998,-12.4977765,0.7737891229569757,0.9799572996613188
2012.09.12_11:00:00_TAI,11570,2029,767650.5,1.119747e+21,28.358543,22.196365,-10.908382,-14.067411,1234.510986,25.277454,-12.4878965,0.7743658792629138,0.9718976458279622
2012.01.09_08:00:00_TAI,11398,1303,9.7,0.0,-59.607094,-59.668823,13.502206,13.498586,0.170044,-59.637958499999996,13.500395999999999,0.0,3.279596733391892e-05
2012.01.09_09:00:00_TAI,11398,1303,36900.800781,3.207664e+20,-58.12442,-60.014633,13.927849,13.142922,54.242851,-59.0695265,13.5353855,0.036503840360451734,0.01046168503148968
2012.01.09_10:00:00_TAI,11398,1303,79329.703125,5.513908e+20,-57.042728,-59.740345,14.07616,12.9519,111.286423,-58.3915365,13.51403,0.06274934575261551,0.021463538221970096
2012.01.09_11:00:00_TAI,11398,1303,98608.203125,6.071158e+20,-56.461754,-59.429485,14.102477,12.918996,130.916611,-57.9456195,13.5107365,0.0690909591637651,0.025249564217634083
2012.01.09_12:00:00_TAI,11398,1303,139248.0,7.573373e+20,-55.700916,-59.084564,14.190882,12.807154,178.678757,-57.39274,13.499018,0.08618645811473877,0.034461331642617415
2012.01.09_13:00:00_TAI,11398,1303,165149.0,9.44671e+20,-54.99905,-58.743984,14.278288,12.770664,215.464844,-56.871517,13.524476,0.10750539762627351,0.04155617361054748
2012.01.09_14:00:00_TAI,11398,1303,166583.5,9.48368e+20,-54.423851,-58.16637,14.280221,12.738685,225.642746,-56.2951105,13.509453,0.10792612341866507,0.04351916049347089
2012.01.09_15:00:00_TAI,11398,1303,177969.796875,9.731517e+20,-53.85717,-57.63261,14.305472,12.727044,236.075363,-55.74489,13.516258,0.11074655669453602,0.045531273630889955
2012.01.09_16:00:00_TAI,11398,1303,184762.59375,1.01246e+21,-53.312939,-57.077206,14.337331,12.725019,243.107758,-55.195072499999995,13.531175000000001,0.1152199177075372,0.04688759432846949
2012.01.09_17:00:00_TAI,11398,1303,186450.296875,1.053357e+21,-52.721554,-56.516529,14.335934,12.730346,245.72467,-54.619041499999994,13.53314,0.11987407587130183,0.04739231169848984
2012.01.09_18:00:00_TAI,11398,1303,193628.5,1.028411e+21,-52.126789,-55.951225,14.332841,12.747643,247.326904,-54.039007,13.540242,0.11703517253968161,0.04770133062256417
2012.01.09_19:00:00_TAI,11398,1303,192996.796875,9.392345e+20,-51.577709,-55.380878,14.325919,12.772968,245.961472,-53.4792935,13.5494435,0.10688671334974206,0.04743798311680866
2012.01.09_20:00:00_TAI,11398,1303,190052.59375,8.752462e+20,-51.037403,-54.82093,14.318727,12.797945,242.392639,-52.929166499999994,13.558336,0.09960472032261487,0.04674967108881467
2012.01.09_21:00:00_TAI,11398,1303,204566.0,9.688401e+20,-50.502106,-54.448444,14.350163,12.775378,265.508423,-52.475274999999996,13.5627705,0.11025588822646042,0.0512079553973579
2012.01.09_22:00:00_TAI,11398,1303,210648.703125,1.017123e+21,-49.891003,-53.916119,14.35246,12.746827,281.411438,-51.903560999999996,13.5496435,0.11575057617924991,0.054275130719338226
2012.01.09_23:00:00_TAI,11398,1303,222292.0,1.121123e+21,-49.330769,-53.406353,14.395477,12.721831,297.323669,-51.368561,13.558654,0.1275859785078198,0.05734408350853262
2012.01.10_00:00:00_TAI,11398,1303,229571.5,1.231445e+21,-48.775333,-53.024361,14.495394,12.735189,319.95459,-50.899847,13.6152915,0.14014083673563216,0.06170885348484757
2012.01.10_01:00:00_TAI,11398,1303,236413.40625,1.204362e+21,-48.232498,-52.510963,14.521604,12.741188,330.439514,-50.3717305,13.631395999999999,0.1370587386465489,0.06373105494448521
2012.01.10_02:00:00_TAI,11398,1303,235495.296875,1.159859e+21,-47.727787,-52.036537,14.572602,12.763957,344.49765,-49.882162,13.6682795,0.13199421066743022,0.06644241299905809
2012.01.10_03:00:00_TAI,11398,1303,239249.0,1.154282e+21,-47.205177,-51.53553,14.580126,12.77922,349.459015,-49.3703535,13.679673000000001,0.13135953721756063,0.06739929924303993
2012.01.10_04:00:00_TAI,11398,1303,238245.796875,1.088425e+21,-46.674557,-51.003895,14.588804,12.804646,352.89032,-48.839226,13.696725,0.12386488249493922,0.06806108658450868
2012.01.10_05:00:00_TAI,11398,1303,241001.703125,1.021257e+21,-46.128166,-50.468784,14.662983,12.824215,362.779388,-48.298474999999996,13.743599,0.11622103342181056,0.06996836676546715
2012.01.10_06:00:00_TAI,11398,1303,237329.296875,8.91625e+20,-45.602722,-49.916031,14.675379,12.834511,365.773682,-47.7593765,13.754945,0.10146865962703006,0.07054586887205222
2012.01.10_07:00:00_TAI,11398,1303,243688.59375,9.044186e+20,-45.108376,-49.373577,14.692891,12.859889,365.956268,-47.2409765,13.77639,0.1029245961965569,0.07058108378402578
2012.01.10_08:00:00_TAI,11398,1303,241976.296875,8.780463e+20,-44.578838,-48.82172,14.677844,12.885149,362.301453,-46.700278999999995,13.7814965,0.09992337715011707,0.06987618861953
2012.01.10_09:00:00_TAI,11398,1303,242011.09375,8.721076e+20,-44.054455,-48.23167,14.680278,12.89524,362.719757,-46.1430625,13.787759,0.09924754153657207,0.0699568658814131
2012.01.10_10:00:00_TAI,11398,1303,248592.796875,8.517621e+20,-43.52076,-47.840282,14.704633,12.90679,371.036072,-45.680521,13.805711500000001,0.09693218405507287,0.0715608130661334
2012.01.10_11:00:00_TAI,11398,1303,256668.59375,8.128351e+20,-43.006794,-47.536373,14.762441,12.931953,400.087524,-45.2715835,13.847197000000001,0.09250221572387825,0.07716389503782846
2012.01.10_12:00:00_TAI,11398,1303,254822.5,7.231198e+20,-42.506092,-47.02935,14.793019,12.965608,404.053497,-44.767721,13.879313499999999,0.08229244004572107,0.07792880247916838
2012.01.10_13:00:00_TAI,11398,1303,257663.796875,7.150697e+20,-42.027363,-46.478748,14.798301,12.967673,398.489532,-44.2530555,13.882987,0.08137632300451703,0.0768556942578429
2012.01.10_14:00:00_TAI,11398,1303,263555.90625,7.224866e+20,-41.603031,-45.90937,14.798594,12.966673,388.675415,-43.756200500000006,13.8826335,0.08222038065385136,0.07496286969159383
2012.01.10_15:00:00_TAI,11398,1303,262788.3125,7.153004e+20,-41.155464,-45.311245,14.795318,12.972332,376.911346,-43.233354500000004,13.883825,0.08140257711333627,0.072693962687301
2012.01.10_16:00:00_TAI,11398,1303,261153.203125,7.403659e+20,-40.694645,-44.72142,14.788284,12.993284,365.068085,-42.7080325,13.890784,0.0842550797774398,0.07040978211707756
2012.01.10_17:00:00_TAI,11398,1303,258203.203125,7.164553e+20,-40.234756,-44.102791,14.805525,13.00867,356.2901,-42.1687735,13.907097499999999,0.08153400698015613,0.06871679377689718
2012.01.10_18:00:00_TAI,11398,1303,268154.6875,7.39719e+20,-39.731407,-43.70982,14.957731,13.058862,386.691162,-41.7206135,14.0082965,0.08418146129891721,0.07458017170418921
2012.01.10_19:00:00_TAI,11398,1303,269704.6875,7.262318e+20,-39.140224,-43.233711,14.995172,13.085339,404.694427,-41.1869675,14.0402555,0.08264659170001444,0.07805241706917643
2012.01.10_20:00:00_TAI,11398,1303,274487.1875,6.70926e+20,-38.546234,-42.670536,15.021677,13.057534,421.433533,-40.608385,14.0396055,0.07635268406440462,0.08128084720240668
2012.01.10_21:00:00_TAI,11398,1303,273725.40625,6.387126e+20,-37.900272,-42.155174,15.026566,13.046046,437.417999,-40.027723,14.036306,0.07268673647429738,0.08436373177808203
2012.01.10_22:00:00_TAI,11398,1303,298022.09375,7.341862e+20,-36.887875,-41.595043,15.160139,13.030812,528.107727,-39.241459,14.0954755,0.08355181789503728,0.10185483618053075
2012.01.10_23:00:00_TAI,11398,1303,311657.40625,8.013028e+20,-36.196014,-41.179516,15.289848,13.007858,596.470947,-38.687765,14.148852999999999,0.09118981754816895,0.11503988199197669
2012.01.11_00:00:00_TAI,11398,1303,324851.40625,8.27194e+20,-35.441299,-40.698364,15.362798,12.955964,658.476318,-38.0698315,14.159381,0.09413628647864461,0.12699870513094969
2012.01.11_01:00:00_TAI,11398,1303,363409.5,8.341349e+20,-34.600239,-40.142994,15.456784,12.921535,729.515015,-37.3716165,14.1891595,0.09492617440193665,0.14069976359967637
2012.01.11_02:00:00_TAI,11398,1303,370792.09375,8.224778e+20,-34.013657,-39.589298,15.517448,12.89175,762.055359,-36.801477500000004,14.204599,0.09359957374343306,0.14697573957565016
2012.01.11_03:00:00_TAI,11398,1303,378767.5,8.09959e+20,-33.462566,-39.045593,15.521182,12.86441,773.947815,-36.2540795,14.192796,0.09217490994852055,0.14926940826431936
2012.01.11_04:00:00_TAI,11398,1303,374617.09375,8.218365e+20,-32.889889,-38.489449,15.524721,12.871437,774.955383,-35.689668999999995,14.198079,0.09352659255580507,0.14946373542208266
2012.01.11_05:00:00_TAI,11398,1303,374057.8125,6.960911e+20,-32.340752,-37.91433,15.525333,12.872465,775.097412,-35.127541,14.198899,0.07921652140227668,0.14949112820538857
2012.01.11_06:00:00_TAI,11398,1303,385675.90625,6.390093e+20,-31.800905,-37.377342,15.600639,12.882854,789.508179,-34.5891235,14.2417465,0.07272050151151745,0.15227049733213646
2012.01.11_07:00:00_TAI,11398,1303,395014.8125,6.269297e+20,-31.269073,-36.909004,15.668809,12.916635,805.01239,-34.0890385,14.292722,0.07134581953105405,0.15526075630919056
2012.01.11_08:00:00_TAI,11398,1303,387627.40625,6.446994e+20,-30.773615,-36.350876,15.676015,12.955547,793.281738,-33.5622455,14.315781,0.07336804596141933,0.15299829435935658
2012.01.11_09:00:00_TAI,11398,1303,370704.09375,5.997258e+20,-30.31892,-35.882687,15.659101,12.967424,788.25061,-33.1008035,14.3132625,0.06824996278676383,0.1520279530974434
2012.01.11_10:00:00_TAI,11398,1303,362162.09375,5.712759e+20,-29.863089,-35.318836,15.660636,12.992973,774.779114,-32.590962499999996,14.3268045,0.06501230881842172,0.1494297388543356
2012.01.11_11:00:00_TAI,11398,1303,364269.5,5.617583e+20,-29.346001,-34.757099,15.645202,13.000859,768.695435,-32.05155,14.3230305,0.06392918742224482,0.14825639467427604
2012.01.11_12:00:00_TAI,11398,1303,367224.8125,5.436355e+20,-28.828289,-34.187267,15.642715,13.01018,763.191711,-31.507778000000002,14.3264475,0.06186677752493515,0.14719490498620175
2012.01.11_13:00:00_TAI,11398,1303,362855.8125,5.029513e+20,-28.284599,-33.625431,15.622689,13.036912,750.537048,-30.955015,14.3298005,0.05723683641516589,0.1447542313113308
2012.01.11_21:00:00_TAI,11398,1303,331708.0,3.740355e+20,-24.331455,-29.040651,15.493779,13.181935,642.942261,-26.686053,14.337857,0.04256596757372887,0.12400268982940871
2012.01.11_22:00:00_TAI,11398,1303,309688.3125,4.463965e+20,-23.962551,-28.343601,15.342854,13.247087,541.170166,-26.153076,14.294970500000002,0.05080079014966777,0.10437415660786314
2012.01.11_23:00:00_TAI,11398,1303,323839.0,4.586776e+20,-23.707544,-27.980474,15.443333,13.268271,576.653992,-25.844009,14.355802,0.05219840322214277,0.11121783470517009
2012.01.12_00:00:00_TAI,11398,1303,330673.40625,4.112125e+20,-23.090801,-27.459497,15.45453,13.248267,604.159302,-25.275149,14.3513985,0.0467967825003562,0.1165227160786341
2012.01.12_01:00:00_TAI,11398,1303,334080.8125,3.976592e+20,-22.465939,-26.914207,15.46084,13.223641,624.53595,-24.690072999999998,14.342240499999999,0.04525439059285807,0.12045270997540648
2012.01.12_02:00:00_TAI,11398,1303,336440.6875,3.915696e+20,-21.90196,-26.35784,15.467922,13.203678,633.952454,-24.1299,14.335799999999999,0.04456138226574211,0.122268847901965
2012.01.12_03:00:00_TAI,11398,1303,333026.0,3.594771e+20,-21.341629,-25.78672,15.448698,13.186563,636.054504,-23.5641745,14.3176305,0.040909193330841837,0.12267426510653713
2012.01.12_04:00:00_TAI,11398,1303,332321.6875,3.680326e+20,-20.763542,-25.204224,15.428284,13.194926,632.538696,-22.983883,14.311605,0.041882825875284906,0.12199617987965274
2012.01.12_05:00:00_TAI,11398,1303,328949.3125,3.558289e+20,-20.195889,-24.611891,15.409237,13.20502,626.891235,-22.40389,14.3071285,0.04049402107338906,0.12090696799052064
2012.01.12_06:00:00_TAI,11398,1303,327958.5,3.124549e+20,-19.612059,-24.025618,15.391908,13.19504,619.526428,-21.8188385,14.293474,0.03555797549070261,0.1194865358094815
2012.01.12_07:00:00_TAI,11398,1303,323513.40625,2.197085e+20,-19.037405,-23.40661,15.368286,13.207374,605.59967,-21.2220075,14.28783,0.025003254735640357,0.11680051630608593
2012.01.12_08:00:00_TAI,11398,1303,325621.09375,2.169703e+20,-18.487989,-22.771826,15.352746,13.219697,584.59729,-20.6299075,14.2862215,0.02469164224856257,0.11274983902012142
2012.01.12_09:00:00_TAI,11398,1303,319836.6875,2.183909e+20,-17.944822,-22.128603,15.330555,13.232693,558.819336,-20.0367125,14.281624,0.024853309292293013,0.10777810854260228
2012.01.12_10:00:00_TAI,11398,1303,313173.3125,2.108399e+20,-17.403957,-21.47053,15.284756,13.248529,530.135193,-19.4372435,14.2666425,0.02399399080207156,0.10224586855277928
2012.01.12_11:00:00_TAI,11398,1303,302777.5,2.123144e+20,-16.888391,-20.81382,15.24132,13.269003,497.618164,-18.8511055,14.2551615,0.024161791770662678,0.09597438928341316
2012.01.12_12:00:00_TAI,11398,1303,300089.59375,2.032653e+20,-16.378239,-20.156755,15.164873,13.312186,458.637146,-18.267497,14.2385295,0.023131986585937084,0.08845621638127663
2012.01.12_13:00:00_TAI,11398,1303,300339.8125,2.031254e+20,-15.909718,-19.491695,15.109667,13.336411,419.484192,-17.7007065,14.223039,0.023116065693766247,0.08090488260642759
2012.01.12_14:00:00_TAI,11398,1303,292031.0,2.070106e+20,-15.378811,-18.841955,15.091148,13.414439,392.323639,-17.110383,14.2527935,0.023558209012294707,0.07566649366615817
2012.01.12_15:00:00_TAI,11398,1303,287127.09375,1.903197e+20,-14.689927,-18.140339,15.130905,13.434444,389.993378,-16.415133,14.282674499999999,0.021658752120699253,0.07521706196827112
2012.01.12_16:00:00_TAI,11398,1303,278891.3125,1.761124e+20,-14.061391,-17.491343,15.121108,13.473091,387.494263,-15.776367,14.2970995,0.020041933740865686,0.07473506381541828
2012.01.12_17:00:00_TAI,11398,1303,268444.0,1.375103e+20,-13.493375,-16.90464,15.133345,13.458752,389.676239,-15.1990075,14.296048500000001,0.015648939661753306,0.07515589615069265
2012.01.12_18:00:00_TAI,11398,1303,257122.796875,9.868416e+19,-12.955128,-16.328325,15.119579,13.445923,387.533508,-14.6417265,14.282751000000001,0.011230449394778495,0.07474263290187837
2012.01.12_19:00:00_TAI,11398,1303,257135.90625,9.762883e+19,-12.395715,-15.732844,15.167828,13.433738,398.061584,-14.0642795,14.300783,0.011110350787668788,0.07677315698144023
2012.01.12_20:00:00_TAI,11398,1303,258830.5,9.908041e+19,-11.863883,-15.151225,15.244404,13.448605,404.860901,-13.507553999999999,14.3465045,0.0112755434156698,0.07808452449940594
2012.01.12_21:00:00_TAI,11398,1303,266541.90625,1.683958e+20,-11.334674,-14.567581,15.321945,13.464646,411.413208,-12.9511275,14.3932955,0.019163769648474896,0.07934825180724277
2012.01.12_22:00:00_TAI,11398,1303,273914.09375,1.594497e+20,-10.780583,-14.000556,15.435488,13.511181,427.923615,-12.3905695,14.4733345,0.018145686064132402,0.08253257332780042
2012.01.12_23:00:00_TAI,11398,1303,276966.1875,1.318625e+20,-10.247789,-13.432817,15.545114,13.529424,447.078766,-11.840302999999999,14.537269,0.015006209034144681,0.08622698010764732
2012.01.13_00:00:00_TAI,11398,1303,277100.8125,1.122544e+20,-9.696189,-12.97159,15.624499,13.546661,464.799652,-11.333889500000002,14.58558,0.012774769107232842,0.08964476373061608
2012.01.13_01:00:00_TAI,11398,1303,280415.8125,1.057119e+20,-9.170312,-12.477607,15.614389,13.562247,464.506561,-10.8239595,14.588318,0.012030219879014876,0.08958823599154934
2012.01.13_02:00:00_TAI,11398,1303,280797.8125,1.191822e+20,-8.647976,-12.006639,15.629188,13.610788,458.348938,-10.3273075,14.619988,0.013563166225039251,0.08840063041438938
2012.01.13_03:00:00_TAI,11398,1303,280166.59375,1.120353e+20,-8.122322,-11.467489,15.619253,13.634798,449.550995,-9.7949055,14.6270255,0.01274983510098102,0.08670379282392056
2012.01.13_04:00:00_TAI,11398,1303,285568.8125,1.25281e+20,-7.536397,-10.909905,15.609299,13.654756,455.462067,-9.223151,14.6320275,0.014257221530053502,0.0878438467171508
2012.01.13_05:00:00_TAI,11398,1303,294799.8125,1.710666e+20,-6.919135,-10.345798,15.59895,13.643477,463.321045,-8.6324665,14.6212135,0.019467711884428206,0.08935958844144562
2012.01.13_06:00:00_TAI,11398,1303,296171.6875,2.379058e+20,-6.369248,-9.761362,15.590441,13.636659,459.944763,-8.065305,14.61355,0.027074142877887328,0.08870841325042389
2012.01.13_07:00:00_TAI,11398,1303,303514.8125,1.878719e+20,-0.24015,-9.17295,15.580685,11.843144,460.470856,-4.70655,13.7119145,0.02138018771858509,0.08880987951117172
2012.01.13_08:00:00_TAI,11398,1303,445098.1875,2.272134e+20,1.304866,-8.581938,15.54517,11.226206,629.646118,-3.6385359999999993,13.385688,0.02585732695617578,0.12143829548738479
2012.01.13_09:00:00_TAI,11398,1303,482835.59375,2.338063e+20,2.152035,-7.962549,15.53611,11.038676,735.865295,-2.9052569999999998,13.287393000000002,0.026607611802445287,0.14192452645776746
2012.01.13_10:00:00_TAI,11398,1303,524673.8125,2.731531e+20,2.937869,-7.374165,15.49959,11.008258,793.83728,-2.218148,13.253924,0.03108535419034696,0.15310544037617937
2012.01.13_11:00:00_TAI,11398,1303,754501.6875,4.439072e+20,3.849884,-6.84751,15.523624,10.823032,1129.53418,-1.498813,13.173328,0.05051750296681672,0.2178504744055944
2012.01.13_12:00:00_TAI,11398,1303,1085071.375,7.995556e+20,4.87957,-6.292929,15.520883,10.641964,1534.970947,-0.7066794999999999,13.0814235,0.09099098278904898,0.29604606476162987
2012.01.13_13:00:00_TAI,11398,1303,1319770.75,1.118483e+21,5.822658,-5.70991,15.515872,10.367725,1900.786621,0.056373999999999924,12.9417985,0.12728554137178688,0.36660003252726425
2012.01.13_14:00:00_TAI,11398,1303,1515964.625,1.390478e+21,6.613862,-5.15247,15.508448,10.211783,2082.968506,0.730696,12.8601155,0.1582391015290885,0.4017370038364065
2012.01.13_15:00:00_TAI,11398,1303,1641929.125,1.571155e+21,7.403638,-4.540127,15.501718,10.088139,2243.707275,1.4317555,12.794928500000001,0.1788004956302329,0.4327382941931279
2012.01.13_16:00:00_TAI,11398,1303,1730127.375,1.690249e+21,8.016718,-3.952098,15.46678,10.030596,2298.931885,2.03231,12.748688,0.192353624523682,0.44338932866413777
2012.01.13_17:00:00_TAI,11398,1303,1822335.125,1.770432e+21,8.686765,-3.398875,15.4621,9.998777,2394.208984,2.6439449999999995,12.7304385,0.20147860591706387,0.46176518800921645
2012.01.13_18:00:00_TAI,11398,1303,2073496.875,2.064183e+21,9.423042,-2.942241,15.550941,9.910046,2694.463623,3.2404005000000002,12.7304935,0.23490804119994593,0.5196745604804688
2012.01.13_19:00:00_TAI,11398,1303,2260944.0,2.361874e+21,10.131117,-2.482574,15.608107,9.877547,2909.665771,3.8242715,12.742827,0.26878585614796807,0.5611800685607138
2012.01.13_20:00:00_TAI,11398,1303,2365315.75,2.776283e+21,10.866896,-1.932221,15.633197,9.87403,3032.992432,4.4673375,12.7536135,0.31594640656700956,0.584965777821595
2012.01.13_21:00:00_TAI,11398,1303,2495487.75,2.829589e+21,11.554448,-1.441568,15.721986,9.840835,3240.209717,5.05644,12.7814105,0.3220127330720744,0.6249312650477445
2012.01.13_22:00:00_TAI,11398,1303,2571734.0,2.906116e+21,12.199382,-0.889507,15.811819,9.810282,3339.580078,5.6549375,12.8110505,0.3307216545528289,0.6440965817499847
2012.01.13_23:00:00_TAI,11398,1303,2669952.5,3.050138e+21,12.89301,-0.34005,15.806869,9.809773,3476.61084,6.27648,12.808321,0.3471116383428798,0.6705253672072429
2012.01.14_00:00:00_TAI,11398,1303,2757495.5,3.192854e+21,13.574039,0.213603,15.833005,9.811069,3590.092285,6.893821000000001,12.822037,0.3633529967921508,0.6924122539143653
2012.01.14_01:00:00_TAI,11398,1303,2764561.75,3.140777e+21,14.234948,0.763461,15.799925,9.813019,3656.520752,7.499204499999999,12.806472,0.35742653287806486,0.7052241486814509
2012.01.14_02:00:00_TAI,11398,1303,2853482.25,3.225813e+21,14.89415,1.344494,15.797731,9.819076,3802.993164,8.119322,12.8084035,0.3671037951127982,0.7334739219123342
2012.01.14_03:00:00_TAI,11398,1303,2954699.0,3.360607e+21,15.526589,1.925155,15.796804,9.824427,3881.69458,8.725871999999999,12.8106155,0.38244361455007947,0.748652870115559
2012.01.14_04:00:00_TAI,11398,1303,3050795.25,3.479616e+21,16.189207,2.536021,15.797361,9.830485,4029.702148,9.362614,12.813922999999999,0.3959870702781638,0.7771987251019201
2012.01.14_05:00:00_TAI,11398,1303,3145592.5,3.586967e+21,16.823038,3.148214,15.764812,9.834522,4158.379883,9.985626,12.799667,0.4082038229259937,0.8020164828214672
2012.01.14_06:00:00_TAI,11398,1303,3259869.0,3.840429e+21,17.527161,3.853322,15.735836,9.840147,4198.678711,10.690241499999999,12.7879915,0.4370482916279551,0.8097888184915479
2012.01.14_07:00:00_TAI,11398,1303,3394178.25,4.161718e+21,18.184294,4.828773,15.736127,9.846442,4265.278809,11.5065335,12.7912845,0.47361160488510784,0.8226338153067477
2012.01.14_08:00:00_TAI,11398,1303,3470307.0,4.111046e+21,18.825769,5.567369,15.739617,9.834769,4285.474121,12.196569,12.787193,0.46784503270440314,0.8265288353759669
2012.01.14_09:00:00_TAI,11398,1303,3506232.5,3.906291e+21,19.467148,6.305845,15.712917,9.834745,4369.279785,12.8864965,12.773831,0.4445435153603038,0.8426922273153553
2012.01.14_10:00:00_TAI,11398,1303,3512666.0,3.862771e+21,20.057131,6.99587,15.718364,9.840461,4405.675293,13.5265005,12.7794125,0.43959085469357917,0.8497117392738449
2012.01.14_11:00:00_TAI,11398,1303,3565983.0,3.922588e+21,20.672033,7.614102,15.721082,9.824925,4442.034668,14.143067499999999,12.7730035,0.44639814566557984,0.856724282349647
2012.01.14_12:00:00_TAI,11398,1303,3601498.5,3.811936e+21,21.284145,8.275963,15.696145,9.816868,4434.10498,14.780054,12.7565065,0.4338057327957633,0.8551949029618641
2012.01.14_13:00:00_TAI,11398,1303,3630086.0,3.96443e+21,21.875885,9.185846,15.639174,9.802206,4384.219238,15.5308655,12.720690000000001,0.4511598466678107,0.8455735628083725
2012.01.14_14:00:00_TAI,11398,1303,3645130.0,4.051237e+21,22.502735,10.079179,15.293321,9.748633,4376.29248,16.290957,12.520977,0.46103865214796624,0.8440447485224708
2012.01.14_15:00:00_TAI,11398,1303,3740251.0,4.227805e+21,23.151041,10.540597,15.327626,9.698521,4488.276855,16.845819,12.5130735,0.4811324340551867,0.8656428990271009
2012.01.14_16:00:00_TAI,11398,1303,3884379.75,4.525007e+21,23.754595,10.920097,15.368045,9.645545,4649.932617,17.337346,12.506795,0.5149545998518754,0.89682104756449
2012.01.14_17:00:00_TAI,11398,1303,4042931.0,4.76641e+21,24.370899,11.421081,15.39035,9.600581,4719.471191,17.89599,12.4954655,0.54242673089345,0.9102327810061361
2012.01.14_18:00:00_TAI,11398,1303,4107257.75,4.968192e+21,24.981522,11.950594,15.39973,9.544301,4773.952148,18.466058,12.472015500000001,0.5653899150536759,0.920740388955212
2012.01.14_19:00:00_TAI,11398,1303,4125026.75,5.584099e+21,25.58621,12.510667,15.411073,9.494707,4839.193848,19.0484385,12.45289,0.6354813298804306,0.933323394894906
2012.01.14_20:00:00_TAI,11398,1303,4156798.25,5.80301e+21,26.164379,13.102295,15.420618,9.453094,4877.706543,19.633337,12.436855999999999,0.660393827564561,0.9407512434938639
2012.01.14_21:00:00_TAI,11398,1303,4199265.0,5.807804e+21,26.811842,13.688046,15.428739,9.449748,4893.129883,20.249944,12.4392435,0.6609393940911299,0.9437259050803939
2012.01.14_22:00:00_TAI,11398,1303,4205625.0,5.956003e+21,27.446993,14.263719,15.437235,9.43614,4901.050781,20.855356,12.4366875,0.6778047286073965,0.9452535891625333
2012.01.14_23:00:00_TAI,11398,1303,4230828.5,6.098317e+21,28.04928,14.884324,15.41948,9.44313,4884.514648,21.466802,12.431305,0.6940003386745897,0.9420643059317382
2012.01.15_00:00:00_TAI,11398,1303,4325298.0,6.315442e+21,28.720327,15.495542,15.424,9.429236,4898.481445,22.1079345,12.426618,0.7187095860841161,0.9447580476584176
2012.01.15_01:00:00_TAI,11398,1303,4406246.5,6.574324e+21,29.321609,16.101164,15.414155,9.433395,4921.946289,22.7113865,12.423775,0.7481708613305086,0.949283654309164
2012.01.15_02:00:00_TAI,11398,1303,4429753.5,6.759166e+21,29.992668,16.661831,15.422288,9.424629,4936.443848,23.3272495,12.423458499999999,0.7692062405345232,0.9520797627951179
2012.01.15_03:00:00_TAI,11398,1303,4487757.5,6.920487e+21,30.65394,17.218529,15.435678,9.423066,4970.114258,23.936234499999998,12.429372,0.7875648841792081,0.9585736918163102
2012.01.15_04:00:00_TAI,11398,1303,4564058.0,7.051551e+21,31.248417,17.779003,15.446489,9.36842,5014.990234,24.51371,12.4074545,0.8024802223598974,0.967228810744198
2012.01.15_05:00:00_TAI,11398,1303,4615323.0,7.254998e+21,31.846807,18.352894,15.43164,9.35427,5022.279785,25.0998505,12.392955,0.8256328867593258,0.9686347284859291
2012.01.15_06:00:00_TAI,11398,1303,4699170.5,7.446186e+21,32.459579,18.932539,15.419459,9.327468,5021.996582,25.696058999999998,12.3734635,0.8473904531092741,0.9685801078210609
2012.01.15_07:00:00_TAI,11398,1303,4797670.5,7.705077e+21,33.031952,19.527863,15.406747,9.272429,5042.36377,26.2799075,12.339588,0.8768527525731759,0.9725082771909404
2012.01.15_08:00:00_TAI,11398,1303,4865525.0,8.162058e+21,33.656693,20.028866,15.401912,9.255035,5082.480957,26.8427795,12.3284735,0.9288580794146393,0.9802455802088693
2012.01.15_09:00:00_TAI,11398,1303,4947891.5,7.921948e+21,34.29195,20.54694,15.418141,9.24203,5110.651367,27.419445,12.3300855,0.9015330942885534,0.9856787377806926
2012.01.15_10:00:00_TAI,11398,1303,4956707.5,7.62181e+21,34.883972,21.093063,15.435347,9.23139,5113.421387,27.9885175,12.333368499999999,0.8673768059799736,0.986212984713453
2012.01.15_11:00:00_TAI,11398,1303,4872602.0,7.571922e+21,35.445614,21.632851,15.452177,9.222018,5141.508301,28.539232499999997,12.3370975,0.861699454524515,0.9916300386174693
2012.01.15_12:00:00_TAI,11398,1303,4811021.5,7.611428e+21,36.032307,22.164051,15.445317,9.184558,5176.749512,29.098179000000002,12.3149375,0.8661953141821351,0.9984269241574694
2012.01.15_13:00:00_TAI,11398,1303,4773699.5,7.597776e+21,36.598789,22.713604,15.430737,9.168942,5175.312012,29.6561965,12.299839500000001,0.8646416900226193,0.9981496770741115
2012.01.15_14:00:00_TAI,11398,1303,4731746.0,7.599001e+21,37.223766,23.270466,15.441698,9.140702,5184.905762,30.247116,12.2912,0.8647810974058164,1.0
2012.01.15_15:00:00_TAI,11398,1303,4627498.5,7.509289e+21,37.853683,23.83913,15.448998,9.145115,5178.416016,30.8464065,12.2970565,0.8545716972740793,0.9987483386780984
2012.01.15_16:00:00_TAI,11398,1303,4571287.5,7.466336e+21,38.432949,24.396013,15.44358,9.138514,5165.943848,31.414481000000002,12.291047,0.8496835623104344,0.9963428623642552
2012.01.15_17:00:00_TAI,11398,1303,4514174.5,7.410911e+21,39.021252,24.897476,15.437872,9.138908,5149.007324,31.959364,12.28839,0.843376089482925,0.9930763567077537
2012.01.15_18:00:00_TAI,11398,1303,4451646.5,7.789813e+21,39.601967,25.40015,15.42745,9.136546,5124.171387,32.5010585,12.281998,0.8864958742242691,0.9882863107281293
2012.01.15_19:00:00_TAI,11398,1303,4351932.5,8.230828e+21,40.192539,25.92819,15.408182,9.140673,5096.152832,33.0603645,12.2744275,0.9366842392044061,0.9828824410560231
2012.01.15_20:00:00_TAI,11398,1303,4219713.0,7.893263e+21,40.796257,26.472862,15.420824,9.146169,5073.611328,33.634559499999995,12.2834965,0.8982686854828321,0.978534916716197
2012.01.15_21:00:00_TAI,11398,1303,4153706.25,7.68846e+21,41.401806,27.018604,15.469787,9.164674,5068.44873,34.210205,12.3172305,0.8749617056453504,0.9775392191592931
2012.01.15_22:00:00_TAI,11398,1303,4056464.25,7.490768e+21,42.001942,27.56456,15.531447,9.183723,5065.055176,34.783251,12.357585,0.8524639714420845,0.9768847127601853
2012.01.15_23:00:00_TAI,11398,1303,3985051.25,7.262303e+21,42.572613,28.12406,15.551074,9.20417,5042.411621,35.3483365,12.377621999999999,0.8264642099709624,0.9725175060954174
2012.01.16_00:00:00_TAI,11398,1303,3867894.25,7.434601e+21,43.17448,28.682863,15.57104,9.190829,5024.361816,35.9286715,12.3809345,0.8460720575710386,0.969036284675293
2012.01.16_01:00:00_TAI,11398,1303,3820112.0,7.521244e+21,43.779163,29.267174,15.591245,9.181208,5000.119629,36.5231685,12.3862265,0.8559321995321374,0.9643607537953164
2012.01.16_02:00:00_TAI,11398,1303,3762980.0,7.593814e+21,44.368221,29.80661,15.60587,9.180815,4968.961914,37.0874155,12.3933425,0.864190806714679,0.9583514420681192
2012.01.16_03:00:00_TAI,11398,1303,3730734.5,7.492256e+21,44.932243,30.366621,15.630434,9.197056,4927.963867,37.649432,12.413744999999999,0.8526333087369395,0.9504442497522099
2012.01.16_04:00:00_TAI,11398,1303,3658721.0,7.365707e+21,45.503845,30.915537,15.64926,9.195904,4894.69043,38.209691,12.422582,0.8382317863400338,0.9440268839354846
2012.01.16_05:00:00_TAI,11398,1303,3638559.0,7.435336e+21,46.078098,31.440939,15.673829,9.18922,4866.416992,38.7595185,12.4315245,0.8461557020009568,0.9385738556071369
2012.01.16_06:00:00_TAI,11398,1303,3668799.5,7.887962e+21,46.631371,31.856062,15.702201,9.182234,4857.603027,39.243716500000005,12.4422175,0.8976654213699115,0.9368739278930023
2012.01.16_07:00:00_TAI,11398,1303,3630371.25,8.365408e+21,47.177422,32.389111,15.698273,9.182857,4814.820312,39.783266499999996,12.440565,0.9519997050253574,0.9286225310569106
2012.01.16_08:00:00_TAI,11398,1303,3562262.75,8.787196e+21,47.723782,32.873791,15.694264,9.181546,4772.17627,40.2987865,12.437905,1.0,0.9203978797406732
2012.01.16_09:00:00_TAI,11398,1303,3510732.75,8.732184e+21,48.2593,33.381653,15.765075,9.185003,4735.864746,40.8204765,12.475038999999999,0.9937395273759685,0.9133945655693482
2012.01.16_10:00:00_TAI,11398,1303,3430861.25,8.086404e+21,48.78709,33.927238,15.797817,9.204128,4689.031738,41.357164,12.5009725,0.9202485070322775,0.90436199870126
2012.07.25_08:00:00_TAI,11531,1886,24503.800781,3.161591e+19,34.917435,33.902641,14.905757,14.418131,30.944389,34.410038,14.661944,0.003031840359955351,0.012863903101014545
2012.07.25_09:00:00_TAI,11531,1886,133674.0,1.747693e+20,36.166042,33.913403,15.22986,14.107364,151.995224,35.039722499999996,14.668612,0.016759682622488004,0.06318598933567571
2012.07.25_10:00:00_TAI,11531,1886,170511.5,2.442733e+20,36.813995,34.38768,15.254518,14.011891,178.210007,35.6008375,14.6332045,0.023424840524896528,0.07408374622226743
2012.07.25_11:00:00_TAI,11531,1886,211197.703125,3.32246e+20,37.50211,34.751675,15.255576,13.944622,207.956207,36.1268925,14.600099,0.03186107349855581,0.08644954974236276
2012.07.25_12:00:00_TAI,11531,1886,446895.40625,7.6598e+20,38.628136,34.580116,15.467044,13.693208,419.047791,36.604125999999994,14.580126,0.07345444363039368,0.1742025081871287
2012.07.25_13:00:00_TAI,11531,1886,542289.8125,9.305692e+20,39.478718,34.872433,15.55681,13.445277,563.503235,37.1755755,14.501043500000002,0.08923789504370942,0.23425413286228494
2012.07.25_14:00:00_TAI,11531,1886,643627.125,1.186428e+21,40.323486,35.105679,15.66516,13.210271,736.489136,37.714582500000006,14.4377155,0.11377373906305742,0.30616616409695224
2012.07.25_15:00:00_TAI,11531,1886,737426.0,1.378426e+21,41.121376,35.250854,15.895802,13.107433,935.46521,38.186115,14.5016175,0.13218558567543412,0.38888257951418015
2012.07.25_16:00:00_TAI,11531,1886,774156.0,1.456216e+21,41.784588,35.672852,16.044081,13.073294,1032.019287,38.728719999999996,14.5586875,0.1396453381102344,0.4290211096540352
2012.07.25_17:00:00_TAI,11531,1886,818990.625,1.536714e+21,42.540321,36.088089,16.108227,13.015203,1119.230591,39.314205,14.561715,0.14736477700336403,0.4652757522636896
2012.07.25_18:00:00_TAI,11531,1886,853293.5,1.628964e+21,43.170261,36.533974,16.148085,12.980564,1162.756836,39.852117500000006,14.564324499999998,0.15621118608049897,0.48337006325593507
2012.07.25_19:00:00_TAI,11531,1886,878575.625,1.984127e+21,43.86372,36.965038,16.177835,12.862232,1245.64502,40.414379,14.5200335,0.19026990897548515,0.5178275400926909
2012.07.25_20:00:00_TAI,11531,1886,928564.875,2.191116e+21,44.479206,37.47773,16.188242,12.830873,1276.616943,40.978468,14.5095575,0.21011933302390884,0.5307028893627666
2012.07.25_21:00:00_TAI,11531,1886,993670.625,2.329128e+21,45.228172,37.88781,16.324221,12.783214,1400.820679,41.557991,14.553717500000001,0.22335413637950283,0.582335669208185
2012.07.25_22:00:00_TAI,11531,1886,1027804.375,2.356411e+21,45.871407,38.390308,16.382135,12.75097,1462.428345,42.1308575,14.5665525,0.22597046785756755,0.6079466142394044
2012.07.25_23:00:00_TAI,11531,1886,1069088.625,2.512071e+21,46.537491,38.939461,16.432529,12.724611,1499.700562,42.738476000000006,14.57857,0.24089764440983666,0.6234410609983302
2012.07.26_00:00:00_TAI,11531,1886,1115646.0,2.756851e+21,47.224915,39.462128,16.553099,12.707938,1578.076172,43.3435215,14.6305185,0.2643710754548349,0.6560226140715838
2012.07.26_01:00:00_TAI,11531,1886,1123795.25,2.960688e+21,47.83773,39.945374,16.58185,12.684514,1609.622559,43.891552000000004,14.633182,0.283918235206119,0.6691367739780891
2012.07.26_02:00:00_TAI,11531,1886,1167834.625,3.160331e+21,48.446518,40.358471,16.597685,12.665374,1648.154541,44.4024945,14.6315295,0.303063206993506,0.6851549180990811
2012.07.26_03:00:00_TAI,11531,1886,1175292.75,3.219245e+21,49.142464,40.858788,16.606153,12.657421,1681.5271,45.000626,14.631787,0.3087128259026694,0.6990282366257092
2012.07.26_04:00:00_TAI,11531,1886,1212818.375,3.299005e+21,49.808434,41.398983,16.617071,12.649162,1699.754272,45.603708499999996,14.6331165,0.31636149352318194,0.7066054608654099
2012.07.26_05:00:00_TAI,11531,1886,1282152.25,3.442738e+21,50.524666,41.915859,16.680412,12.624452,1760.036011,46.220262500000004,14.652432000000001,0.33014491808560836,0.7316652043057037
2012.07.26_06:00:00_TAI,11531,1886,1371957.25,3.842391e+21,51.166088,42.433022,16.754114,12.619797,1793.340942,46.799555,14.6869555,0.36847005550462414,0.7455104091720843
2012.07.26_07:00:00_TAI,11531,1886,1451840.75,4.302343e+21,51.826958,42.947098,16.785995,12.551527,1840.307373,47.387028,14.668761,0.4125776278390021,0.7650348411259512
2012.07.26_08:00:00_TAI,11531,1886,1548584.25,4.901046e+21,52.509361,43.474895,16.878717,12.439075,1943.646484,47.992127999999994,14.658896000000002,0.4699908706976245,0.807993980194717
2012.07.26_09:00:00_TAI,11531,1886,1638135.875,5.289812e+21,53.216946,43.924362,16.943768,12.366386,2041.489624,48.570654000000005,14.655076999999999,0.5072719880014883,0.8486683871787748
2012.07.26_10:00:00_TAI,11531,1886,1691433.25,5.340426e+21,53.886292,44.442192,17.072906,12.317262,2133.725342,49.164242,14.695084,0.512125669833793,0.8870117307427567
2012.07.26_11:00:00_TAI,11531,1886,1762468.75,5.578304e+21,54.598278,44.937561,17.149963,12.270541,2211.654053,49.767919500000005,14.710252,0.5349372264565649,0.9194075032716946
2012.07.26_12:00:00_TAI,11531,1886,1806573.125,6.030327e+21,55.255547,45.471264,17.20232,12.2244,2252.972412,50.3634055,14.71336,0.5782844391424593,0.9365839731793386
2012.07.26_13:00:00_TAI,11531,1886,1855729.375,6.444549e+21,55.891575,46.026974,17.256969,12.189733,2275.479736,50.95927450000001,14.723351000000001,0.6180066858714457,0.9459405009491755
2012.07.26_20:00:00_TAI,11531,1886,2104413.0,9.235599e+21,60.251648,49.867218,17.610336,12.147678,2342.877686,55.059433,14.879007000000001,0.8856573097710387,0.9739585270283792
2012.07.26_21:00:00_TAI,11531,1886,2069530.125,9.074988e+21,60.907295,50.360359,17.688795,12.110746,2399.262451,55.633827,14.899770499999999,0.8702553519576217,0.9973982580029827
2012.07.26_22:00:00_TAI,11531,1886,2107826.25,9.258345e+21,61.544628,50.901161,17.709988,12.078081,2405.520996,56.2228945,14.8940345,0.8878385609457652,1.0
2012.07.26_23:00:00_TAI,11531,1886,2035277.75,9.791064e+21,62.145756,51.45422,17.724987,12.071594,2387.918213,56.799988,14.898290499999998,0.9389241999393938,0.992682340736468
2012.07.27_00:00:00_TAI,11531,1886,1971934.25,1.005937e+22,62.753502,52.020493,17.750505,12.07902,2367.820557,57.3869975,14.9147625,0.9646536810651366,0.9843275369191581
2012.07.27_01:00:00_TAI,11531,1886,1960575.375,1.014231e+22,63.363846,52.58884,17.807505,12.080431,2356.834473,57.976343,14.943968,0.9726072980717226,0.9797605079810326
2012.07.27_02:00:00_TAI,11531,1886,1914751.625,1.031329e+22,63.986523,53.168205,17.804487,12.08605,2326.435303,58.577364,14.945268500000001,0.9890036018550129,0.9671232580669605
2012.07.27_03:00:00_TAI,11531,1886,1940644.75,1.042796e+22,64.610985,53.718681,17.832964,12.098545,2312.437744,59.164833,14.9657545,1.0,0.9613043277714961
2012.07.27_04:00:00_TAI,11531,1886,1897873.625,1.031849e+22,65.238495,54.255577,17.848881,12.111967,2292.165527,59.747036,14.980424,0.9895022612284665,0.9528769571379787
2012.04.19_05:00:00_TAI,11464,1594,19106.599609,1.513341e+19,-11.765445,-12.619407,23.116766,22.697773,23.960461,-12.192426000000001,22.907269499999998,0.015034049963789316,0.02270724135574604
2012.04.19_06:00:00_TAI,11464,1594,192867.90625,2.708626e+20,-10.214978,-12.861688,23.494854,22.177227,213.171585,-11.538333,22.8360405,0.26908422237432805,0.20202193233185003
2012.04.19_07:00:00_TAI,11464,1594,332518.6875,4.632109e+20,-9.169239,-12.589456,23.564178,21.898863,351.801819,-10.8793475,22.7315205,0.46016963885679546,0.3334012986404345
2012.04.19_08:00:00_TAI,11464,1594,448905.90625,5.872027e+20,-8.108864,-12.621914,23.838921,21.690668,585.11676,-10.365389,22.7647945,0.5833473573155019,0.554513015864433
2012.04.19_09:00:00_TAI,11464,1594,511430.40625,7.161433e+20,-7.322892,-12.198096,23.939064,21.585096,700.104614,-9.760494,22.762079999999997,0.7114413838938456,0.6634865850189366
2012.04.19_10:00:00_TAI,11464,1594,589002.375,8.455647e+20,-6.36435,-11.691085,23.997225,21.475492,821.80542,-9.0277175,22.7363585,0.8400130537279122,0.7788219942596365
2012.04.19_11:00:00_TAI,11464,1594,658316.375,9.58493e+20,-5.50955,-11.188079,24.026464,21.400076,924.30542,-8.3488145,22.71327,0.9521999107895915,0.8759608697998011
2012.04.19_12:00:00_TAI,11464,1594,684993.375,9.634827e+20,-4.818684,-10.681675,24.055922,21.364973,972.30072,-7.7501795,22.7104475,0.9571568503758658,0.9214458402701705
2012.04.19_13:00:00_TAI,11464,1594,688729.3125,1.006609e+21,-4.229326,-10.175933,24.051117,21.359444,989.759155,-7.2026295000000005,22.7052805,1.0,0.9379911353393515
2012.04.19_14:00:00_TAI,11464,1594,687242.875,9.683232e+20,-3.633562,-9.613192,24.076138,21.354084,1008.373596,-6.623377,22.715111,0.9619655695508386,0.9556319730715344
2012.04.19_15:00:00_TAI,11464,1594,681163.1875,9.120071e+20,-3.046426,-9.07721,24.0991,21.349012,1019.464905,-6.061818,22.724055999999997,0.9060192189817496,0.9661431660913247
2012.12.03_19:00:00_TAI,11627,2260,5919.799805,0.0,-18.611637,-19.164454,-15.134822,-15.443104,11.864644,-18.8880455,-15.288962999999999,0.0,0.010536796672584916
2012.12.03_20:00:00_TAI,11627,2260,67735.5,6.209396e+19,-17.602465,-19.12863,-14.858808,-15.691562,88.090096,-18.365547499999998,-15.275185,0.10565548333833019,0.07823137638352115
2012.12.03_21:00:00_TAI,11627,2260,348875.1875,2.991306e+20,-16.329605,-19.26898,-14.526346,-16.100197,320.875916,-17.7992925,-15.3132715,0.5089832911974805,0.284964663416908
2012.12.03_22:00:00_TAI,11627,2260,389176.09375,3.195768e+20,-15.689112,-18.813242,-14.530043,-16.166248,356.749207,-17.251177,-15.3481455,0.5437733600452745,0.316823147602651
2012.12.03_23:00:00_TAI,11627,2260,395560.09375,3.008845e+20,-15.046529,-18.326336,-14.505595,-16.172075,377.692108,-16.686432500000002,-15.338835,0.5119676257805398,0.33542219613466556
2012.12.04_00:00:00_TAI,11627,2260,418510.90625,3.00134e+20,-14.443384,-17.777697,-14.450761,-16.148443,401.71524,-16.1105405,-15.299602,0.5106906184799036,0.35675674753988834
2012.12.04_01:00:00_TAI,11627,2260,460330.5,3.625936e+20,-13.713895,-17.445198,-14.305678,-16.217575,494.053467,-15.579546500000001,-15.2616265,0.6169682536495524,0.4387608197232586
2012.12.04_02:00:00_TAI,11627,2260,471610.8125,3.464943e+20,-13.106237,-16.939259,-14.282906,-16.225534,516.976929,-15.022748,-15.25422,0.5895746178932119,0.4591187721511382
2012.12.04_03:00:00_TAI,11627,2260,511859.1875,3.912405e+20,-12.500659,-16.553148,-14.260005,-16.295959,573.548035,-14.5269035,-15.277982,0.6657121583005814,0.5093586479927773
2012.12.04_04:00:00_TAI,11627,2260,563286.6875,4.625083e+20,-11.804543,-16.071596,-14.143617,-16.302639,643.861877,-13.938069500000001,-15.223127999999999,0.7869773160624547,0.571803223356544
2012.12.04_05:00:00_TAI,11627,2260,645010.8125,4.940385e+20,-11.081914,-15.687427,-14.027565,-16.309355,736.122681,-13.384670499999999,-15.16846,0.8406272768759415,0.6537385374373716
2012.12.04_06:00:00_TAI,11627,2260,722929.6875,4.971931e+20,-10.323846,-15.524036,-13.849864,-16.408693,937.948181,-12.923941,-15.1292785,0.8459949613937127,0.8329764696368365
2012.12.04_07:00:00_TAI,11627,2260,773149.0,5.860116e+20,-9.609351,-15.017936,-13.762671,-16.444155,1004.888123,-12.313643500000001,-15.103413,0.9971233730280403,0.8924247394819854
2012.12.04_08:00:00_TAI,11627,2260,785167.3125,5.877022e+20,-8.986288,-14.572497,-13.736128,-16.479908,1077.264526,-11.7793925,-15.108018,1.0,0.9567010416031502
2012.12.04_09:00:00_TAI,11627,2260,780489.125,5.725138e+20,-8.397346,-14.063489,-13.739086,-16.545424,1119.134888,-11.230417500000001,-15.142255,0.9741562988874296,0.993885426655203
2012.12.04_10:00:00_TAI,11627,2260,757435.375,5.647812e+20,-7.837677,-13.537886,-13.741246,-16.547182,1125.271362,-10.6877815,-15.144214,0.9609989549128793,0.9993351290503698
2012.10.05_09:00:00_TAI,11588,2106,53865.898438,3.364435e+19,-5.515618,-6.654775,8.923269,8.352252,48.974766,-6.0851965,8.637760499999999,0.003682039638751499,0.01957435396505492
2012.10.05_10:00:00_TAI,11588,2106,76127.796875,4.528678e+19,-4.904263,-6.287649,8.985867,8.29688,67.782448,-5.595956,8.6413735,0.004956187861302673,0.02709145419438919
2012.10.05_11:00:00_TAI,11588,2106,166322.0,4.255682e+19,-3.832591,-6.134698,9.197795,7.99905,193.38385,-4.9836445000000005,8.5984225,0.004657420878667965,0.07729212899200143
2012.10.05_12:00:00_TAI,11588,2106,310349.1875,1.408677e+20,-2.857553,-6.197406,9.49804,7.849627,378.091583,-4.5274795,8.6738335,0.015416569356214476,0.15111656637317963
2012.10.05_13:00:00_TAI,11588,2106,402017.09375,1.874402e+20,-1.91255,-6.077765,9.681771,7.671002,573.896912,-3.9951575000000004,8.6763865,0.020513466489782348,0.22937651799990175
2012.10.05_14:00:00_TAI,11588,2106,454278.8125,2.194768e+20,-1.180339,-5.55441,9.743517,7.582794,649.006897,-3.3673745,8.6631555,0.024019553874167134,0.25939666006040624
2012.10.05_15:00:00_TAI,11588,2106,468576.5,2.266767e+20,-0.511531,-5.1872,9.778743,7.585952,697.930847,-2.8493654999999998,8.6823475,0.02480751135276449,0.2789507037625987
2012.10.05_16:00:00_TAI,11588,2106,497847.6875,2.573514e+20,0.126168,-4.636341,9.782903,7.529767,715.229614,-2.2550865,8.656334999999999,0.0281645523212127,0.28586471716323464
2012.10.05_17:00:00_TAI,11588,2106,498343.3125,2.253072e+20,0.736767,-4.053165,9.785857,7.531287,727.194763,-1.658199,8.658572,0.024657633192381834,0.2906469771085016
2012.10.05_18:00:00_TAI,11588,2106,489491.0,2.018271e+20,1.31276,-3.474454,9.789383,7.533471,728.99646,-1.0808470000000001,8.661427,0.022087969670219896,0.2913670837612986
2012.10.05_19:00:00_TAI,11588,2106,485366.40625,1.831552e+20,1.891281,-2.893597,9.79446,7.536812,724.677917,-0.5011580000000001,8.665636000000001,0.020044515838274733,0.28964103795854157
2012.10.05_20:00:00_TAI,11588,2106,478923.0,2.479672e+20,2.439026,-2.313826,9.79423,7.534664,717.930054,0.06259999999999999,8.664447000000001,0.02713754492240809,0.28694403561105314
2012.10.05_21:00:00_TAI,11588,2106,464516.0,1.947757e+20,2.988102,-1.702662,9.796137,7.534756,702.947632,0.6427200000000001,8.6654465,0.021316264040338727,0.28095582463150853
2012.10.05_22:00:00_TAI,11588,2106,442889.5,1.621677e+20,3.53633,-1.09283,9.766376,7.562441,682.806763,1.2217500000000001,8.6644085,0.01774764260641568,0.2729058729692627
2012.10.05_23:00:00_TAI,11588,2106,407308.3125,1.23663e+20,4.083226,-0.484205,9.732342,7.556328,654.068176,1.7995104999999998,8.644335,0.013533685978386464,0.26141956439979397
2012.10.06_00:00:00_TAI,11588,2106,381235.59375,1.220952e+20,4.602285,0.277535,9.670163,7.581835,598.887817,2.4399100000000002,8.625999,0.013362105854364611,0.239364943883898
2012.10.06_01:00:00_TAI,11588,2106,350090.1875,1.097821e+20,5.151007,1.038994,9.545276,7.663998,516.897705,3.0950005,8.604637,0.012014559467648534,0.20659493587768318
2012.10.06_02:00:00_TAI,11588,2106,335206.09375,8.104007e+19,5.641897,1.740864,9.508324,7.686928,485.852844,3.6913805,8.597626,0.00886903001743818,0.1941868500889746
2012.10.06_03:00:00_TAI,11588,2106,339593.3125,8.946419e+19,6.163197,2.350764,9.472486,7.709607,466.386383,4.2569805,8.591046500000001,0.009790966204690995,0.1864064474616106
2012.10.06_04:00:00_TAI,11588,2106,336418.3125,7.537653e+19,6.714641,2.959213,9.462033,7.785643,451.041748,4.836927,8.623838,0.008249211867417307,0.18027346630648736
2012.10.06_05:00:00_TAI,11588,2106,332520.8125,8.706202e+19,7.26704,3.540023,9.451679,7.778262,440.16391,5.4035315,8.6149705,0.009528072578895885,0.17592578547455595
2012.10.06_06:00:00_TAI,11588,2106,303681.59375,3.856051e+19,7.787255,4.118082,9.440405,7.79519,425.840454,5.9526685,8.6177975,0.0042200644777049805,0.1702009516336574
2012.10.06_07:00:00_TAI,11588,2106,280368.40625,3.043015e+19,8.279248,4.729507,9.428473,7.812415,406.317627,6.5043775,8.620443999999999,0.003330277402094376,0.16239802050588983
2012.10.06_08:00:00_TAI,11588,2106,273018.90625,2.263589e+19,8.741667,5.25059,9.475226,7.856589,402.51297,6.996128499999999,8.6659075,0.002477273130211125,0.16087736591340798
2012.10.06_09:00:00_TAI,11588,2106,282207.6875,4.993966e+19,9.081605,5.708856,9.557265,7.909058,404.848328,7.3952305,8.7331615,0.005465399321602964,0.1618107674967279
2012.10.06_10:00:00_TAI,11588,2106,276499.59375,4.343244e+19,9.606996,6.198006,9.605243,7.928944,414.020264,7.902501000000001,8.7670935,0.004753248782862387,0.16547662925518591
2012.10.06_11:00:00_TAI,11588,2106,270250.40625,5.211977e+19,10.189025,6.656655,9.621405,7.940851,426.786041,8.42284,8.781127999999999,0.005703990687964285,0.1705788861528903
2012.10.06_12:00:00_TAI,11588,2106,278874.40625,3.89096e+19,10.747156,7.147484,9.636136,7.927074,442.001984,8.947320000000001,8.781605,0.00425826890779478,0.17666043137546672
2012.10.06_13:00:00_TAI,11588,2106,292011.3125,4.98018e+19,11.303102,7.60745,9.631299,7.918415,454.924652,9.455276000000001,8.774857,0.0054503119151112864,0.18182539485083868
2012.10.06_14:00:00_TAI,11588,2106,305399.5,6.788745e+19,11.833579,8.068787,9.647704,7.933037,465.648956,9.951183,8.7903705,0.007429606512646565,0.186111710839053
2012.10.06_15:00:00_TAI,11588,2106,328242.6875,8.083764e+19,12.389818,8.529889,9.638771,7.953527,469.617004,10.459853500000001,8.796149,0.008846876066356571,0.18769766994506135
2012.10.06_16:00:00_TAI,11588,2106,358139.90625,1.058915e+20,12.894655,9.053954,9.627995,7.973505,463.763489,10.974304499999999,8.80075,0.011588771975290185,0.1853581227882713
2012.10.06_17:00:00_TAI,11588,2106,452110.3125,1.417892e+20,13.672677,9.392487,9.618176,7.781171,571.594971,11.532582,8.6996735,0.01551741837030182,0.22845647260467364
2012.10.06_18:00:00_TAI,11588,2106,495427.1875,1.855126e+20,14.327335,9.79199,9.611272,7.716822,626.594238,12.0596625,8.664047,0.020302509832642073,0.2504387138281757
2012.10.06_19:00:00_TAI,11588,2106,502644.40625,2.230766e+20,14.927778,10.31883,9.627335,7.702761,643.874573,12.623304000000001,8.665048,0.024413516197457005,0.25734536028208066
2012.10.06_20:00:00_TAI,11588,2106,487662.3125,2.100114e+20,15.496061,10.877884,9.61696,7.690463,646.959656,13.1869725,8.6537115,0.0229836599425965,0.2585784137826032
2012.10.06_21:00:00_TAI,11588,2106,477629.3125,1.810495e+20,16.063322,11.461307,9.60465,7.675361,646.292419,13.762314499999999,8.6400055,0.0198140679066809,0.2583117308704974
2012.10.06_22:00:00_TAI,11588,2106,456333.59375,1.692838e+20,16.63155,12.023416,9.591645,7.66531,639.152588,14.327483,8.628477499999999,0.018526429008094404,0.2554580657964331
2012.10.06_23:00:00_TAI,11588,2106,421831.5,1.28509e+20,17.17473,12.58494,9.575834,7.676497,625.613403,14.879835,8.6261655,0.014064032502821911,0.25004669130230356
2012.10.07_00:00:00_TAI,11588,2106,404106.90625,1.297844e+20,17.717102,13.177155,9.559457,7.690747,608.649719,15.447128500000002,8.625102,0.014203612353681377,0.24326660469265363
2012.10.07_01:00:00_TAI,11588,2106,379963.40625,1.223659e+20,18.26049,13.773,9.538006,7.720125,584.841553,16.016745,8.6290655,0.013391731278253318,0.23375089881786115
2012.10.07_02:00:00_TAI,11588,2106,356490.3125,8.997131e+19,18.774591,14.398826,9.508297,7.734819,556.015259,16.5867085,8.621558,0.009846465447256349,0.22222953530064216
2012.10.07_03:00:00_TAI,11588,2106,340657.5,8.37543e+19,19.257072,15.026773,9.414255,7.75488,519.266785,17.1419225,8.5845675,0.009166075507949616,0.2075418155522391
2012.10.07_04:00:00_TAI,11588,2106,314308.0,7.119485e+19,19.710295,15.592184,9.300002,7.729862,472.310211,17.6512395,8.514932,0.007791568562774051,0.18877409748979251
2012.10.07_05:00:00_TAI,11588,2106,298881.09375,9.898204e+19,20.093712,16.161316,9.269401,7.709788,437.104797,18.127513999999998,8.489594499999999,0.010832600267340176,0.17470311172699582
2012.10.07_06:00:00_TAI,11588,2106,292900.90625,1.0475e+20,20.615532,16.703381,9.242117,7.714076,424.194519,18.6594565,8.4780965,0.011463846148289965,0.16954310031705339
2012.10.07_07:00:00_TAI,11588,2106,302509.59375,1.210219e+20,21.110294,17.178965,9.256686,7.721441,433.141083,19.1446295,8.4890635,0.013244643839367383,0.1731188848446817
2012.10.07_08:00:00_TAI,11588,2106,309424.09375,1.224672e+20,21.661575,17.655563,9.266479,7.746166,442.511841,19.658569,8.5063225,0.013402817556199112,0.1768642122651919
2012.10.07_09:00:00_TAI,11588,2106,305943.8125,1.128183e+20,22.213938,18.132597,9.294556,7.731099,454.680328,20.1732675,8.5128275,0.012346841373857964,0.1817277428384093
2012.10.07_10:00:00_TAI,11588,2106,297074.09375,1.185713e+20,22.74416,18.642511,9.305544,7.734133,460.854584,20.6933355,8.519838499999999,0.01297645003152968,0.18419548454063334
2012.10.07_11:00:00_TAI,11588,2106,280868.0,9.910903e+19,23.2724,19.188963,9.312037,7.743598,454.201904,21.230681500000003,8.527817500000001,0.01084649806039384,0.1815365251668154
2012.10.07_12:00:00_TAI,11588,2106,271050.5,1.202824e+20,23.767466,19.73844,9.313666,7.769051,442.36438,21.752952999999998,8.5413585,0.01316371291596251,0.1768052746929319
2012.10.07_13:00:00_TAI,11588,2106,268997.8125,1.505186e+20,24.262896,20.319515,9.293015,7.781874,424.999725,22.2912055,8.5374445,0.016472764418673014,0.1698649270157003
2012.10.07_14:00:00_TAI,11588,2106,265044.8125,1.54884e+20,24.761374,20.871435,9.277994,7.813982,402.374847,22.8164045,8.545988,0.016950514050899694,0.16082216057577114
2012.10.07_15:00:00_TAI,11588,2106,252396.59375,1.703053e+20,25.076656,21.366503,9.286874,7.826067,385.731842,23.2215795,8.5564705,0.018638222028051234,0.1541702437312439
2012.10.07_16:00:00_TAI,11588,2106,241883.0,1.427988e+20,25.602282,21.890242,9.292606,7.805007,382.084442,23.746262,8.5488065,0.015627909053560183,0.15271244200020265
2012.10.07_17:00:00_TAI,11588,2106,258796.796875,1.489619e+20,26.220808,22.448492,9.29705,7.799274,392.838257,24.334650000000003,8.548162,0.016302399079302674,0.1570105530168988
2012.10.07_18:00:00_TAI,11588,2106,274517.3125,2.003791e+20,26.860472,23.002256,9.28,7.773415,403.693481,24.931364000000002,8.5267075,0.02192950046522969,0.16134919543013587
2012.10.07_19:00:00_TAI,11588,2106,380383.8125,3.840652e+20,27.943579,23.566069,9.281735,7.652259,476.054321,25.754824,8.466997,0.04203211803066554,0.1902705525095899
2012.10.07_20:00:00_TAI,11588,2106,457808.40625,4.52532e+20,28.909029,24.133148,9.276991,7.516137,557.469849,26.521088499999998,8.396564,0.049525128641316994,0.22281090938079656
2012.10.07_21:00:00_TAI,11588,2106,589489.8125,6.570586e+20,29.954914,24.703888,9.282705,7.285036,697.33313,27.329400999999997,8.283870499999999,0.07190853174998374,0.27871180677370994
2012.10.07_22:00:00_TAI,11588,2106,644946.125,7.872411e+20,30.870031,25.308437,9.398395,7.136693,827.853271,28.089234,8.267544000000001,0.08615571219103155,0.3308784151757363
2012.10.07_23:00:00_TAI,11588,2106,681253.5,9.297635e+20,31.58033,25.918314,9.454471,7.085012,878.046997,28.749322,8.2697415,0.10175337201236846,0.3509399660476482
2012.10.08_00:00:00_TAI,11588,2106,791699.625,1.163296e+21,32.575943,26.239704,9.619431,6.899357,1120.786865,29.4078235,8.259394,0.1273111825195334,0.4479588287342552
2012.10.08_01:00:00_TAI,11588,2106,857541.375,1.22817e+21,33.197697,26.626307,9.685309,6.83853,1220.448608,29.912002,8.261919500000001,0.13441099688730584,0.48779187733435125
2012.10.08_02:00:00_TAI,11588,2106,908874.625,1.319644e+21,33.896301,27.127462,9.727657,6.800301,1279.573853,30.5118815,8.263979,0.14442191681636243,0.5114231995115842
2012.10.08_03:00:00_TAI,11588,2106,929637.125,1.322543e+21,34.523655,27.580503,9.799422,6.768306,1347.463867,31.052079,8.283864,0.1447391835465189,0.5385576459472963
2012.10.08_04:00:00_TAI,11588,2106,949406.625,1.346506e+21,35.111153,28.088291,9.801262,6.735166,1375.832886,31.599722,8.268214,0.14736169567302462,0.5498962446768414
2012.10.08_05:00:00_TAI,11588,2106,972590.875,1.473361e+21,35.854191,28.60552,9.816743,6.727763,1420.487061,32.2298555,8.272253000000001,0.1612447143187652,0.5677437342895025
2012.10.08_06:00:00_TAI,11588,2106,963045.0,1.520503e+21,36.427444,29.128927,9.842196,6.720255,1441.38916,32.7781855,8.2812255,0.16640393756575977,0.5760979362154213
2012.10.08_07:00:00_TAI,11588,2106,945158.5,1.329114e+21,37.034531,29.688267,9.851442,6.709414,1447.752075,33.361399,8.280428,0.14545831417220303,0.5786410816070615
2012.10.08_08:00:00_TAI,11588,2106,928894.3125,1.319434e+21,37.595661,30.253948,9.852736,6.708098,1437.212646,33.9248045,8.280417,0.14439893440403648,0.574428656909911
2012.10.08_09:00:00_TAI,11588,2106,922338.375,1.35195e+21,38.152054,30.82782,9.843971,6.708056,1422.858276,34.489937,8.2760135,0.14795748735255962,0.5686914672860675
2012.10.08_10:00:00_TAI,11588,2106,888526.5,1.349138e+21,38.760883,31.414747,9.82742,6.716191,1406.267456,35.087815,8.2718055,0.14764974190750957,0.5620604078696628
2012.10.08_11:00:00_TAI,11588,2106,875143.375,1.357043e+21,39.346352,31.983276,9.812375,6.727919,1386.662842,35.664814,8.270147,0.1485148655714927,0.5542247879141888
2012.10.08_12:00:00_TAI,11588,2106,833494.3125,1.339764e+21,39.928394,32.551441,9.795898,6.749832,1361.788574,36.2399175,8.272865,0.14662385079730364,0.5442829797909271
2012.10.08_13:00:00_TAI,11588,2106,797176.0,1.296696e+21,40.517941,33.100945,9.778758,6.771491,1337.872925,36.809443,8.2751245,0.14191048634943204,0.5347243148484543
2012.10.08_14:00:00_TAI,11588,2106,777384.875,1.289634e+21,41.082615,33.683956,9.759574,6.791741,1311.781982,37.3832855,8.275657500000001,0.14113762065492869,0.5242962230927106
2012.10.08_15:00:00_TAI,11588,2106,782377.625,1.261394e+21,41.674793,34.237663,9.743487,6.814561,1290.455933,37.956227999999996,8.279024,0.13804703339738494,0.5157725757964253
2012.10.08_16:00:00_TAI,11588,2106,769965.0,1.162908e+21,42.356762,34.813194,9.73373,6.83307,1280.643555,38.58497800000001,8.2834,0.1272687197767598,0.5118507406168369
2012.10.08_17:00:00_TAI,11588,2106,802496.875,1.162865e+21,43.24995,35.375702,9.723901,6.848541,1299.899048,39.312826,8.286221,0.1272640138542359,0.5195468230392345
2012.10.08_18:00:00_TAI,11588,2106,880316.125,1.556446e+21,44.285973,35.945709,9.696412,6.717661,1381.279663,40.115841,8.207036500000001,0.1703375415954303,0.5520732257974194
2012.10.08_19:00:00_TAI,11588,2106,945444.3125,1.806454e+21,45.136127,36.535568,9.672185,6.597654,1428.771484,40.8358475,8.1349195,0.19769843178962293,0.5710548726867384
2012.10.08_20:00:00_TAI,11588,2106,1028124.875,2.049498e+21,46.336308,37.110973,9.635763,6.327973,1577.58313,41.7236405,7.981868,0.22429718141506433,0.6305322744353542
2012.10.08_21:00:00_TAI,11588,2106,1073086.25,2.162498e+21,47.218418,37.716709,9.601018,6.202238,1670.075439,42.4675635,7.9016280000000005,0.23666390804758713,0.6674998261621197
2012.10.08_22:00:00_TAI,11588,2106,1063234.125,2.29543e+21,48.034897,38.334595,9.572954,6.154189,1719.674683,43.184746000000004,7.863571499999999,0.2512119939300166,0.6873237730178356
2012.10.08_23:00:00_TAI,11588,2106,1095193.75,2.444625e+21,48.786121,38.998898,9.567123,6.089422,1763.450562,43.8925095,7.828272500000001,0.267539903487001,0.7048202231423225
2012.10.09_00:00:00_TAI,11588,2106,1099958.25,2.804158e+21,49.579594,39.586994,9.557817,5.971336,1807.8573,44.583293999999995,7.7645765,0.3068872161097517,0.7225688165311189
2012.10.09_01:00:00_TAI,11588,2106,1102769.375,2.842857e+21,50.275345,40.160858,9.54705,5.91436,1827.908569,45.2181015,7.730705,0.31112243694118535,0.7305829566467559
2012.10.09_02:00:00_TAI,11588,2106,1116961.5,3.01028e+21,50.89534,40.752747,9.52772,5.872378,1826.619507,45.8240435,7.700049,0.3294452198880603,0.730067741201502
2012.10.09_03:00:00_TAI,11588,2106,1081066.875,2.847263e+21,51.582664,41.354843,9.499879,5.829432,1821.615601,46.468753500000005,7.6646555,0.31160462983979503,0.7280677678427346
2012.10.09_04:00:00_TAI,11588,2106,1084312.0,2.796607e+21,52.182964,41.966343,11.477627,5.807748,1801.650757,47.0746535,8.642687500000001,0.30606083422654656,0.7200881702819601
2012.10.09_05:00:00_TAI,11588,2106,1088825.625,3.037407e+21,52.776669,42.60046,11.643911,5.791881,1776.897217,47.6885645,8.717896,0.33241400036027663,0.7101946150202944
2012.10.09_06:00:00_TAI,11588,2106,1148343.5,3.315562e+21,53.335529,43.267963,11.960185,5.791308,1781.467529,48.301746,8.8757465,0.3628552998865544,0.7120212884712455
2012.10.09_07:00:00_TAI,11588,2106,1186422.75,3.453797e+21,53.927551,43.939777,12.064353,5.794959,1760.965698,48.933664,8.929656000000001,0.37798374640024285,0.7038270666361531
2012.10.09_08:00:00_TAI,11588,2106,1282192.375,3.696419e+21,54.565392,44.56406,12.134916,5.798691,1803.227783,49.564726,8.966803500000001,0.40453631232091497,0.7207184798813178
2012.10.09_09:00:00_TAI,11588,2106,1390384.125,4.24199e+21,55.187809,45.059803,12.217328,5.775395,1942.544556,50.123806,8.996361499999999,0.4642436345831461,0.7764009476234037
2012.10.09_10:00:00_TAI,11588,2106,1462016.0,4.765094e+21,55.840137,45.580196,12.28805,5.744978,2019.052002,50.7101665,9.016514,0.521492167046679,0.8069796303059574
2012.10.09_11:00:00_TAI,11588,2106,1565498.5,5.464123e+21,56.471512,46.142086,12.442516,5.742797,2178.105225,51.306799,9.0926565,0.5979939418361109,0.8705504105376549
2012.10.09_12:00:00_TAI,11588,2106,1597650.625,5.634316e+21,57.067387,46.712101,12.480758,5.725553,2235.363525,51.88974399999999,9.1031555,0.6166198737455707,0.893435547582257
2012.10.09_13:00:00_TAI,11588,2106,1743630.875,6.36542e+21,57.647804,47.298061,13.3693,5.721736,2467.420654,52.4729325,9.545518000000001,0.6966319384176411,0.986184707081261
2012.10.09_14:00:00_TAI,11588,2106,1730416.625,6.389968e+21,58.259525,47.903381,13.382639,5.717189,2461.480713,53.081452999999996,9.549914,0.6993184729784834,0.9838106169699261
2012.10.09_15:00:00_TAI,11588,2106,1731467.375,6.597118e+21,58.805065,48.509247,13.422995,5.693231,2465.681885,53.657156,9.558113,0.7219889811371303,0.9854897516450377
2012.10.09_16:00:00_TAI,11588,2106,1703534.375,6.411985e+21,59.405476,49.154613,13.551014,5.670835,2488.861328,54.2800445,9.6109245,0.7017280147507688,0.9947541679772121
2012.10.09_17:00:00_TAI,11588,2106,1700033.25,6.842702e+21,60.000778,49.80603,13.58313,5.661286,2455.943115,54.903403999999995,9.622208,0.7488657085116568,0.9815973362904804
2012.10.09_18:00:00_TAI,11588,2106,1687434.75,7.603405e+21,60.605919,50.438881,13.575828,5.66343,2394.472656,55.522400000000005,9.619629,0.8321170894810374,0.9570286732598005
2012.10.09_20:00:00_TAI,11588,2106,1646789.125,7.111701e+21,61.895741,51.656769,13.555307,5.637433,2272.940674,56.776255,9.59637,0.7783049748605242,0.9084544741764872
2012.10.09_21:00:00_TAI,11588,2106,1591773.625,7.087365e+21,62.554935,52.291061,13.571358,5.618824,2204.191162,57.422998,9.595091,0.7756416415921252,0.8809765014831049
2012.10.09_22:00:00_TAI,11588,2106,1675540.875,7.844312e+21,63.19986,52.883659,13.766583,5.611109,2225.397705,58.0417595,9.688846,0.8584819657010478,0.8894523843297356
2012.10.09_23:00:00_TAI,11588,2106,1755540.375,8.56051e+21,63.808193,53.472775,14.073043,5.598925,2365.263184,58.640484,9.835984,0.9368627168582122,0.9453541602246517
2012.10.10_00:00:00_TAI,11588,2106,1796139.75,8.866833e+21,64.377747,54.082447,14.278167,5.608426,2493.1604,59.230097,9.943296499999999,0.9703867239578078,0.9964724315631833
2012.10.10_01:00:00_TAI,11588,2106,1824724.75,9.137422e+21,64.961983,54.618034,14.285222,5.6003,2501.986328,59.7900085,9.942760999999999,1.0,1.0
2012.03.16_16:00:00_TAI,11437,1480,38178.898438,4.610242e+19,-32.99234,-34.529663,-33.857483,-34.643063,56.806671,-33.7610015,-34.250273,0.04277400367781454,0.06319178768133178
2012.03.16_17:00:00_TAI,11437,1480,80905.101562,1.049158e+20,-32.225311,-34.245811,-33.65831,-34.751545,105.079727,-33.235561000000004,-34.2049275,0.09734128523103243,0.11689077499711797
2012.03.16_18:00:00_TAI,11437,1480,163052.59375,2.882701e+20,-31.431108,-33.915569,-33.654911,-34.927044,146.305328,-32.6733385,-34.2909775,0.26745811429430305,0.16275016755732097
2012.03.16_19:00:00_TAI,11437,1480,243803.59375,5.001181e+20,-30.738165,-33.716038,-33.534813,-35.018112,206.757706,-32.227101499999996,-34.2764625,0.46401150847919953,0.22999744271286762
2012.03.16_20:00:00_TAI,11437,1480,335359.0,7.267391e+20,-29.698849,-33.703018,-33.275433,-35.301487,382.561462,-31.700933499999998,-34.28846,0.6742713492309433,0.4255616859112176
2012.03.16_21:00:00_TAI,11437,1480,368805.5,7.944825e+20,-28.961941,-33.366116,-33.22963,-35.434109,457.572296,-31.1640285,-34.331869499999996,0.7371239378965201,0.5090037995307188
2012.03.16_22:00:00_TAI,11437,1480,388560.59375,8.040285e+20,-28.315342,-33.017521,-33.216976,-35.549965,520.608826,-30.6664315,-34.3834705,0.7459807536365273,0.5791256875027829
2012.03.16_23:00:00_TAI,11437,1480,386585.6875,7.627602e+20,-27.732758,-32.54171,-33.197521,-35.585674,552.000183,-30.137234,-34.3915975,0.7076918652012313,0.614045458924926
2012.03.17_00:00:00_TAI,11437,1480,377569.6875,6.87144e+20,-27.171299,-32.02993,-33.195499,-35.615986,565.65802,-29.6006145,-34.4057425,0.6375348622304033,0.6292384480703423
2012.03.17_01:00:00_TAI,11437,1480,369939.8125,7.061335e+20,-26.62825,-31.519987,-33.197571,-35.636936,571.755554,-29.0741185,-34.4172535,0.6551533938137749,0.6360213499219172
2012.03.17_02:00:00_TAI,11437,1480,371552.3125,6.694271e+20,-26.097607,-30.970253,-33.217537,-35.640186,573.765869,-28.533929999999998,-34.4288615,0.6210970538515922,0.6382576259862652
2012.03.17_03:00:00_TAI,11437,1480,393773.0,6.976205e+20,-25.566952,-30.426176,-33.224762,-35.666538,577.335938,-27.996564,-34.44565,0.6472549994711518,0.6422289736868849
2012.03.17_04:00:00_TAI,11437,1480,411689.1875,7.504357e+20,-25.042589,-29.857969,-33.249207,-35.688404,573.842468,-27.450279000000002,-34.4688055,0.6962571464093062,0.6383428347770533
2012.03.17_05:00:00_TAI,11437,1480,415051.59375,7.438458e+20,-24.461813,-29.289963,-33.27396,-35.716591,578.261902,-26.875888,-34.495275500000005,0.690143011688473,0.6432590168043306
2012.03.17_06:00:00_TAI,11437,1480,438579.6875,7.63823e+20,-23.850739,-28.709152,-33.303585,-35.803257,601.298706,-26.2799455,-34.553421,0.708677935153932,0.66888517657744
2012.03.17_09:00:00_TAI,11437,1480,506276.0,1.077814e+21,-21.727507,-27.292995,-33.449322,-36.067593,721.758118,-24.510251,-34.758457500000006,1.0,0.8028843258555602
2012.03.17_10:00:00_TAI,11437,1480,503206.09375,8.541706e+20,-21.126743,-26.804518,-33.498966,-36.089058,741.722229,-23.965630500000003,-34.794012,0.7925027880506283,0.8250924194007451
2012.03.17_11:00:00_TAI,11437,1480,505205.5,8.451752e+20,-20.577398,-26.271925,-33.491611,-36.164753,762.139587,-23.4246615,-34.828182,0.7841568211212695,0.8478047052826223
2012.08.29_11:00:00_TAI,11560,1993,317941.59375,6.425982e+20,-42.905037,-45.443214,3.797649,1.906044,261.210297,-44.1741255,2.8518464999999997,0.028628998592604114,0.028022246052391172
2012.08.29_12:00:00_TAI,11560,1993,513021.59375,1.169953e+21,-41.675713,-45.527103,4.259989,1.535411,577.667358,-43.601408,2.8977,0.052123679758849246,0.06197128148554855
2012.08.29_13:00:00_TAI,11560,1993,637341.3125,1.440733e+21,-40.589935,-45.264458,4.577235,1.287618,851.259155,-42.927196499999994,2.9324265,0.06418745497469228,0.09132179615323738
2012.08.29_14:00:00_TAI,11560,1993,744989.3125,1.64715e+21,-39.824162,-44.859306,4.666888,1.159366,985.653076,-42.341734,2.9131270000000002,0.07338373346176175,0.10573937296954344
2012.08.29_15:00:00_TAI,11560,1993,880965.875,1.876891e+21,-38.915493,-44.434895,4.736044,1.082114,1127.001221,-41.675194,2.9090789999999997,0.08361914147514159,0.12090298843083999
2012.08.29_16:00:00_TAI,11560,1993,1011571.375,2.031043e+21,-38.02367,-43.999443,4.826951,0.96968,1288.302612,-41.0115565,2.8983155000000003,0.09048691264388607,0.13820715797969568
2012.08.29_17:00:00_TAI,11560,1993,1134582.875,2.303562e+21,-37.248352,-43.612057,4.874396,0.860781,1428.712524,-40.4302045,2.8675885,0.10262816368918605,0.1532701212221386
2012.08.29_18:00:00_TAI,11560,1993,1233283.75,2.485085e+21,-36.52359,-43.186428,4.903731,0.826185,1512.436157,-39.855008999999995,2.8649579999999997,0.11071536609891157,0.16225186608928716
2012.08.29_19:00:00_TAI,11560,1993,1347411.75,2.746935e+21,-35.842072,-42.769627,4.928815,0.811166,1605.690063,-39.3058495,2.8699905,0.12238129246078651,0.17225600424651513
2012.08.29_20:00:00_TAI,11560,1993,1463473.25,2.914041e+21,-35.129612,-42.478355,4.976015,0.726978,1769.051636,-38.8039835,2.8514965,0.12982618950347305,0.18978118700801883
2012.08.29_21:00:00_TAI,11560,1993,1532799.75,3.159277e+21,-34.425114,-41.985909,5.018449,0.665696,1871.661255,-38.2055115,2.8420725,0.14075192987880536,0.20078899192223365
2012.08.29_22:00:00_TAI,11560,1993,1664689.875,3.486574e+21,-33.696419,-41.537342,5.067697,0.632113,1978.917358,-37.6168805,2.849905,0.15533364727602736,0.21229526462053624
2012.08.29_23:00:00_TAI,11560,1993,1743196.25,3.789872e+21,-33.041016,-41.050488,5.120454,0.594691,2073.171631,-37.045752,2.8575725,0.1688461625851889,0.22240672063827224
2012.08.30_00:00:00_TAI,11560,1993,1804421.125,3.842305e+21,-32.360455,-40.539143,5.164612,0.569171,2162.916992,-36.449799,2.8668915,0.1711821546299939,0.2320344673882507
2012.08.30_01:00:00_TAI,11560,1993,1942373.75,4.094997e+21,-31.710005,-40.016102,5.198472,0.5415,2246.094727,-35.8630535,2.869986,0.1824400742948207,0.24095764914264609
2012.08.30_02:00:00_TAI,11560,1993,2050414.625,4.158899e+21,-31.005331,-39.548874,5.208884,0.504726,2349.266846,-35.2771025,2.856805,0.18528703257771753,0.2520257982070935
2012.08.30_03:00:00_TAI,11560,1993,2118207.25,4.37899e+21,-30.333998,-39.010891,5.229033,0.485135,2431.999268,-34.6724445,2.857084,0.19509251433792918,0.2609012074555821
2012.08.30_04:00:00_TAI,11560,1993,2205390.75,4.456394e+21,-29.601049,-38.465134,5.283353,0.46189,2526.103271,-34.0330915,2.8726215,0.1985410129597148,0.2709965427347306
2012.08.30_05:00:00_TAI,11560,1993,2324151.0,4.398542e+21,-28.971722,-37.916679,5.320661,0.456631,2592.369385,-33.4442005,2.888646,0.1959635939339856,0.2781054713365912
2012.08.30_06:00:00_TAI,11560,1993,2442221.25,4.351255e+21,-28.312138,-37.530186,5.354763,0.423803,2694.594238,-32.921162,2.8892830000000003,0.1938568661895748,0.2890719991355911
2012.08.30_07:00:00_TAI,11560,1993,2655528.0,4.617524e+21,-27.62236,-37.219631,5.391091,0.367902,2836.01001,-32.420995500000004,2.8794965,0.20571966758904042,0.3042428695192837
2012.08.30_08:00:00_TAI,11560,1993,2833110.0,5.006522e+21,-26.975142,-36.768066,5.427599,0.341719,2941.714355,-31.871603999999998,2.884659,0.22305028444188224,0.3155826719635834
2012.08.30_09:00:00_TAI,11560,1993,3000104.75,5.375955e+21,-26.361839,-36.387112,5.486028,0.295012,3073.695312,-31.374475500000003,2.89052,0.23950924252340428,0.3297413896472284
2012.08.30_10:00:00_TAI,11560,1993,3129008.0,5.369146e+21,-25.71373,-35.855064,5.531618,0.255469,3181.853027,-30.784397,2.8935435,0.23920588834124654,0.3413443859188279
2012.08.30_11:00:00_TAI,11560,1993,3219845.5,5.573033e+21,-25.075478,-35.37022,5.563253,0.253514,3266.518555,-30.222849000000004,2.9083835,0.24828945041168227,0.3504271758586579
2012.08.30_12:00:00_TAI,11560,1993,3295339.75,5.729223e+21,-24.465227,-34.912727,5.58538,0.213634,3360.519043,-29.688976999999998,2.899507,0.2552480184409404,0.36051140620498623
2012.08.30_13:00:00_TAI,11560,1993,3427361.0,5.806718e+21,-23.859369,-34.429688,5.598605,0.18671,3451.903564,-29.1445285,2.8926575,0.25870057128956936,0.37031499956348973
2012.08.30_14:00:00_TAI,11560,1993,3546092.0,5.974235e+21,-23.196169,-33.94183,5.641607,0.180636,3551.852051,-28.568999500000004,2.9111214999999997,0.266163779180966,0.3810373222569102
2012.08.30_16:00:00_TAI,11560,1993,3958307.0,6.283408e+21,-21.93531,-32.916954,5.781035,0.172134,3738.143311,-27.426132,2.9765845,0.27993803715721177,0.40102236719995077
2012.08.30_17:00:00_TAI,11560,1993,4174813.75,6.64888e+21,-21.278929,-32.41095,5.835676,0.114933,3883.036377,-26.844939500000002,2.9753045,0.2962205249911899,0.4165662764308237
2012.08.30_18:00:00_TAI,11560,1993,4433194.0,7.043128e+21,-20.664879,-31.910154,5.865538,0.093367,3970.819092,-26.2875165,2.9794525,0.31378503954653253,0.42598347348288684
2012.08.30_19:00:00_TAI,11560,1993,4636394.5,7.192376e+21,-20.074783,-31.407372,5.894472,0.07888,4059.772217,-25.7410775,2.986676,0.3204343279851696,0.43552623035161436
2012.08.30_20:00:00_TAI,11560,1993,4733169.0,7.41643e+21,-19.46063,-30.873638,5.913484,0.03659,4162.047363,-25.167133999999997,2.9750370000000004,0.3304163690968119,0.4464981535076767
2012.08.30_21:00:00_TAI,11560,1993,4848535.5,7.77002e+21,-18.84848,-30.34371,5.932659,0.005583,4243.62793,-24.596095,2.969121,0.3461694907401014,0.4552499934918699
2012.08.30_22:00:00_TAI,11560,1993,4954810.5,8.070668e+21,-18.237677,-29.816746,5.971226,-0.049495,4349.728027,-24.0272115,2.9608654999999997,0.35956394339942915,0.46663225161286803
2012.08.30_23:00:00_TAI,11560,1993,5092373.0,8.04902e+21,-17.600128,-29.295219,6.020812,-0.122226,4466.637695,-23.4476735,2.949293,0.3585994829301457,0.47917414418075316
2012.08.31_00:00:00_TAI,11560,1993,5233714.0,8.153675e+21,-16.998251,-28.776161,6.048728,-0.153008,4548.534668,-22.887206,2.94786,0.3632620665597123,0.4879599277226326
2012.08.31_01:00:00_TAI,11560,1993,5402993.5,8.217152e+21,-16.397924,-28.256987,6.074015,-0.181815,4613.071777,-22.3274555,2.9461,0.3660900902666924,0.4948833712800969
2012.08.31_02:00:00_TAI,11560,1993,5579895.5,8.531652e+21,-15.792468,-27.704641,6.133938,-0.196872,4717.031738,-21.748554499999997,2.968533,0.38010167644507575,0.5060360388441132
2012.08.31_03:00:00_TAI,11560,1993,5729932.0,8.708563e+21,-15.164026,-27.161362,6.158154,-0.235778,4799.118652,-21.162694000000002,2.961188,0.3879834052921472,0.5148421989695293
2012.08.31_04:00:00_TAI,11560,1993,5868069.0,8.93766e+21,-14.566408,-26.618595,6.178031,-0.253878,4862.613281,-20.592501499999997,2.9620765,0.39819012185402025,0.5216538068474657
2012.08.31_05:00:00_TAI,11560,1993,5997189.0,9.187551e+21,-13.971078,-26.1099,6.224117,-0.279078,4933.416504,-20.040489,2.9725194999999998,0.40932325152557,0.5292494696486465
2012.08.31_06:00:00_TAI,11560,1993,6188329.5,9.073373e+21,-13.405343,-25.568964,6.3009,-0.296751,5010.416504,-19.4871535,3.0020745,0.4042363997396385,0.5375099133249314
2012.08.31_07:00:00_TAI,11560,1993,6360127.0,9.185768e+21,-12.782515,-25.029671,6.359598,-0.322952,5100.416992,-18.906093,3.018323,0.40924381541060634,0.5471650297140501
2012.08.31_08:00:00_TAI,11560,1993,6498012.0,9.130817e+21,-12.157109,-24.55789,6.377505,-0.339024,5192.039062,-18.3574995,3.0192405,0.4067956415724876,0.5569941069704089
2012.08.31_09:00:00_TAI,11560,1993,6623586.5,9.522619e+21,-11.531221,-24.05571,6.395445,-0.366146,5321.368164,-17.7934655,3.0146495,0.4242511820744365,0.5708683376558048
2012.08.31_10:00:00_TAI,11560,1993,6713344.5,9.536921e+21,-10.879632,-23.524307,6.408773,-0.402624,5416.116699,-17.2019695,3.0030745,0.4248883639679921,0.5810328173542204
2012.08.31_11:00:00_TAI,11560,1993,6783844.0,9.608332e+21,-10.288535,-23.026094,6.422601,-0.416645,5499.834961,-16.6573145,3.002978,0.4280698627933801,0.5900139860286028
2012.08.31_12:00:00_TAI,11560,1993,6873659.5,9.731729e+21,-9.700209,-22.463928,6.414697,-0.427927,5552.76416,-16.0820685,2.993385,0.43356743894490307,0.595692150537309
2012.08.31_13:00:00_TAI,11560,1993,7001900.5,9.770682e+21,-9.113586,-21.967943,6.432953,-0.442227,5620.862305,-15.540764500000002,2.995363,0.43530287079357266,0.6029976166572046
2012.08.31_14:00:00_TAI,11560,1993,7214765.5,1.001101e+22,-8.527075,-21.474846,6.448843,-0.45873,5709.389648,-15.0009605,2.9950565,0.4460099502310241,0.6124946962762001
2012.08.31_15:00:00_TAI,11560,1993,7424964.0,1.031197e+22,-7.910513,-20.91876,6.466862,-0.483515,5807.155762,-14.4146365,2.9916735,0.459418303096672,0.6229828972910864
2012.08.31_16:00:00_TAI,11560,1993,7641104.0,1.047842e+22,-7.293934,-20.363705,6.484967,-0.500579,5899.639648,-13.8288195,2.992194,0.46683397406453175,0.6329044288659816
2012.08.31_17:00:00_TAI,11560,1993,7901451.0,1.089611e+22,-6.648993,-19.842087,6.590993,-0.531239,6032.816406,-13.24554,3.029877,0.48544287527549806,0.647191430274413
2012.08.31_18:00:00_TAI,11560,1993,8118613.0,1.067164e+22,-6.002676,-19.321968,6.607876,-0.541646,6125.634766,-12.662322,3.033115,0.47544230055542913,0.6571488437147393
2012.08.31_19:00:00_TAI,11560,1993,8309400.0,1.104975e+22,-5.327974,-18.804361,6.631495,-0.587666,6270.384766,-12.0661675,3.0219145000000003,0.49228783584925584,0.6726774050412616
2012.08.31_20:00:00_TAI,11560,1993,8390537.0,1.121996e+22,-4.684942,-18.324463,6.675359,-0.596423,6391.041016,-11.5047025,3.0394680000000003,0.49987102212404955,0.6856212252661543
2012.08.31_21:00:00_TAI,11560,1993,8435988.0,1.170812e+22,-4.045312,-17.814159,6.691274,-0.630332,6491.500977,-10.9297355,3.030471,0.5216194987817272,0.6963984181176123
2012.08.31_22:00:00_TAI,11560,1993,8408921.0,1.127092e+22,-3.433952,-17.270288,6.732443,-0.638589,6566.036621,-10.352120000000001,3.046927,0.5021413891563243,0.7043944894051137
2012.08.31_23:00:00_TAI,11560,1993,8374167.0,1.117378e+22,-2.854749,-16.700449,6.772019,-0.65359,6630.023438,-9.777598999999999,3.0592145,0.4978136133809089,0.7112588984681428
2012.09.01_00:00:00_TAI,11560,1993,8365401.0,1.127486e+22,-2.244714,-16.130669,6.784495,-0.663656,6678.34668,-9.1876915,3.0604195,0.5023169238130583,0.7164429428680971
2012.09.01_01:00:00_TAI,11560,1993,8455126.0,1.142289e+22,-1.637165,-15.564634,6.794192,-0.656647,6702.777832,-8.6008995,3.0687724999999997,0.5089119479847152,0.7190638799465744
2012.09.01_02:00:00_TAI,11560,1993,8593336.0,1.153539e+22,-0.99822,-15.00048,6.868017,-0.664378,6790.594727,-7.99935,3.1018195,0.513924041609733,0.7284847437774019
2012.09.01_03:00:00_TAI,11560,1993,8879901.0,1.174091e+22,-0.386939,-14.495156,6.904294,-0.661079,6854.027832,-7.4410475,3.1216075,0.5230803570036323,0.7352897514535623
2012.09.01_04:00:00_TAI,11560,1993,9140610.0,1.191546e+22,0.251029,-13.934554,6.968626,-0.705313,6965.442871,-6.8417625,3.1316565,0.5308568987124934,0.7472421885230504
2012.09.01_05:00:00_TAI,11560,1993,9491504.0,1.245881e+22,0.893738,-13.430895,6.969773,-0.706746,7065.92627,-6.268578499999999,3.1315135,0.5550641971227465,0.7580218957677406
2012.09.01_06:00:00_TAI,11560,1993,9746142.0,1.273395e+22,1.534236,-12.931022,7.091865,-0.755258,7244.725586,-5.698393,3.1683035000000004,0.5673222188115236,0.777203216276523
2012.09.01_07:00:00_TAI,11560,1993,9956286.0,1.246553e+22,2.173558,-12.372519,7.183829,-0.780814,7379.325195,-5.0994805,3.2015075,0.5553635861819475,0.7916428589907367
2012.09.01_08:00:00_TAI,11560,1993,10057541.0,1.231067e+22,2.813607,-11.813787,7.213129,-0.805981,7507.019531,-4.50009,3.203574,0.5484642722373229,0.8053417144492897
2012.09.01_09:00:00_TAI,11560,1993,10023895.0,1.211708e+22,3.426397,-11.253353,7.242846,-0.857919,7617.681152,-3.9134780000000005,3.1924635,0.5398394615273922,0.8172133259739245
2012.09.01_10:00:00_TAI,11560,1993,10010380.0,1.239032e+22,4.066782,-10.696156,7.330593,-0.875584,7719.775879,-3.314687,3.2275045,0.5520128345238355,0.8281658940522254
2012.09.01_11:00:00_TAI,11560,1993,9954485.0,1.219668e+22,4.709129,-10.108156,7.390554,-0.903227,7809.607422,-2.6995134999999997,3.2436635,0.5433857962167381,0.837802886276969
2012.09.01_12:00:00_TAI,11560,1993,9959747.0,1.21393e+22,5.350048,-9.552388,7.386979,-0.932415,7871.683105,-2.10117,3.227282,0.5408294057082623,0.8444622717716236
2012.09.01_13:00:00_TAI,11560,1993,9985819.0,1.218665e+22,5.964056,-8.965737,7.384361,-0.988461,7931.831543,-1.5008405000000002,3.19795,0.5429389402251031,0.8509149053341627
2012.09.01_14:00:00_TAI,11560,1993,9984011.0,1.209824e+22,6.609788,-8.379466,7.381741,-0.986307,7978.190918,-0.8848390000000004,3.197717,0.5390001029149891,0.8558882690491662
2012.09.01_15:00:00_TAI,11560,1993,10152987.0,1.232253e+22,7.254047,-7.795351,7.380479,-1.037561,8032.717773,-0.2706520000000001,3.171459,0.5489926582852581,0.8617378276799772
2012.09.01_16:00:00_TAI,11560,1993,10401259.0,1.276189e+22,7.901805,-7.241543,7.351877,-1.063185,8086.255859,0.3301310000000002,3.144346,0.5685670001082612,0.8674813126661991
2012.09.01_17:00:00_TAI,11560,1993,10730628.0,1.28279e+22,8.548723,-6.658645,7.375744,-1.09152,8168.944824,0.9450390000000004,3.142112,0.5715078738877051,0.8763520599133782
2012.09.01_18:00:00_TAI,11560,1993,11002489.0,1.309083e+22,9.200003,-6.075176,7.43471,-1.145094,8277.995117,1.5624135000000003,3.144808,0.5832219163483802,0.8880508106044022
2012.09.01_19:00:00_TAI,11560,1993,11171403.0,1.34518e+22,9.908337,-5.494557,7.522613,-1.169855,8388.935547,2.2068899999999996,3.176379,0.5993038313334709,0.8999523323373607
2012.09.01_20:00:00_TAI,11560,1993,11226744.0,1.406863e+22,10.561322,-4.944739,7.61015,-1.194569,8491.270508,2.8082915,3.2077904999999998,0.6267848065398689,0.9109306723562608
2012.09.01_21:00:00_TAI,11560,1993,11285317.0,1.409131e+22,11.275011,-4.365526,7.607768,-1.222705,8561.443359,3.4547424999999996,3.1925315000000003,0.6277952446146725,0.9184587098015833
2012.09.01_22:00:00_TAI,11560,1993,11325893.0,1.40706e+22,11.897272,-3.787622,7.631243,-1.282604,8613.297852,4.054824999999999,3.1743195,0.6268725738682359,0.924021581474165
2012.09.01_23:00:00_TAI,11560,1993,11261847.0,1.419359e+22,12.552043,-3.180023,7.624384,-1.281082,8647.24707,4.68601,3.1716509999999998,0.6323520173788221,0.9276636022942029
2012.09.02_00:00:00_TAI,11560,1993,11134849.0,1.404555e+22,13.177003,-2.603575,7.621881,-1.283724,8678.263672,5.286714,3.1690785,0.6257565476877319,0.9309910165000566
2012.09.02_01:00:00_TAI,11560,1993,11122303.0,1.413962e+22,13.77632,-2.026744,7.705825,-1.312121,8745.927734,5.874788000000001,3.196852,0.6299475489971135,0.9382499148514807
2012.09.02_02:00:00_TAI,11560,1993,11123163.0,1.411528e+22,14.405381,-1.449025,7.751625,-1.316346,8786.983398,6.478178,3.2176394999999998,0.6288631546963763,0.9426543044627076
2012.09.02_03:00:00_TAI,11560,1993,11278011.0,1.434574e+22,15.0358,-0.901961,7.773715,-1.348491,8827.19043,7.0669195,3.212612,0.6391305955570129,0.9469676541150008
2012.09.02_04:00:00_TAI,11560,1993,11380765.0,1.43053e+22,15.609405,-0.325854,7.851046,-1.354978,8884.957031,7.6417755000000005,3.248034,0.6373289149686066,0.9531647678024152
2012.09.02_05:00:00_TAI,11560,1993,11572803.0,1.441429e+22,16.212793,0.222542,7.930097,-1.42552,8973.323242,8.217667500000001,3.2522885,0.6421846312725239,0.9626445614238724
2012.09.02_06:00:00_TAI,11560,1993,11788920.0,1.518347e+22,16.815092,0.79882,7.990942,-1.408135,9032.084961,8.806956,3.2914035000000004,0.6764530950457793,0.9689484298670046
2012.09.02_07:00:00_TAI,11560,1993,12005523.0,1.498144e+22,17.392048,1.345565,8.040154,-1.448551,9078.262695,9.3688065,3.2958014999999996,0.667452265934114,0.9739023074099324
2012.09.02_08:00:00_TAI,11560,1993,12132749.0,1.506379e+22,17.96917,1.922165,8.204961,-1.459649,9200.162109,9.945667499999999,3.3726560000000005,0.671121118467627,0.9869794923907005
2012.09.02_09:00:00_TAI,11560,1993,12146082.0,1.480725e+22,18.576077,2.49947,8.257833,-1.468606,9249.329102,10.5377735,3.3946134999999997,0.659691762924853,0.992254053123282
2012.09.02_10:00:00_TAI,11560,1993,12092228.0,1.503358e+22,19.158255,3.078989,8.357174,-1.481717,9305.254883,11.118622,3.4377285000000004,0.6697752042595223,0.9982536864220188
2012.09.02_11:00:00_TAI,11560,1993,12041181.0,1.52563e+22,19.735714,3.655365,8.406009,-1.492272,9321.533203,11.6955395,3.4568684999999997,0.6796978130787577,1.0
2012.09.02_12:00:00_TAI,11560,1993,12036144.0,1.536068e+22,20.29118,4.234511,8.417523,-1.501934,9306.964844,12.262845500000001,3.4577944999999994,0.6843481449239075,0.9984371284548649
2012.09.02_13:00:00_TAI,11560,1993,11955316.0,1.52262e+22,20.876251,4.814418,8.424759,-1.521956,9298.363281,12.8453345,3.4514015,0.6783567995844195,0.9975143657705855
2012.09.02_14:00:00_TAI,11560,1993,11921059.0,1.540873e+22,21.492964,5.394541,8.408484,-1.563735,9294.493164,13.4437525,3.4223744999999997,0.6864888658010818,0.9970991854654019
2012.09.02_15:00:00_TAI,11560,1993,11892674.0,1.55014e+22,22.084442,5.944571,8.412015,-1.587077,9287.750977,14.0145065,3.412469,0.6906174943897966,0.9963758938294476
2012.09.02_16:00:00_TAI,11560,1993,11906459.0,1.541912e+22,22.647852,6.494998,8.396582,-1.626142,9270.673828,14.571425,3.3852200000000003,0.6869517604923169,0.9945438830831358
2012.09.02_17:00:00_TAI,11560,1993,11916170.0,1.545406e+22,23.239288,7.074659,8.379209,-1.610726,9235.290039,15.1569735,3.3842415,0.6885084053923891,0.9907479636534208
2012.09.02_18:00:00_TAI,11560,1993,11975516.0,1.581321e+22,23.841473,7.62855,8.35819,-1.623757,9206.414062,15.7350115,3.3672165000000005,0.7045092358406128,0.98765019246373
2012.09.02_19:00:00_TAI,11560,1993,11975159.0,1.60669e+22,24.440981,8.17992,8.336555,-1.633002,9184.040039,16.3104505,3.3517765,0.7158116183448865,0.9852499410766727
2012.09.02_20:00:00_TAI,11560,1993,11874389.0,1.667768e+22,25.043839,8.733471,8.292443,-1.642845,9153.375,16.888655,3.324799,0.7430230542941169,0.9819602420183536
2012.09.02_21:00:00_TAI,11560,1993,11720468.0,1.612632e+22,25.619095,9.286872,8.264698,-1.651758,9116.15918,17.452983500000002,3.3064699999999996,0.7184588948177626,0.9779677850706037
2012.09.02_22:00:00_TAI,11560,1993,11583294.0,1.622692e+22,26.195938,9.841098,8.239259,-1.730652,9102.523438,18.018518,3.2543035000000002,0.7229408203171118,0.9765049632683264
2012.09.02_23:00:00_TAI,11560,1993,11351939.0,1.621262e+22,26.777851,10.396933,8.211978,-1.750383,9078.439453,18.587392,3.2307975,0.7223037275274429,0.9739212697411448
2012.09.03_00:00:00_TAI,11560,1993,11132675.0,1.601669e+22,27.390053,10.951226,8.174821,-1.767249,9046.067383,19.1706395,3.203786,0.7135746652701118,0.9704484429759531
2012.09.03_01:00:00_TAI,11560,1993,11012353.0,1.600447e+22,27.974695,11.508427,8.145864,-1.784547,9010.797852,19.741561,3.1806585,0.7130302405225766,0.9666647809718689
2012.09.03_02:00:00_TAI,11560,1993,10920069.0,1.595466e+22,28.568182,12.067924,8.115869,-1.85129,8991.541992,20.318053,3.1322894999999997,0.7108111082251353,0.9645990414008505
2012.09.03_03:00:00_TAI,11560,1993,10908146.0,1.606002e+22,29.129908,12.598267,8.079291,-1.874812,8968.087891,20.8640875,3.1022394999999996,0.7155051009747521,0.9620829208776245
2012.09.03_04:00:00_TAI,11560,1993,11022067.0,1.626393e+22,29.718393,13.156815,8.048772,-1.907316,8937.580078,21.437604,3.070728,0.7245896877398844,0.9588100887870645
2012.09.03_05:00:00_TAI,11560,1993,11144957.0,1.639601e+22,30.288849,13.719098,8.037892,-1.940786,8925.682617,22.0039735,3.0485529999999996,0.7304741084153721,0.9575337471444503
2012.09.03_12:00:00_TAI,11560,1993,10630462.0,1.617337e+22,34.180256,17.630379,7.961744,-2.075736,8692.21875,25.905317500000002,2.943004,0.7205550637516034,0.9324880961859938
2012.09.03_13:00:00_TAI,11560,1993,10566220.0,1.615705e+22,34.760941,18.139017,7.950275,-2.106702,8728.823242,26.449979,2.9217865000000005,0.7198279760364008,0.9364149707894357
2012.09.03_14:00:00_TAI,11560,1993,10502812.0,1.62546e+22,35.352501,18.681416,7.955647,-2.13408,8738.870117,27.016958499999998,2.9107835,0.724174018108583,0.9374927843616457
2012.09.03_15:00:00_TAI,11560,1993,10531501.0,1.638625e+22,35.916943,19.22558,7.94858,-2.135197,8724.741211,27.571261500000002,2.9066915,0.7300392814484372,0.9359770566704702
2012.09.03_16:00:00_TAI,11560,1993,10534550.0,1.65668e+22,36.482479,19.741907,7.928665,-2.133716,8706.431641,28.112192999999998,2.8974744999999995,0.7380831348172991,0.9340128336610934
2012.09.03_17:00:00_TAI,11560,1993,10498533.0,1.664816e+22,37.07795,20.256033,8.008058,-2.13179,8725.155273,28.6669915,2.938134,0.7417078809269122,0.9360214766163076
2012.09.03_18:00:00_TAI,11560,1993,10388290.0,1.66883e+22,37.651047,20.776094,8.037629,-2.122175,8706.619141,29.2135705,2.957727,0.7434961959323185,0.9340329483778377
2012.09.03_19:00:00_TAI,11560,1993,10219421.0,1.738208e+22,38.202019,21.296837,8.057702,-2.112641,8677.728516,29.749428,2.9725305000000004,0.7744054431782288,0.9309336057728355
2012.09.03_20:00:00_TAI,11560,1993,10036382.0,1.73604e+22,38.784889,21.789587,8.073304,-2.098016,8652.988281,30.287238000000002,2.9876440000000004,0.7734395570467586,0.9282795107370492
2012.09.03_21:00:00_TAI,11560,1993,9837227.0,1.696726e+22,39.368599,22.279539,8.077312,-2.082579,8623.736328,30.824069,2.9973664999999996,0.7559244060446295,0.9251414054100645
2012.09.03_22:00:00_TAI,11560,1993,9529120.0,1.65825e+22,39.938194,22.807228,8.092356,-2.061409,8572.849609,31.372711000000002,3.0154735000000006,0.738782600327635,0.9196823550701888
2012.09.03_23:00:00_TAI,11560,1993,9218093.0,1.625044e+22,40.517563,23.365879,8.094848,-2.019983,8508.779297,31.941721,3.0374325000000004,0.7239886820243157,0.9128089887896952
2012.09.04_06:00:00_TAI,11560,1993,8223637.5,1.634642e+22,44.529194,27.411913,8.185021,-1.902083,7932.018555,35.970553499999994,3.1414690000000003,0.7282647775454643,0.8509349676990041
2012.09.04_07:00:00_TAI,11560,1993,8165455.5,1.677322e+22,45.171417,28.062471,8.258425,-1.943697,7947.328613,36.616944,3.1573640000000003,0.7472795469601987,0.8525774075923762
2012.09.04_08:00:00_TAI,11560,1993,8049991.0,1.573762e+22,45.770802,28.716555,8.311123,-1.997683,7949.460449,37.2436785,3.15672,0.7011415544440341,0.8528061077378967
2012.09.04_09:00:00_TAI,11560,1993,7945738.5,1.55239e+22,46.395496,29.23774,8.336103,-2.04088,7956.105469,37.816618,3.1476115,0.6916199131148002,0.853518975444881
2012.09.04_10:00:00_TAI,11560,1993,7796327.0,1.560345e+22,46.983379,29.795115,8.342842,-2.059502,7934.465332,38.389247,3.1416699999999995,0.6951640202069795,0.8511974542392239
2012.09.04_11:00:00_TAI,11560,1993,7645778.0,1.573556e+22,47.561283,30.355495,8.343955,-2.099589,7886.237305,38.958389000000004,3.1221829999999997,0.7010497774407671,0.8460236243606286
2012.09.04_12:00:00_TAI,11560,1993,7517840.5,1.599658e+22,48.1143,30.954546,8.33709,-2.129677,7825.978027,39.534423000000004,3.1037065,0.7126787256896753,0.8395591000503353
2012.09.04_13:00:00_TAI,11560,1993,7414851.0,1.599377e+22,48.660465,31.520309,8.333253,-2.137494,7754.330566,40.090387,3.0978794999999995,0.7125535347289083,0.8318728686719027
2012.09.04_14:00:00_TAI,11560,1993,7333811.0,1.603853e+22,49.210331,32.054573,8.331337,-2.135217,7688.539551,40.632452,3.09806,0.7145476797125152,0.8248149079730311
2012.09.04_15:00:00_TAI,11560,1993,7249554.5,1.612362e+22,49.760334,32.625984,8.320744,-2.128345,7617.625488,41.193159,3.0961995,0.7183386045707622,0.8172073544240959
2012.09.04_16:00:00_TAI,11560,1993,7170928.0,1.614393e+22,50.291367,33.171501,8.311039,-2.166618,7556.071289,41.731434,3.0722104999999997,0.7192434545398654,0.8106039129451567
2012.09.04_17:00:00_TAI,11560,1993,7068994.5,1.605074e+22,50.857628,33.750492,8.293092,-2.208189,7491.218262,42.30406,3.0424515,0.7150916589406172,0.803646578181909
2012.09.05_00:00:00_TAI,11560,1993,6161883.5,1.770357e+22,54.625507,37.832985,8.238932,-2.237599,6852.708496,46.229246,3.0006665000000003,0.7887284474405132,0.7351482150806001
2012.09.05_01:00:00_TAI,11560,1993,6134428.5,1.798197e+22,55.116577,38.490505,8.252452,-2.283775,6785.723145,46.803540999999996,2.9843385,0.8011317084645575,0.7279621278199291
2012.09.05_02:00:00_TAI,11560,1993,6107442.5,1.834284e+22,55.588184,39.076283,8.256872,-2.292311,6713.827148,47.3322335,2.9822805,0.8172091682553148,0.7202492338748793
2012.09.05_03:00:00_TAI,11560,1993,6055914.0,1.84731e+22,56.135014,39.665749,8.260628,-2.293396,6678.812012,47.900381499999995,2.9836160000000005,0.8230125043939355,0.7164928629820813
2012.09.05_04:00:00_TAI,11560,1993,6033330.0,1.82757e+22,56.682442,40.223068,8.29281,-2.29641,6652.212891,48.452754999999996,2.9981999999999998,0.8142179507799041,0.7136393494644294
2012.09.05_05:00:00_TAI,11560,1993,5990077.0,1.833231e+22,57.224651,40.784496,8.328108,-2.289087,6610.568848,49.0045735,3.0195105,0.8167400362920131,0.7091718394429453
2012.09.05_06:00:00_TAI,11560,1993,5967392.5,1.916131e+22,57.788784,41.349007,8.340945,-2.279974,6564.415527,49.568895499999996,3.0304854999999997,0.8536735973154782,0.7042205808897766
2012.09.05_07:00:00_TAI,11560,1993,5908268.5,1.995448e+22,58.345531,41.916847,8.373467,-2.276444,6517.870605,50.131189,3.0485115,0.8890108622093043,0.6992273119729185
2012.09.05_08:00:00_TAI,11560,1993,5863696.5,1.953673e+22,58.919933,42.487278,8.380543,-2.267297,6451.835938,50.7036055,3.0566229999999996,0.8703992878817378,0.6921432126555715
2012.09.05_09:00:00_TAI,11560,1993,5760430.0,1.881771e+22,59.511723,43.064011,8.415207,-2.25149,6385.419434,51.287867000000006,3.0818585,0.8383655495860902,0.6850181504417048
2012.09.05_10:00:00_TAI,11560,1993,5680275.5,1.905308e+22,60.103508,43.605892,8.440486,-2.234236,6307.209473,51.854699999999994,3.103125,0.8488517404884942,0.676627903977225
2012.09.05_11:00:00_TAI,11560,1993,5597891.0,1.975921e+22,60.69746,44.190788,8.455754,-2.205631,6225.401367,52.444124,3.1250615,0.8803112042345732,0.6678516539528545
2012.09.05_12:00:00_TAI,11560,1993,5494319.0,2.009641e+22,61.26812,44.743084,8.460597,-2.164467,6139.052246,53.005602,3.148065,0.8953341195266268,0.6585882506993844
2012.09.05_13:00:00_TAI,11560,1993,5400951.0,2.030604e+22,61.867378,45.337849,8.460872,-2.137192,6050.92041,53.602613500000004,3.1618399999999998,0.9046735434076267,0.6491336004738575
2012.09.05_14:00:00_TAI,11560,1993,5317497.0,2.045348e+22,62.42239,45.899677,8.455585,-2.118115,5959.575195,54.1610335,3.168735,0.911242281932717,0.6393342238036547
2012.09.05_15:00:00_TAI,11560,1993,5227529.0,2.062513e+22,62.994713,46.423325,8.450744,-2.112725,5874.345215,54.709019,3.1690095,0.9188896230059108,0.6301908803059809
2012.09.05_16:00:00_TAI,11560,1993,5148722.0,2.026202e+22,63.54549,46.991665,8.439861,-2.103046,5786.612305,55.2685775,3.1684075000000003,0.9027123668620863,0.6207790262590774
2012.09.05_17:00:00_TAI,11560,1993,5019949.5,2.025699e+22,64.107979,47.526852,8.435406,-2.091954,5694.901367,55.817415499999996,3.1717260000000005,0.902488270587119,0.6109404153779314
2012.09.05_18:00:00_TAI,11560,1993,4931059.5,2.19293e+22,64.665268,48.116169,8.417472,-2.082682,5610.492188,56.3907185,3.167395,0.9769929309431514,0.6018851261715555
2012.09.05_19:00:00_TAI,11560,1993,4809209.0,2.229198e+22,65.235909,48.667309,8.402937,-2.077085,5522.280762,56.951609000000005,3.1629259999999997,0.9931510297513423,0.5924219376510652
2012.09.05_20:00:00_TAI,11560,1993,4675704.0,2.161258e+22,65.817047,49.265316,8.375285,-2.066419,5425.35498,57.5411815,3.154433,0.9628824394505677,0.5820238861836514
2012.09.05_21:00:00_TAI,11560,1993,4571951.5,2.129248e+22,66.398056,49.83073,8.347573,-2.046877,5325.433594,58.114393,3.150348,0.9486213623895169,0.5713044708445695
2012.09.05_22:00:00_TAI,11560,1993,4427818.5,2.22349e+22,66.941277,50.399761,8.31776,-2.027268,5210.520508,58.670519,3.145246,0.9906080048258665,0.5589767685774126
2012.09.05_23:00:00_TAI,11560,1993,4291154.0,2.240406e+22,67.486847,50.981148,8.283271,-2.005902,5091.930664,59.2339975,3.1386844999999997,0.9981444115601601,0.5462546292664855
2012.09.06_00:00:00_TAI,11560,1993,4159631.0,2.244571e+22,68.013756,51.566551,8.248878,-1.989297,4972.122559,59.7901535,3.1297904999999995,1.0,0.5334017967559022
2012.12.03_01:00:00_TAI,11626,2259,37622.0,8.745354e+19,-48.967709,-50.732304,13.045135,12.219594,68.757469,-49.8500065,12.632364500000001,0.07109743327924349,0.05712672682989909
2012.12.03_02:00:00_TAI,11626,2259,167312.703125,5.154737e+20,-47.779377,-50.55621,13.321043,11.979853,176.477448,-49.1677935,12.650448,0.41906659230666676,0.14662521919667695
2012.12.03_03:00:00_TAI,11626,2259,248610.5,6.929642e+20,-46.801693,-50.175915,13.536348,11.889588,269.687103,-48.488804,12.712968,0.5633617115373984,0.22406789672010552
2012.12.03_04:00:00_TAI,11626,2259,285439.3125,7.293221e+20,-46.130272,-49.693913,13.534996,11.886999,289.862762,-47.9120925,12.7109975,0.5929197302227874,0.24083072084770968
2012.12.03_05:00:00_TAI,11626,2259,331035.09375,8.459291e+20,-45.48024,-49.331902,13.593368,11.763414,347.282623,-47.406071,12.678391,0.6877181615086192,0.2885376647138048
2012.12.03_06:00:00_TAI,11626,2259,393765.5,1.088947e+21,-44.516468,-49.166252,13.896089,11.579413,535.236145,-46.84136,12.737751,0.885285337530446,0.44469771051205004
2012.12.03_07:00:00_TAI,11626,2259,421919.5,1.174759e+21,-43.879108,-48.702682,13.923773,11.548464,573.671082,-46.290895000000006,12.7361185,0.9550482418629458,0.4766311452160439
2012.12.03_08:00:00_TAI,11626,2259,427433.0,1.230052e+21,-43.282612,-48.188938,13.953184,11.518872,603.031738,-45.735775000000004,12.736028000000001,1.0,0.5010252684909806
2012.12.03_09:00:00_TAI,11626,2259,437214.3125,1.216301e+21,-42.641556,-47.714554,13.954631,11.43011,652.368958,-45.178055,12.692370499999999,0.9888207978199296,0.5420167990181824
2012.12.03_10:00:00_TAI,11626,2259,450622.09375,1.080592e+21,-42.028011,-47.351292,13.952388,11.395231,698.52356,-44.6896515,12.6738095,0.8784929417618118,0.5803640706490901
2012.03.04_12:00:00_TAI,11431,1455,23921.099609,1.431649e+19,15.455943,14.295895,-28.261499,-28.853943,43.319881,14.875919,-28.557721,0.0023282351131243503,0.015518976264747504
2012.03.04_13:00:00_TAI,11431,1455,197619.90625,2.417277e+20,16.530682,14.314073,-27.951448,-29.127958,156.573517,15.4223775,-28.539703,0.03931123613083856,0.056091121164692025
2012.03.04_14:00:00_TAI,11431,1455,422670.3125,5.56692e+20,17.742043,14.297396,-27.66333,-29.527203,380.362946,16.0197195,-28.5952665,0.09053265581126524,0.1362617669924679
2012.03.04_15:00:00_TAI,11431,1455,537098.5,7.02271e+20,18.766245,14.547997,-27.414476,-29.682159,562.872986,16.657121,-28.5483175,0.11420760264065778,0.20164442533444524
2012.03.04_16:00:00_TAI,11431,1455,594752.3125,7.726026e+20,19.523199,14.845041,-27.24312,-29.858572,707.752014,17.18412,-28.550846,0.12564535733347817,0.25354609599673744
2012.03.04_17:00:00_TAI,11431,1455,682713.3125,9.184198e+20,20.322584,15.159409,-27.085505,-30.004822,865.761169,17.7409965,-28.5451635,0.14935904170286454,0.3101515221764125
2012.03.04_18:00:00_TAI,11431,1455,781668.3125,1.034243e+21,21.194386,15.4337,-26.936089,-30.186342,1068.369507,18.314043,-28.5612155,0.16819491845438844,0.38273422360308407
2012.03.04_19:00:00_TAI,11431,1455,869747.3125,1.252302e+21,21.942947,15.840523,-26.785168,-30.266191,1199.016357,18.891735,-28.5256795,0.20365700591666325,0.4295373384180584
2012.03.04_20:00:00_TAI,11431,1455,931571.5,1.335191e+21,22.705452,16.226711,-26.692392,-30.314959,1314.67395,19.4660815,-28.5036755,0.2171369217543975,0.4709706803195477
2012.03.04_21:00:00_TAI,11431,1455,966741.6875,1.406563e+21,23.33415,16.667091,-26.647434,-30.42654,1395.816406,20.0006205,-28.536987,0.22874387265464688,0.5000392700676893
2012.03.04_22:00:00_TAI,11431,1455,1031213.8125,1.551192e+21,23.993622,17.0144,-26.61438,-30.521677,1490.767578,20.504011,-28.5680285,0.2522643246771791,0.5340547140292726
2012.03.04_23:00:00_TAI,11431,1455,1095672.875,1.739855e+21,24.659243,17.528128,-26.540033,-30.570892,1570.649414,21.0936855,-28.5554625,0.28294585493685714,0.5626716974616245
2012.03.05_00:00:00_TAI,11431,1455,1151384.25,1.812145e+21,25.301432,18.007147,-26.503117,-30.647116,1636.234863,21.654289499999997,-28.5751165,0.2947020966083674,0.5861671227224604
2012.03.05_01:00:00_TAI,11431,1455,1216306.25,1.991976e+21,26.03318,18.456053,-26.442875,-30.692625,1716.213989,22.2446165,-28.56775,0.32394731304258173,0.6148189594638691
2012.03.05_02:00:00_TAI,11431,1455,1294293.5,2.125272e+21,26.776407,18.825432,-26.347315,-30.765484,1853.31543,22.8009195,-28.556399499999998,0.34562472333232613,0.6639343762107821
2012.03.05_03:00:00_TAI,11431,1455,1389046.875,2.432517e+21,27.447641,19.232594,-26.306484,-30.834389,1938.44873,23.340117499999998,-28.5704365,0.3955907832626506,0.694432651634014
2012.03.05_04:00:00_TAI,11431,1455,1485043.875,2.570166e+21,28.117655,19.628735,-26.238262,-30.982004,2071.956055,23.873195,-28.610132999999998,0.41797610502004046,0.7422605071132322
2012.03.05_05:00:00_TAI,11431,1455,1581423.75,2.688909e+21,28.835188,20.086819,-26.121277,-31.023958,2198.940674,24.461003499999997,-28.5726175,0.43728681749479686,0.7877516590452748
2012.03.05_06:00:00_TAI,11431,1455,1647464.625,2.782709e+21,29.455769,20.544155,-26.087828,-31.100304,2273.551025,24.999962,-28.594065999999998,0.4525411468458503,0.8144801781350083
2012.03.05_07:00:00_TAI,11431,1455,1697204.375,2.949541e+21,30.131727,21.082092,-26.055954,-31.119448,2319.534912,25.6069095,-28.587701,0.4796723864438776,0.8309535117278182
2012.03.05_08:00:00_TAI,11431,1455,1754350.375,3.01074e+21,30.78117,21.540621,-26.021587,-31.137798,2370.807861,26.160895500000002,-28.5796925,0.4896249419018213,0.8493216064729217
2012.03.05_09:00:00_TAI,11431,1455,1822226.375,3.061682e+21,31.457809,21.959709,-25.962425,-31.15374,2437.307861,26.708759,-28.558082499999998,0.49790944132401077,0.8731446617949274
2012.03.05_10:00:00_TAI,11431,1455,1869144.75,3.202558e+21,32.095821,22.384031,-25.914772,-31.213991,2522.928467,27.239926,-28.5643815,0.5208195575463883,0.9038175104181105
2012.03.05_11:00:00_TAI,11431,1455,1901327.875,3.318953e+21,32.690372,22.891338,-25.880487,-31.232151,2558.792725,27.790855,-28.556319000000002,0.5397484239090309,0.9166655736123462
2012.03.05_12:00:00_TAI,11431,1455,1962193.5,3.332944e+21,33.313492,23.270781,-25.843969,-31.29528,2624.45166,28.292136499999998,-28.569624500000003,0.5420237258488027,0.9401873246031582
2012.03.05_13:00:00_TAI,11431,1455,2022221.625,3.515165e+21,33.922176,23.802933,-25.810318,-31.327751,2653.474609,28.8625545,-28.5690345,0.5716576186918552,0.9505845474548086
2012.03.05_14:00:00_TAI,11431,1455,2059822.25,3.619157e+21,34.556843,24.307884,-25.77796,-31.346186,2683.932617,29.4323635,-28.562072999999998,0.5885694333813515,0.9614958678996521
2012.03.05_15:00:00_TAI,11431,1455,2076361.25,3.661382e+21,35.211735,24.838333,-25.744028,-31.350241,2712.684326,30.025033999999998,-28.5471345,0.5954363209810128,0.9717959213449034
2012.03.05_16:00:00_TAI,11431,1455,2113812.0,3.749322e+21,35.848598,25.296457,-25.686382,-31.356508,2762.044922,30.5725275,-28.521445,0.6097376613129066,0.9894789320100942
2012.03.05_17:00:00_TAI,11431,1455,2102585.5,3.705093e+21,36.453762,25.821444,-25.651129,-31.370989,2781.71167,31.137603,-28.511059000000003,0.6025448709838263,0.9965243760041986
2012.03.05_18:00:00_TAI,11431,1455,2099534.0,3.891466e+21,37.01833,26.366838,-25.633762,-31.384209,2785.047852,31.692584,-28.5089855,0.6328539874459146,0.9977195346260074
2012.03.05_19:00:00_TAI,11431,1455,2068706.5,3.938044e+21,37.608826,26.906775,-25.622759,-31.408447,2791.413574,32.2578005,-28.515603,0.6404287865132214,1.0
2012.03.05_20:00:00_TAI,11431,1455,2022926.75,3.826004e+21,38.201775,27.422853,-25.618383,-31.41853,2787.856689,32.812314,-28.5184565,0.6222081568704492,0.9987257764191126
2012.03.05_21:00:00_TAI,11431,1455,1967757.25,3.690912e+21,38.809441,27.959455,-25.610346,-31.427053,2783.690186,33.384448,-28.5186995,0.6002386700826824,0.9972331624120703
2012.03.05_22:00:00_TAI,11431,1455,1934875.875,3.744292e+21,39.391014,28.502012,-25.591099,-31.435886,2771.869385,33.946512999999996,-28.513492499999998,0.6089196519671092,0.9929984617177332
2012.03.05_23:00:00_TAI,11431,1455,1859436.125,3.74924e+21,39.940979,29.036825,-25.585432,-31.46348,2758.038818,34.488901999999996,-28.524456,0.6097243259716829,0.9880437795707301
2012.03.06_00:00:00_TAI,11431,1455,1818623.875,3.668409e+21,40.501732,29.568365,-25.58708,-31.468044,2734.121094,35.0350485,-28.527562,0.596579094673442,0.9794754598409787
2012.03.06_01:00:00_TAI,11431,1455,1779147.125,3.678096e+21,41.046616,30.105579,-25.594,-31.473484,2709.645752,35.5760975,-28.533742,0.59815445382508,0.9707073782396101
2012.03.06_02:00:00_TAI,11431,1455,1759583.125,3.63598e+21,41.608837,30.647488,-25.600853,-31.490128,2683.363037,36.1281625,-28.5454905,0.5913052924716795,0.9612918207440084
2012.03.06_03:00:00_TAI,11431,1455,1734719.875,3.750243e+21,42.250313,31.190197,-25.602236,-31.507872,2671.309082,36.720255,-28.555054,0.6098874399625049,0.9569735946265052
2012.03.06_04:00:00_TAI,11431,1455,1716827.0,3.691445e+21,42.839706,31.729679,-25.595673,-31.532814,2661.813721,37.2846925,-28.5642435,0.6003253498006367,0.9535719628910854
2012.03.06_05:00:00_TAI,11431,1455,1707242.25,3.502521e+21,43.431179,32.276882,-25.562103,-31.532526,2640.583496,37.8540305,-28.5473145,0.5696013741256001,0.9459664166553917
2012.03.06_06:00:00_TAI,11431,1455,1699928.75,3.567022e+21,43.994877,32.834286,-25.551191,-31.537121,2609.212158,38.4145815,-28.544156,0.5800909210069679,0.9347279035621684
2012.03.06_07:00:00_TAI,11431,1455,1667777.75,3.676683e+21,44.564732,33.360867,-25.544971,-31.530575,2584.168945,38.9627995,-28.537773,0.5979246631281393,0.9257563870397657
2012.03.06_08:00:00_TAI,11431,1455,1663954.875,3.720748e+21,45.111191,33.894577,-25.555004,-31.529577,2557.88916,39.502883999999995,-28.5422905,0.6050907827747724,0.9163418791915641
2012.03.06_09:00:00_TAI,11431,1455,1666433.375,3.50567e+21,45.71862,34.376114,-25.569975,-31.561979,2560.266357,40.047367,-28.565977,0.570113483753814,0.9171934896523506
2012.03.06_10:00:00_TAI,11431,1455,1635916.25,3.476219e+21,46.33215,34.887093,-25.581995,-31.611635,2559.103027,40.6096215,-28.596815,0.5653239821150307,0.9167767366456175
2012.03.06_11:00:00_TAI,11431,1455,1608723.375,3.538256e+21,46.9062,35.40176,-25.592546,-31.630772,2547.19873,41.153980000000004,-28.611659,0.5754128182552365,0.9125121242245561
2012.03.06_12:00:00_TAI,11431,1455,1597018.75,3.630713e+21,47.465149,35.920029,-25.607103,-31.638023,2523.837402,41.692589,-28.622563,0.5904487407372232,0.9041431285953903
2012.03.06_13:00:00_TAI,11431,1455,1584097.375,3.714509e+21,48.022457,36.461052,-25.622688,-31.637001,2493.50708,42.2417545,-28.6298445,0.604076158458981,0.8932775505662135
2012.03.06_14:00:00_TAI,11431,1455,1574008.25,3.796679e+21,48.565166,36.989277,-25.627142,-31.658371,2467.581543,42.777221499999996,-28.642756499999997,0.6174391461218389,0.8839899490293156
2012.03.06_15:00:00_TAI,11431,1455,1579500.75,3.812242e+21,49.113678,37.529469,-25.640701,-31.659609,2450.602539,43.3215735,-28.650154999999998,0.6199700963104364,0.87790736629842
2012.03.06_16:00:00_TAI,11431,1455,1567984.75,3.728244e+21,49.647091,38.061733,-25.648808,-31.663862,2458.402344,43.854411999999996,-28.656335,0.6063098281139567,0.8807015796219668
2012.03.06_17:00:00_TAI,11431,1455,1551917.75,3.924638e+21,50.186008,38.583912,-25.635263,-31.66543,2459.765625,44.38496,-28.650346499999998,0.638248620849253,0.8811899633615523
2012.03.06_18:00:00_TAI,11431,1455,1530776.25,4.318265e+21,50.713554,39.071953,-25.623182,-31.661787,2450.923096,44.8927535,-28.642484500000002,0.7022626496282205,0.8780222030975908
2012.03.06_19:00:00_TAI,11431,1455,1490037.75,4.449451e+21,51.24752,39.591072,-25.621141,-31.658924,2430.741943,45.419296,-28.6400325,0.7235969188206225,0.8707924779189312
2012.03.06_20:00:00_TAI,11431,1455,1468527.5,4.223825e+21,51.780094,40.127689,-25.63168,-31.652166,2399.590576,45.9538915,-28.641923,0.6869042395651769,0.8596327675520574
2012.03.06_21:00:00_TAI,11431,1455,1442572.25,4.151884e+21,52.313602,40.670132,-25.649441,-31.651667,2368.074951,46.491867,-28.650554,0.6752047544069237,0.8483425648771313
2012.03.06_22:00:00_TAI,11431,1455,1410185.875,4.36212e+21,52.841728,41.209412,-25.673899,-31.65943,2331.194092,47.02557,-28.6666645,0.7093946177912317,0.8351303130834457
2012.03.06_23:00:00_TAI,11431,1455,1370167.875,4.555166e+21,53.369926,41.744228,-25.693451,-31.660946,2297.391113,47.557077,-28.6771985,0.7407889383019297,0.8230206854328351
2012.03.07_00:00:00_TAI,11431,1455,1329669.25,4.50143e+21,53.907894,42.290798,-25.713604,-31.652117,2259.560303,48.099346,-28.6828605,0.7320500615214584,0.8094681218312367
2012.03.07_01:00:00_TAI,11431,1455,1312942.625,4.448487e+21,54.437508,42.837379,-25.724335,-31.652966,2224.255371,48.6374435,-28.6886505,0.7234401472481874,0.7968204323849863
2012.03.07_02:00:00_TAI,11431,1455,1285312.625,4.448624e+21,54.976475,43.385582,-25.739605,-31.658587,2194.8396,49.1810285,-28.699096,0.7234624270255977,0.7862824844169793
2012.03.07_03:00:00_TAI,11431,1455,1262177.375,4.660957e+21,55.497108,43.915306,-25.74489,-31.666597,2165.726562,49.706207,-28.7057435,0.7579933173677859,0.7758529879528342
2012.03.07_04:00:00_TAI,11431,1455,1246153.0,4.691045e+21,56.002613,44.451962,-25.736715,-31.670246,2123.179688,50.2272875,-28.703480499999998,0.7628864118402219,0.7606109348238055
2012.03.07_05:00:00_TAI,11431,1455,1217295.25,4.611188e+21,56.510494,44.992516,-25.73353,-31.673601,2083.676514,50.751505,-28.7035655,0.7498995783755408,0.7464592611456579
2012.03.07_06:00:00_TAI,11431,1455,1198242.875,4.384175e+21,56.984173,45.512596,-25.7349,-31.703716,2051.460938,51.2483845,-28.719307999999998,0.7129813367020791,0.7349183070211723
2012.03.07_08:00:00_TAI,11431,1455,1021723.8125,6.149074e+21,57.980629,46.555752,-25.746538,-31.708055,1997.315186,52.2681905,-28.7272965,1.0,0.7155210552114338
2012.03.07_09:00:00_TAI,11431,1455,1121484.75,5.377423e+21,58.459507,47.097897,-25.76759,-31.715683,1958.285889,52.778702,-28.7416365,0.8745093976751622,0.7015391439090279
2012.03.07_10:00:00_TAI,11431,1455,1104849.0,4.486053e+21,58.897377,47.647552,-25.784908,-31.721331,1917.028564,53.2724645,-28.7531195,0.729549359789783,0.6867590606622163
2012.01.14_02:00:00_TAI,11400,1319,85948.101562,8.723784e+19,-9.254392,-10.707338,-13.727653,-14.638258,95.574387,-9.980865,-14.1829555,0.1117337279887495,0.05971293981682347
2012.01.14_03:00:00_TAI,11400,1319,369195.90625,3.75027e+20,-8.021942,-10.797618,-13.289069,-15.074684,350.531158,-9.40978,-14.1818765,0.48033244296783095,0.2190047626627774
2012.01.14_04:00:00_TAI,11400,1319,412935.59375,4.127801e+20,-7.37456,-10.302307,-13.208187,-15.08523,397.935425,-8.8384335,-14.146708499999999,0.5286863981566808,0.24862198785546036
2012.01.14_05:00:00_TAI,11400,1319,489105.5,4.636745e+20,-6.551283,-9.981401,-13.071637,-15.310679,518.489746,-8.266342,-14.191158000000001,0.5938716554458413,0.3239418841215072
2012.01.14_06:00:00_TAI,11400,1319,498613.09375,5.044002e+20,-5.935522,-9.519814,-12.990876,-15.31886,563.430359,-7.7276679999999995,-14.154868,0.6460328997631171,0.35201986823036846
2012.01.14_07:00:00_TAI,11400,1319,646161.1875,6.249719e+20,-5.081214,-8.966364,-12.99861,-15.569003,650.556458,-7.023789000000001,-14.2838065,0.8004604455499122,0.40645448894168523
2012.01.14_08:00:00_TAI,11400,1319,635056.375,5.50122e+20,-4.466057,-8.410042,-13.004552,-15.574401,669.275696,-6.4380495,-14.2894765,0.7045931204695904,0.41814988942707676
2012.01.14_09:00:00_TAI,11400,1319,621577.0,5.57927e+20,-3.883732,-7.825958,-13.010977,-15.57971,673.263428,-5.854845,-14.295343500000001,0.7145897199607308,0.42064134355402416
2012.01.14_10:00:00_TAI,11400,1319,631729.1875,5.506464e+20,-3.330916,-7.270372,-12.986225,-15.643028,681.061096,-5.300644,-14.3146265,0.7052647689991425,0.42551316847083553
2012.01.14_11:00:00_TAI,11400,1319,656118.1875,5.761956e+20,-2.415712,-6.686657,-12.960253,-15.858708,736.129028,-4.5511845,-14.4094805,0.7379880386620566,0.4599184962220135
2012.01.14_12:00:00_TAI,11400,1319,705144.1875,6.139599e+20,-1.801722,-6.187442,-12.814849,-15.890599,777.316284,-3.994582,-14.352724,0.7863563387470374,0.4856514589534208
2012.01.14_13:00:00_TAI,11400,1319,750212.0,6.360996e+20,-1.218893,-5.884556,-12.698023,-15.862373,859.989258,-3.5517244999999997,-14.280197999999999,0.8147127402529952,0.5373038574243606
2012.01.14_14:00:00_TAI,11400,1319,774331.375,6.484453e+20,-0.66479,-5.393141,-12.671697,-15.864069,909.474365,-3.0289655,-14.267883000000001,0.8305250424103012,0.5682211492728564
2012.01.14_15:00:00_TAI,11400,1319,784549.1875,6.314209e+20,-0.111084,-4.841322,-12.6462,-15.866046,921.631348,-2.476203,-14.256123,0.8087202879737898,0.5758165858434633
2012.01.14_16:00:00_TAI,11400,1319,813902.375,6.489945e+20,0.441283,-4.291553,-12.621186,-15.868997,940.171204,-1.9251350000000003,-14.245091500000001,0.8312284546384285,0.5873999120911176
2012.01.14_17:00:00_TAI,11400,1319,857193.6875,6.741668e+20,0.993297,-3.893339,-12.564963,-15.871362,1009.044312,-1.450021,-14.2181625,0.8634689929306558,0.6304304339923629
2012.01.14_18:00:00_TAI,11400,1319,876435.125,6.961658e+20,1.516211,-3.343946,-12.542134,-15.846756,1035.849609,-0.9138674999999999,-14.194445,0.8916451866789707,0.6471778402460183
2012.01.14_19:00:00_TAI,11400,1319,893875.875,6.705775e+20,2.067943,-2.795306,-12.546159,-15.880586,1082.148193,-0.3636815,-14.213372499999998,0.8588718379590287,0.6761042571111994
2012.01.14_20:00:00_TAI,11400,1319,885781.375,7.274972e+20,2.590039,-2.21718,-12.551077,-15.885034,1100.0,0.18642950000000003,-14.218055499999998,0.931774265128262,0.6872577042896002
2012.01.14_21:00:00_TAI,11400,1319,901701.3125,7.01818e+20,3.171757,-1.761677,-12.527414,-15.891185,1145.334473,0.70504,-14.2092995,0.8988844922066868,0.7155817641433809
2012.01.14_22:00:00_TAI,11400,1319,962810.875,7.063362e+20,3.727242,-1.271966,-12.502234,-16.048422,1265.003906,1.227638,-14.275327999999998,0.904671377001161,0.7903488003226702
2012.01.14_23:00:00_TAI,11400,1319,1016194.5,7.687615e+20,4.462791,-0.721479,-12.479605,-16.11455,1353.942749,1.870656,-14.2970775,0.9846253452541128,0.8459159867429914
2012.01.15_00:00:00_TAI,11400,1319,1026456.0,7.807655e+20,5.077905,-0.173184,-12.483544,-16.1486,1388.926147,2.4523605,-14.316071999999998,1.0,0.867772904740927
2012.01.15_01:00:00_TAI,11400,1319,996996.3125,7.715022e+20,5.663656,0.345023,-12.487223,-16.15365,1409.392212,3.0043395,-14.3204365,0.9881356181849736,0.8805596873297833
2012.01.15_02:00:00_TAI,11400,1319,1005216.125,7.703959e+20,6.24869,0.923242,-12.40507,-16.131819,1435.57251,3.585966,-14.268444500000001,0.9867186754537695,0.8969166068762356
2012.12.06_18:00:00_TAI,11630,2270,65650.601562,1.47651e+20,-46.823288,-48.276882,19.466213,18.743973,51.34293,-47.550084999999996,19.105093,0.016950475672013215,0.011180579540432858
2012.12.06_19:00:00_TAI,11630,2270,102896.5,3.63869e+20,-46.134079,-47.976158,19.525999,18.678066,76.246094,-47.0551185,19.1020325,0.0417725083629625,0.016603561943471484
2012.12.06_20:00:00_TAI,11630,2270,125818.203125,4.007974e+20,-45.563568,-47.501377,19.522779,18.61227,87.249733,-46.5324725,19.067524499999998,0.046011923915897285,0.018999745041586632
2012.12.06_21:00:00_TAI,11630,2270,127040.5,4.035975e+20,-44.915459,-47.013943,19.52178,18.58003,97.488037,-45.964701,19.050905,0.046333378067438445,0.021229266656950848
2012.12.06_22:00:00_TAI,11630,2270,128287.101562,3.940247e+20,-44.350967,-46.474178,19.547165,18.605274,100.478653,-45.412572499999996,19.0762195,0.045234411494147045,0.021880511532591778
2012.12.06_23:00:00_TAI,11630,2270,130876.0,4.09531e+20,-43.732918,-46.035667,19.605785,18.600531,121.300163,-44.8842925,19.103158,0.047014549528518225,0.02641466158415522
2012.12.07_00:00:00_TAI,11630,2270,142277.203125,4.792639e+20,-43.074772,-45.541397,19.635614,18.567493,140.248795,-44.30808450000001,19.1015535,0.055019952979825225,0.030540968502330543
2012.12.07_01:00:00_TAI,11630,2270,137394.796875,4.504324e+20,-42.430065,-45.058052,19.661064,18.530174,156.128983,-43.7440585,19.095619,0.051710069272043704,0.033999082502661794
2012.12.07_02:00:00_TAI,11630,2270,143397.703125,4.250436e+20,-41.775524,-44.5271,19.658873,18.465509,175.083435,-43.151312,19.062191,0.048795410808900146,0.038126656800258694
2012.12.07_03:00:00_TAI,11630,2270,147561.796875,3.888782e+20,-41.140083,-43.959984,19.656704,18.432066,186.358673,-42.5500335,19.044385,0.04464358838393434,0.04058198405361784
2012.12.07_04:00:00_TAI,11630,2270,149973.5,3.747317e+20,-40.515308,-43.393002,19.680506,18.424406,196.694504,-41.954155,19.052456,0.04301955668693171,0.042832743420330485
2012.12.07_05:00:00_TAI,11630,2270,153611.90625,3.79694e+20,-39.889984,-42.801346,19.675816,18.419714,203.015732,-41.345665,19.047765,0.04358923346140145,0.044209271648213304
2012.12.07_06:00:00_TAI,11630,2270,160853.90625,4.005909e+20,-39.261364,-42.204765,19.702436,18.383915,211.636627,-40.7330645,19.043175499999997,0.045988217518878154,0.04608658177167567
2012.12.07_07:00:00_TAI,11630,2270,166506.5,4.265412e+20,-38.650032,-41.60685,19.696482,18.40921,215.303619,-40.128441,19.052846000000002,0.04896733671774199,0.04688511617027994
2012.12.07_08:00:00_TAI,11630,2270,172976.40625,4.328532e+20,-38.044701,-41.0159,19.691639,18.40432,219.135803,-39.5303005,19.047979499999997,0.04969196033994399,0.04771962323922934
2012.12.07_09:00:00_TAI,11630,2270,192006.0,4.534146e+20,-37.449924,-40.394806,19.74995,18.399769,224.414078,-38.922365,19.0748595,0.05205242867732424,0.04886903511490098
2012.12.07_10:00:00_TAI,11630,2270,192792.703125,4.239464e+20,-36.857944,-39.786354,19.745096,18.395056,225.676239,-38.322149,19.070076,0.04866945120207505,0.04914388681217133
2012.12.07_11:00:00_TAI,11630,2270,209786.5,4.009077e+20,-36.177666,-39.173798,19.745159,18.364069,231.115204,-37.675731999999996,19.054614,0.04602458646113316,0.05032829099012008
2012.12.07_12:00:00_TAI,11630,2270,209709.90625,3.818546e+20,-35.601185,-38.55162,19.74024,18.390451,226.314316,-37.0764025,19.0653455,0.04383727240280348,0.04928283623814723
2012.12.07_13:00:00_TAI,11630,2270,218954.40625,4.155563e+20,-34.791946,-37.923832,19.739578,18.389898,234.137573,-36.357889,19.064738,0.04770625971718326,0.050986450487543356
2012.12.07_14:00:00_TAI,11630,2270,231538.796875,4.4677e+20,-33.991814,-37.288589,19.766722,18.385616,253.814941,-35.6402015,19.076169,0.051289622257792655,0.05527144898822044
2012.12.07_15:00:00_TAI,11630,2270,234209.90625,4.599846e+20,-33.421169,-36.632317,19.764502,18.383511,249.272568,-35.026742999999996,19.0740065,0.052806670945680895,0.05428228918318371
2012.12.07_16:00:00_TAI,11630,2270,223846.0,3.970026e+20,-32.858746,-35.962189,19.76066,18.411007,241.577713,-34.410467499999996,19.0858335,0.04557627725532501,0.05260663611119117
2012.12.07_17:00:00_TAI,11630,2270,208173.203125,3.444985e+20,-32.298595,-35.335155,19.759155,18.440849,231.075836,-33.816874999999996,19.100002,0.039548756481805364,0.05031971810471312
2012.12.07_18:00:00_TAI,11630,2270,200760.703125,3.078421e+20,-31.743132,-34.752033,19.755527,18.468554,226.635849,-33.2475825,19.1120405,0.03534056678838246,0.049352854160407876
2012.12.07_19:00:00_TAI,11630,2270,190086.0,2.18752e+20,-31.191742,-34.143524,19.752743,18.465807,223.308273,-32.667633,19.109275,0.025112938308607693,0.048628231935987976
2012.12.07_20:00:00_TAI,11630,2270,187452.5,2.235263e+20,-30.641926,-33.568169,19.749201,18.431047,221.094635,-32.1050475,19.090124,0.025661032503708932,0.04814618395522948
2012.12.07_21:00:00_TAI,11630,2270,187029.90625,2.475187e+20,-30.103264,-32.975338,19.743717,18.425554,221.273483,-31.539301000000002,19.0846355,0.028415382914564326,0.04818513039419678
2012.12.07_22:00:00_TAI,11630,2270,183105.703125,2.602573e+20,-29.559608,-32.408077,19.707762,18.421062,220.263733,-30.9838425,19.064411999999997,0.02987778634830678,0.04796524441980942
2012.12.07_23:00:00_TAI,11630,2270,176614.09375,2.740009e+20,-29.002432,-31.815981,19.699533,18.412788,217.209549,-30.4092065,19.056160499999997,0.031455564740907445,0.04730015679931099
2012.12.08_00:00:00_TAI,11630,2270,165628.0,2.649633e+20,-28.434851,-31.23246,19.66437,18.440266,209.12413,-29.8336555,19.052318,0.030418039638243823,0.04553945342209378
2012.12.08_03:00:00_TAI,11630,2270,181398.796875,2.498013e+20,-26.662151,-29.52529,19.611162,18.387053,218.811096,-28.0937205,18.9991075,0.028677427572365067,0.047648914137882074
2012.12.08_04:00:00_TAI,11630,2270,302761.5,3.886233e+20,-25.598333,-28.943708,19.604446,18.286362,269.839691,-27.2710205,18.945404,0.04461432562073737,0.05876104321259664
2012.12.08_05:00:00_TAI,11630,2270,384369.3125,4.742485e+20,-24.687838,-28.347372,19.6294,18.06115,351.751617,-26.517605,18.845275,0.05444418027469342,0.0765984125242633
2012.12.08_06:00:00_TAI,11630,2270,464666.0,5.77897e+20,-23.755243,-27.74826,19.780394,17.867243,482.970245,-25.751751499999997,18.8238185,0.06634312696445957,0.10517294669168363
2012.12.08_07:00:00_TAI,11630,2270,521618.1875,6.596933e+20,-22.868286,-27.354734,19.86915,17.736605,604.708984,-25.111510000000003,18.8028775,0.07573342024530898,0.13168311380800315
2012.12.08_08:00:00_TAI,11630,2270,570177.125,7.660166e+20,-22.142664,-27.097202,19.957672,17.574844,745.53717,-24.619933,18.766258,0.08793943652706909,0.16235025210937926
2012.12.08_09:00:00_TAI,11630,2270,594906.875,8.471925e+20,-21.536516,-26.616964,19.983696,17.538229,780.213867,-24.07674,18.760962499999998,0.09725850729600244,0.16990154629940682
2012.12.08_10:00:00_TAI,11630,2270,647127.6875,9.105016e+20,-20.890274,-26.306919,20.01358,17.442801,887.293762,-23.5985965,18.7281905,0.10452645237844042,0.19321956268897977
2012.12.08_11:00:00_TAI,11630,2270,714086.375,9.907814e+20,-20.148413,-25.959509,20.100761,17.341841,1027.261841,-23.053961,18.721300999999997,0.11374265001241572,0.2236994016927353
2012.12.08_12:00:00_TAI,11630,2270,785554.875,1.092984e+21,-19.477068,-25.613537,20.225622,17.247208,1157.219238,-22.5453025,18.736415,0.12547560600266636,0.2519992866822774
2012.12.08_13:00:00_TAI,11630,2270,834165.625,1.137657e+21,-18.887014,-25.096319,20.221121,17.211672,1192.226074,-21.9916665,18.716396500000002,0.13060410902462927,0.2596224728611123
2012.12.08_14:00:00_TAI,11630,2270,904921.625,1.237925e+21,-18.160286,-24.591381,20.280628,17.146044,1286.839966,-21.3758335,18.713335999999998,0.1421149710891017,0.2802258576920116
2012.12.08_15:00:00_TAI,11630,2270,960092.5,1.299755e+21,-17.449032,-24.148529,20.308363,17.048992,1404.468262,-20.7987805,18.6786775,0.14921311408034849,0.30584092328397494
2012.12.08_16:00:00_TAI,11630,2270,1009313.0,1.323672e+21,-16.818909,-23.639351,20.304356,17.045036,1438.801147,-20.22913,18.674695999999997,0.15195880849926566,0.3133173480146054
2012.12.08_17:00:00_TAI,11630,2270,1068231.75,1.366346e+21,-16.167383,-23.122089,20.301926,17.011635,1477.675659,-19.644736,18.6567805,0.1568578244140071,0.3217827700992335
2012.12.08_18:00:00_TAI,11630,2270,1162015.875,1.5166e+21,-15.351616,-22.745842,20.329275,16.914244,1628.506104,-19.048729,18.6217595,0.1741071269695108,0.3546280281988664
2012.12.08_19:00:00_TAI,11630,2270,1215694.25,1.546569e+21,-14.739647,-22.290995,20.421721,16.849627,1726.177612,-18.515321,18.635674,0.17754759676256718,0.3758972480121498
2012.12.08_20:00:00_TAI,11630,2270,1282695.0,1.628012e+21,-14.091513,-21.838638,20.510944,16.812679,1817.413452,-17.9650755,18.6618115,0.18689733086633736,0.39576501882418186
2012.12.08_21:00:00_TAI,11630,2270,1323787.75,1.782533e+21,-13.481269,-21.329269,20.538147,16.807981,1859.251831,-17.405269,18.673064,0.20463648909293355,0.4048758608476557
2012.12.08_22:00:00_TAI,11630,2270,1349281.625,1.803565e+21,-12.898629,-20.795132,20.562019,16.799896,1892.861328,-16.846880499999997,18.680957499999998,0.2070509827593075,0.41219475859117055
2012.12.08_23:00:00_TAI,11630,2270,1384696.75,1.772575e+21,-12.258782,-20.249969,20.556931,16.763542,1925.317871,-16.254375500000002,18.6602365,0.20349330119212752,0.4192625858581181
2012.12.09_00:00:00_TAI,11630,2270,1455853.25,1.852506e+21,-11.617946,-19.677557,20.548456,16.754818,1947.209717,-15.6477515,18.651637,0.212669456253317,0.42402981526029493
2012.12.09_01:00:00_TAI,11630,2270,1548115.625,1.943063e+21,-10.9471,-19.092594,20.542013,16.686234,1998.538574,-15.019846999999999,18.614123499999998,0.22306548625264314,0.43520733022502334
2012.12.09_02:00:00_TAI,11630,2270,1627679.25,2.137889e+21,-10.312653,-18.577717,20.503801,16.679239,2052.001953,-14.445184999999999,18.59152,0.2454316969337469,0.44684966464983716
2012.12.09_03:00:00_TAI,11630,2270,1728778.0,2.27154e+21,-9.741452,-18.103149,20.524845,16.638023,2103.731934,-13.922300499999999,18.581434,0.2607749592485313,0.45811452949482323
2012.12.09_04:00:00_TAI,11630,2270,1811582.25,2.392419e+21,-9.172664,-17.666746,20.58251,16.569946,2185.902344,-13.419705,18.576228,0.2746519837777067,0.47600818700277964
2012.12.09_05:00:00_TAI,11630,2270,1958587.375,2.50728e+21,-8.572992,-17.253223,20.637524,16.499292,2314.864014,-12.913107499999999,18.568407999999998,0.28783813616518206,0.5040912397054995
2012.12.09_06:00:00_TAI,11630,2270,2085271.125,2.59579e+21,-7.936394,-16.796709,20.694336,16.461578,2414.258545,-12.3665515,18.577956999999998,0.29799916861149045,0.5257356698096933
2012.12.09_07:00:00_TAI,11630,2270,2208540.5,2.734722e+21,-7.3373,-16.372583,20.751343,16.424017,2518.88208,-11.854941499999999,18.58768,0.31394869476481246,0.5485187823992701
2012.12.09_08:00:00_TAI,11630,2270,2339835.25,2.895265e+21,-6.679861,-15.88348,20.747953,16.358736,2612.542236,-11.2816705,18.5533445,0.3323791843369252,0.5689144790205449
2012.12.09_09:00:00_TAI,11630,2270,2393073.5,2.94668e+21,-6.02147,-15.390505,20.771856,16.351263,2684.887939,-10.705987499999999,18.5615595,0.33828167539134785,0.5846686809486397
2012.12.09_10:00:00_TAI,11630,2270,2406996.25,3.02162e+21,-5.424819,-14.871631,20.765623,16.345287,2718.96582,-10.148225,18.555455000000002,0.34688485889068527,0.59208957529748
2012.12.09_11:00:00_TAI,11630,2270,2507125.0,3.186207e+21,-4.860561,-14.349683,20.761168,16.341152,2741.143799,-9.605122,18.551160000000003,0.3657796035211289,0.5969191138192502
2012.12.09_12:00:00_TAI,11630,2270,2579938.5,3.294773e+21,-4.204765,-13.852743,20.757195,16.337593,2782.571045,-9.028754,18.547393999999997,0.3782430839026217,0.6059404263747292
2012.12.09_13:00:00_TAI,11630,2270,2696634.5,3.470199e+21,-3.578901,-13.357555,20.722656,16.33503,2833.517822,-8.468228,18.528843000000002,0.39838215607442273,0.6170347385337196
2012.12.09_14:00:00_TAI,11630,2270,2779627.75,3.567417e+21,-2.985182,-12.874901,20.71822,16.300102,2890.611572,-7.9300415,18.509161,0.4095428752289274,0.6294676326661072
2012.12.09_15:00:00_TAI,11630,2270,2906633.0,3.628848e+21,-2.357904,-12.367645,20.714804,16.297091,2945.760498,-7.3627744999999996,18.5059475,0.4165952126394932,0.641477016503618
2012.12.09_16:00:00_TAI,11630,2270,3023863.5,3.755238e+21,-1.734913,-11.921169,20.710957,16.231834,3027.268799,-6.828041000000001,18.4713955,0.43110490522664635,0.6592264913102962
2012.12.09_17:00:00_TAI,11630,2270,3142311.75,3.869487e+21,-1.174245,-11.473783,20.770887,16.228477,3120.415527,-6.324014,18.499682,0.44422079943021986,0.6795103824192583
2012.12.09_18:00:00_TAI,11630,2270,3233923.5,3.946333e+21,-0.58143,-10.985483,20.830252,16.224592,3183.881348,-5.7834565,18.527422,0.4530427935480486,0.6933308764929189
2012.12.09_19:00:00_TAI,11630,2270,3319201.5,4.063944e+21,0.010194,-10.487318,20.856695,16.219454,3266.937744,-5.238562,18.5380745,0.4665446485592652,0.7114174687816662
2012.12.09_20:00:00_TAI,11630,2270,3359860.5,4.331153e+21,0.635179,-10.004434,20.916656,16.215986,3331.06958,-4.6846274999999995,18.566321000000002,0.497220496700104,0.7253829961380519
2012.12.09_21:00:00_TAI,11630,2270,3336004.5,4.283271e+21,1.195398,-9.528879,20.94145,16.147167,3400.735596,-4.1667404999999995,18.5443085,0.4917235974164734,0.7405536619561708
2012.12.09_22:00:00_TAI,11630,2270,3375766.75,4.242038e+21,1.787637,-8.991159,20.934916,16.1406,3436.140381,-3.6017609999999998,18.537758,0.4869900096765724,0.7482635066184139
2012.12.09_23:00:00_TAI,11630,2270,3405037.0,4.232209e+21,2.381865,-8.450011,20.929634,16.135218,3464.599609,-3.0340730000000002,18.532426,0.4858616310988437,0.754460867429597
2012.12.10_00:00:00_TAI,11630,2270,3436028.75,4.254178e+21,2.977041,-7.920238,20.95406,16.096975,3499.490479,-2.4715985000000003,18.5255175,0.48838369325919795,0.7620588005290501
2012.12.10_01:00:00_TAI,11630,2270,3500824.25,4.350651e+21,3.540645,-7.44631,20.944166,16.025242,3552.644043,-1.9528325000000002,18.484704,0.4994588857029073,0.7736336687759438
2012.12.10_02:00:00_TAI,11630,2270,3557330.25,4.42253e+21,4.104591,-7.002359,20.969416,16.018566,3611.08252,-1.448884,18.493991,0.5077106634817821,0.7863593944078907
2012.12.10_03:00:00_TAI,11630,2270,3623959.5,4.411758e+21,4.66904,-6.555495,20.99431,16.011551,3670.662109,-0.9432274999999999,18.502930499999998,0.5064740276043486,0.7993336117694787
2012.12.10_04:00:00_TAI,11630,2270,3697471.75,4.594238e+21,5.233547,-6.117729,21.081245,16.003014,3760.580811,-0.442091,18.5421295,0.5274229057062847,0.8189145589394878
2012.12.10_05:00:00_TAI,11630,2270,3795660.25,4.755637e+21,5.79717,-5.706625,21.139843,15.967218,3832.854248,0.04527250000000027,18.5535305,0.5459516648950966,0.8346530240220019
2012.12.10_06:00:00_TAI,11630,2270,3813984.0,4.585601e+21,6.362397,-5.238431,21.163483,15.989872,3884.237793,0.5619829999999997,18.5766775,0.5264313698658287,0.8458424479980373
2012.12.10_07:00:00_TAI,11630,2270,3860023.5,4.510253e+21,6.924952,-4.765308,21.189426,15.984245,3918.301758,1.079822,18.5868355,0.5177813475772235,0.8532603119599309
2012.12.10_08:00:00_TAI,11630,2270,3889924.75,4.458978e+21,7.489141,-4.234814,21.213902,15.977345,3956.973633,1.6271635,18.595623500000002,0.5118949286563731,0.8616816072466467
2012.12.10_09:00:00_TAI,11630,2270,3864263.5,4.466246e+21,8.055675,-3.700189,21.241003,16.003487,3988.063965,2.1777430000000004,18.622245,0.512729301990683,0.8684519245983144
2012.12.10_10:00:00_TAI,11630,2270,3876224.0,4.475568e+21,8.649526,-3.164797,21.269371,16.000317,4020.931152,2.7423645,18.634844,0.5137994764846892,0.875609174847254
2012.12.10_11:00:00_TAI,11630,2270,3847513.75,4.382075e+21,9.216285,-2.660414,21.265421,15.996857,4033.696533,3.2779355,18.631139,0.5030663908841614,0.8783889997936375
2012.12.10_12:00:00_TAI,11630,2270,3835793.75,4.399431e+21,9.757661,-2.126317,21.262775,15.963776,4043.792969,3.815672,18.6132755,0.5050588762433087,0.8805876278379056
2012.12.10_13:00:00_TAI,11630,2270,3770699.0,4.313312e+21,10.32398,-1.59154,21.258371,15.990729,4034.507568,4.36622,18.62455,0.49517233287822404,0.8785656130357641
2012.12.10_14:00:00_TAI,11630,2270,3748730.25,4.20211e+21,10.863796,-1.028211,21.289125,15.959435,4036.825684,4.9177925,18.62428,0.4824062371817559,0.8790704124370049
2012.12.10_15:00:00_TAI,11630,2270,3761007.25,4.112553e+21,11.402685,-0.495038,21.286346,15.957273,4034.678467,5.4538235,18.6218095,0.4721250081365176,0.8786028284783359
2012.12.10_16:00:00_TAI,11630,2270,3730410.0,4.14898e+21,11.983001,0.042094,21.313314,15.952779,4069.812012,6.0125475,18.6330465,0.47630686249107274,0.8862536071621756
2012.12.10_17:00:00_TAI,11630,2270,3807797.0,4.298249e+21,12.580837,0.573205,21.374239,15.95028,4109.960449,6.577021,18.662259499999998,0.4934430861068,0.8949964427055028
2012.12.10_18:00:00_TAI,11630,2270,3930299.5,4.495057e+21,13.269503,1.134869,21.404175,15.94867,4179.950684,7.202186,18.6764225,0.5160368322789057,0.9102377113567288
2012.12.10_19:00:00_TAI,11630,2270,3939515.0,4.623764e+21,13.9065,1.669706,21.397661,15.942469,4216.367676,7.7881029999999996,18.670065,0.5308125186766802,0.9181679770365273
2012.12.10_20:00:00_TAI,11630,2270,3932956.25,4.746032e+21,14.51458,2.235347,21.426271,15.878129,4259.448242,8.3749635,18.6522,0.5448490017310836,0.9275493211633599
2012.12.10_21:00:00_TAI,11630,2270,3955905.0,4.693727e+21,15.066294,2.796865,21.421202,15.873411,4262.326172,8.9315795,18.6473065,0.5388443378275228,0.928176027221561
2012.12.10_22:00:00_TAI,11630,2270,3978488.0,4.741725e+21,15.631234,3.35929,21.416063,15.867766,4289.745117,9.495262,18.6419145,0.5443545540218275,0.9341468531071748
2012.12.10_23:00:00_TAI,11630,2270,3982931.5,4.806305e+21,16.188921,3.896884,21.442379,15.861865,4323.284668,10.0429025,18.652122,0.5517683996368157,0.9414505192147752
2012.12.11_00:00:00_TAI,11630,2270,3973909.75,4.816553e+21,16.745163,4.460224,21.46826,15.856181,4339.673828,10.6026935,18.6622205,0.5529448798143072,0.9450194683764394
2012.12.11_01:00:00_TAI,11630,2270,3956789.75,4.744606e+21,17.303715,4.997362,21.49354,15.849717,4359.969727,11.1505385,18.6716285,0.5446852955705543,0.9494391599116534
2012.12.11_02:00:00_TAI,11630,2270,3925749.5,4.689319e+21,17.860046,5.561463,21.51742,15.841812,4376.438965,11.7107545,18.679616,0.5383382952219039,0.953025547081792
2012.12.11_03:00:00_TAI,11630,2270,3924270.0,4.713424e+21,18.412718,6.100074,21.510927,15.834937,4396.844238,12.256396,18.672932,0.5411055722201896,0.9574690562040945
2012.12.11_04:00:00_TAI,11630,2270,3916326.25,4.793504e+21,18.949041,6.659107,21.505442,15.799075,4418.758301,12.804074,18.6522585,0.5502988326235382,0.9622411236421149
2012.12.11_05:00:00_TAI,11630,2270,3958335.75,5.015669e+21,19.50445,7.195651,21.501633,15.764649,4466.916016,13.350050499999998,18.633141000000002,0.5758035865884474,0.9727280818862782
2012.12.11_06:00:00_TAI,11630,2270,3938022.0,5.037754e+21,20.035864,7.731289,21.556732,15.757697,4489.07666,13.8835765,18.657214500000002,0.5783389656594758,0.977553845490132
2012.12.11_07:00:00_TAI,11630,2270,3917955.5,4.704993e+21,20.591837,8.267011,21.552006,15.753266,4486.813477,14.429424000000001,18.652636,0.5401376853762756,0.9770610084520811
2012.12.11_08:00:00_TAI,11630,2270,3884270.5,4.469083e+21,21.127249,8.814869,21.547913,15.748606,4486.589844,14.971059,18.6482595,0.51305499229743,0.9770123095066885
2012.12.11_09:00:00_TAI,11630,2270,3870657.5,4.597438e+21,21.673185,9.376023,21.574959,15.745662,4468.634766,15.524604,18.6603105,0.5277902687593655,0.9731023616767989
2012.12.11_10:00:00_TAI,11630,2270,3851238.0,4.445087e+21,22.209278,9.926093,21.539967,15.742787,4449.381348,16.0676855,18.641377,0.5103002286031398,0.9689096837097603
2012.12.11_11:00:00_TAI,11630,2270,3817823.0,4.394499e+21,22.746891,10.486194,21.568422,15.740436,4438.15918,16.6165425,18.654429,0.5044926779377478,0.9664659131275185
2012.12.11_12:00:00_TAI,11630,2270,3768933.0,4.360157e+21,23.285889,11.048729,21.628433,15.738893,4428.445801,17.167309,18.683663,0.5005501835724656,0.9643507006432316
2012.12.11_13:00:00_TAI,11630,2270,3780130.0,4.434307e+21,23.809277,11.611957,21.661625,15.739738,4436.832031,17.710617,18.7006815,0.5090626743180737,0.9661769094622329
2012.12.11_14:00:00_TAI,11630,2270,3757519.75,4.406721e+21,24.354565,12.181027,21.721199,15.767236,4440.302734,18.267796,18.744217499999998,0.5058957751986085,0.966932699421098
2012.12.11_15:00:00_TAI,11630,2270,3746583.25,4.359415e+21,24.894636,12.737186,21.721869,15.767854,4427.487793,18.815911,18.7448615,0.5004650012645325,0.9641420821509802
2012.12.11_16:00:00_TAI,11630,2270,3705118.75,4.284528e+21,25.435612,13.308628,21.751945,15.734235,4448.780273,19.37212,18.74309,0.4918679022157617,0.9687787919424369
2012.12.11_17:00:00_TAI,11630,2270,3699484.0,4.352035e+21,25.96747,13.870861,21.749115,15.730976,4432.500977,19.9191655,18.7400455,0.49961777022336473,0.9652337670716269
2012.12.11_18:00:00_TAI,11630,2270,3695788.5,4.561178e+21,26.488161,14.43661,21.780184,15.699666,4431.587891,20.4623855,18.739925,0.5236275861641431,0.9650349309193027
2012.12.11_19:00:00_TAI,11630,2270,3727331.5,5.148399e+21,27.023869,15.002004,21.807911,15.727335,4405.635254,21.012936500000002,18.767623,0.591041117224517,0.9593834123506803
2012.12.11_20:00:00_TAI,11630,2270,3826228.75,5.354541e+21,27.554447,15.564465,21.835125,15.722524,4400.576172,21.559456,18.7788245,0.6147064155020779,0.958281732553626
2012.12.11_21:00:00_TAI,11630,2270,3890859.5,5.505505e+21,28.080494,16.12075,21.862728,15.689156,4404.119141,22.100622,18.775942,0.6320372267349839,0.9590532593580718
2012.12.11_22:00:00_TAI,11630,2270,3975065.5,5.680616e+21,28.611923,16.657768,21.860397,15.68653,4409.319336,22.6348455,18.7734635,0.6521401366062473,0.9601856683153179
2012.12.11_23:00:00_TAI,11630,2270,4012325.0,5.906363e+21,29.143248,17.206852,21.890018,15.715068,4417.127441,23.17505,18.802543,0.6780561075886989,0.9618859830229622
2012.12.12_00:00:00_TAI,11630,2270,4085110.0,6.1805e+21,29.677341,17.720684,21.884136,15.70793,4427.708984,23.6990125,18.796033,0.7095272967394577,0.9641902493196464
2012.12.12_01:00:00_TAI,11630,2270,4158462.5,6.386655e+21,30.230759,18.239925,21.879868,15.704659,4439.162598,24.235342,18.792263499999997,0.7331940874294218,0.9666844202279372
2012.12.12_02:00:00_TAI,11630,2270,4241790.0,6.724835e+21,30.781775,18.76088,21.909016,15.701792,4471.725098,24.771327499999998,18.805404,0.7720174740828235,0.9737753209865294
2012.12.12_03:00:00_TAI,11630,2270,4289067.0,6.899711e+21,31.358007,19.288765,21.966827,15.698236,4496.925293,25.323386,18.832531499999998,0.7920934057298764,0.9792629856880165
2012.12.12_04:00:00_TAI,11630,2270,4294842.0,7.049314e+21,32.000893,19.759821,21.991016,15.718499,4547.122559,25.880356999999997,18.854757499999998,0.8092679728642689,0.9901940822426009
2012.12.12_05:00:00_TAI,11630,2270,4338196.5,7.212045e+21,32.623764,20.25997,21.988503,15.715759,4577.653809,26.441867000000002,18.852131,0.8279496469239256,0.9968426523396686
2012.12.12_06:00:00_TAI,11630,2270,4389536.5,7.595243e+21,33.207218,20.812422,22.01811,15.713873,4578.660156,27.009819999999998,18.8659915,0.8719411429284506,0.9970617972672909
2012.12.12_07:00:00_TAI,11630,2270,4356086.5,7.544889e+21,33.776588,21.361105,22.015463,15.712071,4574.375,27.5688465,18.863767,0.8661604556863151,0.9961286497530926
2012.12.12_08:00:00_TAI,11630,2270,4287860.0,6.982648e+21,34.335171,21.916788,22.076536,15.71018,4586.086914,28.1259795,18.893358,0.8016146524590536,0.9986790687893204
2012.12.12_09:00:00_TAI,11630,2270,4276203.5,6.961111e+21,34.903404,22.426655,22.137299,15.737867,4592.152832,28.665029500000003,18.937583,0.7991421843108653,1.0
2012.12.12_10:00:00_TAI,11630,2270,4234931.0,6.964586e+21,35.447868,22.97353,22.16786,15.737904,4586.279785,29.210698999999998,18.952882000000002,0.7995411176263203,0.9987210689158527
2012.12.12_11:00:00_TAI,11630,2270,4198809.5,6.98298e+21,36.008171,23.494291,22.166849,15.737935,4574.625977,29.751230999999997,18.952392,0.8016527663758108,0.9961833032041386
2012.12.12_12:00:00_TAI,11630,2270,4137673.0,7.009884e+21,36.579189,24.022276,22.167229,15.738766,4554.168945,30.300732500000002,18.9529975,0.8047413712445881,0.9917285228977328
2012.12.12_13:00:00_TAI,11630,2270,4108975.25,7.004358e+21,37.10738,24.532776,22.168125,15.76956,4529.503418,30.820078,18.9688425,0.8041069811722991,0.9863572889901588
2012.12.12_14:00:00_TAI,11630,2270,4025633.0,7.02862e+21,37.62899,25.040703,22.16923,15.772704,4506.744629,31.3348465,18.970966999999998,0.8068922819203765,0.981401271663948
2012.12.12_15:00:00_TAI,11630,2270,4006725.25,7.015281e+21,38.172279,25.563698,22.168823,15.772359,4481.96582,31.867988500000003,18.970591,0.8053609519937998,0.9760053691523132
2012.12.12_16:00:00_TAI,11630,2270,3971983.0,6.985341e+21,38.755936,26.1145,22.167702,15.771966,4461.682617,32.435218,18.969834,0.801923811428412,0.9715884423334455
2012.12.12_17:00:00_TAI,11630,2270,3891960.5,7.140957e+21,39.346603,26.670404,22.167919,15.77304,4439.935547,33.0085035,18.9704795,0.8197886766997343,0.9668527397565501
2012.12.12_18:00:00_TAI,11630,2270,3848070.25,7.701687e+21,39.896919,27.21513,22.168301,15.774235,4412.191895,33.5560245,18.971268,0.8841610156853691,0.960811204769589
2012.12.12_19:00:00_TAI,11630,2270,3738720.0,8.706692e+21,40.450123,27.736767,22.199785,15.774569,4410.85498,34.093445,18.987177,0.9995365485483477,0.9605200744329234
2012.12.12_20:00:00_TAI,11630,2270,3668826.0,7.463024e+21,41.001656,28.261297,22.199781,15.77492,4400.598145,34.6314765,18.9873505,0.8567622755799199,0.9582865174553494
2012.12.12_21:00:00_TAI,11630,2270,3598410.0,7.332796e+21,41.539997,28.798956,22.226681,15.799369,4382.589844,35.1694765,19.013025,0.8418119769309778,0.954364979636636
2012.12.12_22:00:00_TAI,11630,2270,3551461.75,7.14747e+21,42.083736,29.334221,22.226995,15.798445,4357.54834,35.7089785,19.012719999999998,0.8205363753137079,0.9489118719296145
2012.12.12_23:00:00_TAI,11630,2270,3482535.0,7.040165e+21,42.62405,29.894934,22.227312,15.768339,4335.97998,36.259491999999995,18.9978255,0.8082176589353198,0.9442150857404217
2012.12.13_00:00:00_TAI,11630,2270,3414705.0,7.076161e+21,43.168762,30.442499,22.255413,15.765718,4312.885742,36.8056305,19.0105655,0.8123500340786631,0.9391860201050035
2012.12.13_01:00:00_TAI,11630,2270,3351049.75,7.136101e+21,43.726849,30.994064,22.255564,15.766402,4274.762207,37.3604565,19.010983,0.8192312032666841,0.9308841328650275
2012.12.13_02:00:00_TAI,11630,2270,3330306.25,7.239785e+21,44.280571,31.547443,22.253231,15.765409,4236.913574,37.914007,19.00932,0.8311342253903203,0.9226421090507818
2012.12.13_03:00:00_TAI,11630,2270,3281691.5,7.328371e+21,44.819168,32.06295,22.250433,15.765681,4206.19873,38.441058999999996,19.008057,0.8413039827091395,0.9159535590125586
2012.12.13_04:00:00_TAI,11630,2270,3241091.0,7.508266e+21,45.355938,32.597225,22.249117,15.76556,4186.941895,38.9765815,19.0073385,0.8619561003447587,0.9117601369500762
2012.12.13_05:00:00_TAI,11630,2270,3205303.5,7.742854e+21,45.883839,33.12569,22.247236,15.791403,4185.483398,39.5047645,19.0193195,0.8888870265623002,0.9114425305782159
2012.12.13_06:00:00_TAI,11630,2270,3158101.5,7.830064e+21,46.41935,33.627903,22.244884,15.790954,4161.963379,40.023626500000006,19.017919,0.8988988177682947,0.9063207456854955
2012.12.13_07:00:00_TAI,11630,2270,3112905.75,8.08819e+21,46.929249,34.15863,22.214781,15.791817,4120.361816,40.5439395,19.003299,0.9285319288431542,0.897261473374238
2012.12.13_08:00:00_TAI,11630,2270,3041148.5,7.855122e+21,47.458706,34.702118,22.214643,15.792664,4085.989746,41.080411999999995,19.0036535,0.901775500075826,0.8897765156087907
2012.12.13_09:00:00_TAI,11630,2270,2973780.5,7.340804e+21,47.962154,35.260059,22.182966,15.795036,4034.910156,41.6111065,18.989001000000002,0.8427313029713127,0.8786532817207422
2012.12.13_10:00:00_TAI,11630,2270,2929359.5,7.327306e+21,48.477406,35.781033,22.184866,15.799239,3986.923584,42.129219500000005,18.9920525,0.841181719693036,0.8682035920532708
2012.12.13_11:00:00_TAI,11630,2270,2878736.0,7.234912e+21,48.991898,36.324589,22.185133,15.802837,3935.356445,42.6582435,18.993985000000002,0.8305748003410507,0.85697418813608
2012.12.13_12:00:00_TAI,11630,2270,2819658.0,7.333331e+21,49.475773,36.884487,22.185865,15.827344,3882.851318,43.18013,19.0066045,0.8418733954414148,0.8455405253376376
2012.12.13_13:00:00_TAI,11630,2270,2752503.5,7.325586e+21,49.983143,37.427052,22.189182,15.83215,3830.834473,43.7050975,19.010666,0.8409842620520049,0.8342131921884607
2012.12.13_14:00:00_TAI,11630,2270,2712774.25,7.36021e+21,50.514664,37.973061,22.188768,15.83541,3783.419189,44.243862500000006,19.012089,0.84495913028634,0.8238879077881701
2012.12.13_15:00:00_TAI,11630,2270,2654381.0,7.387625e+21,51.054859,38.526089,22.164488,15.839705,3738.288086,44.790474,19.0020965,0.8481063984426562,0.8140600330089363
2012.12.13_16:00:00_TAI,11630,2270,2585372.5,7.479474e+21,51.602329,39.089676,22.165276,15.84218,3686.573486,45.3460025,19.003728,0.8586507512746636,0.8027985175733803
2012.12.13_17:00:00_TAI,11630,2270,2553386.25,7.974818e+21,52.143719,39.650829,22.164909,15.843971,3628.959229,45.897273999999996,19.004440000000002,0.9155167150763156,0.7902522763859093
2012.12.13_18:00:00_TAI,11630,2270,2495309.25,8.348426e+21,52.683239,40.217236,22.165457,15.850163,3566.421143,46.4502375,19.00781,0.9584072699311389,0.7766338084716429
2012.12.13_19:00:00_TAI,11630,2270,2415253.25,8.345288e+21,53.223663,40.786953,22.14053,15.880485,3506.511963,47.005308,19.0105075,0.9580470245372115,0.7635878184552548
2012.12.13_20:00:00_TAI,11630,2270,2341413.75,8.095521e+21,53.760979,41.370884,22.141506,15.883573,3445.057373,47.5659315,19.0125395,0.9293735346375716,0.7502052956498815
2012.12.13_21:00:00_TAI,11630,2270,2279331.5,7.780588e+21,54.293533,41.938133,22.142656,15.889895,3383.012695,48.115832999999995,19.0162755,0.8932189257638482,0.7366942736369276
2012.12.13_22:00:00_TAI,11630,2270,2205339.0,7.534148e+21,54.808372,42.513504,22.141558,15.917719,3307.065918,48.660938,19.0296385,0.8649273786384584,0.7201558917976361
2012.12.13_23:00:00_TAI,11630,2270,2124494.0,7.592176e+21,55.341732,43.07357,22.141493,15.923443,3238.244141,49.207651,19.032468,0.8715890484022635,0.7051690698172304
2012.12.14_00:00:00_TAI,11630,2270,2077034.0,7.716629e+21,55.877373,43.632706,22.117867,15.952687,3173.095703,49.755039499999995,19.035277,0.8858763715413486,0.6909821643758394
2012.12.14_01:00:00_TAI,11630,2270,2030499.75,7.947129e+21,56.396626,44.203712,22.116371,15.956906,3107.85376,50.300169,19.036638500000002,0.9123379914585794,0.67677489702503
2012.12.14_02:00:00_TAI,11630,2270,1988935.25,8.006103e+21,56.940628,44.788799,22.116768,15.983487,3049.872803,50.86471349999999,19.050127500000002,0.9191082629249514,0.6641488022234885
2012.12.14_03:00:00_TAI,11630,2270,1919013.0,7.874727e+21,57.481785,45.327297,22.089859,15.959103,3016.514893,51.404541,19.024481,0.9040261727807167,0.65688469076632
2012.12.14_04:00:00_TAI,11630,2270,1870731.625,7.960535e+21,58.0233,45.867336,22.086416,15.905206,2967.715088,51.945318,18.995811,0.91387701304908,0.6462579092141156
2012.12.14_05:00:00_TAI,11630,2270,1830501.875,8.324723e+21,58.542023,46.373051,22.025757,15.903071,2904.348877,52.457537,18.964413999999998,0.9556861429163965,0.6324591064916891
2012.12.14_06:00:00_TAI,11630,2270,1782946.375,8.45476e+21,59.032001,46.953892,21.964169,15.903931,2835.304199,52.9929465,18.93405,0.9706145145831078,0.6174237449682511
2012.12.14_07:00:00_TAI,11630,2270,1736294.75,8.710729e+21,59.542976,47.506725,21.937622,15.88019,2778.7146,53.5248505,18.908906,1.0,0.6051006361627992
2012.12.14_08:00:00_TAI,11630,2270,1691952.5,8.520977e+21,60.103069,48.076145,21.90988,15.889958,2724.551758,54.089607,18.899919,0.9782162893599375,0.5933059847255537
2012.12.14_09:00:00_TAI,11630,2270,1638986.375,8.217151e+21,60.688858,48.66264,21.878403,15.893347,2670.158936,54.675749,18.885875,0.943336774683267,0.5814612522025051
2012.03.22_17:00:00_TAI,11446,1497,22799.0,1.099181e+19,-17.527378,-18.30368,24.624453,24.200237,18.940601,-17.915529,24.412345000000002,0.005349601425416984,0.00892237599806799
2012.03.22_18:00:00_TAI,11446,1497,330044.5,5.95037e+20,-15.613227,-18.866043,25.206921,23.428024,329.048431,-17.239635,24.3174725,0.2895984176742361,0.15500531492935896
2012.03.22_19:00:00_TAI,11446,1497,377715.0,6.969017e+20,-14.763022,-18.45742,25.359205,23.260157,437.102722,-16.610221,24.309680999999998,0.33917492457525367,0.20590660430801458
2012.03.22_20:00:00_TAI,11446,1497,405136.3125,7.975052e+20,-14.090557,-17.932438,25.375641,23.132538,489.050629,-16.0114975,24.2540895,0.3881376183447,0.23037777914384308
2012.03.22_21:00:00_TAI,11446,1497,484356.09375,8.884113e+20,-13.30267,-17.409573,25.36072,22.906458,576.459167,-15.3561215,24.133589,0.4323806867873949,0.27155344413342886
2012.03.22_22:00:00_TAI,11446,1497,522498.6875,9.455504e+20,-12.557443,-16.969755,25.375996,22.788786,650.551941,-14.763599,24.082391,0.4601897019365872,0.30645643313403537
2012.03.22_23:00:00_TAI,11446,1497,550655.875,9.328506e+20,-11.836819,-16.460173,25.396591,22.67164,719.441284,-14.148496000000002,24.0341155,0.45400883925951124,0.3389082344525824
2012.03.23_00:00:00_TAI,11446,1497,552259.6875,9.218891e+20,-11.200515,-15.955507,25.389927,22.621252,759.627808,-13.578011,24.0055895,0.4486739894008703,0.3578389577798613
2012.03.23_01:00:00_TAI,11446,1497,559761.625,9.450901e+20,-10.607533,-15.444362,25.381737,22.613213,774.427002,-13.025947500000001,23.997475,0.4599656786377748,0.36481043526024076
2012.03.23_02:00:00_TAI,11446,1497,574683.3125,9.425306e+20,-10.038187,-14.90246,25.372278,22.576077,785.997925,-12.4703235,23.974177500000003,0.4587199961843522,0.37026116650423313
2012.03.23_03:00:00_TAI,11446,1497,590469.875,9.02296e+20,-9.296869,-14.408639,25.396725,22.493793,858.282837,-11.852754000000001,23.945259,0.43913822816697545,0.40431252336726275
2012.03.23_04:00:00_TAI,11446,1497,600734.6875,9.17044e+20,-8.729733,-13.899793,25.391708,22.457548,879.196289,-11.314763,23.924628,0.44631592882064847,0.4141642531070713
2012.03.23_05:00:00_TAI,11446,1497,599770.625,9.042144e+20,-8.141254,-13.363396,25.387659,22.453087,889.774841,-10.752324999999999,23.920372999999998,0.4400718938120803,0.4191475067250064
2012.03.23_06:00:00_TAI,11446,1497,603105.3125,9.10426e+20,-7.580053,-12.825779,25.404625,22.446829,896.133545,-10.202916,23.925727000000002,0.4430950159561239,0.42214291051121244
2012.03.23_08:00:00_TAI,11446,1497,587405.8125,6.487978e+20,-6.465954,-11.719454,25.375502,22.445045,899.131653,-9.092704000000001,23.910273500000002,0.31576324879045425,0.42355523353405716
2012.03.23_09:00:00_TAI,11446,1497,592462.625,8.95837e+20,-5.849939,-11.156784,25.364386,22.428286,906.330139,-8.5033615,23.896335999999998,0.43599469897508,0.4269462346278888
2012.03.23_10:00:00_TAI,11446,1497,597911.875,6.677662e+20,-5.242782,-10.57382,25.378698,22.414404,911.884583,-7.908301,23.896551000000002,0.32499497492817675,0.4295627745058057
2012.03.23_11:00:00_TAI,11446,1497,589642.6875,7.199238e+20,-4.683483,-10.004909,25.364367,22.405191,904.029663,-7.344196,23.884779,0.35037954501320634,0.42586254610889557
2012.03.23_12:00:00_TAI,11446,1497,617347.125,7.190442e+20,-4.127348,-9.437041,25.328558,22.369144,904.198914,-6.7821945,23.848851,0.3499514526959449,0.4259422754194939
2012.03.23_13:00:00_TAI,11446,1497,621112.875,6.98179e+20,-3.504615,-8.931563,25.316132,22.357378,930.119751,-6.218089,23.836755,0.3397965734120408,0.43815284117179676
2012.03.23_14:00:00_TAI,11446,1497,647389.0,7.731241e+20,-2.882075,-8.533603,25.412409,22.316242,1015.180176,-5.707839,23.8643255,0.3762715865161627,0.4782223772126786
2012.03.23_15:00:00_TAI,11446,1497,671937.625,7.994608e+20,-2.323171,-8.031575,25.403244,22.308805,1035.591064,-5.177373,23.8560245,0.3890893888490614,0.48783736341034223
2012.03.23_16:00:00_TAI,11446,1497,687587.6875,7.820005e+20,-1.765699,-7.5891,25.393934,22.268154,1072.609131,-4.6773995,23.831044,0.38059163954587955,0.5052755171677479
2012.03.23_17:00:00_TAI,11446,1497,705667.1875,7.667062e+20,-1.178387,-7.229919,25.493458,22.197214,1169.387207,-4.204153,23.845336,0.37314806027360725,0.5508649038214027
2012.03.23_18:00:00_TAI,11446,1497,710719.8125,7.300434e+20,-0.59062,-6.730897,25.521025,22.191963,1194.93396,-3.6607585,23.856494,0.35530465075872497,0.5628992492888867
2012.03.23_19:00:00_TAI,11446,1497,734202.6875,9.490778e+20,-0.033256,-6.199102,25.58432,22.220398,1208.298462,-3.116179,23.902359,0.4619064514135174,0.5691948843572211
2012.03.23_20:00:00_TAI,11446,1497,726776.125,9.227242e+20,0.52349,-5.639231,25.580793,22.185076,1213.408569,-2.5578705,23.882934499999998,0.4490804240235908,0.5716021097691475
2012.03.23_21:00:00_TAI,11446,1497,738771.875,9.036348e+20,1.051133,-5.07489,25.544361,22.150974,1222.668701,-2.0118785,23.8476675,0.4397898084243078,0.5759642933923463
2012.03.23_22:00:00_TAI,11446,1497,757859.1875,9.229018e+20,1.610401,-4.541195,25.543158,22.083218,1241.141846,-1.465397,23.813187999999997,0.4491668601258482,0.5846664642240337
2012.03.23_23:00:00_TAI,11446,1497,799404.125,1.043188e+21,2.329139,-3.982634,25.545298,21.983339,1309.092529,-0.8267475,23.7643185,0.5077089225321301,0.6166760896341
2012.03.24_00:00:00_TAI,11446,1497,849655.5,1.150803e+21,3.047308,-3.516367,25.586138,21.886559,1427.953247,-0.23452949999999984,23.7363485,0.5600840415886138,0.6726679780328011
2012.03.24_01:00:00_TAI,11446,1497,888812.6875,1.242788e+21,3.768778,-3.023068,25.69961,21.791353,1540.12915,0.37285500000000016,23.7454815,0.6048521996187272,0.7255108410701886
2012.03.24_02:00:00_TAI,11446,1497,905237.625,1.246753e+21,4.358234,-2.530564,25.70755,21.731195,1585.744507,0.9138350000000002,23.7193725,0.6067819245368052,0.7469989325219911
2012.03.24_03:00:00_TAI,11446,1497,937293.5,1.238004e+21,4.918947,-2.068798,25.715534,21.706623,1619.279663,1.4250745,23.7110785,0.6025238757831446,0.7627963864140754
2012.03.24_04:00:00_TAI,11446,1497,963903.625,1.309112e+21,5.501197,-1.674856,25.764416,21.71804,1666.098755,1.9131705,23.741228,0.6371314115901273,0.7848515230336651
2012.03.24_05:00:00_TAI,11446,1497,986512.1875,1.422642e+21,6.06263,-1.183196,25.808308,21.696341,1699.241943,2.4397170000000004,23.7523245,0.6923853006063667,0.8004643319994764
2012.03.24_06:00:00_TAI,11446,1497,1030467.5,1.533084e+21,6.776687,-0.657024,25.820686,21.639853,1767.048096,3.0598315,23.7302695,0.7461362916284007,0.8324058734557652
2012.03.24_08:00:00_TAI,11446,1497,1108889.0,1.60816e+21,7.897268,0.364055,25.993877,21.637003,1872.096802,4.1306615,23.815440000000002,0.7826750124227562,0.8818913176104941
2012.03.24_11:00:00_TAI,11446,1497,1235092.875,1.869109e+21,9.882847,1.906142,26.045761,21.454485,2076.863037,5.8944945,23.750123,0.9096762199000631,0.978350840746996
2012.03.24_12:00:00_TAI,11446,1497,1244351.375,1.81049e+21,10.503802,2.429911,26.050621,21.426979,2108.560303,6.4668565000000005,23.738799999999998,0.8811469525677021,0.9932825171686036
2012.03.24_13:00:00_TAI,11446,1497,1252114.25,1.904075e+21,11.101509,2.959608,26.059393,21.404482,2122.820312,7.0305585,23.7319375,0.9266938142217562,1.0
2012.03.24_14:00:00_TAI,11446,1497,1240622.25,1.858941e+21,11.662866,3.517458,26.066942,21.413181,2121.418457,7.590161999999999,23.740061500000003,0.9047275583699201,0.9993396261605021
2012.03.24_15:00:00_TAI,11446,1497,1266849.375,1.820844e+21,12.227751,4.079282,26.07254,21.421228,2111.747314,8.1535165,23.746884,0.8861861383941282,0.994783826997789
2012.03.24_16:00:00_TAI,11446,1497,1289536.75,1.870556e+21,12.786963,4.668462,26.077238,21.413576,2106.562012,8.727712499999999,23.745407,0.9103804599899645,0.9923411793696838
2012.03.24_17:00:00_TAI,11446,1497,1284023.5,1.834641e+21,13.336909,5.229001,26.089714,21.413347,2110.874512,9.282955000000001,23.7515305,0.8929009970813215,0.9943726749115448
2012.03.24_18:00:00_TAI,11446,1497,1284014.375,1.869706e+21,13.910836,5.763477,26.093821,21.425396,2111.064453,9.837156499999999,23.7596085,0.9099667736897459,0.9944621506900299
2012.03.24_19:00:00_TAI,11446,1497,1270974.375,2.046958e+21,14.459685,6.32348,26.07872,21.436901,2103.994141,10.3915825,23.757810499999998,0.996233507908952,0.9911315287056667
2012.03.24_20:00:00_TAI,11446,1497,1259969.5,1.967622e+21,15.076396,6.892147,26.089989,21.427509,2101.452148,10.9842715,23.758749,0.9576214887158544,0.9899340684281148
2012.03.24_21:00:00_TAI,11446,1497,1240064.0,1.881794e+21,15.636949,7.484076,26.102409,21.44067,2093.394043,11.5605125,23.771539500000003,0.9158498795686176,0.9861381253827007
2012.03.24_22:00:00_TAI,11446,1497,1204214.25,1.82136e+21,16.216871,8.050434,26.085707,21.453693,2080.079102,12.1336525,23.7697,0.886437270312849,0.9798658370855085
2012.03.24_23:00:00_TAI,11446,1497,1177090.25,1.831559e+21,16.803194,8.624482,26.068899,21.449463,2062.714111,12.713838,23.759180999999998,0.8914010192257057,0.9716856859432575
2012.03.25_00:00:00_TAI,11446,1497,1156405.625,1.825755e+21,17.48789,9.216147,26.052261,21.467997,2060.130615,13.3520185,23.760129,0.888576271829861,0.9704686747881467
2012.03.25_01:00:00_TAI,11446,1497,1142560.25,1.798161e+21,18.045311,9.788865,26.041222,21.488998,2042.7146,13.917088,23.76511,0.8751465544554745,0.9622644876972518
2012.03.25_02:00:00_TAI,11446,1497,1147614.75,1.811653e+21,18.598038,10.363317,26.031271,21.485838,2024.072876,14.480677499999999,23.758554500000002,0.881712972764354,0.953482904114967
2012.03.25_03:00:00_TAI,11446,1497,1142535.75,1.773001e+21,19.153435,10.931293,26.05131,21.486767,2007.325439,15.042364000000001,23.7690385,0.8629014399690076,0.9455936650185963
2012.03.25_04:00:00_TAI,11446,1497,1140540.0,1.767232e+21,19.71084,11.501096,26.046005,21.484116,1991.668457,15.605968,23.7650605,0.8600937267149366,0.9382181081184229
2012.03.25_05:00:00_TAI,11446,1497,1135530.75,1.734077e+21,20.287373,12.076055,26.033356,21.505527,1974.726318,16.181714,23.7694415,0.8439575275575911,0.930237150472489
2012.03.25_06:00:00_TAI,11446,1497,1132941.75,1.792601e+21,20.921627,12.654864,26.003048,21.505245,1967.608154,16.788245500000002,23.754146499999997,0.8724405593622807,0.9268839867780576
2012.03.25_08:00:00_TAI,11446,1497,1126299.0,1.704854e+21,22.018164,13.793658,26.021643,21.498274,1950.383545,17.905911,23.7599585,0.8297349925560801,0.9187699655852926
2012.03.25_09:00:00_TAI,11446,1497,1110674.75,2.054697e+21,22.565088,14.368076,26.076712,21.488972,1949.534302,18.466582,23.782842000000002,1.0,0.9183699114708679
2012.03.25_10:00:00_TAI,11446,1497,1095866.25,1.605111e+21,23.11269,14.909348,26.094606,21.507034,1946.020874,19.011019,23.80082,0.7811910953293842,0.9167148359187173
2012.03.25_11:00:00_TAI,11446,1497,1083534.375,1.661301e+21,23.656826,15.43525,26.120571,21.506329,1943.842163,19.546038,23.813450000000003,0.8085381932226503,0.9156885074123976
2012.02.15_15:00:00_TAI,11422,1405,164821.90625,1.267318e+21,-58.14048,-61.715702,16.793139,14.916874,217.170258,-59.928090999999995,15.8550065,0.07728170803991541,0.03263217176884048
2012.02.15_16:00:00_TAI,11422,1405,169526.59375,1.265683e+21,-57.585747,-61.314449,16.870941,14.927922,240.46582,-59.450098,15.899431499999999,0.07718200489307676,0.036132581022098695
2012.02.15_17:00:00_TAI,11422,1405,170789.59375,1.339024e+21,-56.981976,-60.784946,16.90749,14.939246,253.046997,-58.883461,15.923368,0.08165437705961699,0.03802303845719639
2012.02.15_18:00:00_TAI,11422,1405,171917.203125,1.32341e+21,-56.419884,-60.21909,16.913391,14.943227,258.948608,-58.319487,15.928309,0.08070222725243739,0.038909819113251407
2012.02.15_19:00:00_TAI,11422,1405,173858.796875,1.267011e+21,-55.851181,-59.632549,16.927473,14.947252,262.885773,-57.741865,15.937362499999999,0.07726298702090656,0.0395014205864249
2012.02.15_20:00:00_TAI,11422,1405,173833.203125,1.213891e+21,-55.277859,-59.025219,16.918337,14.963122,262.373871,-57.151539,15.9407295,0.07402370190771453,0.039424501794014515
2012.02.15_21:00:00_TAI,11422,1405,177627.0,1.204701e+21,-54.714081,-58.412918,16.917339,14.981289,260.328308,-56.5634995,15.949314,0.07346329094780799,0.03911713390766248
2012.02.15_22:00:00_TAI,11422,1405,177233.90625,1.281725e+21,-54.132534,-57.813896,16.924314,15.002247,260.177155,-55.973214999999996,15.9632805,0.07816025436193645,0.03909442154039452
2012.02.15_23:00:00_TAI,11422,1405,180356.796875,1.26291e+21,-53.576294,-57.200291,16.926062,15.025079,258.233063,-55.3882925,15.9755705,0.0770129059168177,0.03880230076537371
2012.02.16_00:00:00_TAI,11422,1405,181762.09375,1.237526e+21,-53.025002,-56.608967,16.924057,15.035204,257.748932,-54.816984500000004,15.9796305,0.07546497644932397,0.03872955486500912
2012.02.16_01:00:00_TAI,11422,1405,176592.0,1.219688e+21,-52.487411,-56.031528,16.915211,15.043802,256.500732,-54.2594695,15.9795065,0.07437720597023663,0.038541999362810164
2012.02.16_02:00:00_TAI,11422,1405,180320.90625,1.208754e+21,-51.952206,-55.462284,16.90493,15.061195,255.681442,-53.707245,15.983062499999999,0.07371044498703554,0.038418892210593705
2012.02.16_03:00:00_TAI,11422,1405,179834.90625,1.147781e+21,-51.429321,-54.906364,16.885576,15.085695,249.969391,-53.167842500000006,15.9856355,0.06999227986642827,0.03756059498747958
2012.02.16_04:00:00_TAI,11422,1405,170088.703125,1.009904e+21,-50.91431,-54.370972,16.855402,15.114429,243.912384,-52.642641,15.9849155,0.06158446899384584,0.0366504644076786
2012.02.16_05:00:00_TAI,11422,1405,169542.90625,9.922145e+20,-50.414413,-53.879139,16.826488,15.111053,241.967331,-52.146776,15.968770500000002,0.06050575412167321,0.03635819923205083
2012.02.16_06:00:00_TAI,11422,1405,169734.796875,8.942388e+20,-49.962357,-53.382511,16.851355,15.064321,243.619278,-51.672433999999996,15.957838,0.05453114518973478,0.03660642207229362
2012.02.16_07:00:00_TAI,11422,1405,175012.203125,8.472377e+20,-49.545376,-52.853065,16.857107,15.046269,242.604172,-51.199220499999996,15.951688,0.051664993767791066,0.03645389145571361
2012.02.16_08:00:00_TAI,11422,1405,183472.296875,8.645917e+20,-49.045025,-52.312447,16.848644,15.032571,246.815399,-50.678736,15.9406075,0.052723249676193455,0.037086673698029586
2012.02.16_09:00:00_TAI,11422,1405,180696.5,8.710305e+20,-48.524303,-51.816147,16.831434,14.972586,253.679291,-50.170225,15.90201,0.0531158910351321,0.038118047445104886
2012.02.16_10:00:00_TAI,11422,1405,185421.09375,8.602846e+20,-48.003822,-51.325527,16.810493,14.922832,260.44754,-49.664674500000004,15.8666625,0.0524606004873563,0.03913504980065895
2012.02.16_11:00:00_TAI,11422,1405,186753.09375,7.565315e+20,-47.49588,-50.785355,16.778496,14.905274,266.264648,-49.140617500000005,15.841885000000001,0.04613368271104747,0.04000913297025161
2012.02.16_12:00:00_TAI,11422,1405,192756.40625,6.924111e+20,-46.968536,-50.252975,16.76202,14.870824,271.989014,-48.610755499999996,15.816422,0.04222358750826286,0.040869280654837914
2012.02.16_13:00:00_TAI,11422,1405,195059.0,6.542388e+20,-46.449345,-49.800507,16.73605,14.81236,282.683075,-48.124926,15.774204999999998,0.03989582088314425,0.042476178572961015
2012.02.16_14:00:00_TAI,11422,1405,197295.0,6.15579e+20,-45.871429,-49.354176,16.716187,14.760028,296.375488,-47.6128025,15.738107500000002,0.03753832625552789,0.04453361119315851
2012.02.16_15:00:00_TAI,11422,1405,193348.703125,5.78337e+20,-45.310123,-48.898521,16.698469,14.709821,309.980103,-47.104321999999996,15.704145,0.0352672898062527,0.0465778512176325
2012.02.16_16:00:00_TAI,11422,1405,194582.0,6.224505e+20,-44.766891,-48.400154,16.679197,14.690557,320.241028,-46.5835225,15.684877,0.03795735388458095,0.048119665783728324
2012.02.16_18:00:00_TAI,11422,1405,186250.796875,6.213619e+20,-43.700809,-47.276131,16.633375,14.683753,315.738312,-45.48847,15.658564,0.03789097049274697,0.047443084177704244
2012.02.16_19:00:00_TAI,11422,1405,189744.40625,5.148528e+20,-43.202652,-46.689022,16.587404,14.698464,303.469269,-44.945837,15.642934,0.03139599040898414,0.045599528240061575
2012.02.16_20:00:00_TAI,11422,1405,182993.90625,4.887681e+20,-42.763874,-46.093475,16.646149,14.728959,294.296936,-44.4286745,15.687554,0.029805331892566962,0.04422128635402484
2012.02.16_21:00:00_TAI,11422,1405,178610.203125,4.684636e+20,-42.307068,-45.491047,16.659117,14.759618,285.476471,-43.8990575,15.709367499999999,0.02856715296597043,0.042895916427167516
2012.02.18_00:00:00_TAI,11422,1405,25722.5,5.763906e+19,-28.868793,-30.150829,15.478025,14.890523,46.770634,-29.509811,15.184274,0.003514859732612625,0.007027791818645677
2012.02.18_01:00:00_TAI,11422,1405,50427.898438,9.466864e+19,-28.074894,-29.638302,15.608275,14.848882,76.216637,-28.856597999999998,15.228578500000001,0.005772942700266119,0.011452371117169105
2012.02.18_02:00:00_TAI,11422,1405,65988.398438,1.36427e+20,-27.395872,-29.161013,15.65455,14.720728,104.213303,-28.2784425,15.187639,0.008319389121563443,0.015659171911534125
2012.02.18_03:00:00_TAI,11422,1405,72301.101562,1.277542e+20,-26.805407,-28.777517,15.69853,14.675941,123.374496,-27.791462,15.1872355,0.007790517285537616,0.018538347665296426
2012.02.18_04:00:00_TAI,11422,1405,140538.0,2.320932e+20,-26.014162,-28.465172,15.832696,14.504112,200.586502,-27.239666999999997,15.168403999999999,0.014153163547309906,0.0301402837020844
2012.02.18_05:00:00_TAI,11422,1405,163669.5,2.549775e+20,-25.408279,-27.937071,15.837721,14.473528,213.234894,-26.672674999999998,15.1556245,0.015548660014098697,0.03204084091532687
2012.02.18_06:00:00_TAI,11422,1405,205108.703125,3.075769e+20,-24.685133,-27.515812,15.895028,14.407985,260.147461,-26.100472500000002,15.1515065,0.01875619866964902,0.03908995969687401
2012.02.18_07:00:00_TAI,11422,1405,267772.59375,3.20273e+20,-24.043861,-27.21159,15.925786,14.333786,308.261932,-25.6277255,15.129786,0.019530413423519452,0.04631967750767522
2012.02.18_08:00:00_TAI,11422,1405,316702.59375,3.488808e+20,-23.322998,-26.929056,15.98388,14.229403,393.044159,-25.126027,15.106641499999999,0.021274931884761455,0.0590591208360928
2012.02.18_09:00:00_TAI,11422,1405,440163.0,5.441618e+20,-22.155392,-26.410004,18.684862,14.171786,534.331238,-24.282698,16.428324,0.03318326840940856,0.08028902714603389
2012.02.18_10:00:00_TAI,11422,1405,552965.875,6.858163e+20,-21.204208,-25.863234,18.951399,14.144509,694.230042,-23.533721,16.547953999999997,0.04182143318852492,0.10431554572096766
2012.02.18_11:00:00_TAI,11422,1405,594511.125,7.342645e+20,-20.569284,-25.309481,18.993141,14.100654,777.57251,-22.9393825,16.5468975,0.044775829517985595,0.11683864974295159
2012.02.18_12:00:00_TAI,11422,1405,684889.8125,7.855255e+20,-19.786943,-24.732014,19.008259,14.020588,920.394287,-22.2594785,16.5144235,0.0479017518483195,0.13829916096726036
2012.02.18_13:00:00_TAI,11422,1405,824835.8125,8.70535e+20,-19.157158,-24.599285,19.045219,13.918844,1216.609253,-21.8782215,16.482031499999998,0.053085675188490784,0.1828086519999286
2012.02.18_14:00:00_TAI,11422,1405,982397.8125,9.862711e+20,-18.588505,-24.202097,19.049803,13.833013,1540.824463,-21.395301,16.441408,0.06014332251132408,0.2315254814600229
2012.02.18_15:00:00_TAI,11422,1405,1095346.75,1.209617e+21,-17.941084,-23.831007,19.055094,13.766835,1726.676147,-20.8860455,16.4109645,0.07376307117402132,0.2594516999563709
2012.02.18_16:00:00_TAI,11422,1405,1221416.875,1.422838e+21,-17.070042,-23.351557,19.03418,13.688301,1873.541748,-20.2107995,16.3612405,0.08676539819058607,0.28151983931809693
2012.02.18_17:00:00_TAI,11422,1405,1274418.75,1.402743e+21,-16.421196,-22.837568,19.039639,13.659737,1933.983765,-19.629382,16.349688,0.08553999468249883,0.2906019037727939
2012.02.18_18:00:00_TAI,11422,1405,1318513.375,1.3911e+21,-15.586308,-22.293249,19.016726,13.633356,2024.0896,-18.9397785,16.325041,0.08482999851207537,0.30414127657721723
2012.02.18_19:00:00_TAI,11422,1405,1395356.625,1.430936e+21,-14.966997,-21.869467,19.018084,13.60943,2085.060303,-18.418232,16.313757000000003,0.08725921842489762,0.31330278180121046
2012.02.18_20:00:00_TAI,11422,1405,1483828.75,1.620894e+21,-14.359316,-21.435186,18.9977,13.601842,2126.193848,-17.897251,16.299771,0.09884295565252814,0.3194835402451283
2012.02.18_21:00:00_TAI,11422,1405,1569388.75,1.923133e+21,-13.787058,-20.941359,18.974436,13.601869,2160.187988,-17.3642085,16.288152500000002,0.11727364641544319,0.32459152614444065
2012.02.18_22:00:00_TAI,11422,1405,1639002.25,1.892769e+21,-13.114558,-20.493427,18.95101,13.594383,2241.210449,-16.8039925,16.272696500000002,0.11542203396858772,0.3367660241113132
2012.02.18_23:00:00_TAI,11422,1405,1707060.875,1.946827e+21,-12.48789,-20.099092,18.927942,13.596728,2303.694092,-16.293491,16.262335,0.11871851880761135,0.3461548648756821
2012.02.19_00:00:00_TAI,11422,1405,1773965.5,2.05121e+21,-11.812416,-19.733013,18.879583,13.598182,2389.845459,-15.7727145,16.2388825,0.12508384821217317,0.35910003624470266
2012.02.19_01:00:00_TAI,11422,1405,1867209.75,2.151711e+21,-11.155574,-19.250938,18.860855,13.582861,2470.387695,-15.203256,16.221858,0.1312124512460759,0.3712023752298066
2012.02.19_02:00:00_TAI,11422,1405,1965805.0,2.39345e+21,-10.498469,-18.870005,18.84256,13.541449,2569.526855,-14.684237,16.1920045,0.14595382067337126,0.38609910247013873
2012.02.19_03:00:00_TAI,11422,1405,2065199.875,2.481781e+21,-9.746452,-18.398884,18.827467,13.484007,2687.570801,-14.072668,16.155737,0.15134029080389397,0.4038364775491135
2012.02.19_04:00:00_TAI,11422,1405,2149303.0,2.602314e+21,-9.120968,-17.964647,18.811386,13.469269,2780.818604,-13.542807499999999,16.140327499999998,0.15869045557325345,0.4178479649074009
2012.02.19_05:00:00_TAI,11422,1405,2310273.25,2.817754e+21,-8.464232,-17.444668,18.804029,13.45654,2867.736328,-12.954450000000001,16.130284500000002,0.1718280983591362,0.43090828967491424
2012.02.19_06:00:00_TAI,11422,1405,2441836.25,3.092268e+21,-7.780764,-16.918278,18.860029,13.445438,2968.349121,-12.349521,16.1527335,0.18856810426205037,0.4460264461552496
2012.02.19_07:00:00_TAI,11422,1405,2583533.25,3.376831e+21,-7.068503,-16.433691,18.851191,13.437302,3049.396729,-11.751097,16.1442465,0.20592090338978503,0.4582047227298883
2012.02.19_08:00:00_TAI,11422,1405,2669280.75,3.285357e+21,-6.421215,-15.965354,18.84551,13.41713,3166.57959,-11.1932845,16.131320000000002,0.20034277149136395,0.47581271050746027
2012.02.19_09:00:00_TAI,11422,1405,2797525.5,3.471094e+21,-5.798358,-15.454515,18.861103,13.379021,3241.999756,-10.6264365,16.120062,0.2116691099527523,0.4871454032730897
2012.02.19_10:00:00_TAI,11422,1405,2987353.0,3.775987e+21,-5.180788,-14.979242,18.861063,13.341762,3326.831055,-10.080015,16.101412500000002,0.23026164301029106,0.4998922201983699
2012.02.19_11:00:00_TAI,11422,1405,3382214.5,4.527236e+21,-4.559831,-14.600642,18.913437,13.173889,3539.158203,-9.5802365,16.043663,0.2760731961352987,0.5317966624941654
2012.02.19_12:00:00_TAI,11422,1405,3704927.0,5.064053e+21,-3.90896,-14.207107,18.973566,13.066253,3746.11499,-9.0580335,16.0199095,0.30880857483651125,0.562894150171835
2012.02.19_13:00:00_TAI,11422,1405,4025018.75,5.674381e+21,-3.257632,-13.728627,19.0583,12.9328,3951.100586,-8.4931295,15.99555,0.3460266923923145,0.5936954451576802
2012.02.19_14:00:00_TAI,11422,1405,4377047.0,6.247138e+21,-2.641059,-13.255219,19.207407,12.921285,4104.211426,-7.948139,16.064346,0.380953710908439,0.6167019989858359
2012.02.19_15:00:00_TAI,11422,1405,4645188.0,6.749499e+21,-1.963263,-12.776503,19.296797,12.91072,4282.483887,-7.369883,16.1037585,0.41158794488336864,0.6434893575430373
2012.02.19_16:00:00_TAI,11422,1405,4930832.0,7.230171e+21,-1.345942,-12.301264,19.319447,12.83464,4413.340332,-6.823603,16.077043500000002,0.4408995724046082,0.6631519486806313
2012.02.19_17:00:00_TAI,11422,1405,5320346.0,7.760509e+21,-0.696762,-11.816383,19.376364,12.732027,4583.251465,-6.2565725,16.0541955,0.4732398583300607,0.6886829275934727
2012.02.19_18:00:00_TAI,11422,1405,5702425.0,8.420736e+21,-0.08253,-11.280895,19.395226,12.654959,4686.728027,-5.6817125,16.0250925,0.513500842750758,0.7042313962296939
2012.02.19_19:00:00_TAI,11422,1405,5987032.5,8.885875e+21,0.596526,-10.781586,19.416735,12.521128,4848.222656,-5.09253,15.9689315,0.5418652598867714,0.728497704709528
2012.02.19_20:00:00_TAI,11422,1405,6132837.5,9.679333e+21,1.243833,-10.276958,19.377245,12.451001,4950.026855,-4.5165625,15.914123,0.5902507396936827,0.7437948827814775
2012.02.19_21:00:00_TAI,11422,1405,6209574.0,9.734168e+21,1.893203,-9.770514,19.399372,12.441724,5059.552246,-3.9386555000000003,15.920548,0.5935946063951489,0.7602522531648632
2012.02.19_22:00:00_TAI,11422,1405,6365602.0,1.020972e+22,2.511891,-9.261499,19.390917,12.402044,5131.670898,-3.374804,15.896480500000001,0.6225940136645144,0.7710888578706568
2012.02.19_23:00:00_TAI,11422,1405,6446093.0,1.052739e+22,3.12812,-8.735507,19.42062,12.338098,5201.61377,-2.8036935,15.879359000000001,0.6419656947998253,0.7815985281824637
2012.02.20_00:00:00_TAI,11422,1405,6549299.5,1.095757e+22,3.719319,-8.20069,19.416313,12.334445,5243.411133,-2.2406854999999997,15.875378999999999,0.66819829400903,0.7878790324350329
2012.02.20_01:00:00_TAI,11422,1405,6686733.5,1.126428e+22,4.367331,-7.671366,19.448595,12.303178,5311.215332,-1.6520175,15.8758865,0.6869016286676732,0.7980673440795153
2012.02.20_02:00:00_TAI,11422,1405,6778110.5,1.152338e+22,5.015304,-7.169993,19.449726,12.241435,5378.358887,-1.0773444999999997,15.845580499999999,0.7027016808669967,0.8081563868430535
2012.02.20_03:00:00_TAI,11422,1405,7099173.0,1.202499e+22,5.605245,-6.66602,19.517643,12.179542,5457.165039,-0.5303874999999998,15.848592499999999,0.7332901184729502,0.8199978604968967
2012.02.20_04:00:00_TAI,11422,1405,7439721.5,1.237865e+22,6.19171,-6.142179,19.52132,12.087027,5557.104492,0.024765499999999996,15.804173500000001,0.7548564884490703,0.8350148403854594
2012.02.20_05:00:00_TAI,11422,1405,7815728.0,1.282084e+22,6.783837,-5.64326,19.526712,12.031466,5638.749023,0.5702885000000002,15.779088999999999,0.7818214636787839,0.8472828110740535
2012.02.20_06:00:00_TAI,11422,1405,8217217.5,1.328866e+22,7.370621,-5.14814,19.562386,12.032563,5727.189453,1.1112405,15.7974745,0.8103493695834054,0.8605719388286933
2012.02.20_07:00:00_TAI,11422,1405,8605889.0,1.397439e+22,7.965928,-4.649476,19.568714,11.977636,5828.626465,1.658226,15.773175,0.8521655401532319,0.8758139430966164
2012.02.20_08:00:00_TAI,11422,1405,8974984.0,1.40595e+22,8.579288,-4.152003,19.611559,11.919785,5936.223633,2.2136425,15.765671999999999,0.8573555920354565,0.8919815771932558
2012.02.20_09:00:00_TAI,11422,1405,9297153.0,1.449206e+22,9.181887,-3.684052,19.649696,11.833558,6084.527344,2.7489175,15.741627,0.8837333248773682,0.9142658080813937
2012.02.20_10:00:00_TAI,11422,1405,9523739.0,1.484542e+22,9.776176,-3.186372,19.719353,11.807112,6192.300293,3.2949019999999996,15.7632325,0.9052814006981049,0.930459855167724
2012.02.20_11:00:00_TAI,11422,1405,9680258.0,1.517696e+22,10.34079,-2.658141,19.730242,11.785225,6263.802246,3.8413245,15.7577335,0.9254988816173009,0.9412037942024308
2012.02.20_12:00:00_TAI,11422,1405,9785514.0,1.561311e+22,10.902155,-2.161593,19.79949,11.789781,6347.700195,4.370281,15.794635499999998,0.9520955345186319,0.9538103652312382
2012.02.20_13:00:00_TAI,11422,1405,9858954.0,1.582294e+22,11.462381,-1.60464,19.775288,11.670214,6437.626465,4.9288705,15.722750999999999,0.9648910765988482,0.9673227564591895
2012.02.20_14:00:00_TAI,11422,1405,9891243.0,1.591939e+22,12.001057,-1.07888,19.843723,11.645586,6502.802734,5.4610885,15.7446545,0.9707726475545593,0.9771161932992385
2012.02.20_15:00:00_TAI,11422,1405,9894286.0,1.574477e+22,12.55949,-0.55001,19.848335,11.650765,6514.009766,6.00474,15.74955,0.9601242295111557,0.978800170638543
2012.02.20_16:00:00_TAI,11422,1405,9995273.0,1.560089e+22,13.1093,0.008421,19.851467,11.56338,6545.036621,6.5588605,15.7074235,0.9513503525893547,0.9834622899873485
2012.02.20_17:00:00_TAI,11422,1405,10042911.0,1.567452e+22,13.676841,0.536071,19.826651,11.474634,6576.570312,7.106456,15.6506425,0.9558403481255808,0.9882005669074668
2012.02.20_18:00:00_TAI,11422,1405,10022836.0,1.561919e+22,14.246261,1.061452,19.833775,11.420183,6612.72998,7.6538565,15.626978999999999,0.9524662960677323,0.9936339467272773
2012.02.20_19:00:00_TAI,11422,1405,9994219.0,1.579229e+22,14.817894,1.620009,19.83849,11.391446,6638.372559,8.218951500000001,15.614968000000001,0.9630220237238607,0.9974870205792413
2012.02.20_20:00:00_TAI,11422,1405,9917281.0,1.598916e+22,15.38618,2.17665,19.844484,11.36982,6655.09668,8.781414999999999,15.607152000000001,0.975027258291521,1.0
2012.02.20_21:00:00_TAI,11422,1405,9719107.0,1.575537e+22,15.948448,2.702579,19.845818,11.377376,6649.498047,9.3255135,15.611597,0.9607706230013636,0.9991587450537233
2012.02.20_22:00:00_TAI,11422,1405,9555836.0,1.565987e+22,16.504622,3.203914,19.829597,11.386999,6646.958984,9.854268000000001,15.608298,0.9549469835376994,0.9987772234737844
2012.02.20_23:00:00_TAI,11422,1405,9326423.0,1.534215e+22,17.048763,3.760116,19.840492,11.373652,6642.525391,10.4044395,15.607072,0.9355722533764912,0.9981110283434681
2012.02.21_00:00:00_TAI,11422,1405,9155435.0,1.546224e+22,17.584352,4.291316,19.845602,11.326705,6626.785156,10.937833999999999,15.5861535,0.9428954037764016,0.9957458883978226
2012.02.21_01:00:00_TAI,11422,1405,9086396.0,1.552439e+22,18.124136,4.849199,19.831366,11.311199,6609.322754,11.4866675,15.571282499999999,0.9466853429666291,0.993121974300154
2012.02.21_02:00:00_TAI,11422,1405,9062910.0,1.552418e+22,18.657934,5.408814,19.813934,11.324585,6573.012207,12.033374,15.569259500000001,0.9466725370578607,0.9876659232845285
2012.02.21_03:00:00_TAI,11422,1405,9087582.0,1.548907e+22,19.183447,5.967293,19.799681,11.317659,6545.052246,12.57537,15.55867,0.9445315110728424,0.9834646378119936
2012.02.21_04:00:00_TAI,11422,1405,9211066.0,1.528987e+22,19.715342,6.526754,19.85564,11.297703,6544.111816,13.121048,15.5766715,0.9323841918983723,0.9833233280692175
2012.02.21_05:00:00_TAI,11422,1405,9325473.0,1.526273e+22,20.256071,7.061863,19.8785,11.256716,6542.072754,13.658966999999999,15.567608,0.9307291806413687,0.9830169370281786
2012.02.21_06:00:00_TAI,11422,1405,9457658.0,1.530677e+22,20.787848,7.594202,19.900373,11.221497,6539.216309,14.191025,15.560934999999999,0.933414762651628,0.9825877253822255
2012.02.21_07:00:00_TAI,11422,1405,9593941.0,1.560268e+22,21.311178,8.151662,19.916681,11.203825,6523.410156,14.73142,15.560253,0.9514595077164747,0.9802126805466634
2012.02.21_08:00:00_TAI,11422,1405,9727527.0,1.567329e+22,21.839394,8.655116,19.982882,11.072842,6557.387695,15.247255,15.527861999999999,0.9557653420885095,0.9853181719668122
2012.02.21_09:00:00_TAI,11422,1405,9756240.0,1.523623e+22,22.36487,9.15795,20.007299,11.03258,6596.691406,15.76141,15.5199395,0.9291131969158493,0.9912239781315995
2012.02.21_10:00:00_TAI,11422,1405,9778141.0,1.542137e+22,22.898554,9.691267,20.027874,10.991254,6616.763184,16.2949105,15.509564000000001,0.940403130008025,0.99423997909524
2012.02.21_11:00:00_TAI,11422,1405,9798471.0,1.565596e+22,23.459442,10.252871,20.048672,10.984176,6619.810547,16.8561565,15.516424,0.9547085497125378,0.9946978782282695
2012.02.21_12:00:00_TAI,11422,1405,9733112.0,1.559147e+22,24.02268,10.794701,20.069099,11.00565,6616.517578,17.4086905,15.5373745,0.950775916110321,0.9942030741467757
2012.02.21_13:00:00_TAI,11422,1405,9658261.0,1.566147e+22,24.574253,11.352644,20.089518,11.001473,6607.344238,17.9634485,15.545495500000001,0.95504455236641,0.9928246809481361
2012.02.21_16:00:00_TAI,11422,1405,9657049.0,1.557548e+22,26.208183,13.035004,20.191711,11.034947,6566.225586,19.6215935,15.613329,0.9498008376283944,0.9866461603379743
2012.02.21_17:00:00_TAI,11422,1405,9664034.0,1.562085e+22,26.725838,13.561679,20.212631,11.060084,6542.400391,20.1437585,15.636357499999999,0.9525675237275195,0.9830661680184638
2012.02.21_18:00:00_TAI,11422,1405,9652613.0,1.569661e+22,27.261492,14.115973,20.238047,11.109523,6513.783691,20.6887325,15.673785,0.9571874077669666,0.9787662004333196
2012.02.21_19:00:00_TAI,11422,1405,9572119.0,1.639868e+22,27.805063,14.67971,20.25639,11.133653,6468.863281,21.242386500000002,15.6950215,1.0,0.9720164247110532
2012.02.21_20:00:00_TAI,11422,1405,9397688.0,1.621997e+22,28.347685,15.243225,20.277437,11.209675,6419.254883,21.795455,15.743556,0.9891021716382049,0.9645622282680347
2012.02.21_21:00:00_TAI,11422,1405,9200319.0,1.611433e+22,28.897478,15.809233,20.305513,11.351334,6358.876953,22.3533555,15.8284235,0.9826601897225874,0.9554897935757712
2012.11.20_17:00:00_TAI,11620,2227,939779.375,4.429374e+21,-53.875,-65.588692,-10.337621,-14.068727,1436.151123,-59.731846,-12.203174,0.112495352244028,0.1454496960204704
2012.11.20_18:00:00_TAI,11620,2227,978773.3125,4.352144e+21,-53.245663,-65.009857,-10.324772,-14.055552,1465.268433,-59.127759999999995,-12.190162,0.11053389763355567,0.14839862236993911
2012.11.20_19:00:00_TAI,11620,2227,1096680.25,4.434448e+21,-52.166889,-64.447098,-10.077288,-14.039884,1591.921143,-58.3069935,-12.058586,0.11262421953256273,0.16122568344634422
2012.11.20_20:00:00_TAI,11620,2227,1156299.0,4.49859e+21,-51.471577,-63.86956,-10.052597,-14.024203,1684.745728,-57.6705685,-12.0384,0.11425327069953044,0.17062671893296713
2012.11.20_21:00:00_TAI,11620,2227,1215912.125,4.48069e+21,-50.538815,-63.285961,-9.878843,-14.033781,1847.510986,-56.912388,-11.956312,0.11379865413177886,0.18711116609152248
2012.11.20_22:00:00_TAI,11620,2227,1273237.125,4.718063e+21,-49.802311,-62.694992,-9.744429,-14.043366,1953.383057,-56.2486515,-11.893897500000001,0.11982735237406358,0.1978336174390104
2012.11.20_23:00:00_TAI,11620,2227,1359081.75,5.15243e+21,-49.0527,-62.110359,-9.51465,-14.031774,2088.382568,-55.5815295,-11.773212000000001,0.13085922023353577,0.21150602107634137
2012.11.21_00:00:00_TAI,11620,2227,1464371.5,5.452603e+21,-48.376038,-61.521393,-9.475388,-14.018733,2237.032959,-54.948715500000006,-11.7470605,0.13848288609899365,0.2265609507686354
2012.11.21_01:00:00_TAI,11620,2227,1531909.375,5.553198e+21,-47.653362,-60.943954,-9.463135,-14.012672,2342.155518,-54.298658,-11.7379035,0.1410377550170367,0.23720749346638736
2012.11.21_02:00:00_TAI,11620,2227,1563612.375,5.325458e+21,-46.982899,-60.406506,-9.451516,-14.086501,2459.109619,-53.694702500000005,-11.7690085,0.13525371160140842,0.2490523043406517
2012.11.21_03:00:00_TAI,11620,2227,1575324.0,4.973671e+21,-46.411076,-59.822102,-9.444803,-14.080576,2504.328125,-53.116589000000005,-11.7626895,0.12631917537126172,0.2536319184542841
2012.11.21_04:00:00_TAI,11620,2227,1621675.25,4.909579e+21,-45.845684,-59.248554,-9.438226,-14.09414,2536.526367,-52.547118999999995,-11.766183,0.12469139408297487,0.2568928736812735
2012.11.21_05:00:00_TAI,11620,2227,1645219.125,4.985566e+21,-45.321751,-58.656563,-9.455634,-14.084249,2563.946533,-51.989157,-11.7699415,0.12662127950944077,0.25966991764667435
2012.11.21_06:00:00_TAI,11620,2227,1646250.75,5.060256e+21,-44.768585,-58.070751,-9.477078,-14.105721,2593.797363,-51.419668,-11.7913995,0.1285182242829249,0.26269313301720526
2012.11.21_07:00:00_TAI,11620,2227,1663210.625,5.010022e+21,-44.256699,-57.489822,-9.500887,-14.100893,2606.23291,-50.8732605,-11.800889999999999,0.12724240256982808,0.2639525732683259
2012.11.21_08:00:00_TAI,11620,2227,1675424.5,4.850637e+21,-43.729542,-56.910187,-9.542657,-14.114159,2613.213623,-50.3198645,-11.828408,0.12319441029881768,0.26465956194632456
2012.11.21_09:00:00_TAI,11620,2227,1680213.5,4.463098e+21,-43.246746,-56.330406,-9.591282,-14.103273,2614.726318,-49.788576000000006,-11.8472775,0.11335186001670144,0.2648127638095533
2012.11.21_10:00:00_TAI,11620,2227,1664805.75,4.278566e+21,-42.719494,-55.750153,-9.61854,-14.091634,2626.900146,-49.2348235,-11.855087000000001,0.10866519496193411,0.26604569783275467
2012.11.21_11:00:00_TAI,11620,2227,1697261.375,4.178498e+21,-42.179642,-55.203911,-9.664804,-14.080545,2644.085205,-48.6917765,-11.8726745,0.10612371056518745,0.2677861564569296
2012.11.21_12:00:00_TAI,11620,2227,1727649.125,4.121799e+21,-41.633957,-54.674896,-9.683723,-14.104753,2689.483887,-48.1544265,-11.894238000000001,0.10468369353865409,0.2723840183329391
2012.11.21_13:00:00_TAI,11620,2227,1756598.125,4.049987e+21,-41.113979,-54.146378,-9.731785,-14.142504,2762.633789,-47.6301785,-11.9371445,0.10285984298204086,0.27979245247293544
2012.11.21_14:00:00_TAI,11620,2227,1799466.875,4.116969e+21,-40.508144,-53.620735,-9.757491,-14.251315,2837.939941,-47.064439500000006,-12.004403,0.104561023258082,0.28741926607315804
2012.11.21_15:00:00_TAI,11620,2227,1840752.75,4.278773e+21,-39.912983,-53.078037,-9.771964,-14.238865,2898.609131,-46.495509999999996,-12.0054145,0.10867045225967291,0.29356368576687025
2012.11.21_16:00:00_TAI,11620,2227,1855920.375,4.474412e+21,-39.327648,-52.547729,-9.763124,-14.255767,2945.350342,-45.9376885,-12.0094455,0.11363920816460879,0.298297515530814
2012.11.21_17:00:00_TAI,11620,2227,1892010.25,4.473416e+21,-38.773605,-52.035686,-9.777259,-14.243897,2975.342285,-45.4046455,-12.010578,0.11361391218128583,0.30133502246344157
2012.11.21_18:00:00_TAI,11620,2227,1930565.75,4.280481e+21,-38.223824,-51.45705,-9.795881,-14.233648,2988.290771,-44.840437,-12.0147645,0.10871383131541144,0.30264641185865443
2012.11.21_19:00:00_TAI,11620,2227,1954397.625,4.161374e+21,-37.664875,-50.902897,-9.791525,-14.2282,3012.109619,-44.283886,-12.0098625,0.10568880251456296,0.30505872358941494
2012.11.21_20:00:00_TAI,11620,2227,1984658.875,4.064014e+21,-37.035088,-50.327808,-9.826982,-14.214853,3037.735596,-43.681448,-12.0209175,0.10321609474717222,0.30765405670247314
2012.11.21_21:00:00_TAI,11620,2227,2009098.25,4.029779e+21,-36.423981,-49.769993,-9.864662,-14.207928,3043.621582,-43.096987,-12.036294999999999,0.1023466088143803,0.3082501742424521
2012.11.21_22:00:00_TAI,11620,2227,2018832.375,4.15287e+21,-35.86372,-49.223759,-9.905657,-14.201697,3030.461914,-42.5437395,-12.053677,0.10547282154852054,0.30691739687684166
2012.11.21_23:00:00_TAI,11620,2227,2040592.75,4.214878e+21,-35.261642,-48.678116,-9.937005,-14.256034,3036.632568,-41.969879000000006,-12.0965195,0.1070476742933887,0.3075423448605
2012.11.22_00:00:00_TAI,11620,2227,2075180.5,4.308417e+21,-34.63599,-48.121746,-9.957891,-14.250347,3051.290527,-41.378868,-12.104119,0.10942333793198733,0.3090268652892255
2012.11.22_01:00:00_TAI,11620,2227,2085916.5,4.247038e+21,-34.044945,-47.576733,-9.973946,-14.275163,3102.934326,-40.810839,-12.124554499999999,0.1078644602609245,0.3142572165702252
2012.11.22_02:00:00_TAI,11620,2227,2111798.5,4.154763e+21,-33.48238,-47.047192,-9.990849,-14.275869,3137.829834,-40.264786,-12.133359,0.1055208991553783,0.31779134396795866
2012.11.22_03:00:00_TAI,11620,2227,2119226.75,4.019436e+21,-32.902058,-46.495377,-9.895184,-14.330205,3189.214844,-39.6987175,-12.1126945,0.10208392171045547,0.3229954857639114
2012.11.22_04:00:00_TAI,11620,2227,2175153.0,3.879944e+21,-32.201344,-45.941277,-9.856508,-14.442389,3289.113525,-39.071310499999996,-12.1494485,0.09854116337141614,0.3331129675188562
2012.11.22_05:00:00_TAI,11620,2227,2223324.25,3.951992e+21,-31.526171,-45.378349,-9.854896,-14.443745,3373.331055,-38.45226,-12.1493205,0.10037100775540309,0.3416423025880701
2012.11.22_06:00:00_TAI,11620,2227,2223293.0,3.911455e+21,-30.967924,-44.804783,-9.849654,-14.438991,3405.643066,-37.8863535,-12.1443225,0.09934146631367426,0.34491478004708753
2012.11.22_07:00:00_TAI,11620,2227,2243707.5,3.991573e+21,-30.415638,-44.239895,-9.873512,-14.435359,3428.439453,-37.327766499999996,-12.1544355,0.10137626911675365,0.34722353955464463
2012.11.22_08:00:00_TAI,11620,2227,2270912.25,3.884044e+21,-29.855274,-43.675411,-9.86579,-14.463805,3476.515137,-36.7653425,-12.1647975,0.09864529342324752,0.3520925213155398
2012.11.22_09:00:00_TAI,11620,2227,2287488.25,3.739477e+21,-29.314047,-43.154804,-9.888824,-14.459517,3511.494629,-36.2344255,-12.174170499999999,0.09497364239809986,0.35563515439702403
2012.11.22_10:00:00_TAI,11620,2227,2312605.5,3.520015e+21,-28.773859,-42.61145,-9.88396,-14.504377,3540.740479,-35.6926545,-12.1941685,0.0893998400968765,0.3585970989474516
2012.11.22_11:00:00_TAI,11620,2227,2301568.25,3.3594e+21,-28.245935,-42.059612,-9.905274,-14.591389,3597.267578,-35.1527735,-12.248331499999999,0.08532060881031668,0.36432201830642147
2012.11.22_12:00:00_TAI,11620,2227,2304784.5,3.321979e+21,-27.67647,-41.519737,-9.929903,-14.618321,3639.953613,-34.5981035,-12.274111999999999,0.0843702062079797,0.36864515026352346
2012.11.22_13:00:00_TAI,11620,2227,2295493.25,3.323476e+21,-26.998537,-40.953217,-10.003815,-14.635994,3674.899902,-33.975877,-12.3199045,0.08440822637568497,0.3721844206304718
2012.11.22_14:00:00_TAI,11620,2227,2298448.25,3.280602e+21,-26.350576,-40.391933,-10.02601,-14.656747,3697.707764,-33.3712545,-12.3413785,0.08331933080441227,0.37449434229654766
2012.11.22_15:00:00_TAI,11620,2227,2295118.0,3.407811e+21,-25.768936,-39.827648,-10.046424,-14.648129,3702.050293,-32.798292000000004,-12.3472765,0.08655013074670898,0.3749341424769706
2012.11.22_16:00:00_TAI,11620,2227,2299191.5,3.379338e+21,-25.193071,-39.271721,-10.098679,-14.671685,3697.80835,-32.232396,-12.385182,0.08582698563310055,0.374504529388205
2012.11.22_17:00:00_TAI,11620,2227,2340681.25,3.335836e+21,-24.622282,-38.730167,-10.093812,-14.700248,3728.356934,-31.6762245,-12.39703,0.08472214038559613,0.37759841149120693
2012.11.22_18:00:00_TAI,11620,2227,2405756.0,3.279415e+21,-23.98863,-38.217316,-10.050643,-14.720954,3798.773193,-31.102973,-12.3857985,0.08328918388452841,0.38472998929135793
2012.11.22_19:00:00_TAI,11620,2227,2475442.75,3.218094e+21,-23.285915,-37.675934,-10.045862,-14.788939,3895.822266,-30.4809245,-12.4174005,0.0817317792727354,0.39455887006919127
2012.11.22_20:00:00_TAI,11620,2227,2494560.0,3.229214e+21,-22.667484,-37.141254,-10.037111,-14.838476,3982.724609,-29.904369000000003,-12.4377935,0.08201420029136096,0.40336011610130307
2012.11.22_21:00:00_TAI,11620,2227,2534217.5,3.423214e+21,-22.032888,-36.566219,-10.03264,-14.838042,4022.240479,-29.2995535,-12.435341000000001,0.0869413295731379,0.40736218189189916
2012.11.22_22:00:00_TAI,11620,2227,2611173.25,3.515176e+21,-21.381052,-36.056187,-10.028808,-14.89785,4103.829102,-28.718619500000003,-12.463329,0.08927694123814187,0.4156252680142631
2012.11.22_23:00:00_TAI,11620,2227,2785644.75,3.772232e+21,-20.758074,-35.489655,-10.029653,-15.00179,4234.609863,-28.1238645,-12.5157215,0.09580553992193801,0.4288704074902817
2012.11.24_00:00:00_TAI,11620,2227,3449558.75,2.970887e+21,-5.94085,-22.280958,-10.121309,-15.412954,5192.012207,-14.110904,-12.7671315,0.0754533212914971,0.525833657160829
2012.11.24_01:00:00_TAI,11620,2227,3475357.0,2.94844e+21,-5.328941,-21.790751,-10.100188,-15.42192,5273.260254,-13.559846,-12.761054,0.07488322195650716,0.5340622506209107
2012.11.24_02:00:00_TAI,11620,2227,3500516.5,2.936483e+21,-4.747554,-21.266088,-10.104079,-15.426266,5328.330566,-13.006821,-12.7651725,0.07457954316876382,0.5396396303352546
2012.11.24_03:00:00_TAI,11620,2227,3543805.25,3.008868e+21,-4.165463,-20.735468,-10.10745,-15.460581,5354.736816,-12.4504655,-12.784015499999999,0.07641794653505982,0.5423139874930986
2012.11.24_04:00:00_TAI,11620,2227,3566509.0,2.959985e+21,-3.588011,-20.184883,-10.083365,-15.465184,5358.914062,-11.886447,-12.7742745,0.07517643694392012,0.5427370482359217
2012.11.24_05:00:00_TAI,11620,2227,3578066.5,2.695866e+21,-3.031938,-19.676813,-10.060112,-15.441406,5391.012695,-11.3543755,-12.750759,0.06846845519766423,0.5459879153193037
2012.11.24_06:00:00_TAI,11620,2227,3622563.5,2.618172e+21,-2.4534,-19.194618,-10.035913,-15.446296,5428.26416,-10.824008999999998,-12.7411045,0.06649521611303343,0.549760647989142
2012.11.24_07:00:00_TAI,11620,2227,3640584.5,2.638033e+21,-1.722856,-18.703398,-10.010745,-15.450757,5506.331543,-10.213127,-12.730751,0.06699963732264874,0.5576671119709716
2012.11.24_08:00:00_TAI,11620,2227,3656787.0,2.541687e+21,-1.112886,-18.187513,-9.985535,-15.455065,5560.10498,-9.6501995,-12.7203,0.06455268269490606,0.5631131475172084
2012.11.24_09:00:00_TAI,11620,2227,3622234.5,2.547417e+21,-0.537062,-17.644445,-9.985309,-15.423372,5566.89209,-9.0907535,-12.7043405,0.0646982107917338,0.5638005285807663
2012.11.24_10:00:00_TAI,11620,2227,3613794.5,2.591871e+21,0.013333,-17.068487,-9.993504,-15.400631,5555.384277,-8.527577,-12.6970675,0.065827234529322,0.5626350468456589
2012.11.24_11:00:00_TAI,11620,2227,3589857.75,2.506184e+21,0.591816,-16.523777,-9.992516,-15.398036,5533.544434,-7.9659805,-12.695276,0.06365099263876725,0.5604231636568974
2012.11.24_12:00:00_TAI,11620,2227,3601778.75,2.439641e+21,1.138963,-15.952179,-9.995237,-15.3694,5522.439941,-7.406607999999999,-12.682318500000001,0.06196096189754415,0.5592985291351921
2012.11.24_13:00:00_TAI,11620,2227,3610686.0,2.460092e+21,1.692241,-15.378181,-10.025076,-15.367996,5543.174805,-6.842969999999999,-12.696536,0.06248036767559374,0.561398502889713
2012.11.24_14:00:00_TAI,11620,2227,3608700.75,2.419839e+21,2.240669,-14.910099,-10.027503,-15.369202,5620.999023,-6.334715,-12.698352499999999,0.06145803914477226,0.5692803397450751
2012.11.24_15:00:00_TAI,11620,2227,3618925.0,2.266644e+21,2.853414,-14.406318,-10.026316,-15.336241,5665.82666,-5.776452000000001,-12.6812785,0.05756725785445361,0.5738203676505965
2012.11.24_16:00:00_TAI,11620,2227,3584285.0,2.054476e+21,3.432705,-13.934436,-10.028127,-15.306232,5699.536133,-5.2508655,-12.6671795,0.05217870545519564,0.5772343764706559
2012.11.24_17:00:00_TAI,11620,2227,3569156.75,1.975137e+21,4.010921,-13.467925,-10.05952,-15.276024,5727.036133,-4.728502,-12.667772,0.050163687361964186,0.5800195058184696
2012.11.24_18:00:00_TAI,11620,2227,3547751.75,1.855114e+21,4.563347,-12.934769,-10.063441,-15.279346,5738.609375,-4.1857109999999995,-12.6713935,0.04711539438368216,0.5811916140345987
2012.11.24_19:00:00_TAI,11620,2227,3536446.75,1.871332e+21,5.142583,-12.403222,-10.037371,-15.252342,5734.988281,-3.6303194999999997,-12.6448565,0.04752729223260926,0.5808248789374864
2012.11.24_20:00:00_TAI,11620,2227,3579410.75,2.098514e+21,5.694674,-11.865385,-10.068383,-15.252604,5711.801758,-3.0853555,-12.660493500000001,0.053297163802158994,0.5784766074581751
2012.11.24_21:00:00_TAI,11620,2227,3649648.75,2.080351e+21,6.279409,-11.306722,-10.012728,-15.320086,5798.560547,-2.5136565,-12.666407,0.052835867672546034,0.5872633147099816
2012.11.24_22:00:00_TAI,11620,2227,3714296.5,2.122689e+21,6.82965,-10.74503,-9.989532,-15.482233,5872.659668,-1.95769,-12.7358825,0.05391115014435981,0.5947678833115926
2012.11.24_23:00:00_TAI,11620,2227,3786823.75,2.278416e+21,7.383825,-10.189666,-9.997681,-15.583441,5899.495117,-1.4029205000000005,-12.790561,0.05786623809107773,0.5974857086414711
2012.11.25_00:00:00_TAI,11620,2227,3881687.5,2.319136e+21,7.937432,-9.627667,-10.006094,-15.653921,5959.84082,-0.8451175000000002,-12.8300075,0.058900427288778534,0.6035973664029165
2012.11.25_01:00:00_TAI,11620,2227,3952346.0,2.379453e+21,8.524161,-9.103686,-9.894943,-15.787781,6073.776855,-0.28976250000000014,-12.841362,0.060432332736659676,0.6151365153066267
2012.11.25_02:00:00_TAI,11620,2227,4027199.25,2.39205e+21,9.143872,-8.552118,-9.874598,-15.860016,6170.452637,0.29587699999999995,-12.867307,0.06075226597151815,0.6249275901310283
2012.11.25_03:00:00_TAI,11620,2227,4125249.75,2.473052e+21,9.761607,-7.994041,-9.852437,-15.961589,6302.501465,0.8837829999999998,-12.907013,0.06280952022967534,0.6383011561749267
2012.11.25_04:00:00_TAI,11620,2227,4202984.5,2.727293e+21,10.380716,-7.46765,-9.834317,-16.004698,6407.659668,1.4565329999999999,-12.919507500000002,0.06926662474373849,0.6489513088054232
2012.11.25_05:00:00_TAI,11620,2227,4310690.5,2.661795e+21,11.005031,-6.940857,-9.842833,-16.075577,6496.487305,2.032087,-12.959205,0.06760313446694556,0.6579475436674466
2012.11.25_06:00:00_TAI,11620,2227,4380515.0,2.293881e+21,11.652867,-6.388164,-9.851387,-16.083786,6588.748535,2.6323515000000004,-12.9675865,0.05825901156707093,0.6672915240070244
2012.11.25_07:00:00_TAI,11620,2227,4482520.5,2.462023e+21,12.339062,-5.840461,-9.859968,-16.092066,6674.037109,3.2493005,-12.976016999999999,0.06252941039024897,0.6759293316608638
2012.11.25_08:00:00_TAI,11620,2227,4635727.5,2.632615e+21,12.965334,-5.287738,-9.866076,-16.127375,6764.166992,3.838798,-12.9967255,0.06686203326878963,0.6850574546520753
2012.11.25_09:00:00_TAI,11620,2227,4825445.0,3.014872e+21,13.560819,-4.798164,-9.874759,-16.167465,6907.291016,4.3813275,-13.021111999999999,0.07657043356705874,0.6995526880927879
2012.11.25_10:00:00_TAI,11620,2227,5017656.0,3.492932e+21,14.123599,-4.337585,-9.85276,-16.204786,7033.67041,4.893007000000001,-13.028773,0.08871199761059627,0.7123520684269083
2012.11.25_11:00:00_TAI,11620,2227,5259608.0,4.076526e+21,14.686853,-3.783181,-9.826905,-16.239729,7133.580078,5.451836,-13.033317,0.10353386918827322,0.7224706629169857
2012.11.25_12:00:00_TAI,11620,2227,5515426.5,4.531414e+21,15.248408,-3.232659,-9.772132,-16.244621,7238.009277,6.0078745,-13.008376499999999,0.11508692065594821,0.7330469838952977
2012.11.25_13:00:00_TAI,11620,2227,5906471.0,5.270435e+21,15.815783,-2.712629,-9.745394,-16.340349,7410.018066,6.551577,-13.0428715,0.13385626090825786,0.7504675921253267
2012.11.25_14:00:00_TAI,11620,2227,6279571.0,5.730153e+21,16.501528,-2.160041,-9.692377,-16.407305,7587.483398,7.1707435,-13.049841,0.14553198265650494,0.7684408250116069
2012.11.25_15:00:00_TAI,11620,2227,6571630.5,6.183355e+21,17.266985,-1.606965,-9.664094,-16.472883,7774.368652,7.830009999999999,-13.0684885,0.15704221381506095,0.7873680833966623
2012.11.25_16:00:00_TAI,11620,2227,6867876.5,6.872847e+21,17.939127,-1.022811,-9.640005,-16.507906,7874.660156,8.458158,-13.0739555,0.17455363764367407,0.7975253492558178
2012.11.25_17:00:00_TAI,11620,2227,7253705.0,7.540047e+21,18.677197,-0.471911,-9.587551,-16.54331,8004.78418,9.102643,-13.065430500000002,0.19149889876120793,0.8107039760957456
2012.11.25_18:00:00_TAI,11620,2227,7540992.5,8.133806e+21,19.477116,0.077482,-9.58913,-16.545935,8127.035156,9.777299,-13.0675325,0.20657893667470584,0.8230852408614355
2012.11.25_19:00:00_TAI,11620,2227,7838073.0,9.074819e+21,20.151161,0.658646,-9.510139,-16.556202,8261.705078,10.4049035,-13.0331705,0.23047838361714273,0.8367242645716169
2012.11.25_20:00:00_TAI,11620,2227,8164481.5,9.715296e+21,20.781248,1.239725,-9.487068,-16.62406,8330.091797,11.0104865,-13.055564,0.2467449453748987,0.8436502957748019
2012.11.25_21:00:00_TAI,11620,2227,8513383.0,1.020039e+22,21.454584,1.820028,-9.465353,-16.697449,8433.974609,11.637306,-13.081401,0.259065155951261,0.8541712800815153
2012.11.25_22:00:00_TAI,11620,2227,8758595.0,1.071153e+22,22.263599,2.402798,-9.443601,-16.707392,8521.90625,12.3331985,-13.0754965,0.2720468717300624,0.8630767707706251
2012.11.25_23:00:00_TAI,11620,2227,8873320.0,1.12283e+22,22.987844,2.984028,-9.394081,-16.715841,8571.824219,12.985935999999999,-13.054961,0.2851715758483297,0.8681323344231762
2012.11.26_00:00:00_TAI,11620,2227,9119502.0,1.184844e+22,23.717501,3.568587,-9.377147,-16.757477,8619.006836,13.643044,-13.067312000000001,0.30092162715142845,0.8729108686527527
2012.11.26_01:00:00_TAI,11620,2227,9330428.0,1.237086e+22,24.37977,4.152743,-9.388061,-16.769802,8627.624023,14.2662565,-13.0789315,0.3141898275606342,0.8737835952130909
2012.11.26_02:00:00_TAI,11620,2227,9553042.0,1.301406e+22,25.105795,4.73661,-9.371181,-16.781996,8633.106445,14.9212025,-13.0765885,0.3305255469113503,0.8743388408279744
2012.11.26_03:00:00_TAI,11620,2227,9782331.0,1.338649e+22,25.880865,5.287089,-9.356952,-16.796803,8666.789062,15.583977,-13.0768775,0.33998436525368114,0.8777501297413515
2012.11.26_04:00:00_TAI,11620,2227,9904866.0,1.367143e+22,26.525793,5.812584,-9.33995,-16.807898,8685.878906,16.1691885,-13.073924000000002,0.347221149880225,0.8796835000966092
2012.11.26_05:00:00_TAI,11620,2227,9972459.0,1.422084e+22,27.106365,6.36375,-9.347321,-16.818253,8717.841797,16.7350575,-13.082787,0.36117483080136453,0.8829206195789753
2012.11.26_06:00:00_TAI,11620,2227,10250887.0,1.436929e+22,27.682581,6.919009,-9.36272,-16.893311,8780.702148,17.300795,-13.1280155,0.3649451006048686,0.8892869544293017
2012.11.26_07:00:00_TAI,11620,2227,10473784.0,1.435931e+22,28.357779,7.472037,-9.346254,-16.961649,8866.620117,17.914908,-13.153951500000002,0.36469163282016687,0.8979885055917181
2012.11.26_08:00:00_TAI,11620,2227,10636566.0,1.481313e+22,28.94755,8.004707,-9.296331,-16.976503,8948.329102,18.4761285,-13.136417000000002,0.3762175596792185,0.9062637816682115
2012.11.26_09:00:00_TAI,11620,2227,10758121.0,1.526574e+22,29.521978,8.563989,-9.276144,-16.985811,9020.813477,19.0429835,-13.1309775,0.387712755474193,0.9136048129435
2012.11.26_10:00:00_TAI,11620,2227,10888539.0,1.545851e+22,30.115408,9.057922,-9.284234,-17.02404,9055.150391,19.586665,-13.154136999999999,0.39260864574042054,0.9170823673760365
2012.11.26_11:00:00_TAI,11620,2227,10996610.0,1.582866e+22,30.686567,9.587265,-9.205044,-17.003317,9109.299805,20.136916,-13.104180499999998,0.4020095576149037,0.9225664809068845
2012.11.26_12:00:00_TAI,11620,2227,11033524.0,1.599533e+22,31.324249,10.144222,-9.156318,-17.010008,9146.25,20.734235499999997,-13.083162999999999,0.40624257120971685,0.9263087017251368
2012.11.26_13:00:00_TAI,11620,2227,11125109.0,1.611335e+22,31.963655,10.682556,-9.163851,-17.016085,9179.076172,21.3231055,-13.089967999999999,0.40923999284804324,0.929633252089267
2012.11.26_14:00:00_TAI,11620,2227,11237211.0,1.642585e+22,32.633202,11.266262,-9.168451,-17.018755,9247.807617,21.949731999999997,-13.093602999999998,0.4171767346034829,0.9365941962560723
2012.11.26_15:00:00_TAI,11620,2227,11366051.0,1.694783e+22,33.213268,11.798935,-9.175772,-17.052605,9337.042969,22.5061015,-13.114188500000001,0.43043376008029693,0.9456317234458065
2012.11.26_16:00:00_TAI,11620,2227,11550805.0,1.722347e+22,33.792419,12.274633,-9.182748,-17.028801,9353.15625,23.033526000000002,-13.1057745,0.437434347272199,0.9472636351477217
2012.11.26_17:00:00_TAI,11620,2227,11746167.0,1.811877e+22,34.504944,12.806149,-9.190987,-17.038883,9391.636719,23.6555465,-13.114935,0.46017279493186336,0.9511608381851594
2012.11.26_18:00:00_TAI,11620,2227,11816570.0,1.904078e+22,35.181496,13.343748,-9.198385,-17.044605,9394.506836,24.262622,-13.121495,0.48358961178284865,0.9514515162610997
2012.11.26_19:00:00_TAI,11620,2227,12032663.0,2.004938e+22,35.790028,13.911878,-9.208197,-17.115522,9444.544922,24.850953,-13.161859499999998,0.5092056045333653,0.9565192450548097
2012.11.26_20:00:00_TAI,11620,2227,12075752.0,2.026457e+22,36.361103,14.403509,-9.218914,-17.126513,9443.457031,25.382306,-13.1727135,0.514670908400095,0.9564090662493071
2012.11.26_21:00:00_TAI,11620,2227,12204979.0,2.064647e+22,36.969391,14.943382,-9.202739,-17.164263,9494.267578,25.9563865,-13.183501,0.5243702417645828,0.9615550279085133
2012.11.26_22:00:00_TAI,11620,2227,12268241.0,2.09674e+22,37.507652,15.515527,-9.183658,-17.179245,9515.393555,26.5115895,-13.181451500000001,0.5325210850656172,0.9636946125828383
2012.11.26_23:00:00_TAI,11620,2227,12370597.0,2.168162e+22,38.089783,16.065216,-9.167212,-17.195379,9565.807617,27.0774995,-13.1812955,0.5506605400946415,0.9688004192598819
2012.11.27_00:00:00_TAI,11620,2227,12480469.0,2.211843e+22,38.672165,16.368044,-9.153779,-17.268658,9643.211914,27.520104500000002,-13.2112185,0.561754454226461,0.9766397275952124
2012.11.27_01:00:00_TAI,11620,2227,12502050.0,2.244719e+22,39.248775,16.847879,-9.163729,-17.316116,9660.984375,28.048327,-13.2399225,0.5701041605289198,0.9784396767848116
2012.11.27_02:00:00_TAI,11620,2227,12669436.0,2.278553e+22,39.846375,17.30357,-9.175488,-17.330425,9663.560547,28.5749725,-13.2529565,0.5786971755866331,0.9787005848663466
2012.11.27_03:00:00_TAI,11620,2227,12816356.0,2.338883e+22,40.480232,17.824587,-9.10113,-17.344345,9753.791016,29.1524095,-13.222737500000001,0.5940195317500147,0.9878388949492155
2012.11.27_04:00:00_TAI,11620,2227,12907123.0,2.420737e+22,41.149899,18.346455,-9.059399,-17.35914,9812.44043,29.748177,-13.209269500000001,0.614808461658807,0.9937787569187967
2012.11.27_05:00:00_TAI,11620,2227,12944182.0,2.479811e+22,41.7626,18.79076,-9.018688,-17.374249,9832.477539,30.27668,-13.196468499999998,0.6298118242975539,0.995808063839569
2012.11.27_06:00:00_TAI,11620,2227,13000274.0,2.510955e+22,42.43504,19.315771,-8.967547,-17.385344,9834.804688,30.8754055,-13.1764455,0.6377216446249592,0.9960437515114468
2012.11.27_07:00:00_TAI,11620,2227,12994218.0,2.473593e+22,43.120529,19.869276,-8.952663,-17.397102,9861.525391,31.4949025,-13.174882499999999,0.6282326031700235,0.9987499556612471
2012.11.27_08:00:00_TAI,11620,2227,12962830.0,2.470826e+22,43.747738,20.430504,-8.935155,-17.404991,9873.868164,32.089121,-13.170072999999999,0.6275298523080299,1.0
2012.11.27_09:00:00_TAI,11620,2227,12962053.0,2.517947e+22,44.409443,21.016882,-8.942573,-17.44487,9857.773438,32.7131625,-13.1937215,0.6394974429722882,0.9983699675008139
2012.11.27_10:00:00_TAI,11620,2227,12889960.0,2.548394e+22,45.050438,21.543032,-8.924651,-17.457157,9815.389648,33.296735,-13.190904,0.6472302422115801,0.994077446140793
2012.11.27_11:00:00_TAI,11620,2227,12750603.0,2.561278e+22,45.657169,22.102642,-8.906177,-17.469309,9763.900391,33.8799055,-13.187743,0.6505024655964468,0.9888627464765084
2012.11.27_12:00:00_TAI,11620,2227,12741710.0,2.60739e+22,46.289375,22.665449,-8.886993,-17.506098,9725.173828,34.477412,-13.196545500000001,0.6622137947429053,0.9849406196710083
2012.11.27_13:00:00_TAI,11620,2227,12650570.0,2.616503e+22,46.90609,23.236217,-8.893435,-17.543692,9668.40332,35.0711535,-13.2185635,0.6645282756266597,0.9791910484738775
2012.11.27_14:00:00_TAI,11620,2227,12637551.0,2.655938e+22,47.510277,23.805969,-8.902905,-17.642191,9603.701172,35.658123,-13.272548,0.6745438087826842,0.9726381811552816
2012.11.27_15:00:00_TAI,11620,2227,12599383.0,2.695568e+22,48.188854,24.376986,-8.885056,-17.722212,9580.910156,36.28292,-13.303633999999999,0.6846088672072624,0.9703299656088056
2012.11.27_16:00:00_TAI,11620,2227,12549787.0,2.745802e+22,48.793961,24.929007,-8.892554,-17.759295,9514.807617,36.861484000000004,-13.325924500000001,0.6973670843382306,0.9636352702875729
2012.11.27_17:00:00_TAI,11620,2227,12440973.0,2.841881e+22,49.370064,25.443398,-8.898296,-17.766499,9437.380859,37.406731,-13.332397499999999,0.721768819094099,0.9557936871598685
2012.11.27_18:00:00_TAI,11620,2227,12416078.0,2.946254e+22,50.006866,25.989944,-8.878998,-17.777672,9385.036133,37.998405000000005,-13.328335,0.748277028605795,0.9504923477931095
2012.11.27_19:00:00_TAI,11620,2227,12257968.0,2.964603e+22,50.627125,26.559427,-8.859786,-17.788446,9323.154297,38.593276,-13.324116,0.7529372293888531,0.9442251144280115
2012.11.27_20:00:00_TAI,11620,2227,12056725.0,2.914264e+22,51.196785,27.122814,-8.810439,-17.798956,9257.148438,39.1597995,-13.3046975,0.7401523448055866,0.9375402106087914
2012.11.27_21:00:00_TAI,11620,2227,11825117.0,2.904214e+22,51.764439,27.699579,-8.795033,-17.810848,9174.553711,39.732009000000005,-13.3029405,0.7375998886570372,0.9291752288581601
2012.11.27_22:00:00_TAI,11620,2227,11622245.0,2.868828e+22,52.318802,28.274778,-8.807119,-17.793564,9076.938477,40.29679,-13.3003415,0.7286127032567816,0.9192890087488108
2012.11.27_23:00:00_TAI,11620,2227,11501217.0,2.885251e+22,52.891647,28.868755,-8.819893,-17.77589,8964.467773,40.880201,-13.2978915,0.7327837467719683,0.9078982648040955
2012.11.28_00:00:00_TAI,11620,2227,11358609.0,2.95224e+22,53.507927,29.474327,-8.833527,-17.758032,8794.338867,41.491127,-13.2957795,0.7497973273625331,0.8906680462945668
2012.11.28_01:00:00_TAI,11620,2227,11246137.0,2.947395e+22,54.113171,30.094612,-8.817731,-17.831902,8704.541016,42.1038915,-13.3248165,0.7485668149207697,0.8815735506512683
2012.11.28_02:00:00_TAI,11620,2227,11112902.0,2.92514e+22,54.705692,30.704308,-8.800838,-17.873098,8617.962891,42.705,-13.336967999999999,0.7429145849122157,0.8728051405852252
2012.11.28_03:00:00_TAI,11620,2227,10891454.0,2.938503e+22,55.320694,31.333725,-8.782706,-17.886797,8522.472656,43.3272095,-13.3347515,0.7463084626747098,0.8631341349151115
2012.11.28_04:00:00_TAI,11620,2227,10759338.0,2.979502e+22,55.868874,31.989197,-8.768494,-17.901855,8398.939453,43.9290355,-13.3351745,0.7567212138821106,0.8506230094931214
2012.11.28_05:00:00_TAI,11620,2227,10641366.0,3.041942e+22,56.473888,32.776035,-8.779263,-17.914183,8265.592773,44.6249615,-13.346723,0.7725794588488194,0.8371180003330659
2012.11.28_06:00:00_TAI,11620,2227,10525413.0,3.108844e+22,57.082294,33.448097,-8.769389,-17.929905,8152.883301,45.2651955,-13.349647000000001,0.789570943550337,0.8257030745787463
2012.11.28_07:00:00_TAI,11620,2227,10388710.0,3.101496e+22,57.648251,34.114464,-8.780804,-17.940521,8020.571289,45.8813575,-13.3606625,0.7877047298409299,0.8123028539354924
2012.11.28_08:00:00_TAI,11620,2227,10303560.0,3.071713e+22,58.223907,34.726227,-8.79296,-17.949839,7915.873047,46.475066999999996,-13.3713995,0.7801405704904576,0.8016992849733577
2012.11.28_09:00:00_TAI,11620,2227,10297292.0,3.046853e+22,58.811058,35.272682,-8.804241,-17.933334,7801.3125,47.04187,-13.3687875,0.7738267336891702,0.7900968870987652
2012.11.28_10:00:00_TAI,11620,2227,10199124.0,3.064032e+22,59.463894,35.832829,-8.814838,-17.913343,7696.054199,47.6483615,-13.3640905,0.7781897828609047,0.7794365967999975
2012.11.28_11:00:00_TAI,11620,2227,10024524.0,3.137032e+22,60.065918,36.369427,-8.825728,-17.891352,7610.438965,48.217672500000006,-13.358540000000001,0.7967300116016116,0.7707657058606034
2012.11.28_12:00:00_TAI,11620,2227,9865058.0,3.16995e+22,60.683392,36.918087,-8.836971,-17.869623,7540.436523,48.8007395,-13.353297000000001,0.8050903848849895,0.7636760383830461
2012.11.28_13:00:00_TAI,11620,2227,9762975.0,3.199893e+22,61.318554,37.481159,-8.846783,-17.853416,7476.629883,49.3998565,-13.350099499999999,0.8126951803532497,0.7572138658139774
2012.11.28_14:00:00_TAI,11620,2227,9639969.0,3.213691e+22,61.960018,38.038361,-8.857864,-17.86071,7405.867676,49.9991895,-13.359287,0.8161995375609795,0.7500472512891858
2012.11.28_15:00:00_TAI,11620,2227,9543229.0,3.226578e+22,62.574562,38.612537,-8.869215,-17.868334,7330.25,50.5935495,-13.3687745,0.8194725228730547,0.7423888873386015
2012.11.28_16:00:00_TAI,11620,2227,9347162.0,3.368428e+22,63.21294,39.1894,-8.877369,-17.87344,7239.300293,51.201170000000005,-13.375404499999998,0.8554989810493465,0.7331777346789375
2012.11.28_17:00:00_TAI,11620,2227,9221776.0,3.490888e+22,63.82061,39.76992,-8.890689,-17.879511,7163.141602,51.795265,-13.385100000000001,0.8866008497012229,0.7254645781191129
2012.11.28_18:00:00_TAI,11620,2227,9118971.0,3.542726e+22,64.42337,40.366611,-8.925838,-17.86585,7068.644531,52.394990500000006,-13.395844,0.8997664439130143,0.7158941575473116
2012.11.28_19:00:00_TAI,11620,2227,9009463.0,3.734456e+22,64.999374,40.96257,-8.937393,-17.875723,6975.019043,52.980972,-13.406558,0.9484612118096686,0.706412008662505
2012.11.28_20:00:00_TAI,11620,2227,8861334.0,3.538501e+22,65.61834,41.549953,-8.950599,-17.88912,6875.413574,53.5841465,-13.4198595,0.8986933964276789,0.6963242226656087
2012.11.28_21:00:00_TAI,11620,2227,8746845.0,3.542462e+22,66.223839,42.157368,-8.964781,-17.899155,6760.575684,54.190603499999995,-13.431968000000001,0.8996993943186643,0.6846937362045176
2012.11.28_22:00:00_TAI,11620,2227,8699832.0,3.597085e+22,66.817139,42.744339,-8.977473,-17.882242,6660.788086,54.780739,-13.4298575,0.9135723109557005,0.6745875046504216
2012.11.28_23:00:00_TAI,11620,2227,8580418.0,3.691475e+22,67.419548,43.33749,-8.991857,-17.863615,6563.927734,55.378519000000004,-13.427736,0.9375450806931708,0.6647777370506119
2012.11.29_00:00:00_TAI,11620,2227,8490742.0,3.808029e+22,68.013245,43.946148,-9.028947,-17.872784,6470.472168,55.9796965,-13.450865499999999,0.9671469686472033,0.6553127974294067
2012.11.29_01:00:00_TAI,11620,2227,8376963.5,3.832227e+22,68.622154,44.588154,-9.041013,-17.858271,6382.422852,56.605154,-13.449641999999999,0.9732926735111435,0.646395388918624
2012.11.29_02:00:00_TAI,11620,2227,8257879.0,3.820348e+22,69.231384,45.150547,-9.05622,-17.872374,6303.021973,57.190965500000004,-13.464297,0.9702756957411315,0.6383538718878929
2012.11.29_03:00:00_TAI,11620,2227,8118576.0,3.767584e+22,69.87326,45.68338,-9.095204,-17.856644,6207.222168,57.77832,-13.475924,0.956874919997643,0.6286515137635172
2012.11.29_04:00:00_TAI,11620,2227,7973402.5,3.789182e+22,70.493271,46.24519,-9.142365,-17.842089,6099.559082,58.3692305,-13.492227,0.9623602879475306,0.617747673018252
2012.11.29_05:00:00_TAI,11620,2227,7823295.5,3.813391e+22,71.095886,46.792542,-9.218393,-17.819771,5978.947266,58.944213999999995,-13.519082000000001,0.9685087865445687,0.6055324181660808
2012.11.29_06:00:00_TAI,11620,2227,7699211.0,3.937384e+22,71.697708,47.373932,-9.288479,-17.798317,5847.148438,59.53582,-13.543398,1.0,0.5921841714798898
2012.10.10_13:00:00_TAI,11595,2113,64611.0,2.510284e+20,-53.630043,-55.583942,-14.614923,-15.527923,69.92408,-54.606992500000004,-15.071423,0.1292720080005685,0.029694653578101866
2012.10.10_14:00:00_TAI,11595,2113,183859.203125,8.14023e+20,-51.937679,-55.821503,-14.217093,-15.944426,260.989441,-53.879591000000005,-15.0807595,0.4191971417124389,0.11083436547234451
2012.10.10_15:00:00_TAI,11595,2113,188186.90625,7.820091e+20,-51.333271,-55.338326,-14.151883,-16.018671,294.23877,-53.3357985,-15.085277000000001,0.40271095474343693,0.12495435541514156
2012.10.10_16:00:00_TAI,11595,2113,195820.09375,8.046567e+20,-50.687698,-54.763325,-14.108995,-16.030859,310.842621,-52.725511499999996,-15.069927,0.414373781453059,0.13200551151912493
2012.10.10_17:00:00_TAI,11595,2113,194442.90625,9.099327e+20,-50.122345,-54.214283,-14.114218,-16.020555,316.246124,-52.168314,-15.067386500000001,0.46858772662527,0.13430021671500642
2012.10.16_17:00:00_TAI,11595,2113,1243712.5,1.376054e+21,29.822956,21.204124,-12.537736,-17.429272,2196.573975,25.51354,-14.983504,0.7086260506668343,0.9328188979576018
2012.10.16_18:00:00_TAI,11595,2113,1252105.375,1.450177e+21,30.413401,21.665409,-12.515217,-17.458303,2268.476807,26.039405000000002,-14.98676,0.7467971462441718,0.9633538679925949
2012.10.16_19:00:00_TAI,11595,2113,1234762.0,1.941862e+21,30.980595,22.098818,-12.504055,-17.484426,2299.86499,26.5397065,-14.9942405,1.0,0.9766834852093115
2012.10.16_20:00:00_TAI,11595,2113,1224527.75,1.495377e+21,31.529716,22.518806,-12.40265,-17.509995,2349.923584,27.024261000000003,-14.956322499999999,0.7700737745524656,0.9979418644033867
2012.10.16_21:00:00_TAI,11595,2113,1203403.5,1.374413e+21,32.077549,23.023869,-12.385486,-17.510296,2354.77002,27.550708999999998,-14.947891,0.7077809854665265,1.0
2012.02.08_14:00:00_TAI,11416,1389,112969.0,2.504897e+20,-41.35601,-43.163265,-18.080055,-18.874975,77.564575,-42.2596375,-18.477515,0.013343829490276717,0.007596027762038974
2012.02.08_15:00:00_TAI,11416,1389,404145.09375,6.683811e+20,-39.824745,-43.634338,-17.622967,-19.34108,354.00473,-41.729541499999996,-18.4820235,0.035605310050367704,0.034668271655883
2012.02.08_16:00:00_TAI,11416,1389,553065.0,1.087854e+21,-38.734241,-43.951782,-17.314367,-19.631142,651.681152,-41.3430115,-18.4727545,0.05795103865075286,0.06382021847717904
2012.02.08_17:00:00_TAI,11416,1389,678634.125,1.344926e+21,-37.752373,-43.681316,-17.131413,-19.799974,864.077271,-40.7168445,-18.4656935,0.07164551365201804,0.08462052346787013
2012.02.08_18:00:00_TAI,11416,1389,764955.1875,1.408707e+21,-37.153652,-43.207012,-17.083607,-19.857956,934.816162,-40.180332,-18.4707815,0.07504318943956276,0.09154810064974535
2012.02.08_19:00:00_TAI,11416,1389,867007.5,1.538269e+21,-36.233681,-42.86887,-17.030037,-19.985277,1082.341187,-39.5512755,-18.507657000000002,0.08194508295621926,0.10599547157256023
2012.02.08_20:00:00_TAI,11416,1389,1010641.6875,1.840653e+21,-35.443348,-42.703529,-16.987017,-20.216825,1276.656006,-39.0734385,-18.601921,0.09805337218562803,0.12502504479847654
2012.02.08_21:00:00_TAI,11416,1389,1202652.375,2.255253e+21,-34.523335,-42.373459,-16.803141,-20.311766,1523.421509,-38.448397,-18.5574535,0.12013951667248209,0.14919120069505062
2012.02.08_22:00:00_TAI,11416,1389,1291434.0,2.626324e+21,-33.829109,-42.076458,-16.756081,-20.389372,1656.552124,-37.9527835,-18.5727265,0.1399068290720996,0.16222890311935093
2012.02.08_23:00:00_TAI,11416,1389,1461866.5,2.837635e+21,-33.136997,-41.625229,-16.658848,-20.44166,1783.858154,-37.381113,-18.550254,0.15116357117933937,0.17469619425264168
2012.02.09_00:00:00_TAI,11416,1389,1651518.75,3.125089e+21,-32.380005,-41.247276,-16.545877,-20.485378,1956.36731,-36.8136405,-18.5156275,0.16647652481494998,0.19159030265434326
2012.02.09_01:00:00_TAI,11416,1389,1894274.125,3.427284e+21,-31.695379,-40.947979,-16.430586,-20.549204,2152.9104,-36.321678999999996,-18.489895,0.18257474583088065,0.21083809416324956
2012.02.09_02:00:00_TAI,11416,1389,2061410.375,3.843915e+21,-30.999058,-40.529655,-16.345802,-20.640945,2315.135254,-35.7643565,-18.493373499999997,0.20476908365939608,0.22672504377493397
2012.02.09_03:00:00_TAI,11416,1389,2250256.25,4.219684e+21,-30.305634,-40.163197,-16.303768,-20.703083,2453.360596,-35.2344155,-18.5034255,0.22478666307975465,0.24026168128309194
2012.02.09_04:00:00_TAI,11416,1389,2399707.5,4.416214e+21,-29.724829,-39.836533,-16.242056,-20.815311,2602.973877,-34.780681,-18.5286835,0.235256006967843,0.2549135585872058
2012.02.09_05:00:00_TAI,11416,1389,2544564.75,4.799708e+21,-29.065567,-39.462925,-16.205832,-20.886318,2731.287109,-34.264246,-18.546075000000002,0.2556851046375043,0.26747948668658555
2012.02.09_06:00:00_TAI,11416,1389,2686467.5,4.893747e+21,-28.402258,-39.062,-16.152269,-20.979757,2882.73584,-33.732129,-18.566012999999998,0.2606946534590173,0.28231111266018977
2012.02.09_07:00:00_TAI,11416,1389,2784784.75,4.721949e+21,-27.772594,-38.604771,-16.103161,-21.013288,2984.234863,-33.1886825,-18.5582245,0.2515428072203474,0.29225108070008216
2012.02.09_08:00:00_TAI,11416,1389,2879341.0,4.769645e+21,-27.169294,-38.063564,-16.07571,-21.068453,3057.65625,-32.616429,-18.572081500000003,0.2540836194428389,0.2994413591742362
2012.02.09_09:00:00_TAI,11416,1389,3054948.0,5.032873e+21,-26.471296,-37.541698,-16.00559,-21.121035,3189.269287,-32.006496999999996,-18.563312500000002,0.26810603054024756,0.31233044266239124
2012.02.09_10:00:00_TAI,11416,1389,3201302.0,5.330657e+21,-25.848511,-37.073601,-15.939051,-21.164728,3307.324951,-31.461056,-18.5518895,0.28396927330405203,0.3238918300768126
2012.02.09_11:00:00_TAI,11416,1389,3365463.5,5.564991e+21,-25.200464,-36.609772,-15.863325,-21.237778,3455.39624,-30.905118,-18.550551499999997,0.29645247297164123,0.33839269754117884
2012.02.09_12:00:00_TAI,11416,1389,3532764.25,5.806819e+21,-24.596684,-36.140316,-15.857554,-21.267435,3542.62915,-30.368499999999997,-18.5624945,0.30933488529428216,0.34693556142102927
2012.02.09_13:00:00_TAI,11416,1389,3659347.25,5.910139e+21,-23.964113,-35.776237,-15.806173,-21.298489,3670.07666,-29.870175000000003,-18.552331,0.3148388419956371,0.3594167079258962
2012.02.09_14:00:00_TAI,11416,1389,3895263.75,6.189247e+21,-23.277077,-35.393677,-15.762824,-21.349892,3827.827637,-29.335376999999998,-18.556358,0.32970719610908833,0.37486552332623546
2012.02.09_15:00:00_TAI,11416,1389,4075519.75,6.584239e+21,-22.669704,-34.961395,-15.7048,-21.383596,3975.560547,-28.815549500000003,-18.544198,0.35074880340081876,0.38933325277265873
2012.02.09_16:00:00_TAI,11416,1389,4365582.0,7.020324e+21,-22.021837,-34.492195,-15.630413,-21.437082,4141.783203,-28.257016,-18.5337475,0.3739794746949571,0.40561171377957916
2012.02.09_17:00:00_TAI,11416,1389,4606806.5,7.225396e+21,-21.432758,-34.042294,-15.570631,-21.467197,4285.033691,-27.737526,-18.518914,0.3849038592154784,0.41964047218860323
2012.02.09_18:00:00_TAI,11416,1389,4843780.5,7.422573e+21,-20.76944,-33.563091,-15.473835,-21.500362,4464.892578,-27.1662655,-18.4870985,0.3954076694216637,0.4372543519642796
2012.02.09_19:00:00_TAI,11416,1389,5126111.5,7.885871e+21,-20.114847,-33.106163,-15.438783,-21.531624,4663.859863,-26.610505000000003,-18.4852035,0.4200880036437344,0.45673954891917196
2012.02.09_20:00:00_TAI,11416,1389,5387362.0,8.135267e+21,-19.4739,-32.681133,-15.381831,-21.591879,4839.616211,-26.0775165,-18.486855,0.43337357067326515,0.47395166023110247
2012.02.09_21:00:00_TAI,11416,1389,5602283.0,8.801734e+21,-18.878029,-32.236637,-15.330948,-21.622129,4973.470215,-25.557333,-18.4765385,0.4688769147584561,0.4870602053426315
2012.02.09_22:00:00_TAI,11416,1389,5847257.5,9.167438e+21,-18.301422,-31.732782,-15.259516,-21.656694,5099.525879,-25.017102,-18.458105,0.4883583218578784,0.4994050460551121
2012.02.09_23:00:00_TAI,11416,1389,6037472.5,9.235432e+21,-17.695444,-31.252392,-15.181277,-21.687166,5232.95166,-24.473917999999998,-18.4342215,0.4919804282453341,0.5124716545764343
2012.02.10_00:00:00_TAI,11416,1389,6272531.5,9.663508e+21,-17.044153,-30.740345,-15.103456,-21.77063,5386.434082,-23.892249,-18.437043,0.5147844523344671,0.5275024432901864
2012.02.10_01:00:00_TAI,11416,1389,6513154.0,9.90586e+21,-16.462608,-30.296934,-15.05359,-21.855688,5539.286133,-23.379770999999998,-18.454639,0.5276947786457987,0.5424714987240696
2012.02.10_02:00:00_TAI,11416,1389,6733868.0,1.018708e+22,-15.878628,-29.777168,-15.02153,-21.901442,5651.827637,-22.827898,-18.461486,0.5426756410495447,0.5534928752837378
2012.02.10_03:00:00_TAI,11416,1389,7054377.5,1.071321e+22,-15.315292,-29.286327,-14.978341,-21.964989,5782.100098,-22.3008095,-18.471665,0.5707030969078866,0.5662506739358305
2012.02.10_04:00:00_TAI,11416,1389,7390902.0,1.101856e+22,-14.722621,-28.830418,-14.914617,-22.005899,5931.684082,-21.7765195,-18.460258,0.5869693878366392,0.5808996821360352
2012.02.10_05:00:00_TAI,11416,1389,7797561.5,1.15162e+22,-14.099977,-28.313925,-14.897939,-22.054487,6048.365234,-21.206951,-18.476213,0.6134791537373582,0.5923264613055038
2012.02.10_06:00:00_TAI,11416,1389,8222082.0,1.239613e+22,-13.505741,-27.838791,-14.875323,-22.186062,6207.23877,-20.672266,-18.5306925,0.6603538790589151,0.6078852107746952
2012.02.10_07:00:00_TAI,11416,1389,8682764.0,1.27719e+22,-12.874099,-27.355398,-14.827586,-22.220314,6365.734375,-20.1147485,-18.52395,0.6803715117502444,0.6234069488328379
2012.02.10_08:00:00_TAI,11416,1389,8939511.0,1.286029e+22,-12.261646,-26.875757,-14.764338,-22.239977,6492.949707,-19.5687015,-18.5021575,0.6850801328578011,0.6358653577602251
2012.02.10_09:00:00_TAI,11416,1389,9213269.0,1.320587e+22,-11.654292,-26.359768,-14.720881,-22.259697,6598.712402,-19.00703,-18.490289,0.7034895149411755,0.6462228742863979
2012.02.10_10:00:00_TAI,11416,1389,9437490.0,1.350746e+22,-10.9589,-25.89817,-14.704293,-22.25404,6744.406738,-18.428535,-18.479166499999998,0.7195555070197822,0.6604909627923664
2012.02.10_11:00:00_TAI,11416,1389,9636057.0,1.407267e+22,-10.358072,-25.386908,-14.684596,-22.275928,6847.831055,-17.87249,-18.480262,0.7496647924163446,0.6706194780740129
2012.02.10_12:00:00_TAI,11416,1389,9878903.0,1.436797e+22,-9.785877,-24.902372,-14.592601,-22.297081,6969.007812,-17.3441245,-18.444841,0.7653957100887229,0.6824865193139843
2012.02.10_13:00:00_TAI,11416,1389,10026558.0,1.451589e+22,-9.217313,-24.391006,-14.551313,-22.342873,7124.293457,-16.8041595,-18.447093000000002,0.7732755520870235,0.6976939006535472
2012.02.10_14:00:00_TAI,11416,1389,10258784.0,1.473062e+22,-8.609282,-23.92429,-14.501801,-22.378712,7263.554199,-16.266786,-18.4402565,0.7847144276433722,0.7113319366048065
2012.02.10_15:00:00_TAI,11416,1389,10579664.0,1.515064e+22,-8.003981,-23.409664,-14.460455,-22.413696,7400.380859,-15.7068225,-18.4370755,0.807089300791873,0.7247315988597349
2012.02.10_16:00:00_TAI,11416,1389,10947868.0,1.554318e+22,-7.314527,-22.933578,-14.451887,-22.437244,7545.163574,-15.124052500000001,-18.4445655,0.8280002876632422,0.7389104108058248
2012.02.10_17:00:00_TAI,11416,1389,11234523.0,1.555221e+22,-6.686617,-22.423004,-14.433422,-22.455698,7664.315918,-14.554810499999999,-18.444560000000003,0.8284813245294176,0.7505791979156106
2012.02.10_18:00:00_TAI,11416,1389,11509167.0,1.562323e+22,-6.088871,-21.946423,-14.386296,-22.476858,7801.73584,-14.017647,-18.431577,0.8322646288744644,0.7640369593043532
2012.02.10_19:00:00_TAI,11416,1389,11772051.0,1.607247e+22,-5.461131,-21.445286,-14.34168,-22.494356,7966.530273,-13.453208499999999,-18.418018,0.85619607978926,0.7801755520588094
2012.02.10_20:00:00_TAI,11416,1389,11983818.0,1.643977e+22,-4.838108,-20.940365,-14.298789,-22.484537,8088.080078,-12.889236499999999,-18.391663,0.8757625073580528,0.7920791265095225
2012.02.10_21:00:00_TAI,11416,1389,12205384.0,1.711185e+22,-4.239408,-20.421885,-14.286009,-22.473385,8173.26709,-12.3306465,-18.379697,0.9115648614022519,0.8004216321974238
2012.02.10_22:00:00_TAI,11416,1389,12340217.0,1.712103e+22,-3.643525,-19.913736,-14.218965,-22.459852,8271.049805,-11.7786305,-18.3394085,0.9120538889140446,0.8099976560174157
2012.02.10_23:00:00_TAI,11416,1389,12430970.0,1.747413e+22,-3.020449,-19.41268,-14.174222,-22.444431,8372.763672,-11.2165645,-18.3093265,0.9308638686977113,0.819958664087354
2012.02.11_00:00:00_TAI,11416,1389,12392687.0,1.751101e+22,-2.425863,-18.878778,-14.161153,-22.429415,8445.268555,-10.6523205,-18.295284,0.9328285021002081,0.8270591878013226
2012.02.11_01:00:00_TAI,11416,1389,12359088.0,1.731569e+22,-1.833129,-18.320768,-14.122586,-22.399462,8550.386719,-10.0769485,-18.261024,0.9224236160867678,0.8373535843352887
2012.02.11_02:00:00_TAI,11416,1389,12378335.0,1.74015e+22,-1.212154,-17.778986,-14.125808,-22.431557,8634.768555,-9.49557,-18.278682500000002,0.9269947980897031,0.8456172377991004
2012.02.11_03:00:00_TAI,11416,1389,12530647.0,1.742629e+22,-0.619702,-17.240978,-14.105355,-22.449114,8699.389648,-8.93034,-18.2772345,0.9283153854554269,0.8519456888534805
2012.02.11_04:00:00_TAI,11416,1389,12725817.0,1.750343e+22,-0.056253,-16.694574,-14.055644,-22.461796,8759.458008,-8.3754135,-18.25872,0.9324247081416688,0.8578282831973565
2012.02.11_05:00:00_TAI,11416,1389,12968386.0,1.751598e+22,0.503856,-16.209469,-14.003283,-22.476137,8851.651367,-7.852806499999999,-18.239710000000002,0.9330932588250022,0.86685693209332
2012.02.11_06:00:00_TAI,11416,1389,13165923.0,1.763055e+22,1.098168,-15.72299,-13.979667,-22.509295,8917.387695,-7.312411,-18.244481,0.9391965139476719,0.8732945999650579
2012.02.11_07:00:00_TAI,11416,1389,13359798.0,1.812118e+22,1.658754,-15.233613,-13.927436,-22.52158,9014.78418,-6.7874295,-18.224508,0.9653328503431983,0.8828327996391361
2012.02.11_08:00:00_TAI,11416,1389,13505255.0,1.769924e+22,2.221532,-14.706182,-13.901462,-22.559198,9106.401367,-6.242325,-18.23033,0.9428556969307931,0.8918050230533934
2012.02.11_09:00:00_TAI,11416,1389,13655168.0,1.772539e+22,2.812059,-14.201187,-13.90344,-22.569328,9191.232422,-5.694564,-18.236384,0.9442487328167826,0.9001126692805924
2012.02.11_10:00:00_TAI,11416,1389,13689131.0,1.759294e+22,3.376921,-13.664382,-13.850104,-22.577776,9279.748047,-5.1437305,-18.21394,0.9371929927365031,0.9087811515725953
2012.02.11_11:00:00_TAI,11416,1389,13752112.0,1.783461e+22,3.939657,-13.159003,-13.849565,-22.611662,9345.174805,-4.609673,-18.2306135,0.9500669882457603,0.9151885027396482
2012.02.11_12:00:00_TAI,11416,1389,13734324.0,1.808704e+22,4.532094,-12.64238,-13.85256,-22.616371,9404.327148,-4.055142999999999,-18.2344655,0.9635141794006483,0.9209813900160583
2012.02.11_13:00:00_TAI,11416,1389,13746963.0,1.80579e+22,5.096503,-12.118191,-13.824463,-22.624113,9457.138672,-3.5108439999999996,-18.224288,0.9619618633120162,0.9261533103477249
2012.02.11_14:00:00_TAI,11416,1389,13760716.0,1.796595e+22,5.690462,-11.610269,-13.8257,-22.687069,9526.220703,-2.9599035000000002,-18.2563845,0.95706359754847,0.9329186284756724
2012.02.11_15:00:00_TAI,11416,1389,13833651.0,1.797102e+22,6.257143,-11.100292,-13.830325,-22.725826,9580.936523,-2.4215744999999997,-18.2780755,0.9573336813703425,0.9382770396800493
2012.02.11_16:00:00_TAI,11416,1389,13899287.0,1.769358e+22,6.823625,-10.611454,-13.802988,-22.764317,9636.104492,-1.8939145000000002,-18.2836525,0.9425541832361581,0.9436797305875841
2012.02.11_17:00:00_TAI,11416,1389,14089897.0,1.762657e+22,7.419805,-10.077112,-13.773558,-22.741213,9670.229492,-1.3286534999999997,-18.257385499999998,0.9389844954839535,0.947021648562118
2012.02.11_18:00:00_TAI,11416,1389,14235666.0,1.793891e+22,7.986629,-9.556477,-13.744103,-22.751095,9740.24707,-0.7849239999999997,-18.247599,0.9556231504984831,0.9538785863628952
2012.02.11_19:00:00_TAI,11416,1389,14217691.0,1.792349e+22,8.555494,-9.014427,-13.716932,-22.758574,9769.751953,-0.22946650000000002,-18.237752999999998,0.954801712129001,0.9567680485997956
2012.02.11_20:00:00_TAI,11416,1389,14232953.0,1.848871e+22,9.124734,-8.475567,-13.692163,-22.770168,9828.642578,0.32458350000000014,-18.231165500000003,0.9849115302352712,0.9625353053974229
2012.02.11_21:00:00_TAI,11416,1389,14203193.0,1.812953e+22,9.695867,-7.93262,-13.664922,-22.778769,9873.163086,0.8816234999999999,-18.2218455,0.9657776629492408,0.9668952727504069
2012.02.11_22:00:00_TAI,11416,1389,14089045.0,1.8148e+22,10.265725,-7.389487,-13.690927,-22.784361,9888.352539,1.438119,-18.237644,0.9667615777796127,0.9683828011314775
2012.02.11_23:00:00_TAI,11416,1389,13881426.0,1.807157e+22,10.836105,-6.845055,-13.693005,-22.793524,9902.15332,1.9955249999999998,-18.243264500000002,0.962690077482627,0.9697343345552578
2012.02.12_00:00:00_TAI,11416,1389,13642265.0,1.786952e+22,11.40228,-6.300433,-13.691421,-22.79896,9904.069336,2.5509234999999997,-18.2451905,0.9519266778358135,0.9699219731870496
2012.02.12_01:00:00_TAI,11416,1389,13460467.0,1.766103e+22,11.955594,-5.758093,-13.69012,-22.773399,9890.121094,3.0987505,-18.231759500000003,0.9408202131371541,0.9685559986624211
2012.02.12_02:00:00_TAI,11416,1389,13450476.0,1.764156e+22,12.524114,-5.213639,-13.689333,-22.746515,9875.583008,3.6552375000000006,-18.217924,0.9397830273359987,0.9671322597344
2012.02.12_03:00:00_TAI,11416,1389,13542154.0,1.75807e+22,13.070472,-4.674555,-13.709186,-22.748438,9882.475586,4.1979585,-18.228812,0.9365409560541127,0.9678072613551789
2012.02.12_04:00:00_TAI,11416,1389,13614601.0,1.74922e+22,13.618946,-4.141926,-13.700158,-22.781765,9909.078125,4.73851,-18.2409615,0.9318264751397697,0.9704124922197163
2012.02.12_05:00:00_TAI,11416,1389,13735858.0,1.749078e+22,14.163875,-3.603729,-13.694678,-22.784166,9892.353516,5.280073000000001,-18.239421999999998,0.9317508303612572,0.9687746234597411
2012.02.12_06:00:00_TAI,11416,1389,13771398.0,1.716447e+22,14.765166,-3.065973,-13.689562,-22.811865,9899.216797,5.8495965000000005,-18.2507135,0.9143679798848815,0.9694467559766107
2012.02.12_07:00:00_TAI,11416,1389,13853914.0,1.746011e+22,15.341646,-2.529702,-13.702351,-22.812428,9902.856445,6.405972,-18.257389500000002,0.9301170096873261,0.9698031927552826
2012.02.12_08:00:00_TAI,11416,1389,13928491.0,1.731825e+22,15.903746,-1.991179,-13.686362,-22.870701,9924.570312,6.9562835,-18.2785315,0.9225599897719737,0.9719296678446288
2012.02.12_09:00:00_TAI,11416,1389,13908704.0,1.701235e+22,16.47081,-1.48432,-13.616411,-22.896494,9985.484375,7.493245,-18.2564525,0.90626439980929,0.9778950832890709
2012.02.12_10:00:00_TAI,11416,1389,13776889.0,1.685363e+22,17.039227,-0.947149,-13.597571,-22.924301,10026.276367,8.046039,-18.260936,0.8978092313265271,0.9818899108724216
2012.02.12_11:00:00_TAI,11416,1389,13666436.0,1.648819e+22,17.593369,-0.376217,-13.580222,-22.947411,10051.529297,8.608576,-18.263816499999997,0.8783418877633917,0.9843629722841913
2012.02.12_12:00:00_TAI,11416,1389,13616939.0,1.653073e+22,18.150883,0.129391,-13.558311,-22.975294,10085.585938,9.140137,-18.2668025,0.8806080348605234,0.987698195748225
2012.02.12_13:00:00_TAI,11416,1389,13551539.0,1.659244e+22,18.709488,0.665681,-13.456212,-23.03153,10147.879883,9.6875845,-18.243871,0.8838953864675753,0.9937987453306462
2012.02.12_14:00:00_TAI,11416,1389,13576559.0,1.664493e+22,19.267582,1.170954,-13.440482,-23.115646,10201.926758,10.219268,-18.278064,0.8866915797240031,0.9990916456392143
2012.02.12_15:00:00_TAI,11416,1389,13530018.0,1.653867e+22,19.826733,1.650771,-13.426441,-23.112928,10211.202148,10.738752,-18.2696845,0.8810310063685446,1.0
2012.02.12_16:00:00_TAI,11416,1389,13443414.0,1.626718e+22,20.364288,2.181309,-13.415263,-23.136503,10209.985352,11.272798499999999,-18.275883,0.8665684705105224,0.9998808371450918
2012.02.12_17:00:00_TAI,11416,1389,13373173.0,1.638796e+22,20.925714,2.71975,-13.404114,-23.132381,10205.336914,11.822732,-18.2682475,0.8730025383617578,0.9994256078848512
2012.02.12_18:00:00_TAI,11416,1389,13308118.0,1.641534e+22,21.503084,3.259187,-13.338623,-23.128422,10195.22168,12.381135500000001,-18.2335225,0.8744610975418111,0.9984350062051088
2012.02.12_19:00:00_TAI,11416,1389,13210193.0,1.656786e+22,22.092304,3.802856,-13.322583,-23.123064,10175.248047,12.947579999999999,-18.2228235,0.882585986005716,0.9964789551240993
2012.02.12_20:00:00_TAI,11416,1389,13111751.0,1.685205e+22,22.688925,4.340724,-13.309258,-23.117514,10158.577148,13.5148245,-18.213386,0.8977250631926892,0.9948463462737042
2012.02.12_21:00:00_TAI,11416,1389,12920703.0,1.654515e+22,23.257462,4.872343,-13.294653,-23.085508,10145.386719,14.0649025,-18.1900805,0.881376202259222,0.9935545856358459
2012.02.12_22:00:00_TAI,11416,1389,12683620.0,1.640908e+22,23.813887,5.39135,-13.283445,-23.080982,10106.756836,14.6026185,-18.1822135,0.8741276212647061,0.989771496980847
2012.02.12_23:00:00_TAI,11416,1389,12485580.0,1.640405e+22,24.378695,5.907015,-13.271847,-23.046917,10076.288086,15.142855,-18.159382,0.873859668281665,0.9867876416464417
2012.02.13_00:00:00_TAI,11416,1389,12279543.0,1.648701e+22,24.945671,6.418232,-13.281302,-23.03651,10050.154297,15.6819515,-18.158906,0.8782790280178672,0.9842283162485874
2012.02.13_01:00:00_TAI,11416,1389,12130881.0,1.657544e+22,25.506807,6.961787,-13.294738,-23.004538,10002.486328,16.234296999999998,-18.149638,0.8829897799642552,0.9795601128079833
2012.02.13_02:00:00_TAI,11416,1389,12089156.0,1.648575e+22,26.057884,7.513874,-13.28659,-22.998356,9964.629883,16.785879,-18.142473000000003,0.8782119065946798,0.9758527682219772
2012.02.13_03:00:00_TAI,11416,1389,12112248.0,1.643483e+22,26.618937,8.079528,-13.276026,-22.995033,9911.527344,17.3492325,-18.1355295,0.8754993487623822,0.9706523483076187
2012.02.13_04:00:00_TAI,11416,1389,12206180.0,1.648841e+22,27.205236,8.65139,-13.248857,-23.01515,9882.408203,17.928313,-18.1320035,0.878353607376964,0.9678006624259811
2012.02.13_05:00:00_TAI,11416,1389,12376663.0,1.671913e+22,27.780043,9.176816,-13.097942,-23.032522,9923.137695,18.4784295,-18.065232,0.8906442857561415,0.9717893692804405
2012.02.13_06:00:00_TAI,11416,1389,12491509.0,1.688176e+22,28.34004,9.688588,-13.072372,-23.075951,9971.064453,19.014314,-18.0741615,0.899307743734668,0.9764829163579889
2012.02.13_07:00:00_TAI,11416,1389,12503097.0,1.688367e+22,28.889767,10.206607,-13.044809,-23.097025,10011.052734,19.548187,-18.070917,0.8994094912888645,0.980399035187135
2012.02.13_08:00:00_TAI,11416,1389,12466667.0,1.729098e+22,29.440298,10.743142,-13.024277,-23.111492,10002.606445,20.09172,-18.067884499999998,0.9211072903987065,0.9795718760654585
2012.02.13_09:00:00_TAI,11416,1389,12424109.0,1.665493e+22,29.98052,11.273627,-13.026349,-23.119818,9981.256836,20.627073499999998,-18.0730835,0.8872242894318385,0.977481073367543
2012.02.13_10:00:00_TAI,11416,1389,12433945.0,1.673071e+22,30.524323,11.800741,-13.032116,-23.105043,9970.932617,21.162532,-18.0685795,0.8912611635978148,0.9764700054393635
2012.02.13_11:00:00_TAI,11416,1389,12340990.0,1.668134e+22,31.066204,12.328804,-13.02656,-23.109524,9961.912109,21.697504,-18.068042,0.8886311757702317,0.9755866120965173
2012.02.13_12:00:00_TAI,11416,1389,12235246.0,1.676617e+22,31.605593,12.847301,-13.00176,-23.095818,9918.602539,22.226447,-18.048789,0.893150152221799,0.9713452339147639
2012.02.13_13:00:00_TAI,11416,1389,12132350.0,1.67774e+22,32.150967,13.396011,-13.002556,-23.107397,9856.779297,22.773489,-18.0549765,0.8937483852236981,0.9652907810595621
2012.02.13_14:00:00_TAI,11416,1389,12035079.0,1.671792e+22,32.686302,13.949895,-13.002336,-23.115572,9808.960938,23.318098499999998,-18.058954,0.8905798278814935,0.960607849676271
2012.02.13_15:00:00_TAI,11416,1389,11970078.0,1.666212e+22,33.230225,14.472313,-12.926587,-23.120955,9794.424805,23.851269,-18.023771,0.8876073077117721,0.9591843020087863
2012.02.13_16:00:00_TAI,11416,1389,11953779.0,1.676714e+22,33.751297,15.023641,-12.901464,-23.11368,9765.884766,24.387469,-18.007572,0.893201825063459,0.9563893285486251
2012.02.13_17:00:00_TAI,11416,1389,11878718.0,1.670072e+22,34.277885,15.56142,-12.842797,-23.123602,9750.131836,24.919652499999998,-17.9831995,0.8896635671840166,0.9548466179283007
2012.02.13_18:00:00_TAI,11416,1389,11821182.0,1.670693e+22,34.831459,16.117083,-12.812822,-23.13122,9737.983398,25.474271,-17.972020999999998,0.8899943799125823,0.9536569012011298
2012.02.13_19:00:00_TAI,11416,1389,11737682.0,1.762814e+22,35.404903,16.678358,-12.715786,-23.120785,9709.40918,26.041630499999997,-17.9182855,0.9390681309080836,0.9508585805346844
2012.02.13_20:00:00_TAI,11416,1389,11591845.0,1.735308e+22,35.977169,17.242895,-12.624073,-23.109709,9691.543945,26.610032000000004,-17.866891,0.9244154176843642,0.9491090083745152
2012.02.13_21:00:00_TAI,11416,1389,11308400.0,1.695466e+22,36.541794,17.794474,-12.591069,-23.110977,9660.352539,27.168134000000002,-17.851022999999998,0.9031911975047877,0.9460543821367896
2012.02.13_22:00:00_TAI,11416,1389,10998636.0,1.665265e+22,37.09095,18.329428,-12.563599,-23.100014,9619.283203,27.710189,-17.8318065,0.887102831618452,0.942032393794502
2012.02.13_23:00:00_TAI,11416,1389,10751542.0,1.668889e+22,37.629562,18.874168,-12.537194,-23.091677,9566.662109,28.251865000000002,-17.814435500000002,0.8890333715996475,0.936879122589279
2012.02.14_00:00:00_TAI,11416,1389,10498024.0,1.688415e+22,38.163223,19.420694,-12.514011,-23.074299,9491.635742,28.7919585,-17.794155,0.8994350613548406,0.929531665755835
2012.02.14_01:00:00_TAI,11416,1389,10288414.0,1.681483e+22,38.700314,19.977224,-12.511587,-23.060949,9402.75293,29.338769,-17.786268,0.8957423176601259,0.9208272242305627
2012.02.14_02:00:00_TAI,11416,1389,10158059.0,1.688445e+22,39.215614,20.542152,-12.510675,-23.069952,9322.591797,29.878883000000002,-17.7903135,0.8994510426460757,0.912976911227436
2012.02.14_03:00:00_TAI,11416,1389,10099774.0,1.701414e+22,39.728306,21.09918,-12.490376,-23.103315,9241.102539,30.413743000000004,-17.7968455,0.9063597548469925,0.9049965327353736
2012.02.14_04:00:00_TAI,11416,1389,10133623.0,1.682935e+22,40.24218,21.661722,-12.488506,-23.118605,9168.293945,30.951951,-17.803555499999998,0.8965158121559029,0.8978662660983292
2012.02.14_05:00:00_TAI,11416,1389,10106286.0,1.647806e+22,40.743214,22.226492,-12.502256,-23.120205,9094.508789,31.484853,-17.8112305,0.8778022528293544,0.8906403631213274
2012.02.14_06:00:00_TAI,11416,1389,10107006.0,1.662311e+22,41.315041,22.78454,-12.520816,-23.126154,9025.570312,32.0497905,-17.823484999999998,0.8855292071415064,0.8838891034752238
2012.02.14_07:00:00_TAI,11416,1389,10083683.0,1.690786e+22,41.956848,23.344604,-12.534109,-23.128704,8981.734375,32.650726,-17.8314065,0.9006981160721182,0.879596177298203
2012.02.14_08:00:00_TAI,11416,1389,10014069.0,1.747692e+22,42.59362,23.905436,-12.552915,-23.129396,8956.889648,33.249528,-17.8411555,0.9310124947061973,0.8771630918847617
2012.02.14_09:00:00_TAI,11416,1389,9890181.0,1.680382e+22,43.237755,24.446194,-12.555842,-23.128853,8903.675781,33.8419745,-17.8423475,0.8951558042717992,0.8719517694343073
2012.02.14_10:00:00_TAI,11416,1389,9775987.0,1.616038e+22,43.8918,24.978104,-12.578318,-23.131079,8838.21582,34.434952,-17.854698499999998,0.8608791308308407,0.8655411666422725
2012.02.14_11:00:00_TAI,11416,1389,9598144.0,1.616885e+22,44.481724,25.532364,-12.607025,-23.142519,8760.420898,35.007044,-17.874772,0.8613303359533773,0.8579225806156277
2012.02.14_12:00:00_TAI,11416,1389,9446844.0,1.62714e+22,45.062115,26.086584,-12.651914,-23.146149,8668.672852,35.5743495,-17.8990315,0.8667932740072289,0.8489375419619789
2012.02.14_13:00:00_TAI,11416,1389,9258419.0,1.631081e+22,45.62645,26.646217,-12.645531,-23.147453,8576.009766,36.1363335,-17.896492,0.868892682965808,0.8398628919200982
2012.02.14_14:00:00_TAI,11416,1389,9102527.0,1.613152e+22,46.188541,27.208351,-12.652016,-23.144186,8491.94043,36.698446000000004,-17.898101,0.8593417306140279,0.8316298421007423
2012.02.14_15:00:00_TAI,11416,1389,9024019.0,1.627165e+22,46.746433,27.758762,-12.649702,-23.143997,8414.499023,37.2525975,-17.8968495,0.8668065917499248,0.8240458763856802
2012.02.14_16:00:00_TAI,11416,1389,9013408.0,1.631253e+22,47.299789,28.318968,-12.666901,-23.145576,8369.760742,37.8093785,-17.9062385,0.8689843090355558,0.8196645821608114
2012.02.14_17:00:00_TAI,11416,1389,8934936.0,1.641493e+22,47.848137,28.856527,-12.703917,-23.179756,8340.058594,38.352332000000004,-17.9418365,0.8744392564437898,0.8167558014345561
2012.02.14_18:00:00_TAI,11416,1389,8841434.0,1.710594e+22,48.380444,29.403189,-12.743879,-23.189623,8259.231445,38.8918165,-17.966751000000002,0.9112500299649211,0.8088402643774592
2012.02.14_19:00:00_TAI,11416,1389,8733725.0,1.810228e+22,48.907906,29.954758,-12.800997,-23.203602,8194.871094,39.431332,-18.0022995,0.9643260289953894,0.8025373482205593
2012.02.14_20:00:00_TAI,11416,1389,8620754.0,1.789331e+22,49.427456,30.485016,-12.861344,-23.208179,8133.592773,39.956236000000004,-18.034761500000002,0.9531939942307539,0.7965362603846867
2012.02.14_21:00:00_TAI,11416,1389,8422128.0,1.724503e+22,49.95752,31.037157,-12.913594,-23.207085,8060.002441,40.4973385,-18.060339499999998,0.9186594892912031,0.7893294368458526
2012.02.14_22:00:00_TAI,11416,1389,8263161.0,1.739315e+22,50.482918,31.571705,-12.965649,-23.203903,7976.270508,41.027311499999996,-18.084776,0.9265499854836605,0.781129429463137
2012.02.14_23:00:00_TAI,11416,1389,8023379.0,1.794554e+22,51.002022,32.108685,-13.020864,-23.198164,7895.185059,41.555353499999995,-18.109513999999997,0.955976337034778,0.7731885966576793
2012.02.15_00:00:00_TAI,11416,1389,7825012.5,1.828066e+22,51.524776,32.663074,-13.072854,-23.196756,7808.858887,42.093925,-18.134805,0.9738285047637566,0.7647345311374009
2012.02.15_01:00:00_TAI,11416,1389,7629061.5,1.805774e+22,52.029903,33.205563,-13.140134,-23.197239,7705.136719,42.617733,-18.1686865,0.9619533399566906,0.7545768468122193
2012.02.15_02:00:00_TAI,11416,1389,7544223.0,1.815037e+22,52.531891,33.745029,-13.211649,-23.210146,7595.054199,43.13846,-18.2108975,0.9668878299803697,0.7437962826431355
2012.02.15_03:00:00_TAI,11416,1389,7458650.5,1.825577e+22,53.031105,34.234852,-13.30325,-23.293287,7521.214844,43.63297849999999,-18.2982685,0.9725025903009543,0.736565071867971
2012.02.15_04:00:00_TAI,11416,1389,7388890.0,1.807635e+22,53.544678,34.77549,-13.344757,-23.33573,7429.9375,44.160084,-18.3402435,0.9629447127229724,0.7276261298436102
2012.02.15_05:00:00_TAI,11416,1389,7348861.5,1.778349e+22,54.039516,35.326569,-13.372337,-23.34034,7333.796387,44.6830425,-18.3563385,0.9473437762193059,0.7182108708362435
2012.02.15_06:00:00_TAI,11416,1389,7245272.0,1.748118e+22,54.592278,35.87228,-13.390029,-23.339632,7260.508301,45.232279000000005,-18.3648305,0.9312394290417352,0.7110336467506
2012.02.15_07:00:00_TAI,11416,1389,7172354.0,1.789899e+22,55.184597,36.43808,-13.406159,-23.343346,7189.833984,45.8113385,-18.3747525,0.9534965733448043,0.7041123934078833
2012.02.15_08:00:00_TAI,11416,1389,7048451.0,1.842924e+22,55.729813,36.996803,-13.426532,-23.34317,7100.973633,46.363308,-18.384851,0.9817435056027743,0.6954101515256771
2012.02.15_09:00:00_TAI,11416,1389,6985704.0,1.863062e+22,56.312607,37.522789,-13.462736,-23.358126,7032.362305,46.917698,-18.410431,0.9924712136991629,0.6886909301249492
2012.02.15_10:00:00_TAI,11416,1389,6775399.5,1.717919e+22,56.86657,38.015125,-13.50615,-23.374414,6962.176758,47.440847500000004,-18.440282,0.9151521285748151,0.6818175428407942
2012.02.15_11:00:00_TAI,11416,1389,6648731.0,1.692105e+22,57.469307,38.559273,-13.573683,-23.392992,6884.479492,48.01429,-18.4833375,0.9014007601767531,0.6742085204285587
2012.02.15_12:00:00_TAI,11416,1389,6529327.0,1.708225e+22,58.037529,39.117126,-13.672453,-23.402191,6780.766113,48.577327499999996,-18.537322,0.9099880406670591,0.6640516968247566
2012.02.15_13:00:00_TAI,11416,1389,6407752.0,1.742026e+22,58.61665,39.672245,-13.771884,-23.401924,6662.196777,49.1444475,-18.586904,0.9279941615016021,0.6524400046575202
2012.02.15_14:00:00_TAI,11416,1389,6269904.5,1.72081e+22,59.186832,40.240002,-13.948012,-23.398109,6532.100098,49.713417,-18.673060500000002,0.9166921923401671,0.6396994206288824
2012.02.15_15:00:00_TAI,11416,1389,6127848.5,1.71752e+22,59.739246,40.791367,-14.156529,-23.435427,6428.942871,50.2653065,-18.795978,0.9149395774013888,0.6295970619149083
2012.02.15_16:00:00_TAI,11416,1389,6011871.0,1.700632e+22,60.300026,41.336441,-14.289371,-23.446791,6340.58252,50.818233500000005,-18.868081,0.9059431758554652,0.6209437858638307
2012.02.15_17:00:00_TAI,11416,1389,5909496.0,1.725511e+22,60.854759,41.866627,-14.389166,-23.492321,6270.285156,51.360693,-18.9407435,0.9191964606767011,0.614059448154997
2012.02.15_18:00:00_TAI,11416,1389,5747128.0,1.83866e+22,61.409508,42.401463,-14.40554,-23.497782,6202.252441,51.9054855,-18.951661,0.9794720314085644,0.6073968912871628
2012.02.15_19:00:00_TAI,11416,1389,5602258.0,1.863972e+22,61.985386,42.942539,-14.433311,-23.496864,6144.429688,52.463962499999994,-18.9650875,0.9929559795332931,0.6017342129695736
2012.02.15_20:00:00_TAI,11416,1389,5481190.5,1.831089e+22,62.555756,43.498547,-14.446269,-23.495707,6070.942383,53.0271515,-18.970988,0.975438886210543,0.5945374790361069
2012.02.15_21:00:00_TAI,11416,1389,5311389.0,1.75893e+22,63.132488,44.050766,-14.478587,-23.503252,5979.064941,53.591627,-18.9909195,0.9369990864028511,0.5855397684170888
2012.02.15_22:00:00_TAI,11416,1389,5145554.0,1.808191e+22,63.701527,44.603321,-14.552336,-23.516075,5888.918945,54.152423999999996,-19.0342055,0.9632408993205288,0.5767116211829597
2012.02.15_23:00:00_TAI,11416,1389,4968159.0,1.851714e+22,64.260155,45.107853,-14.638861,-23.562851,5805.01416,54.684004,-19.100856,0.9864260239346472,0.5684946861165596
2012.02.16_00:00:00_TAI,11416,1389,4789133.0,1.838437e+22,64.793808,45.616219,-14.687294,-23.585432,5713.863281,55.2050135,-19.136363,0.9793532371437171,0.5595681290198663
2012.02.16_01:00:00_TAI,11416,1389,4677843.5,1.82668e+22,65.347824,46.136166,-14.732551,-23.592606,5610.942871,55.741995,-19.162578500000002,0.9730901691086968,0.5494889621883529
2012.02.16_02:00:00_TAI,11416,1389,4612129.5,1.835556e+22,65.873337,46.674877,-14.808848,-23.592503,5481.32666,56.274107,-19.2006755,0.9778185004754434,0.5367954311896166
2012.02.16_03:00:00_TAI,11416,1389,4522829.0,1.859971e+22,66.399017,47.232334,-14.894608,-23.587181,5340.028809,56.8156755,-19.2408945,0.9908246079922438,0.5229578977677879
2012.02.16_04:00:00_TAI,11416,1389,4442450.0,1.877195e+22,66.929405,47.796974,-14.977509,-23.589575,5191.395508,57.363189500000004,-19.283542,1.0,0.508401991534053
2012.02.16_05:00:00_TAI,11416,1389,4363589.5,1.853766e+22,67.458481,48.374294,-15.077283,-23.582705,5053.599121,57.9163875,-19.329994,0.9875191442551253,0.49490736230207866
2012.02.16_06:00:00_TAI,11416,1389,4284078.5,1.798508e+22,68.013802,48.960873,-15.126005,-23.570333,4935.11377,58.487337499999995,-19.348169,0.9580826712195589,0.48330389492549686
2012.07.26_13:00:00_TAI,11533,1892,3644.300049,3.735351e+18,-37.547466,-38.015057,-28.394119,-28.592005,5.078791,-37.7812615,-28.493062000000002,0.00067388956682444,0.001141234729442533
2012.07.26_20:00:00_TAI,11533,1892,499615.5,1.316381e+21,-30.866964,-36.736908,-27.228964,-29.711676,672.255188,-33.801936,-28.47032,0.2374864964138372,0.15105976355268785
2012.07.26_21:00:00_TAI,11533,1892,507972.0,1.310671e+21,-30.244431,-36.276608,-27.188457,-29.758541,719.570251,-33.2605195,-28.473499,0.23645636312072296,0.16169174134452086
2012.07.26_22:00:00_TAI,11533,1892,523727.5,1.393373e+21,-29.61972,-35.818367,-27.158642,-29.784533,750.869873,-32.7190435,-28.4715875,0.25137651786803183,0.16872495370644391
2012.07.26_23:00:00_TAI,11533,1892,536426.875,1.45869e+21,-29.026468,-35.397213,-27.15061,-29.787247,784.369873,-32.2118405,-28.4689285,0.2631602685346417,0.17625260417214036
2012.07.27_00:00:00_TAI,11533,1892,569558.625,1.507278e+21,-28.432285,-35.016033,-27.152796,-29.86001,845.90271,-31.724159,-28.506403,0.27192596318364953,0.19007940086165298
2012.07.27_01:00:00_TAI,11533,1892,602998.125,1.566998e+21,-27.471493,-34.630756,-27.090866,-29.947046,977.458374,-31.0511245,-28.518956,0.28269996673264813,0.2196407457982083
2012.07.27_02:00:00_TAI,11533,1892,663068.1875,1.721529e+21,-26.87776,-34.373169,-27.019291,-29.982376,1068.326782,-30.6254645,-28.5008335,0.31057869316316233,0.24005942083696336
2012.07.27_03:00:00_TAI,11533,1892,736602.6875,1.88807e+21,-26.290228,-34.071709,-26.945702,-30.095074,1175.715942,-30.1809685,-28.520388,0.340624127273239,0.26419040771113494
2012.07.27_04:00:00_TAI,11533,1892,806238.875,2.125201e+21,-25.560213,-33.704845,-26.828518,-30.185854,1319.487061,-29.632528999999998,-28.507185999999997,0.3834046067705195,0.2964966384840916
2012.07.27_05:00:00_TAI,11533,1892,866118.3125,2.242017e+21,-24.888662,-33.318443,-26.770241,-30.233995,1413.562988,-29.1035525,-28.502118,0.4044792216161294,0.3176360622361027
2012.07.27_06:00:00_TAI,11533,1892,975541.375,2.312117e+21,-24.193724,-32.822823,-26.727085,-30.258867,1474.778809,-28.5082735,-28.492976,0.4171258667732762,0.33139162353337553
2012.07.27_07:00:00_TAI,11533,1892,1094205.0,2.45772e+21,-23.389212,-32.33086,-26.626692,-30.270803,1603.265259,-27.860036,-28.4487475,0.4433939049304237,0.36026329771779886
2012.07.27_08:00:00_TAI,11533,1892,1186789.375,2.74056e+21,-22.589966,-31.895372,-26.555893,-30.362989,1746.130737,-27.242669,-28.459440999999998,0.49442068262296834,0.3923660255386539
2012.07.27_09:00:00_TAI,11533,1892,1252229.75,2.919579e+21,-21.872459,-31.408497,-26.526781,-30.375742,1828.076416,-26.640478,-28.4512615,0.5267172556527437,0.41077970997704677
2012.07.27_10:00:00_TAI,11533,1892,1343150.125,3.190181e+21,-21.199648,-31.001652,-26.499062,-30.413683,1918.768677,-26.10065,-28.4563725,0.5755361924974545,0.4311588037308292
2012.07.27_11:00:00_TAI,11533,1892,1427860.625,3.347585e+21,-20.636316,-30.55212,-26.473076,-30.455004,1993.522217,-25.594217999999998,-28.464039999999997,0.6039332329299156,0.44795637149779804
2012.07.27_12:00:00_TAI,11533,1892,1547672.75,3.588856e+21,-19.941339,-30.185133,-26.386692,-30.513512,2139.409912,-25.063236,-28.450102,0.6474606041668622,0.4807382095636527
2012.07.27_13:00:00_TAI,11533,1892,1670639.25,3.735859e+21,-19.365114,-29.830042,-26.359711,-30.595713,2254.490967,-24.597578,-28.477712,0.673981214409887,0.5065976112730135
2012.07.27_14:00:00_TAI,11533,1892,1756833.75,3.931049e+21,-18.754894,-29.378349,-26.33345,-30.648794,2337.337891,-24.0666215,-28.491121999999997,0.7091951754401791,0.525213810856002
2012.07.27_15:00:00_TAI,11533,1892,1794367.125,3.976188e+21,-18.158892,-28.953342,-26.308901,-30.672024,2408.847412,-23.556117,-28.4904625,0.7173386407147646,0.541282428141297
2012.07.27_16:00:00_TAI,11533,1892,1856436.375,4.207103e+21,-17.50938,-28.488745,-26.292248,-30.751783,2508.987305,-22.9990625,-28.522015500000002,0.7589977001507495,0.5637844613405877
2012.07.27_17:00:00_TAI,11533,1892,1918538.75,4.30192e+21,-16.824089,-28.005722,-26.291189,-30.809927,2606.599854,-22.4149055,-28.550558,0.7761035054840617,0.5857185852193241
2012.07.27_18:00:00_TAI,11533,1892,1958989.625,4.290502e+21,-16.104561,-27.520283,-26.286549,-30.830685,2698.475098,-21.812421999999998,-28.558616999999998,0.7740435997150987,0.6063635023322366
2012.07.27_19:00:00_TAI,11533,1892,2021437.5,4.210564e+21,-15.519925,-27.097055,-26.291052,-30.930941,2796.371338,-21.30849,-28.6109965,0.7596220944287649,0.6283613732762943
2012.07.27_20:00:00_TAI,11533,1892,2053242.125,4.044638e+21,-14.887239,-26.578356,-26.269386,-30.948643,2852.025391,-20.7327975,-28.6090145,0.7296876116278416,0.6408671720220658
2012.07.27_21:00:00_TAI,11533,1892,2093796.375,4.266198e+21,-14.20078,-26.08132,-26.276258,-30.960104,2918.116943,-20.14105,-28.618181,0.7696589483042672,0.6557183392516598
2012.07.27_22:00:00_TAI,11533,1892,2131152.25,4.460182e+21,-13.624791,-25.568878,-26.278522,-30.976339,2967.518311,-19.5968345,-28.6274305,0.8046553365234391,0.6668191222615475
2012.07.27_23:00:00_TAI,11533,1892,2139466.5,4.438013e+21,-13.047651,-25.109165,-26.2722,-30.996078,3017.112793,-19.078408,-28.634139,0.8006558575435706,0.6779632991428393
2012.07.28_00:00:00_TAI,11533,1892,2173713.75,4.351963e+21,-12.433528,-24.596176,-26.282654,-31.024239,3058.072998,-18.514852,-28.6534465,0.7851316946937492,0.6871673023142802
2012.07.28_01:00:00_TAI,11533,1892,2168427.5,4.343892e+21,-11.840191,-24.054821,-26.279192,-31.02417,3098.911133,-17.947506,-28.651681,0.783675616618666,0.6963438756262481
2012.07.28_02:00:00_TAI,11533,1892,2217313.5,4.312268e+21,-11.294087,-23.51318,-26.287558,-31.022161,3114.198242,-17.403633499999998,-28.6548595,0.7779703740159611,0.6997789804973825
2012.07.28_03:00:00_TAI,11533,1892,2248207.0,4.458721e+21,-10.618462,-22.957415,-26.30522,-31.033844,3152.702393,-16.7879385,-28.669531999999997,0.8043917595109628,0.7084310936378719
2012.07.28_04:00:00_TAI,11533,1892,2292693.0,4.529435e+21,-10.046891,-22.408049,-26.315544,-31.026066,3177.231201,-16.22747,-28.670805,0.81714917556863,0.7139428635771011
2012.07.28_05:00:00_TAI,11533,1892,2329708.0,4.609147e+21,-9.421701,-21.853889,-26.334164,-31.042923,3226.089844,-15.637795,-28.6885435,0.8315299085039579,0.724921693031795
2012.07.28_06:00:00_TAI,11533,1892,2350825.5,4.445016e+21,-8.819016,-21.339386,-26.351805,-31.054331,3266.900146,-15.079201000000001,-28.703068000000002,0.8019192591988559,0.7340920121021088
2012.07.28_07:00:00_TAI,11533,1892,2399131.0,4.180809e+21,-8.255571,-20.817835,-26.338537,-31.134905,3331.669922,-14.536703,-28.736721,0.7542540355607065,0.7486461683549284
2012.07.28_08:00:00_TAI,11533,1892,2413441.25,4.196353e+21,-7.688184,-20.287889,-26.357244,-31.186611,3382.286133,-13.9880365,-28.7719275,0.7570583073484767,0.7600199338565982
2012.07.28_09:00:00_TAI,11533,1892,2421256.5,4.305567e+21,-7.12429,-19.727062,-26.362421,-31.215147,3421.631348,-13.425676,-28.788784,0.7767614557677722,0.7688610391108571
2012.07.28_10:00:00_TAI,11533,1892,2483640.0,4.544734e+21,-6.569129,-19.227907,-26.364777,-31.280842,3490.722656,-12.898518,-28.822809499999998,0.8199092472413716,0.784386269464343
2012.07.28_11:00:00_TAI,11533,1892,2540587.25,4.749403e+21,-5.93938,-18.691641,-26.367178,-31.358162,3554.898193,-12.3155105,-28.86267,0.8568333017016865,0.7988068966579062
2012.07.28_12:00:00_TAI,11533,1892,2584680.0,4.670701e+21,-5.346329,-18.177074,-26.365885,-31.393013,3601.584717,-11.761701500000001,-28.879449,0.8426347814854559,0.80929763797523
2012.07.28_13:00:00_TAI,11533,1892,2631712.75,4.668098e+21,-4.717511,-17.653124,-26.37698,-31.457613,3666.16333,-11.1853175,-28.9172965,0.8421651778143567,0.8238088387580205
2012.07.28_14:00:00_TAI,11533,1892,2684286.75,4.754535e+21,-4.116141,-17.220377,-26.396961,-31.538429,3755.784668,-10.668258999999999,-28.967695,0.8577591588050599,0.8439472897052455
2012.07.28_15:00:00_TAI,11533,1892,2735588.5,4.937923e+21,-3.492395,-16.681091,-26.331444,-31.566242,3819.94043,-10.086742999999998,-28.948843,0.8908439371514054,0.8583634733379741
2012.07.28_16:00:00_TAI,11533,1892,2766023.0,5.101451e+21,-2.858952,-16.240492,-26.276274,-31.592487,3917.165283,-9.549722,-28.9343805,0.9203458000509473,0.8802104796055179
2012.07.28_17:00:00_TAI,11533,1892,2759765.5,5.012863e+21,-2.270099,-15.704043,-26.264818,-31.613228,3957.80542,-8.987071,-28.939023,0.904363760091157,0.8893425615820557
2012.07.28_18:00:00_TAI,11533,1892,2809568.25,4.871409e+21,-1.711446,-15.153433,-26.252842,-31.602102,3988.00415,-8.4324395,-28.927472,0.8788442373513704,0.8961283969237853
2012.07.28_19:00:00_TAI,11533,1892,2817279.75,4.894287e+21,-1.120947,-14.605231,-26.241762,-31.654806,4033.528564,-7.8630889999999996,-28.948284,0.8829716260518726,0.9063580051699841
2012.07.28_20:00:00_TAI,11533,1892,2826586.5,4.817539e+21,-0.565973,-14.055458,-26.23031,-31.648933,4070.035889,-7.3107155,-28.9396215,0.8691256243040737,0.9145614195591656
2012.07.28_21:00:00_TAI,11533,1892,2881312.75,5.338799e+21,-0.008018,-13.513644,-26.219124,-31.667032,4104.401367,-6.760831,-28.943078,0.9631654282215389,0.9222835481105263
2012.07.28_22:00:00_TAI,11533,1892,2924819.0,5.542972e+21,0.549105,-12.966505,-26.207127,-31.7222,4155.753906,-6.2087,-28.9646635,1.0,0.93382277092002
2012.07.28_23:00:00_TAI,11533,1892,2945859.5,5.502608e+21,1.104209,-12.418839,-26.197634,-31.744476,4175.248535,-5.6573150000000005,-28.971055,0.9927179859468891,0.9382033307131671
2012.07.29_00:00:00_TAI,11533,1892,2959824.5,5.54251e+21,1.693178,-11.861122,-26.188618,-31.809427,4227.901855,-5.083972,-28.999022500000002,0.9999166512116606,0.9500348467973004
2012.04.19_15:00:00_TAI,11465,1596,126840.296875,5.426239e+20,-57.795422,-59.777626,-17.971691,-18.946405,72.552834,-58.786524,-18.459048,0.03330006541892043,0.009416708025285676
2012.04.19_16:00:00_TAI,11465,1596,172170.703125,7.486607e+20,-56.739933,-59.416313,-17.830263,-19.16357,135.783859,-58.078123000000005,-18.496916499999998,0.04594425399724332,0.017623528734240192
2012.04.19_17:00:00_TAI,11465,1596,286874.1875,1.263247e+21,-55.534492,-59.754307,-17.338661,-19.462645,341.176849,-57.6443995,-18.400653,0.07752369134543276,0.044281699209985086
2012.04.19_18:00:00_TAI,11465,1596,381572.40625,1.593741e+21,-54.86121,-59.69857,-17.055109,-19.549725,459.3927,-57.279889999999995,-18.302417,0.09780564321036295,0.059625057855736616
2012.04.19_19:00:00_TAI,11465,1596,496700.1875,1.967357e+21,-53.781101,-59.782089,-16.719498,-19.825525,706.93158,-56.781594999999996,-18.2725115,0.12073393155438054,0.0917533873689053
2012.04.19_20:00:00_TAI,11465,1596,579634.3125,2.255904e+21,-53.010548,-59.489491,-16.593525,-19.919725,832.745667,-56.2500195,-18.256625,0.13844165503731823,0.10808292899297046
2012.04.19_21:00:00_TAI,11465,1596,657125.125,2.727173e+21,-52.383156,-59.211906,-16.398947,-19.954977,942.89447,-55.797531,-18.176962,0.16736277062015417,0.12237925706177767
2012.04.19_22:00:00_TAI,11465,1596,735209.5,3.017707e+21,-51.638523,-58.870102,-16.283363,-19.988014,1047.770874,-55.2543125,-18.1356885,0.1851924334979239,0.1359912749632411
2012.04.19_23:00:00_TAI,11465,1596,773673.5,3.139886e+21,-51.020943,-58.458561,-16.216375,-20.004185,1110.381226,-54.739752,-18.11028,0.19269038685533826,0.14411753787592566
2012.04.20_00:00:00_TAI,11465,1596,844845.625,3.164572e+21,-50.338146,-58.012249,-16.169008,-20.034878,1174.521606,-54.175197499999996,-18.101943,0.19420533194885786,0.15244238471913613
2012.04.20_01:00:00_TAI,11465,1596,925081.6875,3.30666e+21,-49.653397,-57.760525,-16.120947,-20.040939,1268.325684,-53.706961,-18.080943,0.2029250726297301,0.1646173138763779
2012.04.20_02:00:00_TAI,11465,1596,1008421.8125,3.599835e+21,-49.034966,-57.251999,-16.065647,-20.067413,1331.091797,-53.1434825,-18.06653,0.22091680996233196,0.17276379317177096
2012.04.20_03:00:00_TAI,11465,1596,1103814.5,3.862643e+21,-48.414894,-57.058029,-15.948948,-20.095346,1450.215576,-52.7364615,-18.022147,0.2370449672230343,0.18822499273995955
2012.04.20_04:00:00_TAI,11465,1596,1276219.625,4.135411e+21,-47.788116,-56.767281,-15.786009,-20.09461,1596.164917,-52.2776985,-17.940309499999998,0.2537843556727286,0.20716790998947532
2012.04.20_05:00:00_TAI,11465,1596,1417999.25,4.384517e+21,-47.039745,-56.418114,-15.562185,-20.100006,1797.496338,-51.72892950000001,-17.8310955,0.2690716404684142,0.23329892518693637
2012.04.20_06:00:00_TAI,11465,1596,1580664.75,4.651042e+21,-46.327278,-55.92556,-15.463094,-20.131237,1926.43396,-51.126419,-17.7971655,0.28542790479030966,0.25003387367769625
2012.04.20_07:00:00_TAI,11465,1596,1729204.75,4.922415e+21,-45.654877,-55.409954,-15.355122,-20.155546,2039.60498,-50.5324155,-17.755334,0.3020816840523891,0.2647224584442646
2012.04.20_08:00:00_TAI,11465,1596,1957435.25,5.778663e+21,-44.95718,-54.926445,-15.232368,-20.175549,2193.190918,-49.9418125,-17.7039585,0.35462841930459565,0.28465653758630927
2012.04.20_09:00:00_TAI,11465,1596,2170378.75,6.470788e+21,-44.244854,-54.509663,-15.131953,-20.194448,2336.320068,-49.377258499999996,-17.663200500000002,0.3971031569231751,0.3032334193033945
2012.04.20_10:00:00_TAI,11465,1596,2405060.75,6.723278e+21,-43.607872,-54.213833,-15.02696,-20.19825,2490.737305,-48.910852500000004,-17.612605000000002,0.4125981130384941,0.3232753936100128
2012.04.20_11:00:00_TAI,11465,1596,2665971.5,7.311155e+21,-42.926304,-53.717598,-14.951235,-20.205666,2621.013184,-48.321951,-17.578450500000002,0.44867529754562446,0.3401840358731178
2012.04.20_12:00:00_TAI,11465,1596,2930019.0,7.923508e+21,-42.202785,-53.301392,-14.891072,-20.205261,2765.016113,-47.7520885,-17.5481665,0.4862545397416873,0.35887432627829957
2012.04.20_13:00:00_TAI,11465,1596,3211225.75,8.746131e+21,-41.454716,-52.920658,-14.829833,-20.215492,2912.856201,-47.187687,-17.522662500000003,0.5367377560451133,0.37806264555371943
2012.04.20_14:00:00_TAI,11465,1596,3431564.0,9.280647e+21,-40.768925,-52.459946,-14.747873,-20.215157,3068.418457,-46.6144355,-17.481515,0.5695402510466413,0.3982532330710416
2012.04.20_15:00:00_TAI,11465,1596,3673839.0,1.020268e+22,-40.091148,-52.014824,-14.712734,-20.207939,3171.361572,-46.052986,-17.4603365,0.626124119207265,0.4116143273760332
2012.04.20_16:00:00_TAI,11465,1596,4004881.0,1.059589e+22,-39.364307,-51.589489,-14.673346,-20.225491,3313.761475,-45.476898,-17.4494185,0.6502548637678598,0.4300965593641042
2012.04.20_17:00:00_TAI,11465,1596,4318349.0,1.085258e+22,-38.72308,-51.128799,-14.621644,-20.253202,3452.870361,-44.9259395,-17.437423000000003,0.6660075679749223,0.44815164682195247
2012.04.20_18:00:00_TAI,11465,1596,4556610.0,1.122429e+22,-38.076878,-50.641949,-14.542006,-20.286112,3591.185303,-44.3594135,-17.414059,0.688818887780163,0.4661036874596528
2012.04.20_19:00:00_TAI,11465,1596,4786219.5,1.155227e+22,-37.450356,-50.123352,-14.528138,-20.313337,3678.780273,-43.786854,-17.4207375,0.7089465590016066,0.4774727300110941
2012.04.20_20:00:00_TAI,11465,1596,4879492.0,1.201109e+22,-36.836899,-49.595833,-14.480947,-20.316114,3768.636963,-43.216366,-17.3985305,0.7371036969667959,0.4891353235611766
2012.04.20_21:00:00_TAI,11465,1596,4928421.0,1.21831e+22,-36.243122,-49.088779,-14.41785,-20.322695,3868.459717,-42.6659505,-17.3702725,0.7476597086955614,0.5020914229562453
2012.04.20_22:00:00_TAI,11465,1596,4999397.5,1.210397e+22,-35.662521,-48.578899,-14.381448,-20.339039,3948.52002,-42.12071,-17.3602435,0.7428036119099256,0.5124825332162098
2012.04.20_23:00:00_TAI,11465,1596,5067595.0,1.212167e+22,-35.086193,-48.034042,-14.32993,-20.334391,4016.957031,-41.560117500000004,-17.3321605,0.743889836010845,0.5213650442799439
2012.04.21_00:00:00_TAI,11465,1596,5159717.0,1.217423e+22,-34.515675,-47.532623,-14.269059,-20.312899,4093.092285,-41.024149,-17.290979,0.7471153692732362,0.5312467183348674
2012.04.21_01:00:00_TAI,11465,1596,5287843.0,1.238175e+22,-33.942921,-47.010693,-14.217117,-20.301506,4161.459961,-40.476807,-17.2593115,0.7598505797491006,0.5401202303366084
2012.04.21_02:00:00_TAI,11465,1596,5368221.5,1.270573e+22,-33.366123,-46.472076,-14.162201,-20.283537,4231.16748,-39.9190995,-17.222869,0.7797327765974551,0.5491676419592896
2012.04.21_03:00:00_TAI,11465,1596,5437692.5,1.267618e+22,-32.801804,-45.939426,-14.124866,-20.251925,4276.475098,-39.370615,-17.1883955,0.7779193346662592,0.5550481649727279
2012.04.21_04:00:00_TAI,11465,1596,5519492.5,1.274132e+22,-32.220734,-45.436993,-14.111569,-20.212633,4323.683594,-38.8288635,-17.162101,0.7819168848320158,0.5611754049251311
2012.04.21_05:00:00_TAI,11465,1596,5570468.5,1.238716e+22,-31.670612,-44.934841,-14.106761,-20.181519,4373.531738,-38.3027265,-17.14414,0.7601825838387037,0.5676452475456191
2012.04.21_06:00:00_TAI,11465,1596,5603524.0,1.217478e+22,-31.106638,-44.447502,-14.074372,-20.143667,4442.967285,-37.77707,-17.109019500000002,0.747149121999536,0.5766573596386491
2012.04.21_07:00:00_TAI,11465,1596,5612944.5,1.221384e+22,-30.551514,-43.928909,-14.031343,-20.132702,4501.86084,-37.2402115,-17.0820225,0.7495461792527515,0.5843012155906593
2012.04.21_08:00:00_TAI,11465,1596,5665128.5,1.237394e+22,-29.984575,-43.383667,-14.023899,-20.127556,4551.469238,-36.684121000000005,-17.0757275,0.7593712910356442,0.5907399413276603
2012.04.21_09:00:00_TAI,11465,1596,5647006.5,1.228664e+22,-29.437778,-42.894608,-14.018081,-20.113552,4605.395996,-36.166193,-17.0658165,0.7540138128429738,0.5977391515147668
2012.04.21_10:00:00_TAI,11465,1596,5647466.5,1.206302e+22,-28.885805,-42.406086,-14.009414,-20.100199,4659.091797,-35.6459455,-17.054806499999998,0.7402905680154256,0.6047083855518663
2012.04.21_11:00:00_TAI,11465,1596,5689770.0,1.196307e+22,-28.321621,-41.89304,-14.005603,-20.091255,4715.337402,-35.1073305,-17.048429,0.7341567771178609,0.6120085613105494
2012.04.21_12:00:00_TAI,11465,1596,5743804.0,1.18488e+22,-27.763515,-41.341091,-13.999029,-20.172903,4790.902344,-34.552303,-17.085966,0.727144187964637,0.6218162139759387
2012.04.21_13:00:00_TAI,11465,1596,5879880.0,1.196036e+22,-27.202168,-40.768173,-13.975743,-20.266798,4867.775391,-33.985170499999995,-17.1212705,0.733990468230093,0.631793646954133
2012.04.21_14:00:00_TAI,11465,1596,6052257.5,1.230557e+22,-26.648361,-40.207092,-13.9392,-20.354908,4963.009277,-33.427726500000006,-17.147053999999997,0.755175520313618,0.6441541523835328
2012.04.21_15:00:00_TAI,11465,1596,6269831.5,1.275756e+22,-26.091454,-39.632828,-13.873992,-20.419071,5079.079102,-32.862141,-17.1465315,0.7829135107867575,0.6592189760756163
2012.04.21_16:00:00_TAI,11465,1596,6522759.0,1.306949e+22,-25.526377,-39.053253,-13.861837,-20.502834,5190.009277,-32.289815,-17.1823355,0.802056216086181,0.6736167192315742
2012.04.21_17:00:00_TAI,11465,1596,6735028.0,1.310253e+22,-24.966476,-38.476482,-13.804868,-20.533283,5280.013672,-31.721479,-17.1690755,0.8040838344078973,0.6852984835677196
2012.04.21_18:00:00_TAI,11465,1596,6930445.5,1.299572e+22,-24.408112,-37.917908,-13.766483,-20.644163,5397.442871,-31.16301,-17.205323,0.7975290549604848,0.7005397418296115
2012.04.21_19:00:00_TAI,11465,1596,7131206.5,1.32027e+22,-23.855904,-37.39312,-13.726624,-20.708027,5506.069824,-30.624512000000003,-17.2173255,0.810231126395982,0.7146385473990456
2012.04.21_20:00:00_TAI,11465,1596,7239574.0,1.368754e+22,-23.305689,-36.860569,-13.680812,-20.758909,5615.333984,-30.083129,-17.2198605,0.8399850751581163,0.7288200567298609
2012.04.21_21:00:00_TAI,11465,1596,7363494.0,1.375896e+22,-22.762409,-36.293976,-13.672337,-20.848688,5701.231445,-29.528192500000003,-17.2605125,0.8443680200896228,0.7399687778170395
2012.04.21_22:00:00_TAI,11465,1596,7506759.5,1.391873e+22,-22.218153,-35.737331,-13.642805,-20.922018,5808.295898,-28.977742,-17.282411500000002,0.8541728802367354,0.753864784881187
2012.04.21_23:00:00_TAI,11465,1596,7598875.0,1.396506e+22,-21.664181,-35.16798,-13.612556,-20.963596,5914.696777,-28.4160805,-17.288076,0.8570160871630405,0.7676746659835124
2012.04.22_00:00:00_TAI,11465,1596,7757374.0,1.412392e+22,-21.097549,-34.582829,-13.579742,-21.009987,6008.641113,-27.840189,-17.2948645,0.8667651018902753,0.7798677993729171
2012.04.22_01:00:00_TAI,11465,1596,7933996.0,1.435061e+22,-20.529089,-34.037998,-13.562627,-21.090893,6112.711914,-27.2835435,-17.32676,0.8806767482991694,0.7933752572204577
2012.04.22_02:00:00_TAI,11465,1596,8047078.0,1.43911e+22,-19.96349,-33.503887,-13.554944,-21.146748,6204.306152,-26.7336885,-17.350846,0.8831615626407642,0.805263368938389
2012.04.22_03:00:00_TAI,11465,1596,8223312.5,1.444473e+22,-19.37965,-32.950027,-13.558235,-21.162519,6261.460449,-26.164838500000002,-17.360377,0.8864527602979568,0.8126814847798661
2012.04.22_04:00:00_TAI,11465,1596,8444503.0,1.470814e+22,-18.808414,-32.431454,-13.556266,-21.232595,6347.549316,-25.619934,-17.3944305,0.9026178614518091,0.8238550486514944
2012.04.22_05:00:00_TAI,11465,1596,8650688.0,1.481783e+22,-18.243998,-31.925283,-13.510946,-21.290205,6441.231934,-25.0846405,-17.400575500000002,0.9093493824478459,0.8360142133886069
2012.04.22_06:00:00_TAI,11465,1596,8799578.0,1.430006e+22,-17.66901,-31.429565,-13.512892,-21.34087,6531.251465,-24.5492875,-17.426881,0.8775745659092555,0.847697942241985
2012.04.22_07:00:00_TAI,11465,1596,8896942.0,1.438742e+22,-17.085987,-30.910103,-13.499166,-21.355749,6604.25293,-23.998044999999998,-17.4274575,0.8829357262175223,0.8571728785528548
2012.04.22_08:00:00_TAI,11465,1596,8925223.0,1.443489e+22,-16.519636,-30.362379,-13.471504,-21.431177,6691.70166,-23.441007499999998,-17.4513405,0.8858488933401575,0.8685229404621118
2012.04.22_09:00:00_TAI,11465,1596,8990217.0,1.455271e+22,-15.974174,-29.822712,-13.459878,-21.502499,6754.434082,-22.898443,-17.481188500000002,0.8930793409994979,0.8766650469674622
2012.04.22_10:00:00_TAI,11465,1596,9033875.0,1.475537e+22,-15.415423,-29.355303,-13.467741,-21.516678,6804.251465,-22.385362999999998,-17.4922095,0.9055163001120591,0.8831308970856647
2012.04.22_11:00:00_TAI,11465,1596,9063003.0,1.458258e+22,-14.879624,-28.856586,-13.475695,-21.529482,6850.610352,-21.868105,-17.5025885,0.8949124208805411,0.8891478653994898
2012.04.22_12:00:00_TAI,11465,1596,9103760.0,1.452822e+22,-14.332741,-28.405529,-13.481395,-21.541868,6905.125977,-21.369135,-17.5116315,0.8915764241502598,0.8962235052489402
2012.04.22_13:00:00_TAI,11465,1596,9276648.0,1.471278e+22,-13.795808,-27.962276,-13.495756,-21.554285,6954.081055,-20.879042,-17.5250205,0.9029026117245924,0.902577435901478
2012.04.22_14:00:00_TAI,11465,1596,9427547.0,1.470882e+22,-13.248599,-27.429296,-13.489886,-21.568087,6993.212891,-20.3389475,-17.5289865,0.9026595920952342,0.9076563977254278
2012.04.22_15:00:00_TAI,11465,1596,9600787.0,1.475066e+22,-12.719146,-26.896257,-13.501523,-21.581038,7027.26416,-19.8077015,-17.5412805,0.9052272540377466,0.912075947457468
2012.04.22_16:00:00_TAI,11465,1596,9795746.0,1.457093e+22,-12.190902,-26.433298,-13.494112,-21.596146,7088.920898,-19.3121,-17.545129,0.8941974767689189,0.9200784398141076
2012.04.22_17:00:00_TAI,11465,1596,10001176.0,1.482552e+22,-11.646692,-25.907757,-13.506696,-21.675039,7144.70459,-18.7772245,-17.5908675,0.9098213069301098,0.9273186634025682
2012.04.22_18:00:00_TAI,11465,1596,10115300.0,1.492741e+22,-11.103399,-25.385288,-13.499249,-21.69182,7194.587891,-18.2443435,-17.5955345,0.9160741528986227,0.9337930690867685
2012.04.22_19:00:00_TAI,11465,1596,10296920.0,1.564144e+22,-10.555337,-24.880976,-13.510609,-21.706554,7236.337402,-17.7181565,-17.6085815,0.9598931695528317,0.939211781680207
2012.04.22_20:00:00_TAI,11465,1596,10340583.0,1.55552e+22,-9.992879,-24.363443,-13.523085,-21.718206,7276.228027,-17.178161,-17.6206455,0.9546007420690298,0.9443892275201746
2012.04.22_21:00:00_TAI,11465,1596,10302292.0,1.527593e+22,-9.441418,-23.832865,-13.535553,-21.823957,7321.735352,-16.637141500000002,-17.679755,0.9374623350258791,0.950295670713514
2012.04.22_22:00:00_TAI,11465,1596,10244876.0,1.532848e+22,-8.866577,-23.265917,-13.546558,-21.835934,7349.872559,-16.066247,-17.691246,0.9406872546023377,0.9539476281679399
2012.04.22_23:00:00_TAI,11465,1596,10287268.0,1.537347e+22,-8.32042,-22.708027,-13.556819,-21.845051,7362.956055,-15.5142235,-17.700935,0.9434482276136577,0.955645748764883
2012.04.23_00:00:00_TAI,11465,1596,10315805.0,1.55324e+22,-7.773629,-22.143297,-13.564313,-21.850735,7368.684082,-14.958463,-17.707524,0.9532015381424218,0.9563891953657415
2012.04.23_01:00:00_TAI,11465,1596,10379960.0,1.551632e+22,-7.228809,-21.606842,-13.572343,-21.857246,7386.959473,-14.4178255,-17.7147945,0.9522147311626034,0.9587611774318718
2012.04.23_02:00:00_TAI,11465,1596,10485557.0,1.540264e+22,-6.680268,-21.030428,-13.577573,-21.864172,7415.797363,-13.855348,-17.7208725,0.9452383494794102,0.9625040772639487
2012.04.23_03:00:00_TAI,11465,1596,10582140.0,1.534311e+22,-6.134147,-20.46254,-13.587977,-21.867668,7429.057129,-13.2983435,-17.7278225,0.9415850771219111,0.964225076128109
2012.04.23_04:00:00_TAI,11465,1596,10723229.0,1.496069e+22,-5.568043,-20.071539,-13.607441,-21.840263,7474.045898,-12.819791,-17.723852,0.9181164996827244,0.9700642153971558
2012.04.23_05:00:00_TAI,11465,1596,10742128.0,1.521855e+22,-4.997924,-19.56559,-13.593315,-21.841581,7518.05957,-12.281757,-17.717448,0.9339410051439154,0.9757767958091724
2012.04.23_06:00:00_TAI,11465,1596,10792222.0,1.500506e+22,-4.42511,-19.040947,-13.61503,-21.842205,7558.782227,-11.7330285,-17.7286175,0.9208394241662156,0.9810622319505483
2012.04.23_07:00:00_TAI,11465,1596,10778998.0,1.445891e+22,-3.851806,-18.506374,-13.619191,-21.843983,7577.609863,-11.17909,-17.731587,0.8873229669505578,0.983505890471432
2012.04.23_08:00:00_TAI,11465,1596,10792004.0,1.426063e+22,-3.28405,-17.964977,-13.621601,-21.814957,7617.769043,-10.6245135,-17.718279,0.8751548022765293,0.9887181923450555
2012.04.23_09:00:00_TAI,11465,1596,10730843.0,1.394703e+22,-2.743208,-17.456444,-13.627152,-21.818563,7633.357422,-10.099826,-17.7228575,0.855909611426341,0.990741424320122
2012.04.23_10:00:00_TAI,11465,1596,10668260.0,1.417553e+22,-2.17433,-16.891783,-13.630107,-21.81893,7655.955566,-9.5330565,-17.724518500000002,0.869932334989058,0.9936744610084113
2012.04.23_11:00:00_TAI,11465,1596,10621714.0,1.428313e+22,-1.634159,-16.341133,-13.634297,-21.823448,7676.186523,-8.987646,-17.7288725,0.8765355956251557,0.9963002580260869
2012.04.23_12:00:00_TAI,11465,1596,10539631.0,1.421653e+22,-1.095325,-15.770481,-13.635227,-21.856375,7682.374023,-8.432903,-17.745801,0.8724484473132217,0.997103340107022
2012.04.23_13:00:00_TAI,11465,1596,10491096.0,1.394688e+22,-0.587718,-15.187156,-13.640132,-21.855797,7669.313477,-7.887437,-17.7479645,0.8559004061373503,0.9954081982145244
2012.04.23_14:00:00_TAI,11465,1596,10485796.0,1.372862e+22,-0.047389,-14.59399,-13.643373,-21.831415,7653.078613,-7.3206895,-17.737394000000002,0.8425060969697415,0.9933010582767762
2012.04.23_15:00:00_TAI,11465,1596,10526438.0,1.3293e+22,0.493455,-14.007197,-13.649549,-21.834839,7647.78125,-6.756871,-17.742193999999998,0.8157727103684693,0.9926135080058254
2012.04.23_16:00:00_TAI,11465,1596,10591384.0,1.346668e+22,1.002699,-13.484173,-13.654276,-21.838223,7641.233887,-6.240737,-17.746249499999998,0.8264312076479995,0.9917637189306452
2012.04.23_17:00:00_TAI,11465,1596,10681013.0,1.364505e+22,1.541424,-12.935145,-13.63103,-21.842375,7642.192383,-5.6968605000000005,-17.7367025,0.8373775236299769,0.991888123126564
2012.04.23_18:00:00_TAI,11465,1596,10676417.0,1.364033e+22,2.053581,-12.416002,-13.663703,-21.848064,7650.151367,-5.181210500000001,-17.7558835,0.8370878638697317,0.9929211279641962
2012.04.23_19:00:00_TAI,11465,1596,10599598.0,1.379713e+22,2.624384,-11.866186,-13.665961,-21.879948,7662.071289,-4.620901,-17.772954499999997,0.8467104592948257,0.9944682270776255
2012.04.23_20:00:00_TAI,11465,1596,10534966.0,1.3344e+22,3.224082,-11.346626,-13.667433,-21.879713,7667.431641,-4.061272000000001,-17.773573,0.8189025086253557,0.995163952756608
2012.04.23_21:00:00_TAI,11465,1596,10450804.0,1.343677e+22,3.797137,-10.826233,-13.669767,-21.87998,7667.775879,-3.514548,-17.774873499999998,0.8245956730232256,0.9952086317658001
2012.04.23_22:00:00_TAI,11465,1596,10363114.0,1.344702e+22,4.370026,-10.24766,-13.669177,-21.849003,7660.668457,-2.938817,-17.75909,0.8252247011042665,0.9942861520486537
2012.04.23_23:00:00_TAI,11465,1596,10260830.0,1.418866e+22,4.944313,-9.671303,-13.667871,-21.847273,7650.972656,-2.363495,-17.757572,0.8707381046187231,0.9930277239204255
2012.04.24_00:00:00_TAI,11465,1596,10210477.0,1.33406e+22,5.496401,-9.117339,-13.694387,-21.843315,7631.509766,-1.8104689999999999,-17.768851,0.8186938554082299,0.9905016151200684
2012.04.24_01:00:00_TAI,11465,1596,10132409.0,1.323141e+22,6.039434,-8.512097,-13.688458,-21.837339,7612.350586,-1.2363315000000004,-17.7628985,0.8119930187088293,0.9880149251574971
2012.04.24_02:00:00_TAI,11465,1596,10153741.0,1.313961e+22,6.608129,-7.943216,-13.713244,-21.83275,7594.466309,-0.6675434999999998,-17.772997,0.8063593818464336,0.9856937061855088
2012.04.24_03:00:00_TAI,11465,1596,10245548.0,1.315842e+22,7.151142,-7.398468,-13.705665,-21.826071,7585.444336,-0.12366300000000008,-17.765867999999998,0.8075137250858854,0.9845227348964614
2012.04.24_04:00:00_TAI,11465,1596,10332696.0,1.301234e+22,7.695807,-6.855717,-13.727193,-21.850052,7584.760254,0.420045,-17.788622500000002,0.7985490009806702,0.9844339471799216
2012.04.24_05:00:00_TAI,11465,1596,10403537.0,1.300029e+22,8.241414,-6.313039,-13.716187,-21.871422,7598.068848,0.9641875000000004,-17.7938045,0.7978095094317391,0.9861612834811482
2012.04.24_06:00:00_TAI,11465,1596,10432489.0,1.345644e+22,8.788188,-5.737195,-13.707963,-21.865391,7596.749023,1.5254965,-17.786676999999997,0.8258027932528913,0.9859899820173147
2012.04.24_07:00:00_TAI,11465,1596,10431691.0,1.28763e+22,9.33386,-5.166641,-13.698134,-21.919807,7613.060547,2.0836094999999997,-17.8089705,0.7902004175519085,0.9881070717364487
2012.04.24_08:00:00_TAI,11465,1596,10435962.0,1.283115e+22,9.880528,-4.591298,-13.688704,-21.973619,7626.33252,2.644615,-17.8311615,0.787429625565665,0.9898296549598756
2012.04.24_09:00:00_TAI,11465,1596,10387791.0,1.259335e+22,10.41877,-4.052419,-13.710264,-22.029991,7648.454102,3.1831755,-17.8701275,0.7728361740855159,0.9927008381689479
2012.04.24_10:00:00_TAI,11465,1596,10302654.0,1.235434e+22,10.946971,-3.510078,-13.704586,-22.053442,7652.318359,3.7184464999999998,-17.879014,0.7581684666075073,0.9932023841168798
2012.04.24_11:00:00_TAI,11465,1596,10230878.0,1.25015e+22,11.497958,-2.938969,-13.752829,-22.076385,7651.032227,4.2794945,-17.914607,0.7671994687934566,0.9930354557026708
2012.04.24_12:00:00_TAI,11465,1596,10152630.0,1.24815e+22,12.06776,-2.397052,-13.775836,-22.068687,7643.975098,4.835354,-17.9222615,0.7659720969280109,0.9921195035664694
2012.04.24_13:00:00_TAI,11465,1596,10113007.0,1.247202e+22,12.625615,-1.824148,-13.768139,-22.120367,7647.965332,5.400733499999999,-17.944253,0.7653903226637897,0.9926374002006734
2012.04.24_14:00:00_TAI,11465,1596,10081019.0,1.228476e+22,13.177573,-1.223645,-13.762867,-22.114981,7648.006836,5.976964000000001,-17.938924,0.7538984398876218,0.992642787048138
2012.04.24_15:00:00_TAI,11465,1596,10051288.0,1.230534e+22,13.720488,-0.682078,-13.782991,-22.137653,7647.841309,6.5192049999999995,-17.960322,0.7551614055371654,0.9926213031261
2012.04.24_16:00:00_TAI,11465,1596,10017308.0,1.254147e+22,14.265431,-0.109848,-13.777719,-22.131531,7652.650391,7.0777915,-17.954625,0.7696523714665497,0.9932454788965964
2012.04.24_17:00:00_TAI,11465,1596,10032871.0,1.263337e+22,14.829733,0.39596,-13.773854,-22.128916,7661.647461,7.6128465,-17.951385000000002,0.7752921451882726,0.9944132179992903
2012.04.24_18:00:00_TAI,11465,1596,9952849.0,1.309592e+22,15.390061,0.872213,-13.790164,-22.148548,7671.036133,8.131136999999999,-17.969356,0.8036781880063676,0.9956317835341552
2012.04.24_19:00:00_TAI,11465,1596,9785237.0,1.270214e+22,15.952351,1.411807,-13.784847,-22.143734,7678.962891,8.682079,-17.964290499999997,0.7795124633476076,0.9966606057256233
2012.04.24_20:00:00_TAI,11465,1596,9675035.0,1.280118e+22,16.511364,1.98368,-13.772072,-22.200352,7704.691895,9.247522,-17.986212,0.7855904088252946,1.0
2012.04.24_21:00:00_TAI,11465,1596,9487255.0,1.275836e+22,17.06546,2.555663,-13.787219,-22.222746,7697.595703,9.8105615,-18.0049825,0.7829626056613754,0.9990789778362708
2012.04.24_22:00:00_TAI,11465,1596,9300690.0,1.266561e+22,17.614384,3.129919,-13.775928,-22.213182,7674.410645,10.372151500000001,-17.994555,0.7772706686353711,0.9960697649675452
2012.04.24_23:00:00_TAI,11465,1596,9217199.0,1.278128e+22,18.158237,3.700895,-13.765553,-22.22904,7645.902832,10.929566,-17.9972965,0.7843691738191763,0.992369706173695
2012.04.25_00:00:00_TAI,11465,1596,9148685.0,1.280703e+22,18.71324,4.305257,-13.779754,-22.217154,7599.283203,11.5092485,-17.998454000000002,0.7859494150959375,0.9863188958836361
2012.04.25_01:00:00_TAI,11465,1596,9131374.0,1.28422e+22,19.264175,4.910277,-13.798616,-22.228954,7542.753906,12.087226000000001,-18.013785000000002,0.7881077485213237,0.9789818994442736
2012.04.25_02:00:00_TAI,11465,1596,9229287.0,1.294842e+22,19.863411,5.544029,-13.835297,-22.22047,7491.048828,12.70372,-18.0278835,0.7946263204987057,0.9722710434224313
2012.04.25_03:00:00_TAI,11465,1596,9286845.0,1.284884e+22,20.469923,6.116264,-13.848643,-22.23472,7461.496582,13.293093500000001,-18.0416815,0.7885152359806518,0.9684354265797672
2012.04.25_04:00:00_TAI,11465,1596,9324577.0,1.279041e+22,21.04331,6.660342,-13.881002,-22.245872,7432.480957,13.851826,-18.063437,0.7849294690757521,0.9646694583365945
2012.04.25_05:00:00_TAI,11465,1596,9352922.0,1.274212e+22,21.60981,7.236372,-13.870922,-22.2533,7430.759766,14.423091,-18.062111,0.7819659797066335,0.9644460631608424
2012.04.25_06:00:00_TAI,11465,1596,9349079.0,1.309444e+22,22.163887,7.811038,-13.853799,-22.271481,7442.423828,14.9874625,-18.062640000000002,0.8035873624883246,0.9659599539379115
2012.04.25_07:00:00_TAI,11465,1596,9333217.0,1.288818e+22,22.715445,8.388503,-13.83361,-22.282627,7444.401855,15.551974,-18.0581185,0.7909294764399833,0.9662166841260821
2012.04.25_08:00:00_TAI,11465,1596,9311308.0,1.252135e+22,23.263165,8.835867,-13.817059,-22.293291,7474.300781,16.049516,-18.055175,0.7684176353699115,0.9700972969276664
2012.04.25_09:00:00_TAI,11465,1596,9199106.0,1.245908e+22,23.812153,9.316168,-13.824608,-22.277496,7485.963379,16.5641605,-18.051052,0.7645962130668463,0.9716109976906481
2012.04.25_10:00:00_TAI,11465,1596,9096746.0,1.228566e+22,24.347878,9.863096,-13.82981,-22.259787,7471.385742,17.105487,-18.0447985,0.7539536716215669,0.9697189509743531
2012.04.25_11:00:00_TAI,11465,1596,8972659.0,1.212163e+22,24.89679,10.361109,-13.84702,-22.246225,7445.431152,17.6289495,-18.046622499999998,0.7438873812671142,0.9663502776576636
2012.04.25_12:00:00_TAI,11465,1596,8859472.0,1.204647e+22,25.443439,10.911331,-13.875405,-22.295231,7416.083008,18.177385,-18.085318,0.7392749177967692,0.962541151426536
2012.04.25_13:00:00_TAI,11465,1596,8789914.0,1.193003e+22,25.987219,11.462867,-13.891445,-22.309973,7371.067383,18.725043,-18.100709,0.7321291587961445,0.9566985264892283
2012.04.25_14:00:00_TAI,11465,1596,8747309.0,1.202588e+22,26.520817,12.045431,-13.904685,-22.323818,7319.795898,19.283124,-18.1142515,0.738011338461293,0.9500439469552598
2012.04.25_15:00:00_TAI,11465,1596,8703120.0,1.213975e+22,27.056011,12.627695,-13.931712,-22.311586,7259.894531,19.841853,-18.121648999999998,0.744999380177208,0.9422692860322353
2012.04.25_16:00:00_TAI,11465,1596,8628613.0,1.204742e+22,27.604439,13.214083,-13.934451,-22.312376,7201.414062,20.409261,-18.123413499999998,0.739333217960378,0.9346790449431722
2012.04.25_17:00:00_TAI,11465,1596,8552292.0,1.24426e+22,28.15307,13.802882,-13.922799,-22.307737,7140.945801,20.977975999999998,-18.115268,0.763584858649719,0.9268308062563999
2012.04.25_18:00:00_TAI,11465,1596,8466209.0,1.276443e+22,28.69034,14.418091,-13.926453,-22.29917,7084.59375,21.554215499999998,-18.1128115,0.7833351130225382,0.919516814760313
2012.04.25_19:00:00_TAI,11465,1596,8248395.0,1.240941e+22,29.251898,15.045451,-13.910877,-22.283247,7014.30127,22.1486745,-18.097062,0.7615480350390119,0.9103934804391033
2012.04.25_20:00:00_TAI,11465,1596,8083241.5,1.222612e+22,29.804701,15.665296,-13.921622,-22.267725,6943.368652,22.7349985,-18.0946735,0.7502997855781351,0.9011870619389641
2012.04.25_21:00:00_TAI,11465,1596,7878560.0,1.193641e+22,30.356073,16.266438,-13.928735,-22.272568,6879.811035,23.3112555,-18.100651499999998,0.7325206904212217,0.8929378525135689
2012.04.25_22:00:00_TAI,11465,1596,7692779.0,1.200786e+22,30.909897,16.878237,-13.938267,-22.255638,6812.404297,23.894067,-18.0969525,0.7369054764105265,0.8841890616574747
2012.04.25_23:00:00_TAI,11465,1596,7578375.0,1.226549e+22,31.459738,17.542444,-13.946131,-22.236309,6734.332031,24.501091000000002,-18.09122,0.752715867095265,0.874055980794025
2012.04.26_00:00:00_TAI,11465,1596,7450507.5,1.228916e+22,32.011482,18.208931,-13.953321,-22.212648,6652.949219,25.1102065,-18.082984500000002,0.7541684616980199,0.8634932207110665
2012.04.26_01:00:00_TAI,11465,1596,7391813.0,1.227863e+22,32.562645,18.875521,-13.980639,-22.188881,6569.530273,25.719083,-18.08476,0.7535222504108627,0.8526661886717795
2012.04.26_02:00:00_TAI,11465,1596,7408458.5,1.238355e+22,33.108356,19.489784,-13.989078,-22.165091,6497.080566,26.29907,-18.077084499999998,0.7599610432169908,0.8432628656074247
2012.04.26_03:00:00_TAI,11465,1596,7459382.5,1.231271e+22,33.752464,20.101994,-13.994661,-22.138996,6443.213867,26.927229000000004,-18.0668285,0.7556136920695821,0.836271450540593
2012.04.26_04:00:00_TAI,11465,1596,7504838.5,1.250589e+22,34.327568,20.706635,-13.999695,-22.132151,6398.388672,27.5171015,-18.065922999999998,0.767468876917922,0.8304535417116767
2012.04.26_06:00:00_TAI,11465,1596,7477188.5,1.29327e+22,35.558636,21.840136,-13.970205,-22.212759,6404.692383,28.699386,-18.091482,0.7936616062124655,0.8312717069395543
2012.04.26_07:00:00_TAI,11465,1596,7462556.0,1.337191e+22,36.161686,22.383821,-13.970937,-22.238804,6422.687012,29.2727535,-18.104870499999997,0.8206153060635851,0.8336072486127624
2012.04.26_08:00:00_TAI,11465,1596,7398434.5,1.273124e+22,36.749844,22.940933,-13.961171,-22.255308,6454.815918,29.845388500000002,-18.1082395,0.7812982894118311,0.8377772928452709
2012.04.26_09:00:00_TAI,11465,1596,7319370.0,1.248738e+22,37.338207,23.497467,-13.892349,-22.28985,6492.568359,30.417837,-18.0910995,0.7663329442564519,0.8426772215529327
2012.04.26_10:00:00_TAI,11465,1596,7198068.5,1.254308e+22,37.917023,24.052967,-13.865569,-22.296171,6489.631836,30.984994999999998,-18.08087,0.7697511749017182,0.8422960871688432
2012.04.26_11:00:00_TAI,11465,1596,7132353.0,1.255741e+22,38.496761,24.612801,-13.838882,-22.301003,6475.600098,31.554781,-18.0699425,0.77063058684331,0.8404748932533401
2012.04.26_12:00:00_TAI,11465,1596,7031808.0,1.26855e+22,39.07663,25.177994,-13.838186,-22.306337,6452.805664,32.127312,-18.0722615,0.7784912899555568,0.8375163798811452
2012.04.26_13:00:00_TAI,11465,1596,6965402.5,1.255373e+22,39.63459,25.719551,-13.810961,-22.288387,6420.962891,32.6770705,-18.049674,0.770404750420068,0.8333834731492531
2012.04.26_14:00:00_TAI,11465,1596,6929603.5,1.255264e+22,40.202427,26.257387,-13.785475,-22.288279,6387.506836,33.229907,-18.036877,0.7703378586534012,0.8290411768633091
2012.04.26_16:00:00_TAI,11465,1596,6821532.0,1.279386e+22,41.335121,27.390936,-13.765157,-22.270752,6292.655273,34.3630285,-18.017954500000002,0.7851411907225415,0.8167302935349889
2012.04.26_17:00:00_TAI,11465,1596,6729165.0,1.351284e+22,41.879761,27.976019,-13.768694,-22.238913,6221.506348,34.927890000000005,-18.0038035,0.8292639819134482,0.8074958003236287
2012.04.26_18:00:00_TAI,11465,1596,6619381.5,1.342054e+22,42.433502,28.563112,-13.777023,-22.213049,6141.273926,35.498307,-17.995036,0.8235996607544164,0.797082350559068
2012.04.26_19:00:00_TAI,11465,1596,6484046.0,1.328169e+22,42.976124,29.166195,-13.801092,-22.185921,6055.966309,36.0711595,-17.993506500000002,0.8150786315785598,0.786010185940083
2012.04.26_20:00:00_TAI,11465,1596,6336802.0,1.299616e+22,43.522137,29.773026,-13.79139,-22.156908,5982.266602,36.6475815,-17.974149,0.7975560571415246,0.776444624071499
2012.04.26_21:00:00_TAI,11465,1596,6166293.5,1.315479e+22,44.068531,30.355665,-13.79136,-22.171127,5910.932617,37.212098,-17.981243499999998,0.807290957092307,0.7671861117296502
2012.04.26_22:00:00_TAI,11465,1596,6020594.5,1.35109e+22,44.617966,30.926954,-13.795255,-22.176096,5846.317383,37.77246,-17.9856755,0.8291449268425,0.7587996330903248
2012.04.27_00:00:00_TAI,11465,1596,5824041.0,1.374976e+22,45.690514,32.054455,-13.821982,-22.174896,5719.127441,38.8724845,-17.998439,0.8438034290315176,0.7422915178102654
2012.04.27_01:00:00_TAI,11465,1596,5790242.0,1.391313e+22,46.21917,32.628307,-13.835623,-22.155102,5645.318359,39.4237385,-17.9953625,0.8538292161144108,0.7327117600463113
2012.04.27_02:00:00_TAI,11465,1596,5767389.0,1.397116e+22,46.753864,33.204441,-13.856497,-22.131392,5564.051758,39.9791525,-17.9939445,0.8573904355820013,0.7221640831102955
2012.04.27_03:00:00_TAI,11465,1596,5739557.0,1.392176e+22,47.2966,33.811668,-13.860257,-22.104565,5489.805664,40.554134,-17.982411,0.8543588270743505,0.7125276051028904
2012.04.27_04:00:00_TAI,11465,1596,5720672.0,1.364722e+22,47.851902,34.451904,-13.870114,-22.089754,5430.658203,41.151903000000004,-17.979934,0.8375106934773777,0.7048507944262189
2012.04.27_05:00:00_TAI,11465,1596,5675471.5,1.394349e+22,48.408146,34.992306,-13.885323,-22.090017,5389.728516,41.700226,-17.98767,0.8556923666061571,0.6995384876451313
2012.04.27_06:00:00_TAI,11465,1596,5632983.0,1.443506e+22,48.963413,35.475765,-13.882055,-22.088657,5373.84668,42.219589,-17.985356,0.8858593260010138,0.6974771675798465
2012.04.27_07:00:00_TAI,11465,1596,5576484.0,1.484469e+22,49.511257,35.985886,-13.852455,-22.085712,5359.47998,42.7485715,-17.9690835,0.9109977428631395,0.6956124985968696
2012.04.27_08:00:00_TAI,11465,1596,5473053.0,1.441244e+22,50.075348,36.53772,-13.849006,-22.073721,5335.001465,43.306534,-17.961363499999997,0.8844711684211948,0.6924354065945424
2012.04.27_09:00:00_TAI,11465,1596,5340902.5,1.369047e+22,50.657227,37.100986,-13.830004,-22.057684,5310.950684,43.8791065,-17.943844,0.840164885136404,0.6893138306343657
2012.04.27_10:00:00_TAI,11465,1596,5238230.0,1.382187e+22,51.232986,37.667912,-13.820083,-22.065596,5275.121582,44.450449,-17.942839499999998,0.848228718292382,0.6846635341022939
2012.04.27_11:00:00_TAI,11465,1596,5113593.5,1.375016e+22,51.79966,38.244057,-13.798948,-22.049311,5224.036621,45.0218585,-17.9241295,0.8438279764688266,0.6780331637129015
2012.04.27_12:00:00_TAI,11465,1596,5038407.5,1.398e+22,52.352585,38.813839,-13.794734,-22.036011,5161.169922,45.583212,-17.9153725,0.8579329339465284,0.6698736292556187
2012.04.27_13:00:00_TAI,11465,1596,4952997.5,1.388369e+22,52.890102,39.389587,-13.795222,-22.019653,5104.525391,46.139844499999995,-17.9074375,0.8520225247284747,0.6625216764751629
2012.04.27_14:00:00_TAI,11465,1596,4906536.0,1.394417e+22,53.429993,39.966011,-13.806163,-22.012709,5033.833984,46.698002,-17.909436,0.8557340972495824,0.6533465650023893
2012.04.27_15:00:00_TAI,11465,1596,4810171.5,1.427713e+22,53.964153,40.523052,-13.826684,-22.00223,4958.601074,47.2436025,-17.914457,0.876167384065522,0.6435820071167168
2012.04.27_16:00:00_TAI,11465,1596,4743577.0,1.476311e+22,54.491035,41.061935,-13.853907,-21.994665,4877.681152,47.776484999999994,-17.924286000000002,0.9059912930239865,0.6330793260098301
2012.04.27_17:00:00_TAI,11465,1596,4659196.0,1.544411e+22,55.026264,41.622368,-13.891078,-21.970251,4791.223145,48.324315999999996,-17.9306645,0.9477833050424118,0.6218578510724471
2012.04.27_18:00:00_TAI,11465,1596,4583734.0,1.556523e+22,55.561626,42.182037,-13.907484,-22.096369,4735.182617,48.8718315,-18.0019265,0.9552162690595508,0.6145842924715681
2012.04.27_19:00:00_TAI,11465,1596,4513615.0,1.539808e+22,56.083168,42.750507,-13.910294,-22.128565,4670.745605,49.4168375,-18.0194295,0.9449585086940886,0.6062209454515767
2012.04.27_20:00:00_TAI,11465,1596,4414108.5,1.528488e+22,56.6077,43.309441,-13.92662,-22.13298,4599.308105,49.9585705,-18.0298,0.938011583935666,0.5969489977898721
2012.04.27_21:00:00_TAI,11465,1596,4288093.5,1.606861e+22,57.118145,43.872746,-13.939292,-22.137066,4532.269531,50.4954455,-18.038179,0.9861079915409531,0.5882479913234739
2012.04.27_22:00:00_TAI,11465,1596,4191385.5,1.623675e+22,57.64296,44.44677,-13.959727,-22.142744,4464.453125,51.044865,-18.0512355,0.9964265068137549,0.5794460292302188
2012.04.27_23:00:00_TAI,11465,1596,4082321.75,1.60439e+22,58.129299,45.019051,-13.976526,-22.205376,4407.390137,51.574175,-18.090951,0.9845915736011949,0.572039764479122
2012.04.28_00:00:00_TAI,11465,1596,3950837.75,1.57403e+22,58.630859,45.590176,-13.980716,-22.229687,4348.197754,52.1105175,-18.1052015,0.9659600686837295,0.5643571233291996
2012.04.28_01:00:00_TAI,11465,1596,3880205.0,1.582904e+22,59.157021,46.162937,-13.975746,-22.225838,4282.237305,52.659979,-18.100792,0.971405917650712,0.5557960478314493
2012.04.28_02:00:00_TAI,11465,1596,3817161.0,1.597615e+22,59.688438,46.751186,-13.965865,-22.220331,4214.192871,53.219812,-18.093098,0.9804338514069977,0.5469644897461536
2012.04.28_03:00:00_TAI,11465,1596,3726182.5,1.621103e+22,60.205566,47.347866,-13.974539,-22.210129,4139.881348,53.776716,-18.092334,0.9948481065947917,0.5373195196405709
2012.04.28_04:00:00_TAI,11465,1596,3646220.0,1.577357e+22,60.735687,47.939209,-13.976406,-22.180878,4052.654785,54.337447999999995,-18.078642000000002,0.9680018017818984,0.5259982930180493
2012.04.28_05:00:00_TAI,11465,1596,3572288.5,1.544537e+22,61.263069,48.532837,-13.991671,-22.167442,3976.729248,54.897953,-18.079556500000002,0.9478606294699349,0.5161438383513712
2012.04.28_06:00:00_TAI,11465,1596,3476231.0,1.583121e+22,61.792984,49.120708,-13.984185,-22.17197,3904.236816,55.456846,-18.0780775,0.9715390874981129,0.506734969964688
2012.04.28_07:00:00_TAI,11465,1596,3392032.0,1.62457e+22,62.334457,49.731049,-13.981473,-22.195522,3829.650635,56.032753,-18.0884975,0.9969757557235418,0.4970543517107117
2012.04.28_08:00:00_TAI,11465,1596,3272195.0,1.629498e+22,62.869404,50.309391,-13.990468,-22.190056,3750.588379,56.589397500000004,-18.090262,1.0,0.4867927790122229
2012.04.28_09:00:00_TAI,11465,1596,3176684.5,1.572103e+22,63.391895,50.890495,-13.96832,-22.182901,3689.344971,57.141194999999996,-18.0756105,0.9647774958913726,0.4788439331875451
2012.04.28_10:00:00_TAI,11465,1596,3085763.5,1.528626e+22,63.916794,51.469952,-13.962045,-22.149155,3614.913574,57.693373,-18.0556,0.9380962725943819,0.4691834045104279
2012.04.11_07:00:00_TAI,11456,1564,45695.800781,1.198787e+19,-5.601422,-6.972678,-20.268085,-20.800261,53.979538,-6.287050000000001,-20.534173,0.025064973515059846,0.05234694219498608
2012.04.11_08:00:00_TAI,11456,1564,71390.203125,3.567486e+19,-4.823876,-6.518338,-20.176451,-20.860935,81.189606,-5.671107,-20.518693,0.07459118434329601,0.07873404941175478
2012.04.11_09:00:00_TAI,11456,1564,118105.601562,6.102944e+19,-3.722724,-6.258294,-19.958317,-21.079279,194.528427,-4.990509,-20.518798,0.12760409457551125,0.1886449699412131
2012.04.11_10:00:00_TAI,11456,1564,132637.09375,7.119728e+19,-3.078008,-5.775515,-19.893753,-21.172127,248.047516,-4.4267615000000005,-20.53294,0.1488636377892236,0.24054538928550825
2012.04.11_11:00:00_TAI,11456,1564,136750.0,7.055398e+19,-2.432291,-5.291295,-19.830141,-21.265265,300.225952,-3.861793,-20.547703,0.14751858671157278,0.29114570329925143
2012.04.11_12:00:00_TAI,11456,1564,143837.296875,8.492895e+19,-1.789297,-4.805879,-19.767262,-21.26487,331.196228,-3.297588,-20.516066,0.17757465524833368,0.32117929209237456
2012.04.11_13:00:00_TAI,11456,1564,165073.203125,1.282324e+20,-1.145468,-4.287041,-19.70767,-21.266623,355.091339,-2.7162545000000002,-20.4871465,0.26811616323605114,0.3443517022426759
2012.04.11_14:00:00_TAI,11456,1564,172790.09375,1.138944e+20,-0.501948,-3.703739,-19.707853,-21.26689,361.761963,-2.1028435,-20.487371500000002,0.23813739384174437,0.35082057511321596
2012.04.11_15:00:00_TAI,11456,1564,172613.703125,1.239956e+20,0.141745,-3.152519,-19.707535,-21.266642,362.966766,-1.5053869999999998,-20.4870885,0.2592576020580766,0.3519889391884577
2012.04.12_00:00:00_TAI,11456,1564,92706.5,6.251226e+19,5.307393,2.885011,-19.707968,-20.84087,196.621826,4.096202,-20.274419,0.130704465536124,0.19067505468265794
2012.04.12_01:00:00_TAI,11456,1564,98187.101562,7.515797e+19,5.957422,3.560239,-19.697039,-20.800112,192.854233,4.7588305,-20.2485755,0.15714489125221262,0.1870214114635323
2012.04.12_02:00:00_TAI,11456,1564,101181.398438,7.96714e+19,6.610031,4.174253,-19.68508,-20.759212,188.997498,5.392142,-20.222146000000002,0.16658184739305137,0.1832813223188942
2012.04.12_03:00:00_TAI,11456,1564,94049.898438,9.458543e+19,7.258387,5.2944,-19.674276,-20.675627,145.457153,6.2763935,-20.1749515,0.19776501562500653,0.14105784269473087
2012.04.12_04:00:00_TAI,11456,1564,111750.703125,1.145933e+20,7.914436,5.846532,-19.65863,-20.776848,173.756989,6.880484,-20.217739,0.23959869680796567,0.16850175818766425
2012.04.12_05:00:00_TAI,11456,1564,274406.40625,3.365982e+20,9.016297,6.330197,-19.605341,-20.804649,230.519211,7.673247,-20.204995,0.7037801517881673,0.22354722289491993
2012.04.12_06:00:00_TAI,11456,1564,327459.0,3.807378e+20,9.928845,6.845216,-19.374434,-20.821842,311.589661,8.3870305,-20.098138,0.796069933456248,0.3021657201460729
2012.04.12_07:00:00_TAI,11456,1564,344776.3125,3.623349e+20,10.610445,7.06695,-19.296829,-20.806946,365.076996,8.8386975,-20.0518875,0.7575920219423348,0.35403534588108493
2012.04.12_08:00:00_TAI,11456,1564,380916.6875,3.706467e+20,11.233685,7.549037,-19.249043,-20.793215,395.304016,9.391361,-20.021129000000002,0.7749708429390987,0.3833481582409589
2012.04.12_09:00:00_TAI,11456,1564,370505.90625,3.423411e+20,11.824765,8.066851,-19.20129,-20.779177,415.79657,9.945808,-19.990233500000002,0.7157877591779402,0.40322092076192806
2012.04.12_10:00:00_TAI,11456,1564,375771.59375,3.308181e+20,12.413779,8.616944,-19.128557,-20.786829,438.128021,10.515361500000001,-19.957693,0.6916947643578399,0.42487696336509306
2012.04.12_11:00:00_TAI,11456,1564,427131.0,3.348127e+20,13.072468,8.417514,-18.964703,-20.841753,615.197876,10.744991,-19.903228,0.7000469189276892,0.5965913908609262
2012.04.12_12:00:00_TAI,11456,1564,450223.5,3.402753e+20,13.664768,8.859509,-18.776745,-20.832504,692.722656,11.262138499999999,-19.8046245,0.7114684578936077,0.6717714558948102
2012.04.12_13:00:00_TAI,11456,1564,552663.6875,4.309396e+20,14.451488,9.049417,-18.61356,-20.938051,861.41217,11.7504525,-19.7758055,0.9010349345288599,0.8353590034254744
2012.04.12_14:00:00_TAI,11456,1564,565286.125,4.231764e+20,15.26202,9.568294,-18.564386,-21.008696,950.643982,12.415157,-19.786541,0.8848031600441422,0.9218920245994954
2012.04.12_15:00:00_TAI,11456,1564,584313.625,4.486534e+20,15.964746,10.094981,-18.549313,-21.049492,998.440247,13.029863500000001,-19.7994025,0.938072033517343,0.9682427051312782
2012.04.12_16:00:00_TAI,11456,1564,583436.625,4.364228e+20,16.595737,10.671494,-18.537779,-21.10598,1029.728882,13.6336155,-19.8218795,0.9124995452376661,0.998585024246811
2012.04.12_17:00:00_TAI,11456,1564,570082.5,4.538058e+20,17.165579,11.230737,-18.526484,-21.094677,1031.187988,14.198158,-19.8105805,0.9488449873063809,1.0
2012.04.12_18:00:00_TAI,11456,1564,552299.125,4.782718e+20,17.709715,11.81363,-18.513922,-21.10907,1029.232788,14.7616725,-19.811495999999998,1.0,0.9981039344690273
2012.04.12_19:00:00_TAI,11456,1564,539819.125,4.162017e+20,18.25284,12.38992,-18.526651,-21.096037,1013.887817,15.32138,-19.811344,0.8702200296985939,0.9832230677613364
2012.04.12_20:00:00_TAI,11456,1564,534880.375,3.696081e+20,18.794014,12.995876,-18.5177,-21.08284,993.980103,15.894945,-19.80027,0.7727992743874925,0.9639174569205708
